{"type": "FeatureCollection", "features": [{"type": "Feature", "geometry": {"type": "Point", "coordinates": [-76.64158819634399, 39.283733645387656]}, "properties": {"Address": "324 S PARRISH ST", "BlockLot": "0279 087", "Status": "Available", "Neighborhood": "Mount Clare", "HousingMarketTypology2017": "I"}}, {"type": "Feature", "geometry": {"type": "Point", "coordinates": [-76.59092209747243, 39.31189860473874]}, "properties": {"Address": "1841 N Chapel St", "BlockLot": "1448 120", "Status": "Available", "Neighborhood": "Broadway East", "HousingMarketTypology2017": "I"}}, {"type": "Feature", "geometry": {"type": "Point", "coordinates": [-76.58963600358497, 39.311206170629525]}, "properties": {"Address": "1800 N Castle St", "BlockLot": "1449 018", "Status": "Available", "Neighborhood": "Broadway East", "HousingMarketTypology2017": "I"}}, {"type": "Feature", "geometry": {"type": "Point", "coordinates": [-76.58965812815227, 39.31152501438213]}, "properties": {"Address": "1818 N CASTLE ST", "BlockLot": "1449 027", "Status": "Available", "Neighborhood": "Broadway East", "HousingMarketTypology2017": "I"}}, {"type": "Feature", "geometry": {"type": "Point", "coordinates": [-76.58967351789964, 39.31176699115801]}, "properties": {"Address": "1828 N CASTLE ST", "BlockLot": "1449 032", "Status": "Available", "Neighborhood": "Broadway East", "HousingMarketTypology2017": "I"}}, {"type": "Feature", "geometry": {"type": "Point", "coordinates": [-76.5856365113845, 39.30314897821326]}, "properties": {"Address": "1030 N PATTERSON PARK AVE", "BlockLot": "1570 029", "Status": "Available", "Neighborhood": "Middle East", "HousingMarketTypology2017": "J"}}, {"type": "Feature", "geometry": {"type": "Point", "coordinates": [-76.58581287532958, 39.30314030241471]}, "properties": {"Address": "2244 PRENTISS PL", "BlockLot": "1570 068", "Status": "Available", "Neighborhood": "Middle East", "HousingMarketTypology2017": "J"}}, {"type": "Feature", "geometry": {"type": "Point", "coordinates": [-76.59041407462854, 39.308023467827034]}, "properties": {"Address": "1514 N Washington St", "BlockLot": "1479 045", "Status": "Available", "Neighborhood": "Broadway East", "HousingMarketTypology2017": "I"}}, {"type": "Feature", "geometry": {"type": "Point", "coordinates": [-76.59097390250601, 39.3079525619887]}, "properties": {"Address": "1500 N CHAPEL ST", "BlockLot": "1479 061", "Status": "Available", "Neighborhood": "Broadway East", "HousingMarketTypology2017": "I"}}, {"type": "Feature", "geometry": {"type": "Point", "coordinates": [-76.59068808437945, 39.308393779456665]}, "properties": {"Address": "1525 N CHAPEL ST", "BlockLot": "1479 075", "Status": "Available", "Neighborhood": "Broadway East", "HousingMarketTypology2017": "I"}}, {"type": "Feature", "geometry": {"type": "Point", "coordinates": [-76.59068132578841, 39.30829474840819]}, "properties": {"Address": "1519 N CHAPEL ST", "BlockLot": "1479 078", "Status": "Available", "Neighborhood": "Broadway East", "HousingMarketTypology2017": "I"}}, {"type": "Feature", "geometry": {"type": "Point", "coordinates": [-76.58144110219405, 39.29950947056011]}, "properties": {"Address": "719 N ROSE ST", "BlockLot": "1625 084", "Status": "Available", "Neighborhood": "Milton-Montford", "HousingMarketTypology2017": "I"}}, {"type": "Feature", "geometry": {"type": "Point", "coordinates": [-76.59741549865751, 39.29963527765057]}, "properties": {"Address": "805 N CAROLINE ST", "BlockLot": "1227 060", "Status": "Available", "Neighborhood": "Gay Street", "HousingMarketTypology2017": "G"}}, {"type": "Feature", "geometry": {"type": "Point", "coordinates": [-76.64277090717505, 39.30714238155464]}, "properties": {"Address": "1608 N CALHOUN ST", "BlockLot": "0017 005", "Status": "Available", "Neighborhood": "Sandtown-Winchester", "HousingMarketTypology2017": "I"}}, {"type": "Feature", "geometry": {"type": "Point", "coordinates": [-76.63929374476281, 39.30134524839411]}, "properties": {"Address": "1302 Riggs Ave", "BlockLot": "0055B080", "Status": "Available", "Neighborhood": "Sandtown-Winchester", "HousingMarketTypology2017": "H"}}, {"type": "Feature", "geometry": {"type": "Point", "coordinates": [-76.6392088703624, 39.301296366796336]}, "properties": {"Address": "1300 RIGGS AVE", "BlockLot": "0055B080A", "Status": "Available", "Neighborhood": "Sandtown-Winchester", "HousingMarketTypology2017": "H"}}, {"type": "Feature", "geometry": {"type": "Point", "coordinates": [-76.6385907013038, 39.30152818252355]}, "properties": {"Address": "1113 N Carey St", "BlockLot": "0055C007", "Status": "Available", "Neighborhood": "Sandtown-Winchester", "HousingMarketTypology2017": "J"}}, {"type": "Feature", "geometry": {"type": "Point", "coordinates": [-76.63861348651996, 39.30195586575001]}, "properties": {"Address": "1135 N CAREY ST", "BlockLot": "0055C018", "Status": "Available", "Neighborhood": "Sandtown-Winchester", "HousingMarketTypology2017": "J"}}, {"type": "Feature", "geometry": {"type": "Point", "coordinates": [-76.6431611065253, 39.30693234117809]}, "properties": {"Address": "1530 BAKER ST", "BlockLot": "0017 046", "Status": "Available", "Neighborhood": "Sandtown-Winchester", "HousingMarketTypology2017": "I"}}, {"type": "Feature", "geometry": {"type": "Point", "coordinates": [-76.63876643690169, 39.30998478915037]}, "properties": {"Address": "1313 W NORTH AVE", "BlockLot": "0299 007", "Status": "Available", "Neighborhood": "Druid Heights", "HousingMarketTypology2017": "I"}}, {"type": "Feature", "geometry": {"type": "Point", "coordinates": [-76.63898791211062, 39.309973980657155]}, "properties": {"Address": "1323 W NORTH AVE", "BlockLot": "0299 012", "Status": "Available", "Neighborhood": "Druid Heights", "HousingMarketTypology2017": "I"}}, {"type": "Feature", "geometry": {"type": "Point", "coordinates": [-76.64512031476181, 39.3055354216148]}, "properties": {"Address": "1710 PRESSTMAN ST", "BlockLot": "0021 075", "Status": "Available", "Neighborhood": "Sandtown-Winchester", "HousingMarketTypology2017": "J"}}, {"type": "Feature", "geometry": {"type": "Point", "coordinates": [-76.64073689027957, 39.30024157331889]}, "properties": {"Address": "1418 MOSHER ST", "BlockLot": "0063 010", "Status": "Available", "Neighborhood": "Sandtown-Winchester", "HousingMarketTypology2017": "J"}}, {"type": "Feature", "geometry": {"type": "Point", "coordinates": [-76.64043964828926, 39.30043469505309]}, "properties": {"Address": "1008 N Calhoun St", "BlockLot": "0063 058", "Status": "Available", "Neighborhood": "Sandtown-Winchester", "HousingMarketTypology2017": "J"}}, {"type": "Feature", "geometry": {"type": "Point", "coordinates": [-76.64272475611075, 39.30499238332298]}, "properties": {"Address": "1444 N PARRISH ST", "BlockLot": "0034 130", "Status": "Available", "Neighborhood": "Sandtown-Winchester", "HousingMarketTypology2017": "G"}}, {"type": "Feature", "geometry": {"type": "Point", "coordinates": [-76.64092756108406, 39.30523955417406]}, "properties": {"Address": "1403 PRESSTMAN ST", "BlockLot": "0035 042", "Status": "Available", "Neighborhood": "Sandtown-Winchester", "HousingMarketTypology2017": "G"}}, {"type": "Feature", "geometry": {"type": "Point", "coordinates": [-76.64072638122657, 39.30514444102726]}, "properties": {"Address": "1372 N CALHOUN ST", "BlockLot": "0035 048", "Status": "Available", "Neighborhood": "Sandtown-Winchester", "HousingMarketTypology2017": "G"}}, {"type": "Feature", "geometry": {"type": "Point", "coordinates": [-76.64746426496971, 39.30798978416891]}, "properties": {"Address": "1700 MCKEAN AVE", "BlockLot": "0008 042", "Status": "Available", "Neighborhood": "Sandtown-Winchester", "HousingMarketTypology2017": "I"}}, {"type": "Feature", "geometry": {"type": "Point", "coordinates": [-76.64675121661773, 39.306451447210776]}, "properties": {"Address": "1801 BAKER ST", "BlockLot": "0020 029", "Status": "Available", "Neighborhood": "Sandtown-Winchester", "HousingMarketTypology2017": "J"}}, {"type": "Feature", "geometry": {"type": "Point", "coordinates": [-76.6468308277617, 39.30580633023099]}, "properties": {"Address": "1527 MCKEAN AVE", "BlockLot": "0020 058", "Status": "Available", "Neighborhood": "Sandtown-Winchester", "HousingMarketTypology2017": "J"}}, {"type": "Feature", "geometry": {"type": "Point", "coordinates": [-76.64683252725325, 39.30583850578466]}, "properties": {"Address": "1529 MCKEAN AVE", "BlockLot": "0020 059", "Status": "Available", "Neighborhood": "Sandtown-Winchester", "HousingMarketTypology2017": "J"}}, {"type": "Feature", "geometry": {"type": "Point", "coordinates": [-76.64683407807058, 39.30587143392189]}, "properties": {"Address": "1531 MCKEAN AVE", "BlockLot": "0020 060", "Status": "Available", "Neighborhood": "Sandtown-Winchester", "HousingMarketTypology2017": "J"}}, {"type": "Feature", "geometry": {"type": "Point", "coordinates": [-76.6468355987358, 39.305904363769656]}, "properties": {"Address": "1533 MCKEAN AVE", "BlockLot": "0020 061", "Status": "Available", "Neighborhood": "Sandtown-Winchester", "HousingMarketTypology2017": "J"}}, {"type": "Feature", "geometry": {"type": "Point", "coordinates": [-76.64683868992053, 39.30597022451466]}, "properties": {"Address": "1537 MCKEAN AVE", "BlockLot": "0020 063", "Status": "Available", "Neighborhood": "Sandtown-Winchester", "HousingMarketTypology2017": "J"}}, {"type": "Feature", "geometry": {"type": "Point", "coordinates": [-76.6468402245343, 39.306003148097936]}, "properties": {"Address": "1539 MCKEAN AVE", "BlockLot": "0020 064", "Status": "Available", "Neighborhood": "Sandtown-Winchester", "HousingMarketTypology2017": "J"}}, {"type": "Feature", "geometry": {"type": "Point", "coordinates": [-76.64684175799009, 39.306036071677454]}, "properties": {"Address": "1541 MCKEAN AVE", "BlockLot": "0020 065", "Status": "Available", "Neighborhood": "Sandtown-Winchester", "HousingMarketTypology2017": "J"}}, {"type": "Feature", "geometry": {"type": "Point", "coordinates": [-76.64684329724881, 39.306068994373284]}, "properties": {"Address": "1543 MCKEAN AVE", "BlockLot": "0020 066", "Status": "Available", "Neighborhood": "Sandtown-Winchester", "HousingMarketTypology2017": "J"}}, {"type": "Feature", "geometry": {"type": "Point", "coordinates": [-76.64684485734254, 39.30610192433738]}, "properties": {"Address": "1545 MCKEAN AVE", "BlockLot": "0020 067", "Status": "Available", "Neighborhood": "Sandtown-Winchester", "HousingMarketTypology2017": "J"}}, {"type": "Feature", "geometry": {"type": "Point", "coordinates": [-76.64684637917262, 39.30613485508691]}, "properties": {"Address": "1547 MCKEAN AVE", "BlockLot": "0020 068", "Status": "Available", "Neighborhood": "Sandtown-Winchester", "HousingMarketTypology2017": "J"}}, {"type": "Feature", "geometry": {"type": "Point", "coordinates": [-76.64684789288822, 39.30616778581169]}, "properties": {"Address": "1549 MCKEAN AVE", "BlockLot": "0020 069", "Status": "Available", "Neighborhood": "Sandtown-Winchester", "HousingMarketTypology2017": "J"}}, {"type": "Feature", "geometry": {"type": "Point", "coordinates": [-76.6468494425515, 39.30620071574339]}, "properties": {"Address": "1551 MCKEAN AVE", "BlockLot": "0020 070", "Status": "Available", "Neighborhood": "Sandtown-Winchester", "HousingMarketTypology2017": "J"}}, {"type": "Feature", "geometry": {"type": "Point", "coordinates": [-76.64685096670462, 39.30623364649886]}, "properties": {"Address": "1553 MCKEAN AVE", "BlockLot": "0020 071", "Status": "Available", "Neighborhood": "Sandtown-Winchester", "HousingMarketTypology2017": "J"}}, {"type": "Feature", "geometry": {"type": "Point", "coordinates": [-76.64685256507964, 39.306266573874005]}, "properties": {"Address": "1555 MCKEAN AVE", "BlockLot": "0020 072", "Status": "Available", "Neighborhood": "Sandtown-Winchester", "HousingMarketTypology2017": "J"}}, {"type": "Feature", "geometry": {"type": "Point", "coordinates": [-76.63949392912072, 39.28322626146828]}, "properties": {"Address": "400 S CALHOUN ST", "BlockLot": "0709 024", "Status": "Available", "Neighborhood": "Mount Clare", "HousingMarketTypology2017": "I"}}, {"type": "Feature", "geometry": {"type": "Point", "coordinates": [-76.63949370962132, 39.283272194192925]}, "properties": {"Address": "1399 RAMSAY ST", "BlockLot": "0709 025", "Status": "Available", "Neighborhood": "Mount Clare", "HousingMarketTypology2017": "I"}}, {"type": "Feature", "geometry": {"type": "Point", "coordinates": [-76.63899191643833, 39.28305504336423]}, "properties": {"Address": "407 S CALHOUN ST", "BlockLot": "0710 021", "Status": "Available", "Neighborhood": "Mount Clare", "HousingMarketTypology2017": "I"}}, {"type": "Feature", "geometry": {"type": "Point", "coordinates": [-76.59726300018148, 39.3108772040599]}, "properties": {"Address": "1810 N BOND ST", "BlockLot": "1101 055", "Status": "Available", "Neighborhood": "Oliver", "HousingMarketTypology2017": "I"}}, {"type": "Feature", "geometry": {"type": "Point", "coordinates": [-76.64152018203401, 39.30718379312894]}, "properties": {"Address": "709 BAKER ST", "BlockLot": "0300C031", "Status": "Available", "Neighborhood": "Sandtown-Winchester", "HousingMarketTypology2017": "I"}}, {"type": "Feature", "geometry": {"type": "Point", "coordinates": [-76.63831221130283, 39.297095225861156]}, "properties": {"Address": "713 N CAREY ST", "BlockLot": "0102 037", "Status": "Available", "Neighborhood": "Harlem Park", "HousingMarketTypology2017": "I"}}, {"type": "Feature", "geometry": {"type": "Point", "coordinates": [-76.6478526009476, 39.309267419203465]}, "properties": {"Address": "1821 N MONROE ST", "BlockLot": "0003 045", "Status": "Available", "Neighborhood": "Sandtown-Winchester", "HousingMarketTypology2017": "I"}}, {"type": "Feature", "geometry": {"type": "Point", "coordinates": [-76.64495111734745, 39.304629615043346]}, "properties": {"Address": "1414 N Mount St", "BlockLot": "0027 008", "Status": "Available", "Neighborhood": "Sandtown-Winchester", "HousingMarketTypology2017": "I"}}, {"type": "Feature", "geometry": {"type": "Point", "coordinates": [-76.64497110916378, 39.30484126636316]}, "properties": {"Address": "1426 N MOUNT ST", "BlockLot": "0027 014", "Status": "Available", "Neighborhood": "Sandtown-Winchester", "HousingMarketTypology2017": "I"}}, {"type": "Feature", "geometry": {"type": "Point", "coordinates": [-76.64521611119807, 39.2996930889038]}, "properties": {"Address": "1717 MOSHER ST", "BlockLot": "0073 016", "Status": "Available", "Neighborhood": "Sandtown-Winchester", "HousingMarketTypology2017": "I"}}, {"type": "Feature", "geometry": {"type": "Point", "coordinates": [-76.64516118204726, 39.299695018184636]}, "properties": {"Address": "1715 MOSHER ST", "BlockLot": "0073 017", "Status": "Available", "Neighborhood": "Sandtown-Winchester", "HousingMarketTypology2017": "I"}}, {"type": "Feature", "geometry": {"type": "Point", "coordinates": [-76.64510984409071, 39.29969679344882]}, "properties": {"Address": "1713 MOSHER ST", "BlockLot": "0073 018", "Status": "Available", "Neighborhood": "Sandtown-Winchester", "HousingMarketTypology2017": "I"}}, {"type": "Feature", "geometry": {"type": "Point", "coordinates": [-76.64506187679493, 39.29969846717937]}, "properties": {"Address": "1711 MOSHER ST", "BlockLot": "0073 019", "Status": "Available", "Neighborhood": "Sandtown-Winchester", "HousingMarketTypology2017": "I"}}, {"type": "Feature", "geometry": {"type": "Point", "coordinates": [-76.6450122386114, 39.29970020069645]}, "properties": {"Address": "1709 MOSHER ST", "BlockLot": "0073 020", "Status": "Available", "Neighborhood": "Sandtown-Winchester", "HousingMarketTypology2017": "I"}}, {"type": "Feature", "geometry": {"type": "Point", "coordinates": [-76.64462875970902, 39.29904536890003]}, "properties": {"Address": "1704 W LAFAYETTE AVE", "BlockLot": "0073 041", "Status": "Available", "Neighborhood": "Sandtown-Winchester", "HousingMarketTypology2017": "I"}}, {"type": "Feature", "geometry": {"type": "Point", "coordinates": [-76.64473424192886, 39.299041712861346]}, "properties": {"Address": "1706-1710 W LAFAYETTE AVE", "BlockLot": "0073 042", "Status": "Available", "Neighborhood": "Sandtown-Winchester", "HousingMarketTypology2017": "I"}}, {"type": "Feature", "geometry": {"type": "Point", "coordinates": [-76.64495309538142, 39.29910945464349]}, "properties": {"Address": "1716 W LAFAYETTE AVE", "BlockLot": "0073 047", "Status": "Available", "Neighborhood": "Sandtown-Winchester", "HousingMarketTypology2017": "I"}}, {"type": "Feature", "geometry": {"type": "Point", "coordinates": [-76.65263166486824, 39.28114525488439]}, "properties": {"Address": "508 S BENTALOU ST", "BlockLot": "0695 005", "Status": "Available", "Neighborhood": "Carrollton Ridge", "HousingMarketTypology2017": "I"}}, {"type": "Feature", "geometry": {"type": "Point", "coordinates": [-76.63235245058729, 39.281976263055945]}, "properties": {"Address": "1113 WARD ST", "BlockLot": "0780 138", "Status": "Available", "Neighborhood": "Washington Village/Pigtown", "HousingMarketTypology2017": "F"}}, {"type": "Feature", "geometry": {"type": "Point", "coordinates": [-76.63253002546735, 39.28183568560513]}, "properties": {"Address": "1125 WARD ST", "BlockLot": "0780 144", "Status": "Available", "Neighborhood": "Washington Village/Pigtown", "HousingMarketTypology2017": "F"}}, {"type": "Feature", "geometry": {"type": "Point", "coordinates": [-76.63470352359712, 39.279233777066594]}, "properties": {"Address": " SES CARROLL ST, 192-9FT SW OF CAREY ST ", "BlockLot": "0789 001A", "Status": "Available", "Neighborhood": "Washington Village/Pigtown", "HousingMarketTypology2017": "F"}}, {"type": "Feature", "geometry": {"type": "Point", "coordinates": [-76.63448654139722, 39.27906765726732]}, "properties": {"Address": " NWS CLEVELAND ST, 192-9FT SW OF CAREY ST ", "BlockLot": "0789 054", "Status": "Available", "Neighborhood": "Washington Village/Pigtown", "HousingMarketTypology2017": "F"}}, {"type": "Feature", "geometry": {"type": "Point", "coordinates": [-76.64149785829628, 39.30253770945241]}, "properties": {"Address": "1205 N STRICKER ST", "BlockLot": "0044 001", "Status": "Available", "Neighborhood": "Sandtown-Winchester", "HousingMarketTypology2017": "H"}}, {"type": "Feature", "geometry": {"type": "Point", "coordinates": [-76.6451461351477, 39.304434015242485]}, "properties": {"Address": "1702 LORMAN ST", "BlockLot": "0027 061", "Status": "Available", "Neighborhood": "Sandtown-Winchester", "HousingMarketTypology2017": "I"}}, {"type": "Feature", "geometry": {"type": "Point", "coordinates": [-76.64555397981108, 39.3045818602986]}, "properties": {"Address": "1402 N BRUCE ST", "BlockLot": "0027 071", "Status": "Available", "Neighborhood": "Sandtown-Winchester", "HousingMarketTypology2017": "I"}}, {"type": "Feature", "geometry": {"type": "Point", "coordinates": [-76.64555595338263, 39.30461567788662]}, "properties": {"Address": "1404 N BRUCE ST", "BlockLot": "0027 072", "Status": "Available", "Neighborhood": "Sandtown-Winchester", "HousingMarketTypology2017": "I"}}, {"type": "Feature", "geometry": {"type": "Point", "coordinates": [-76.6455596811144, 39.30467501914998]}, "properties": {"Address": "1408 N BRUCE ST", "BlockLot": "0027 074", "Status": "Available", "Neighborhood": "Sandtown-Winchester", "HousingMarketTypology2017": "I"}}, {"type": "Feature", "geometry": {"type": "Point", "coordinates": [-76.64556067529051, 39.304705761307886]}, "properties": {"Address": "1410 N BRUCE ST", "BlockLot": "0027 075", "Status": "Available", "Neighborhood": "Sandtown-Winchester", "HousingMarketTypology2017": "I"}}, {"type": "Feature", "geometry": {"type": "Point", "coordinates": [-76.64556266631136, 39.304735624633544]}, "properties": {"Address": "1412 N BRUCE ST", "BlockLot": "0027 076", "Status": "Available", "Neighborhood": "Sandtown-Winchester", "HousingMarketTypology2017": "I"}}, {"type": "Feature", "geometry": {"type": "Point", "coordinates": [-76.64556609265968, 39.30476688395456]}, "properties": {"Address": "1414 N BRUCE ST", "BlockLot": "0027 077", "Status": "Available", "Neighborhood": "Sandtown-Winchester", "HousingMarketTypology2017": "I"}}, {"type": "Feature", "geometry": {"type": "Point", "coordinates": [-76.64556673389662, 39.304797490834574]}, "properties": {"Address": "1416 N BRUCE ST", "BlockLot": "0027 078", "Status": "Available", "Neighborhood": "Sandtown-Winchester", "HousingMarketTypology2017": "I"}}, {"type": "Feature", "geometry": {"type": "Point", "coordinates": [-76.64556855317527, 39.30482738516763]}, "properties": {"Address": "1418 N BRUCE ST", "BlockLot": "0027 079", "Status": "Available", "Neighborhood": "Sandtown-Winchester", "HousingMarketTypology2017": "I"}}, {"type": "Feature", "geometry": {"type": "Point", "coordinates": [-76.64557024847714, 39.304857263813545]}, "properties": {"Address": "1420 N BRUCE ST", "BlockLot": "0027 080", "Status": "Available", "Neighborhood": "Sandtown-Winchester", "HousingMarketTypology2017": "I"}}, {"type": "Feature", "geometry": {"type": "Point", "coordinates": [-76.6455720805076, 39.30488715908522]}, "properties": {"Address": "1422 N BRUCE ST", "BlockLot": "0027 081", "Status": "Available", "Neighborhood": "Sandtown-Winchester", "HousingMarketTypology2017": "I"}}, {"type": "Feature", "geometry": {"type": "Point", "coordinates": [-76.64557383014176, 39.304917070321665]}, "properties": {"Address": "1424 N BRUCE ST", "BlockLot": "0027 082", "Status": "Available", "Neighborhood": "Sandtown-Winchester", "HousingMarketTypology2017": "I"}}, {"type": "Feature", "geometry": {"type": "Point", "coordinates": [-76.64557572658408, 39.304949157323335]}, "properties": {"Address": "1426 N BRUCE ST", "BlockLot": "0027 083", "Status": "Available", "Neighborhood": "Sandtown-Winchester", "HousingMarketTypology2017": "I"}}, {"type": "Feature", "geometry": {"type": "Point", "coordinates": [-76.64557782571465, 39.30498453449233]}, "properties": {"Address": "1428 N BRUCE ST", "BlockLot": "0027 084", "Status": "Available", "Neighborhood": "Sandtown-Winchester", "HousingMarketTypology2017": "I"}}, {"type": "Feature", "geometry": {"type": "Point", "coordinates": [-76.64524883031409, 39.304570768985734]}, "properties": {"Address": "1403 N BRUCE ST", "BlockLot": "0027 085", "Status": "Available", "Neighborhood": "Sandtown-Winchester", "HousingMarketTypology2017": "I"}}, {"type": "Feature", "geometry": {"type": "Point", "coordinates": [-76.64525057777809, 39.3046027078229]}, "properties": {"Address": "1405 N BRUCE ST", "BlockLot": "0027 086", "Status": "Available", "Neighborhood": "Sandtown-Winchester", "HousingMarketTypology2017": "I"}}, {"type": "Feature", "geometry": {"type": "Point", "coordinates": [-76.64525672909832, 39.304634791465524]}, "properties": {"Address": "1407 N BRUCE ST", "BlockLot": "0027 087", "Status": "Available", "Neighborhood": "Sandtown-Winchester", "HousingMarketTypology2017": "I"}}, {"type": "Feature", "geometry": {"type": "Point", "coordinates": [-76.64525811716618, 39.304666032032635]}, "properties": {"Address": "1409 N BRUCE ST", "BlockLot": "0027 088", "Status": "Available", "Neighborhood": "Sandtown-Winchester", "HousingMarketTypology2017": "I"}}, {"type": "Feature", "geometry": {"type": "Point", "coordinates": [-76.64525853626434, 39.304694896185154]}, "properties": {"Address": "1411 N BRUCE ST", "BlockLot": "0027 089", "Status": "Available", "Neighborhood": "Sandtown-Winchester", "HousingMarketTypology2017": "I"}}, {"type": "Feature", "geometry": {"type": "Point", "coordinates": [-76.64526079039297, 39.304724749501666]}, "properties": {"Address": "1413 N BRUCE ST", "BlockLot": "0027 090", "Status": "Available", "Neighborhood": "Sandtown-Winchester", "HousingMarketTypology2017": "I"}}, {"type": "Feature", "geometry": {"type": "Point", "coordinates": [-76.64526420355536, 39.30475444598259]}, "properties": {"Address": "1415 N BRUCE ST", "BlockLot": "0027 091", "Status": "Available", "Neighborhood": "Sandtown-Winchester", "HousingMarketTypology2017": "I"}}, {"type": "Feature", "geometry": {"type": "Point", "coordinates": [-76.645261838211, 39.30478507441348]}, "properties": {"Address": "1417 N BRUCE ST", "BlockLot": "0027 092", "Status": "Available", "Neighborhood": "Sandtown-Winchester", "HousingMarketTypology2017": "I"}}, {"type": "Feature", "geometry": {"type": "Point", "coordinates": [-76.64762961500544, 39.30395864038047]}, "properties": {"Address": "1851 Lorman St", "BlockLot": "0031 043", "Status": "Available", "Neighborhood": "Sandtown-Winchester", "HousingMarketTypology2017": "I"}}, {"type": "Feature", "geometry": {"type": "Point", "coordinates": [-76.64767462611599, 39.303957012577996]}, "properties": {"Address": "1853 Lorman St", "BlockLot": "0031 044", "Status": "Available", "Neighborhood": "Sandtown-Winchester", "HousingMarketTypology2017": "I"}}, {"type": "Feature", "geometry": {"type": "Point", "coordinates": [-76.64526556301263, 39.3048159788461]}, "properties": {"Address": "1419 N BRUCE ST", "BlockLot": "0027 093", "Status": "Available", "Neighborhood": "Sandtown-Winchester", "HousingMarketTypology2017": "I"}}, {"type": "Feature", "geometry": {"type": "Point", "coordinates": [-76.6452674782066, 39.30484614279931]}, "properties": {"Address": "1421 N BRUCE ST", "BlockLot": "0027 094", "Status": "Available", "Neighborhood": "Sandtown-Winchester", "HousingMarketTypology2017": "I"}}, {"type": "Feature", "geometry": {"type": "Point", "coordinates": [-76.64526937258128, 39.304876760669764]}, "properties": {"Address": "1423 N BRUCE ST", "BlockLot": "0027 095", "Status": "Available", "Neighborhood": "Sandtown-Winchester", "HousingMarketTypology2017": "I"}}, {"type": "Feature", "geometry": {"type": "Point", "coordinates": [-76.64527123156454, 39.30490703704698]}, "properties": {"Address": "1425 N BRUCE ST", "BlockLot": "0027 096", "Status": "Available", "Neighborhood": "Sandtown-Winchester", "HousingMarketTypology2017": "I"}}, {"type": "Feature", "geometry": {"type": "Point", "coordinates": [-76.64527327472817, 39.30493966494981]}, "properties": {"Address": "1427 N BRUCE ST", "BlockLot": "0027 097", "Status": "Available", "Neighborhood": "Sandtown-Winchester", "HousingMarketTypology2017": "I"}}, {"type": "Feature", "geometry": {"type": "Point", "coordinates": [-76.64719528330205, 39.30351037611654]}, "properties": {"Address": "1303-1309 N MONROE ST", "BlockLot": "0031 052", "Status": "Available", "Neighborhood": "Sandtown-Winchester", "HousingMarketTypology2017": "I"}}, {"type": "Feature", "geometry": {"type": "Point", "coordinates": [-76.63574957880763, 39.30207456120934]}, "properties": {"Address": "662 PITCHER ST", "BlockLot": "0336 027", "Status": "Available", "Neighborhood": "Upton", "HousingMarketTypology2017": "J"}}, {"type": "Feature", "geometry": {"type": "Point", "coordinates": [-76.6459987376356, 39.296878440626244]}, "properties": {"Address": "716 N FULTON AVE", "BlockLot": "0096 009", "Status": "Available", "Neighborhood": "Harlem Park", "HousingMarketTypology2017": "J"}}, {"type": "Feature", "geometry": {"type": "Point", "coordinates": [-76.64599364431673, 39.29725160344899]}, "properties": {"Address": "734 N FULTON AVE", "BlockLot": "0096 018", "Status": "Available", "Neighborhood": "Harlem Park", "HousingMarketTypology2017": "J"}}, {"type": "Feature", "geometry": {"type": "Point", "coordinates": [-76.64665420709457, 39.296837994435776]}, "properties": {"Address": "1815 RAYNER AVE", "BlockLot": "0096 079", "Status": "Available", "Neighborhood": "Harlem Park", "HousingMarketTypology2017": "J"}}, {"type": "Feature", "geometry": {"type": "Point", "coordinates": [-76.64670316294408, 39.296836451840576]}, "properties": {"Address": "1817 RAYNER AVE", "BlockLot": "0096 080", "Status": "Available", "Neighborhood": "Harlem Park", "HousingMarketTypology2017": "J"}}, {"type": "Feature", "geometry": {"type": "Point", "coordinates": [-76.64697968473658, 39.29682795750426]}, "properties": {"Address": "1829 RAYNER AVE", "BlockLot": "0096 086", "Status": "Available", "Neighborhood": "Harlem Park", "HousingMarketTypology2017": "J"}}, {"type": "Feature", "geometry": {"type": "Point", "coordinates": [-76.64656721467777, 39.297158876919106]}, "properties": {"Address": "1806 RAYNER AVE", "BlockLot": "0096 097", "Status": "Available", "Neighborhood": "Harlem Park", "HousingMarketTypology2017": "J"}}, {"type": "Feature", "geometry": {"type": "Point", "coordinates": [-76.6445280049106, 39.297000259987435]}, "properties": {"Address": "710 N Mount St", "BlockLot": "0097 004", "Status": "Available", "Neighborhood": "Harlem Park", "HousingMarketTypology2017": "J"}}, {"type": "Feature", "geometry": {"type": "Point", "coordinates": [-76.6445342793476, 39.2971116764821]}, "properties": {"Address": "716 N MOUNT ST", "BlockLot": "0097 007", "Status": "Available", "Neighborhood": "Harlem Park", "HousingMarketTypology2017": "J"}}, {"type": "Feature", "geometry": {"type": "Point", "coordinates": [-76.64454626499311, 39.29732823848731]}, "properties": {"Address": "728 N MOUNT ST", "BlockLot": "0097 013", "Status": "Available", "Neighborhood": "Harlem Park", "HousingMarketTypology2017": "J"}}, {"type": "Feature", "geometry": {"type": "Point", "coordinates": [-76.64460884173906, 39.2974689782861]}, "properties": {"Address": "1709 W Lanvale St", "BlockLot": "0097 018", "Status": "Available", "Neighborhood": "Harlem Park", "HousingMarketTypology2017": "J"}}, {"type": "Feature", "geometry": {"type": "Point", "coordinates": [-76.6447002913702, 39.297465894151536]}, "properties": {"Address": "1713 W LANVALE ST", "BlockLot": "0097 020", "Status": "Available", "Neighborhood": "Harlem Park", "HousingMarketTypology2017": "J"}}, {"type": "Feature", "geometry": {"type": "Point", "coordinates": [-76.64474706944507, 39.29746434218138]}, "properties": {"Address": "1715 W LANVALE ST", "BlockLot": "0097 021", "Status": "Available", "Neighborhood": "Harlem Park", "HousingMarketTypology2017": "J"}}, {"type": "Feature", "geometry": {"type": "Point", "coordinates": [-76.64488500036445, 39.297459704116264]}, "properties": {"Address": "1721 W LANVALE ST", "BlockLot": "0097 024", "Status": "Available", "Neighborhood": "Harlem Park", "HousingMarketTypology2017": "J"}}, {"type": "Feature", "geometry": {"type": "Point", "coordinates": [-76.6453587368401, 39.29725346285924]}, "properties": {"Address": "733 N FULTON AVE", "BlockLot": "0097 035", "Status": "Available", "Neighborhood": "Harlem Park", "HousingMarketTypology2017": "J"}}, {"type": "Feature", "geometry": {"type": "Point", "coordinates": [-76.64776146405768, 39.30737196647616]}, "properties": {"Address": "1635 N MONROE ST", "BlockLot": "0013A046", "Status": "Available", "Neighborhood": "Sandtown-Winchester", "HousingMarketTypology2017": "J"}}, {"type": "Feature", "geometry": {"type": "Point", "coordinates": [-76.646598907795, 39.30722108362706]}, "properties": {"Address": "1624 N FULTON AVE", "BlockLot": "0014 013", "Status": "Available", "Neighborhood": "Sandtown-Winchester", "HousingMarketTypology2017": "J"}}, {"type": "Feature", "geometry": {"type": "Point", "coordinates": [-76.64692399556554, 39.30724583178716]}, "properties": {"Address": "1627 MCKEAN AVE", "BlockLot": "0014 042", "Status": "Available", "Neighborhood": "Sandtown-Winchester", "HousingMarketTypology2017": "J"}}, {"type": "Feature", "geometry": {"type": "Point", "coordinates": [-76.64594426346005, 39.306781837325445]}, "properties": {"Address": "1601 N FULTON AVE", "BlockLot": "0015 001", "Status": "Available", "Neighborhood": "Sandtown-Winchester", "HousingMarketTypology2017": "J"}}, {"type": "Feature", "geometry": {"type": "Point", "coordinates": [-76.6390962118898, 39.30100422539046]}, "properties": {"Address": "1028 N CAREY ST", "BlockLot": "0064 044", "Status": "Available", "Neighborhood": "Sandtown-Winchester", "HousingMarketTypology2017": "H"}}, {"type": "Feature", "geometry": {"type": "Point", "coordinates": [-76.6390817587897, 39.30079794748028]}, "properties": {"Address": "1018 N CAREY ST", "BlockLot": "0064 049", "Status": "Available", "Neighborhood": "Sandtown-Winchester", "HousingMarketTypology2017": "H"}}, {"type": "Feature", "geometry": {"type": "Point", "coordinates": [-76.63907948223942, 39.300757771267236]}, "properties": {"Address": "1016 N Carey St", "BlockLot": "0064 050", "Status": "Available", "Neighborhood": "Sandtown-Winchester", "HousingMarketTypology2017": "H"}}, {"type": "Feature", "geometry": {"type": "Point", "coordinates": [-76.63824271516513, 39.30081834181117]}, "properties": {"Address": "1034 N STOCKTON ST", "BlockLot": "0065 072", "Status": "Available", "Neighborhood": "Sandtown-Winchester", "HousingMarketTypology2017": "J"}}, {"type": "Feature", "geometry": {"type": "Point", "coordinates": [-76.64271520029553, 39.29964535656952]}, "properties": {"Address": "915 N GILMOR ST", "BlockLot": "0075 009", "Status": "Available", "Neighborhood": "Sandtown-Winchester", "HousingMarketTypology2017": "J"}}, {"type": "Feature", "geometry": {"type": "Point", "coordinates": [-76.64272038498913, 39.29973691709815]}, "properties": {"Address": "919 N GILMOR ST", "BlockLot": "0075 011", "Status": "Available", "Neighborhood": "Sandtown-Winchester", "HousingMarketTypology2017": "J"}}, {"type": "Feature", "geometry": {"type": "Point", "coordinates": [-76.60268408321716, 39.30576193334714]}, "properties": {"Address": " SS E HOFFMAN ST 58 FT, E OF HOLBROOK ST ", "BlockLot": "1145 037", "Status": "Available", "Neighborhood": "Oliver", "HousingMarketTypology2017": "H"}}, {"type": "Feature", "geometry": {"type": "Point", "coordinates": [-76.60459633692571, 39.30555885703539]}, "properties": {"Address": "1316 Wilcox St", "BlockLot": "1144 072", "Status": "Available", "Neighborhood": "Johnston Square", "HousingMarketTypology2017": "J"}}, {"type": "Feature", "geometry": {"type": "Point", "coordinates": [-76.60329306949566, 39.30589307292061]}, "properties": {"Address": "1001 E HOFFMAN ST", "BlockLot": "1145 042", "Status": "Available", "Neighborhood": "Oliver", "HousingMarketTypology2017": "H"}}, {"type": "Feature", "geometry": {"type": "Point", "coordinates": [-76.59744932504888, 39.3001750269144]}, "properties": {"Address": "833 N CAROLINE ST", "BlockLot": "1227 046", "Status": "Available", "Neighborhood": "Gay Street", "HousingMarketTypology2017": "G"}}, {"type": "Feature", "geometry": {"type": "Point", "coordinates": [-76.64953589915156, 39.30947261341577]}, "properties": {"Address": "1945 W NORTH AVE", "BlockLot": "0002 036", "Status": "Available", "Neighborhood": "Easterwood", "HousingMarketTypology2017": "I"}}, {"type": "Feature", "geometry": {"type": "Point", "coordinates": [-76.63673621938509, 39.30140765236575]}, "properties": {"Address": "1114 RIGGS AVE", "BlockLot": "0055D063", "Status": "Available", "Neighborhood": "Sandtown-Winchester", "HousingMarketTypology2017": "J"}}, {"type": "Feature", "geometry": {"type": "Point", "coordinates": [-76.63639399405119, 39.30140145769166]}, "properties": {"Address": "1100 RIGGS AVE", "BlockLot": "0055D070", "Status": "Available", "Neighborhood": "Sandtown-Winchester", "HousingMarketTypology2017": "J"}}, {"type": "Feature", "geometry": {"type": "Point", "coordinates": [-76.63687431855386, 39.302187644787296]}, "properties": {"Address": "1110 Carson Ct", "BlockLot": "0055D084", "Status": "Available", "Neighborhood": "Sandtown-Winchester", "HousingMarketTypology2017": "J"}}, {"type": "Feature", "geometry": {"type": "Point", "coordinates": [-76.6488604352361, 39.294253503475915]}, "properties": {"Address": "1947 LAURETTA AVE", "BlockLot": "0119 089", "Status": "Available", "Neighborhood": "Midtown-Edmondson", "HousingMarketTypology2017": "J"}}, {"type": "Feature", "geometry": {"type": "Point", "coordinates": [-76.64859301680674, 39.293978618684356]}, "properties": {"Address": "1940 W FRANKLIN ST", "BlockLot": "0119 095", "Status": "Available", "Neighborhood": "Midtown-Edmondson", "HousingMarketTypology2017": "J"}}, {"type": "Feature", "geometry": {"type": "Point", "coordinates": [-76.64854529724168, 39.29398045850699]}, "properties": {"Address": "1938 W FRANKLIN ST", "BlockLot": "0119 096", "Status": "Available", "Neighborhood": "Midtown-Edmondson", "HousingMarketTypology2017": "J"}}, {"type": "Feature", "geometry": {"type": "Point", "coordinates": [-76.64577525108703, 39.293995960608406]}, "properties": {"Address": "500 N FULTON AVE", "BlockLot": "0120 001", "Status": "Available", "Neighborhood": "Harlem Park", "HousingMarketTypology2017": "J"}}, {"type": "Feature", "geometry": {"type": "Point", "coordinates": [-76.64581299919858, 39.29432491762212]}, "properties": {"Address": "518 N FULTON AVE", "BlockLot": "0120 007", "Status": "Available", "Neighborhood": "Harlem Park", "HousingMarketTypology2017": "J"}}, {"type": "Feature", "geometry": {"type": "Point", "coordinates": [-76.64619876813258, 39.29498764135514]}, "properties": {"Address": "1809 EDMONDSON AVE", "BlockLot": "0120 027", "Status": "Available", "Neighborhood": "Harlem Park", "HousingMarketTypology2017": "J"}}, {"type": "Feature", "geometry": {"type": "Point", "coordinates": [-76.64664831457856, 39.29494115956396]}, "properties": {"Address": "1821 EDMONDSON AVE", "BlockLot": "0120 033", "Status": "Available", "Neighborhood": "Harlem Park", "HousingMarketTypology2017": "J"}}, {"type": "Feature", "geometry": {"type": "Point", "coordinates": [-76.64670318987089, 39.294939520378996]}, "properties": {"Address": "1823 Edmondson Ave", "BlockLot": "0120 034", "Status": "Available", "Neighborhood": "Harlem Park", "HousingMarketTypology2017": "J"}}, {"type": "Feature", "geometry": {"type": "Point", "coordinates": [-76.64678472674775, 39.29403227393899]}, "properties": {"Address": "1828 W FRANKLIN ST", "BlockLot": "0120 062", "Status": "Available", "Neighborhood": "Harlem Park", "HousingMarketTypology2017": "J"}}, {"type": "Feature", "geometry": {"type": "Point", "coordinates": [-76.6463530770367, 39.294683903038596]}, "properties": {"Address": "1800 LAURETTA AVE", "BlockLot": "0120 093", "Status": "Available", "Neighborhood": "Harlem Park", "HousingMarketTypology2017": "J"}}, {"type": "Feature", "geometry": {"type": "Point", "coordinates": [-76.64658699867086, 39.294338524189136]}, "properties": {"Address": "1811 LAURETTA AVE", "BlockLot": "0120 106", "Status": "Available", "Neighborhood": "Harlem Park", "HousingMarketTypology2017": "J"}}, {"type": "Feature", "geometry": {"type": "Point", "coordinates": [-76.64653800344949, 39.29434017110137]}, "properties": {"Address": "1809 LAURETTA AVE", "BlockLot": "0120 107", "Status": "Available", "Neighborhood": "Harlem Park", "HousingMarketTypology2017": "J"}}, {"type": "Feature", "geometry": {"type": "Point", "coordinates": [-76.64437065057429, 39.29434806594993]}, "properties": {"Address": "516 N MOUNT ST", "BlockLot": "0121 003", "Status": "Available", "Neighborhood": "Harlem Park", "HousingMarketTypology2017": "J"}}, {"type": "Feature", "geometry": {"type": "Point", "coordinates": [-76.64437242675814, 39.294379465433565]}, "properties": {"Address": "518 N MOUNT ST", "BlockLot": "0121 004", "Status": "Available", "Neighborhood": "Harlem Park", "HousingMarketTypology2017": "J"}}, {"type": "Feature", "geometry": {"type": "Point", "coordinates": [-76.64355232908363, 39.2941674440447]}, "properties": {"Address": "1618 W FRANKLIN ST", "BlockLot": "0122 063", "Status": "Available", "Neighborhood": "Harlem Park", "HousingMarketTypology2017": "J"}}, {"type": "Feature", "geometry": {"type": "Point", "coordinates": [-76.643153391062, 39.29416592041727]}, "properties": {"Address": "1604 W Franklin St", "BlockLot": "0122 070", "Status": "Available", "Neighborhood": "Harlem Park", "HousingMarketTypology2017": "J"}}, {"type": "Feature", "geometry": {"type": "Point", "coordinates": [-76.64156965561746, 39.294579895792864]}, "properties": {"Address": "518 N STRICKER ST", "BlockLot": "0123 010", "Status": "Available", "Neighborhood": "Harlem Park", "HousingMarketTypology2017": "I"}}, {"type": "Feature", "geometry": {"type": "Point", "coordinates": [-76.64157480790983, 39.294671996872815]}, "properties": {"Address": "522 N STRICKER ST", "BlockLot": "0123 012", "Status": "Available", "Neighborhood": "Harlem Park", "HousingMarketTypology2017": "I"}}, {"type": "Feature", "geometry": {"type": "Point", "coordinates": [-76.64155503129614, 39.29495002204288]}, "properties": {"Address": "532 N STRICKER ST", "BlockLot": "0123 017", "Status": "Available", "Neighborhood": "Harlem Park", "HousingMarketTypology2017": "I"}}, {"type": "Feature", "geometry": {"type": "Point", "coordinates": [-76.6420474122741, 39.294220852034904]}, "properties": {"Address": "1510 W FRANKLIN ST", "BlockLot": "0123 052", "Status": "Available", "Neighborhood": "Harlem Park", "HousingMarketTypology2017": "I"}}, {"type": "Feature", "geometry": {"type": "Point", "coordinates": [-76.64011490969997, 39.294216544275784]}, "properties": {"Address": "500 N CALHOUN ST", "BlockLot": "0124 001", "Status": "Available", "Neighborhood": "Harlem Park", "HousingMarketTypology2017": "I"}}, {"type": "Feature", "geometry": {"type": "Point", "coordinates": [-76.64011550898032, 39.29425585248266]}, "properties": {"Address": "502 N CALHOUN ST", "BlockLot": "0124 002", "Status": "Available", "Neighborhood": "Harlem Park", "HousingMarketTypology2017": "I"}}, {"type": "Feature", "geometry": {"type": "Point", "coordinates": [-76.64011802796246, 39.29429927222383]}, "properties": {"Address": "504 N CALHOUN ST", "BlockLot": "0124 003", "Status": "Available", "Neighborhood": "Harlem Park", "HousingMarketTypology2017": "I"}}, {"type": "Feature", "geometry": {"type": "Point", "coordinates": [-76.6401205064664, 39.29434335930198]}, "properties": {"Address": "506 N CALHOUN ST", "BlockLot": "0124 004", "Status": "Available", "Neighborhood": "Harlem Park", "HousingMarketTypology2017": "I"}}, {"type": "Feature", "geometry": {"type": "Point", "coordinates": [-76.6401707838621, 39.29476723876944]}, "properties": {"Address": "526 N CALHOUN ST", "BlockLot": "0124 014", "Status": "Available", "Neighborhood": "Harlem Park", "HousingMarketTypology2017": "I"}}, {"type": "Feature", "geometry": {"type": "Point", "coordinates": [-76.64103968276768, 39.29473117773301]}, "properties": {"Address": "525 N STRICKER ST", "BlockLot": "0124 041", "Status": "Available", "Neighborhood": "Harlem Park", "HousingMarketTypology2017": "I"}}, {"type": "Feature", "geometry": {"type": "Point", "coordinates": [-76.64103749720361, 39.294688418392326]}, "properties": {"Address": "523 N STRICKER ST", "BlockLot": "0124 042", "Status": "Available", "Neighborhood": "Harlem Park", "HousingMarketTypology2017": "I"}}, {"type": "Feature", "geometry": {"type": "Point", "coordinates": [-76.63862889147542, 39.302244063107686]}, "properties": {"Address": "1149 N CAREY ST", "BlockLot": "0055C025", "Status": "Available", "Neighborhood": "Sandtown-Winchester", "HousingMarketTypology2017": "J"}}, {"type": "Feature", "geometry": {"type": "Point", "coordinates": [-76.63788072697469, 39.30137278695886]}, "properties": {"Address": "1200 RIGGS AVE", "BlockLot": "0055C066", "Status": "Available", "Neighborhood": "Sandtown-Winchester", "HousingMarketTypology2017": "J"}}, {"type": "Feature", "geometry": {"type": "Point", "coordinates": [-76.63702569676562, 39.30233129216596]}, "properties": {"Address": "1113 WINCHESTER ST", "BlockLot": "0055D026", "Status": "Available", "Neighborhood": "Sandtown-Winchester", "HousingMarketTypology2017": "J"}}, {"type": "Feature", "geometry": {"type": "Point", "coordinates": [-76.64474749868346, 39.30868727971054]}, "properties": {"Address": "1647 WESTWOOD AVE", "BlockLot": "0010 024", "Status": "Available", "Neighborhood": "Sandtown-Winchester", "HousingMarketTypology2017": "I"}}, {"type": "Feature", "geometry": {"type": "Point", "coordinates": [-76.64466561768641, 39.308142138217875]}, "properties": {"Address": "1620 PRESBURY ST", "BlockLot": "0010 034", "Status": "Available", "Neighborhood": "Sandtown-Winchester", "HousingMarketTypology2017": "I"}}, {"type": "Feature", "geometry": {"type": "Point", "coordinates": [-76.64860171122281, 39.30711597572599]}, "properties": {"Address": "1623 APPLETON ST", "BlockLot": "0012 056", "Status": "Available", "Neighborhood": "Easterwood", "HousingMarketTypology2017": "I"}}, {"type": "Feature", "geometry": {"type": "Point", "coordinates": [-76.64828557726051, 39.30762696983133]}, "properties": {"Address": "1648 N MONROE ST", "BlockLot": "0012 076", "Status": "Available", "Neighborhood": "Easterwood", "HousingMarketTypology2017": "I"}}, {"type": "Feature", "geometry": {"type": "Point", "coordinates": [-76.64823978778637, 39.30685842833517]}, "properties": {"Address": "1608 N MONROE ST", "BlockLot": "0012 096", "Status": "Available", "Neighborhood": "Easterwood", "HousingMarketTypology2017": "I"}}, {"type": "Feature", "geometry": {"type": "Point", "coordinates": [-76.64125713126414, 39.29929205071018]}, "properties": {"Address": "911 N STRICKER ST", "BlockLot": "0076 006", "Status": "Available", "Neighborhood": "Sandtown-Winchester", "HousingMarketTypology2017": "J"}}, {"type": "Feature", "geometry": {"type": "Point", "coordinates": [-76.64125980688132, 39.299337452500964]}, "properties": {"Address": "913 N STRICKER ST", "BlockLot": "0076 007", "Status": "Available", "Neighborhood": "Sandtown-Winchester", "HousingMarketTypology2017": "J"}}, {"type": "Feature", "geometry": {"type": "Point", "coordinates": [-76.64127023253256, 39.29951695194285]}, "properties": {"Address": "921 N STRICKER ST", "BlockLot": "0076 011", "Status": "Available", "Neighborhood": "Sandtown-Winchester", "HousingMarketTypology2017": "J"}}, {"type": "Feature", "geometry": {"type": "Point", "coordinates": [-76.64061473420215, 39.29985158571593]}, "properties": {"Address": "1411 MOSHER ST", "BlockLot": "0076 028", "Status": "Available", "Neighborhood": "Sandtown-Winchester", "HousingMarketTypology2017": "J"}}, {"type": "Feature", "geometry": {"type": "Point", "coordinates": [-76.64041379181677, 39.299858165246924]}, "properties": {"Address": "1403 MOSHER ST", "BlockLot": "0076 032", "Status": "Available", "Neighborhood": "Sandtown-Winchester", "HousingMarketTypology2017": "J"}}, {"type": "Feature", "geometry": {"type": "Point", "coordinates": [-76.64665918492494, 39.301401356090594]}, "properties": {"Address": "1107 MCKEAN AVE", "BlockLot": "0050 038", "Status": "Available", "Neighborhood": "Sandtown-Winchester", "HousingMarketTypology2017": "J"}}, {"type": "Feature", "geometry": {"type": "Point", "coordinates": [-76.64644052244603, 39.304855175623125]}, "properties": {"Address": "1424 N FULTON AVE", "BlockLot": "0026 013", "Status": "Available", "Neighborhood": "Sandtown-Winchester", "HousingMarketTypology2017": "I"}}, {"type": "Feature", "geometry": {"type": "Point", "coordinates": [-76.64769049099189, 39.30455339679543]}, "properties": {"Address": "1855-1857 Kavanaugh St", "BlockLot": "0026 049", "Status": "Available", "Neighborhood": "Sandtown-Winchester", "HousingMarketTypology2017": "I"}}, {"type": "Feature", "geometry": {"type": "Point", "coordinates": [-76.64103316891025, 39.29460428700696]}, "properties": {"Address": "519 N STRICKER ST", "BlockLot": "0124 044", "Status": "Available", "Neighborhood": "Harlem Park", "HousingMarketTypology2017": "I"}}, {"type": "Feature", "geometry": {"type": "Point", "coordinates": [-76.6499548910156, 39.294864489830374]}, "properties": {"Address": "2029 EDMONDSON AVE", "BlockLot": "0118 032", "Status": "Available", "Neighborhood": "Midtown-Edmondson", "HousingMarketTypology2017": "J"}}, {"type": "Feature", "geometry": {"type": "Point", "coordinates": [-76.64990705630971, 39.294866057835506]}, "properties": {"Address": "2027 EDMONDSON AVE", "BlockLot": "0118 033", "Status": "Available", "Neighborhood": "Midtown-Edmondson", "HousingMarketTypology2017": "J"}}, {"type": "Feature", "geometry": {"type": "Point", "coordinates": [-76.64933261395164, 39.294892667162166]}, "properties": {"Address": "2007 EDMONDSON AVE", "BlockLot": "0118 042", "Status": "Available", "Neighborhood": "Midtown-Edmondson", "HousingMarketTypology2017": "J"}}, {"type": "Feature", "geometry": {"type": "Point", "coordinates": [-76.64922846018729, 39.29385304874573]}, "properties": {"Address": "500 N PAYSON ST", "BlockLot": "0118 070", "Status": "Available", "Neighborhood": "Midtown-Edmondson", "HousingMarketTypology2017": "J"}}, {"type": "Feature", "geometry": {"type": "Point", "coordinates": [-76.64989244170452, 39.29409358416506]}, "properties": {"Address": "502 N BRICE ST", "BlockLot": "0118 093", "Status": "Available", "Neighborhood": "Midtown-Edmondson", "HousingMarketTypology2017": "J"}}, {"type": "Feature", "geometry": {"type": "Point", "coordinates": [-76.6498989071724, 39.29422478975659]}, "properties": {"Address": "510 N BRICE ST", "BlockLot": "0118 097", "Status": "Available", "Neighborhood": "Midtown-Edmondson", "HousingMarketTypology2017": "J"}}, {"type": "Feature", "geometry": {"type": "Point", "coordinates": [-76.64990701698342, 39.294389476893436]}, "properties": {"Address": "520 N BRICE ST", "BlockLot": "0118 102", "Status": "Available", "Neighborhood": "Midtown-Edmondson", "HousingMarketTypology2017": "J"}}, {"type": "Feature", "geometry": {"type": "Point", "coordinates": [-76.64751185361838, 39.29422074168693]}, "properties": {"Address": "512 N MONROE ST", "BlockLot": "0119 001", "Status": "Available", "Neighborhood": "Midtown-Edmondson", "HousingMarketTypology2017": "J"}}, {"type": "Feature", "geometry": {"type": "Point", "coordinates": [-76.6475141883049, 39.29426133502686]}, "properties": {"Address": "514 N MONROE ST", "BlockLot": "0119 002", "Status": "Available", "Neighborhood": "Midtown-Edmondson", "HousingMarketTypology2017": "J"}}, {"type": "Feature", "geometry": {"type": "Point", "coordinates": [-76.64544557940933, 39.30829643785045]}, "properties": {"Address": "1701 N BRUCE ST", "BlockLot": "0009 060", "Status": "Available", "Neighborhood": "Sandtown-Winchester", "HousingMarketTypology2017": "I"}}, {"type": "Feature", "geometry": {"type": "Point", "coordinates": [-76.64217124642325, 39.29981044830216]}, "properties": {"Address": "1507 MOSHER ST", "BlockLot": "0075 020", "Status": "Available", "Neighborhood": "Sandtown-Winchester", "HousingMarketTypology2017": "J"}}, {"type": "Feature", "geometry": {"type": "Point", "coordinates": [-76.64183155009576, 39.29950530890923]}, "properties": {"Address": "920 N STRICKER ST", "BlockLot": "0075 032", "Status": "Available", "Neighborhood": "Sandtown-Winchester", "HousingMarketTypology2017": "J"}}, {"type": "Feature", "geometry": {"type": "Point", "coordinates": [-76.64787927818796, 39.296567303704485]}, "properties": {"Address": "1914 HARLEM AVE", "BlockLot": "0095 068", "Status": "Available", "Neighborhood": "Midtown-Edmondson", "HousingMarketTypology2017": "J"}}, {"type": "Feature", "geometry": {"type": "Point", "coordinates": [-76.63428752659905, 39.29707893332258]}, "properties": {"Address": "926 HARLEM AVE", "BlockLot": "0104 040", "Status": "Available", "Neighborhood": "Harlem Park", "HousingMarketTypology2017": "I"}}, {"type": "Feature", "geometry": {"type": "Point", "coordinates": [-76.63411707289738, 39.2970847475532]}, "properties": {"Address": "920 HARLEM AVE", "BlockLot": "0104 043", "Status": "Available", "Neighborhood": "Harlem Park", "HousingMarketTypology2017": "I"}}, {"type": "Feature", "geometry": {"type": "Point", "coordinates": [-76.64885897039362, 39.29529666532629]}, "properties": {"Address": "1944 EDMONDSON AVE", "BlockLot": "0107 053", "Status": "Available", "Neighborhood": "Midtown-Edmondson", "HousingMarketTypology2017": "J"}}, {"type": "Feature", "geometry": {"type": "Point", "coordinates": [-76.64794752513126, 39.29489764496571]}, "properties": {"Address": "1921 EDMONDSON AVE", "BlockLot": "0119 022", "Status": "Available", "Neighborhood": "Midtown-Edmondson", "HousingMarketTypology2017": "J"}}, {"type": "Feature", "geometry": {"type": "Point", "coordinates": [-76.64799664599545, 39.29489597892543]}, "properties": {"Address": "1923 EDMONDSON AVE", "BlockLot": "0119 023", "Status": "Available", "Neighborhood": "Midtown-Edmondson", "HousingMarketTypology2017": "J"}}, {"type": "Feature", "geometry": {"type": "Point", "coordinates": [-76.64790306942697, 39.29463300432424]}, "properties": {"Address": "1908 LAURETTA AVE", "BlockLot": "0119 061", "Status": "Available", "Neighborhood": "Midtown-Edmondson", "HousingMarketTypology2017": "J"}}, {"type": "Feature", "geometry": {"type": "Point", "coordinates": [-76.6473522894437, 39.291089711680456]}, "properties": {"Address": "222 N MONROE ST", "BlockLot": "0162 112", "Status": "Available", "Neighborhood": "Penrose/Fayette Street Outreach", "HousingMarketTypology2017": "J"}}, {"type": "Feature", "geometry": {"type": "Point", "coordinates": [-76.64483940271747, 39.299384011945904]}, "properties": {"Address": "1701 DITMAN CT", "BlockLot": "0073 055", "Status": "Available", "Neighborhood": "Sandtown-Winchester", "HousingMarketTypology2017": "I"}}, {"type": "Feature", "geometry": {"type": "Point", "coordinates": [-76.64487773077413, 39.29938266046728]}, "properties": {"Address": "1703 DITMAN CT", "BlockLot": "0073 056", "Status": "Available", "Neighborhood": "Sandtown-Winchester", "HousingMarketTypology2017": "I"}}, {"type": "Feature", "geometry": {"type": "Point", "coordinates": [-76.64491514042808, 39.299381353039855]}, "properties": {"Address": "1705 DITMAN CT", "BlockLot": "0073 057", "Status": "Available", "Neighborhood": "Sandtown-Winchester", "HousingMarketTypology2017": "I"}}, {"type": "Feature", "geometry": {"type": "Point", "coordinates": [-76.64484669997972, 39.29951773415865]}, "properties": {"Address": "1702 DITMAN CT", "BlockLot": "0073 058", "Status": "Available", "Neighborhood": "Sandtown-Winchester", "HousingMarketTypology2017": "I"}}, {"type": "Feature", "geometry": {"type": "Point", "coordinates": [-76.64488508376407, 39.29951638104443]}, "properties": {"Address": "1704 DITMAN CT", "BlockLot": "0073 059", "Status": "Available", "Neighborhood": "Sandtown-Winchester", "HousingMarketTypology2017": "I"}}, {"type": "Feature", "geometry": {"type": "Point", "coordinates": [-76.64492250152693, 39.29951508895187]}, "properties": {"Address": "1706 DITMAN CT", "BlockLot": "0073 060", "Status": "Available", "Neighborhood": "Sandtown-Winchester", "HousingMarketTypology2017": "I"}}, {"type": "Feature", "geometry": {"type": "Point", "coordinates": [-76.64517817742592, 39.29952173519029]}, "properties": {"Address": "925 N BRUCE ST", "BlockLot": "0073 062", "Status": "Available", "Neighborhood": "Sandtown-Winchester", "HousingMarketTypology2017": "I"}}, {"type": "Feature", "geometry": {"type": "Point", "coordinates": [-76.64358590191887, 39.29977064803872]}, "properties": {"Address": "1607 MOSHER ST", "BlockLot": "0074 019", "Status": "Available", "Neighborhood": "Sandtown-Winchester", "HousingMarketTypology2017": "I"}}, {"type": "Feature", "geometry": {"type": "Point", "coordinates": [-76.64325260488901, 39.29973543209471]}, "properties": {"Address": "936 N GILMOR ST", "BlockLot": "0074 026", "Status": "Available", "Neighborhood": "Sandtown-Winchester", "HousingMarketTypology2017": "I"}}, {"type": "Feature", "geometry": {"type": "Point", "coordinates": [-76.64323852402288, 39.299506732355496]}, "properties": {"Address": "924 N GILMOR ST", "BlockLot": "0074 032", "Status": "Available", "Neighborhood": "Sandtown-Winchester", "HousingMarketTypology2017": "I"}}, {"type": "Feature", "geometry": {"type": "Point", "coordinates": [-76.64322748839969, 39.2993076082731]}, "properties": {"Address": "914 N GILMOR ST", "BlockLot": "0074 037", "Status": "Available", "Neighborhood": "Sandtown-Winchester", "HousingMarketTypology2017": "I"}}, {"type": "Feature", "geometry": {"type": "Point", "coordinates": [-76.64322518941798, 39.29926636376418]}, "properties": {"Address": "912 N GILMOR ST", "BlockLot": "0074 038", "Status": "Available", "Neighborhood": "Sandtown-Winchester", "HousingMarketTypology2017": "I"}}, {"type": "Feature", "geometry": {"type": "Point", "coordinates": [-76.64322058506527, 39.299183302744986]}, "properties": {"Address": "908 N GILMOR ST", "BlockLot": "0074 040", "Status": "Available", "Neighborhood": "Sandtown-Winchester", "HousingMarketTypology2017": "I"}}, {"type": "Feature", "geometry": {"type": "Point", "coordinates": [-76.6432514341075, 39.29905590965883]}, "properties": {"Address": "902 N GILMOR ST", "BlockLot": "0074 043", "Status": "Available", "Neighborhood": "Sandtown-Winchester", "HousingMarketTypology2017": "I"}}, {"type": "Feature", "geometry": {"type": "Point", "coordinates": [-76.64345527956654, 39.29906539547867]}, "properties": {"Address": "1600 W LAFAYETTE AVE", "BlockLot": "0074 045", "Status": "Available", "Neighborhood": "Sandtown-Winchester", "HousingMarketTypology2017": "I"}}, {"type": "Feature", "geometry": {"type": "Point", "coordinates": [-76.64350188631889, 39.29906377772657]}, "properties": {"Address": "1602 W LAFAYETTE AVE", "BlockLot": "0074 046", "Status": "Available", "Neighborhood": "Sandtown-Winchester", "HousingMarketTypology2017": "I"}}, {"type": "Feature", "geometry": {"type": "Point", "coordinates": [-76.64354665742351, 39.299062249867156]}, "properties": {"Address": "1604 W LAFAYETTE AVE", "BlockLot": "0074 047", "Status": "Available", "Neighborhood": "Sandtown-Winchester", "HousingMarketTypology2017": "I"}}, {"type": "Feature", "geometry": {"type": "Point", "coordinates": [-76.64377926443113, 39.299150435895044]}, "properties": {"Address": "1610 W LAFAYETTE AVE", "BlockLot": "0074 050", "Status": "Available", "Neighborhood": "Sandtown-Winchester", "HousingMarketTypology2017": "I"}}, {"type": "Feature", "geometry": {"type": "Point", "coordinates": [-76.64382792028073, 39.29914871073079]}, "properties": {"Address": "1612 W LAFAYETTE AVE", "BlockLot": "0074 051", "Status": "Available", "Neighborhood": "Sandtown-Winchester", "HousingMarketTypology2017": "I"}}, {"type": "Feature", "geometry": {"type": "Point", "coordinates": [-76.64387795583224, 39.299146961804965]}, "properties": {"Address": "1614 W LAFAYETTE AVE", "BlockLot": "0074 052", "Status": "Available", "Neighborhood": "Sandtown-Winchester", "HousingMarketTypology2017": "I"}}, {"type": "Feature", "geometry": {"type": "Point", "coordinates": [-76.64392723284348, 39.299145281718666]}, "properties": {"Address": "1616 W LAFAYETTE AVE", "BlockLot": "0074 053", "Status": "Available", "Neighborhood": "Sandtown-Winchester", "HousingMarketTypology2017": "I"}}, {"type": "Feature", "geometry": {"type": "Point", "coordinates": [-76.64407600697766, 39.299140123491526]}, "properties": {"Address": "1622 W LAFAYETTE AVE", "BlockLot": "0074 056", "Status": "Available", "Neighborhood": "Sandtown-Winchester", "HousingMarketTypology2017": "I"}}, {"type": "Feature", "geometry": {"type": "Point", "coordinates": [-76.64042963685571, 39.2995969052173]}, "properties": {"Address": "918 N CALHOUN ST", "BlockLot": "0076 037", "Status": "Available", "Neighborhood": "Sandtown-Winchester", "HousingMarketTypology2017": "J"}}, {"type": "Feature", "geometry": {"type": "Point", "coordinates": [-76.64042572336449, 39.29956229878984]}, "properties": {"Address": "916 N CALHOUN ST", "BlockLot": "0076 038", "Status": "Available", "Neighborhood": "Sandtown-Winchester", "HousingMarketTypology2017": "J"}}, {"type": "Feature", "geometry": {"type": "Point", "coordinates": [-76.64042125071886, 39.29952204741163]}, "properties": {"Address": "914 N Calhoun St", "BlockLot": "0076 039", "Status": "Available", "Neighborhood": "Sandtown-Winchester", "HousingMarketTypology2017": "J"}}, {"type": "Feature", "geometry": {"type": "Point", "coordinates": [-76.64042111843392, 39.29948228131261]}, "properties": {"Address": "912 N CALHOUN ST", "BlockLot": "0076 040", "Status": "Available", "Neighborhood": "Sandtown-Winchester", "HousingMarketTypology2017": "J"}}, {"type": "Feature", "geometry": {"type": "Point", "coordinates": [-76.64041796594634, 39.29944849509954]}, "properties": {"Address": "910 N Calhoun St", "BlockLot": "0076 041", "Status": "Available", "Neighborhood": "Sandtown-Winchester", "HousingMarketTypology2017": "J"}}, {"type": "Feature", "geometry": {"type": "Point", "coordinates": [-76.64074048745154, 39.299155114508785]}, "properties": {"Address": "1420 W LAFAYETTE AVE", "BlockLot": "0076 054", "Status": "Available", "Neighborhood": "Sandtown-Winchester", "HousingMarketTypology2017": "J"}}, {"type": "Feature", "geometry": {"type": "Point", "coordinates": [-76.64223029956158, 39.29033787612443]}, "properties": {"Address": "111 N GILMOR ST", "BlockLot": "0181 019", "Status": "Available", "Neighborhood": "Franklin Square", "HousingMarketTypology2017": "F"}}, {"type": "Feature", "geometry": {"type": "Point", "coordinates": [-76.64559490850746, 39.28641403664854]}, "properties": {"Address": "1802 W LOMBARD ST", "BlockLot": "0227 045", "Status": "Available", "Neighborhood": "Carrollton Ridge", "HousingMarketTypology2017": "I"}}, {"type": "Feature", "geometry": {"type": "Point", "coordinates": [-76.63956374286838, 39.29983904974361]}, "properties": {"Address": "1325 MOSHER ST", "BlockLot": "0077 010", "Status": "Available", "Neighborhood": "Sandtown-Winchester", "HousingMarketTypology2017": "I"}}, {"type": "Feature", "geometry": {"type": "Point", "coordinates": [-76.63988685123672, 39.29968321611801]}, "properties": {"Address": "919 N Calhoun St", "BlockLot": "0077 022", "Status": "Available", "Neighborhood": "Sandtown-Winchester", "HousingMarketTypology2017": "I"}}, {"type": "Feature", "geometry": {"type": "Point", "coordinates": [-76.63987235997119, 39.29950643158078]}, "properties": {"Address": "911 N CALHOUN ST", "BlockLot": "0077 026", "Status": "Available", "Neighborhood": "Sandtown-Winchester", "HousingMarketTypology2017": "I"}}, {"type": "Feature", "geometry": {"type": "Point", "coordinates": [-76.63998998509612, 39.29919480964149]}, "properties": {"Address": "1344 W LAFAYETTE AVE", "BlockLot": "0077 031", "Status": "Available", "Neighborhood": "Sandtown-Winchester", "HousingMarketTypology2017": "I"}}, {"type": "Feature", "geometry": {"type": "Point", "coordinates": [-76.63929588886238, 39.299483816110694]}, "properties": {"Address": "925 N WOODYEAR ST", "BlockLot": "0077 061", "Status": "Available", "Neighborhood": "Sandtown-Winchester", "HousingMarketTypology2017": "I"}}, {"type": "Feature", "geometry": {"type": "Point", "coordinates": [-76.63929776429954, 39.29951443137485]}, "properties": {"Address": "927 N WOODYEAR ST", "BlockLot": "0077 062", "Status": "Available", "Neighborhood": "Sandtown-Winchester", "HousingMarketTypology2017": "I"}}, {"type": "Feature", "geometry": {"type": "Point", "coordinates": [-76.63929956779504, 39.29954369168011]}, "properties": {"Address": "929 N WOODYEAR ST", "BlockLot": "0077 063", "Status": "Available", "Neighborhood": "Sandtown-Winchester", "HousingMarketTypology2017": "I"}}, {"type": "Feature", "geometry": {"type": "Point", "coordinates": [-76.63955915302537, 39.29947382307076]}, "properties": {"Address": "924 N WOODYEAR ST", "BlockLot": "0077 066", "Status": "Available", "Neighborhood": "Sandtown-Winchester", "HousingMarketTypology2017": "I"}}, {"type": "Feature", "geometry": {"type": "Point", "coordinates": [-76.63956096035484, 39.2995025780594]}, "properties": {"Address": "926 N WOODYEAR ST", "BlockLot": "0077 067", "Status": "Available", "Neighborhood": "Sandtown-Winchester", "HousingMarketTypology2017": "I"}}, {"type": "Feature", "geometry": {"type": "Point", "coordinates": [-76.63956279947594, 39.299531921339316]}, "properties": {"Address": "928 N WOODYEAR ST", "BlockLot": "0077 068", "Status": "Available", "Neighborhood": "Sandtown-Winchester", "HousingMarketTypology2017": "I"}}, {"type": "Feature", "geometry": {"type": "Point", "coordinates": [-76.63956489078788, 39.29956410908069]}, "properties": {"Address": "930 N WOODYEAR ST", "BlockLot": "0077 069", "Status": "Available", "Neighborhood": "Sandtown-Winchester", "HousingMarketTypology2017": "I"}}, {"type": "Feature", "geometry": {"type": "Point", "coordinates": [-76.64404184437876, 39.298115825594756]}, "properties": {"Address": "807 N MOUNT ST", "BlockLot": "0086 056", "Status": "Available", "Neighborhood": "Harlem Park", "HousingMarketTypology2017": "J"}}, {"type": "Feature", "geometry": {"type": "Point", "coordinates": [-76.64403969463223, 39.29807871511285]}, "properties": {"Address": "805 N Mount St", "BlockLot": "0086 057", "Status": "Available", "Neighborhood": "Harlem Park", "HousingMarketTypology2017": "J"}}, {"type": "Feature", "geometry": {"type": "Point", "coordinates": [-76.64403751444794, 39.29803958504177]}, "properties": {"Address": "803 N MOUNT ST", "BlockLot": "0086 058", "Status": "Available", "Neighborhood": "Harlem Park", "HousingMarketTypology2017": "J"}}, {"type": "Feature", "geometry": {"type": "Point", "coordinates": [-76.64437149767336, 39.294441539235834]}, "properties": {"Address": "520 1/2 N MOUNT ST", "BlockLot": "0121 006", "Status": "Available", "Neighborhood": "Harlem Park", "HousingMarketTypology2017": "J"}}, {"type": "Feature", "geometry": {"type": "Point", "coordinates": [-76.64437535496015, 39.29459219631982]}, "properties": {"Address": "528 N MOUNT ST", "BlockLot": "0121 010", "Status": "Available", "Neighborhood": "Harlem Park", "HousingMarketTypology2017": "J"}}, {"type": "Feature", "geometry": {"type": "Point", "coordinates": [-76.6443772246593, 39.294842180221146]}, "properties": {"Address": "538 N Mount St", "BlockLot": "0121 015", "Status": "Available", "Neighborhood": "Harlem Park", "HousingMarketTypology2017": "J"}}, {"type": "Feature", "geometry": {"type": "Point", "coordinates": [-76.64485556415602, 39.29500974846857]}, "properties": {"Address": "1721 EDMONDSON AVE", "BlockLot": "0121 026", "Status": "Available", "Neighborhood": "Harlem Park", "HousingMarketTypology2017": "J"}}, {"type": "Feature", "geometry": {"type": "Point", "coordinates": [-76.64865674951857, 39.29240201561831]}, "properties": {"Address": "319 N PAYSON ST", "BlockLot": "0147 033", "Status": "Available", "Neighborhood": "Penrose/Fayette Street Outreach", "HousingMarketTypology2017": "J"}}, {"type": "Feature", "geometry": {"type": "Point", "coordinates": [-76.64524893245044, 39.29435314701014]}, "properties": {"Address": "519 N FULTON AVE", "BlockLot": "0121 047", "Status": "Available", "Neighborhood": "Harlem Park", "HousingMarketTypology2017": "J"}}, {"type": "Feature", "geometry": {"type": "Point", "coordinates": [-76.64470357782942, 39.294117965864665]}, "properties": {"Address": "1720 W FRANKLIN ST", "BlockLot": "0121 059", "Status": "Available", "Neighborhood": "Harlem Park", "HousingMarketTypology2017": "J"}}, {"type": "Feature", "geometry": {"type": "Point", "coordinates": [-76.64865478120986, 39.2923631609383]}, "properties": {"Address": "317 N PAYSON ST", "BlockLot": "0147 034", "Status": "Available", "Neighborhood": "Penrose/Fayette Street Outreach", "HousingMarketTypology2017": "J"}}, {"type": "Feature", "geometry": {"type": "Point", "coordinates": [-76.64865273751683, 39.29232407994208]}, "properties": {"Address": "315 N PAYSON ST", "BlockLot": "0147 035", "Status": "Available", "Neighborhood": "Penrose/Fayette Street Outreach", "HousingMarketTypology2017": "J"}}, {"type": "Feature", "geometry": {"type": "Point", "coordinates": [-76.64865077440979, 39.29228558017528]}, "properties": {"Address": "313 N PAYSON ST", "BlockLot": "0147 036", "Status": "Available", "Neighborhood": "Penrose/Fayette Street Outreach", "HousingMarketTypology2017": "J"}}, {"type": "Feature", "geometry": {"type": "Point", "coordinates": [-76.64433514646704, 39.29413216124652]}, "properties": {"Address": "1704 W FRANKLIN ST", "BlockLot": "0121 067", "Status": "Available", "Neighborhood": "Harlem Park", "HousingMarketTypology2017": "J"}}, {"type": "Feature", "geometry": {"type": "Point", "coordinates": [-76.64864878147841, 39.292247017265765]}, "properties": {"Address": "311 N PAYSON ST", "BlockLot": "0147 037", "Status": "Available", "Neighborhood": "Penrose/Fayette Street Outreach", "HousingMarketTypology2017": "J"}}, {"type": "Feature", "geometry": {"type": "Point", "coordinates": [-76.64691629433617, 39.29258848705772]}, "properties": {"Address": "321 N MONROE ST", "BlockLot": "0148 064", "Status": "Available", "Neighborhood": "Franklin Square", "HousingMarketTypology2017": "J"}}, {"type": "Feature", "geometry": {"type": "Point", "coordinates": [-76.6442461514406, 39.29223673210739]}, "properties": {"Address": "302 N MOUNT ST", "BlockLot": "0149 002", "Status": "Available", "Neighborhood": "Franklin Square", "HousingMarketTypology2017": "J"}}, {"type": "Feature", "geometry": {"type": "Point", "coordinates": [-76.64424799694369, 39.292274859586236]}, "properties": {"Address": "304 N MOUNT ST", "BlockLot": "0149 003", "Status": "Available", "Neighborhood": "Franklin Square", "HousingMarketTypology2017": "J"}}, {"type": "Feature", "geometry": {"type": "Point", "coordinates": [-76.64425184512024, 39.29235259856727]}, "properties": {"Address": "308 N MOUNT ST", "BlockLot": "0149 005", "Status": "Available", "Neighborhood": "Franklin Square", "HousingMarketTypology2017": "J"}}, {"type": "Feature", "geometry": {"type": "Point", "coordinates": [-76.64427067592968, 39.29273502022258]}, "properties": {"Address": "328 N MOUNT ST", "BlockLot": "0149 015", "Status": "Available", "Neighborhood": "Franklin Square", "HousingMarketTypology2017": "J"}}, {"type": "Feature", "geometry": {"type": "Point", "coordinates": [-76.64340468813035, 39.29246031813351]}, "properties": {"Address": "1615 SARAH ANN ST", "BlockLot": "0150 060", "Status": "Available", "Neighborhood": "Franklin Square", "HousingMarketTypology2017": "J"}}, {"type": "Feature", "geometry": {"type": "Point", "coordinates": [-76.64235071041306, 39.292881947808844]}, "properties": {"Address": "329 N GILMOR ST", "BlockLot": "0151 015", "Status": "Available", "Neighborhood": "Franklin Square", "HousingMarketTypology2017": "J"}}, {"type": "Feature", "geometry": {"type": "Point", "coordinates": [-76.64450437922076, 39.285830146800016]}, "properties": {"Address": "1718-1720 LEMMON ST", "BlockLot": "0244 069", "Status": "Available", "Neighborhood": "Union Square", "HousingMarketTypology2017": "E"}}, {"type": "Feature", "geometry": {"type": "Point", "coordinates": [-76.65324050269322, 39.28769070772527]}, "properties": {"Address": "2267 W BALTIMORE ST", "BlockLot": "0204 004", "Status": "Available", "Neighborhood": "Boyd-Booth", "HousingMarketTypology2017": "J"}}, {"type": "Feature", "geometry": {"type": "Point", "coordinates": [-76.64982815307462, 39.287200097933905]}, "properties": {"Address": "2046 HOLLINS ST", "BlockLot": "0206 023", "Status": "Available", "Neighborhood": "Boyd-Booth", "HousingMarketTypology2017": "J"}}, {"type": "Feature", "geometry": {"type": "Point", "coordinates": [-76.64727829831146, 39.28989363612619]}, "properties": {"Address": "104 N MONROE ST", "BlockLot": "0177 067", "Status": "Available", "Neighborhood": "Penrose/Fayette Street Outreach", "HousingMarketTypology2017": "J"}}, {"type": "Feature", "geometry": {"type": "Point", "coordinates": [-76.6472802359404, 39.28992917057152]}, "properties": {"Address": "106 N MONROE ST", "BlockLot": "0177 068", "Status": "Available", "Neighborhood": "Penrose/Fayette Street Outreach", "HousingMarketTypology2017": "J"}}, {"type": "Feature", "geometry": {"type": "Point", "coordinates": [-76.64797747766505, 39.289891851956966]}, "properties": {"Address": "1927 VINE ST", "BlockLot": "0177 074", "Status": "Available", "Neighborhood": "Penrose/Fayette Street Outreach", "HousingMarketTypology2017": "J"}}, {"type": "Feature", "geometry": {"type": "Point", "coordinates": [-76.59808417358506, 39.301560430991316]}, "properties": {"Address": "1443 E Eager St", "BlockLot": "1209 022", "Status": "Available", "Neighborhood": "Gay Street", "HousingMarketTypology2017": "G"}}, {"type": "Feature", "geometry": {"type": "Point", "coordinates": [-76.59802732782651, 39.30156271000681]}, "properties": {"Address": "1445 E Eager St", "BlockLot": "1209 023", "Status": "Available", "Neighborhood": "Gay Street", "HousingMarketTypology2017": "G"}}, {"type": "Feature", "geometry": {"type": "Point", "coordinates": [-76.59797391206578, 39.30156508360065]}, "properties": {"Address": "928 N CAROLINE ST", "BlockLot": "1209 024", "Status": "Available", "Neighborhood": "Gay Street", "HousingMarketTypology2017": "G"}}, {"type": "Feature", "geometry": {"type": "Point", "coordinates": [-76.59803199955707, 39.301462967081974]}, "properties": {"Address": "926 N CAROLINE ST", "BlockLot": "1209 031", "Status": "Available", "Neighborhood": "Gay Street", "HousingMarketTypology2017": "G"}}, {"type": "Feature", "geometry": {"type": "Point", "coordinates": [-76.64309037784257, 39.30852302112217]}, "properties": {"Address": "716 CUMBERLAND ST", "BlockLot": "0293 056", "Status": "Available", "Neighborhood": "Sandtown-Winchester", "HousingMarketTypology2017": "J"}}, {"type": "Feature", "geometry": {"type": "Point", "coordinates": [-76.64313135381036, 39.30849184527615]}, "properties": {"Address": "718 CUMBERLAND ST", "BlockLot": "0293 057", "Status": "Available", "Neighborhood": "Sandtown-Winchester", "HousingMarketTypology2017": "J"}}, {"type": "Feature", "geometry": {"type": "Point", "coordinates": [-76.64317950202249, 39.30845748000733]}, "properties": {"Address": "720 CUMBERLAND ST", "BlockLot": "0293 058", "Status": "Available", "Neighborhood": "Sandtown-Winchester", "HousingMarketTypology2017": "J"}}, {"type": "Feature", "geometry": {"type": "Point", "coordinates": [-76.64622948181035, 39.29622732806441]}, "properties": {"Address": "1805 HARLEM AVE", "BlockLot": "0108 029", "Status": "Available", "Neighborhood": "Harlem Park", "HousingMarketTypology2017": "J"}}, {"type": "Feature", "geometry": {"type": "Point", "coordinates": [-76.64710203489959, 39.29564542658083]}, "properties": {"Address": "607 N MONROE ST", "BlockLot": "0108 032", "Status": "Available", "Neighborhood": "Harlem Park", "HousingMarketTypology2017": "J"}}, {"type": "Feature", "geometry": {"type": "Point", "coordinates": [-76.64591904597783, 39.29601001300749]}, "properties": {"Address": "634 N FULTON AVE", "BlockLot": "0108 018", "Status": "Available", "Neighborhood": "Harlem Park", "HousingMarketTypology2017": "J"}}, {"type": "Feature", "geometry": {"type": "Point", "coordinates": [-76.60570801338744, 39.30564446236616]}, "properties": {"Address": "1319 HILLMAN ST", "BlockLot": "1143 055", "Status": "Available", "Neighborhood": "Johnston Square", "HousingMarketTypology2017": "J"}}, {"type": "Feature", "geometry": {"type": "Point", "coordinates": [-76.63934458689631, 39.305345003572896]}, "properties": {"Address": "1380 N CAREY ST", "BlockLot": "0036A042", "Status": "Available", "Neighborhood": "Sandtown-Winchester", "HousingMarketTypology2017": "G"}}, {"type": "Feature", "geometry": {"type": "Point", "coordinates": [-76.63886150019584, 39.29655167550759]}, "properties": {"Address": "642 N CAREY ST", "BlockLot": "0112 022", "Status": "Available", "Neighborhood": "Harlem Park", "HousingMarketTypology2017": "I"}}, {"type": "Feature", "geometry": {"type": "Point", "coordinates": [-76.63496413655302, 39.295772019796345]}, "properties": {"Address": "1022 EDMONDSON AVE", "BlockLot": "0115 033", "Status": "Available", "Neighborhood": "Harlem Park", "HousingMarketTypology2017": "I"}}, {"type": "Feature", "geometry": {"type": "Point", "coordinates": [-76.64657019734206, 39.29562615861893]}, "properties": {"Address": "1813 ARUNAH AVE", "BlockLot": "0108 070", "Status": "Available", "Neighborhood": "Harlem Park", "HousingMarketTypology2017": "J"}}, {"type": "Feature", "geometry": {"type": "Point", "coordinates": [-76.64685785641721, 39.29561666041153]}, "properties": {"Address": "1825 ARUNAH AVE", "BlockLot": "0108 076", "Status": "Available", "Neighborhood": "Harlem Park", "HousingMarketTypology2017": "J"}}, {"type": "Feature", "geometry": {"type": "Point", "coordinates": [-76.64446614501232, 39.2958844698223]}, "properties": {"Address": "616 N Mount St", "BlockLot": "0109 008", "Status": "Available", "Neighborhood": "Harlem Park", "HousingMarketTypology2017": "J"}}, {"type": "Feature", "geometry": {"type": "Point", "coordinates": [-76.64447026057564, 39.29597394008139]}, "properties": {"Address": "620 N Mount St", "BlockLot": "0109 010", "Status": "Available", "Neighborhood": "Harlem Park", "HousingMarketTypology2017": "J"}}, {"type": "Feature", "geometry": {"type": "Point", "coordinates": [-76.64447628078385, 39.296103661933216]}, "properties": {"Address": "626 N Mount St", "BlockLot": "0109 013", "Status": "Available", "Neighborhood": "Harlem Park", "HousingMarketTypology2017": "J"}}, {"type": "Feature", "geometry": {"type": "Point", "coordinates": [-76.64452684954793, 39.296270355039674]}, "properties": {"Address": "1707 Harlem Ave", "BlockLot": "0109 017", "Status": "Available", "Neighborhood": "Harlem Park", "HousingMarketTypology2017": "J"}}, {"type": "Feature", "geometry": {"type": "Point", "coordinates": [-76.64458209784995, 39.29626944938621]}, "properties": {"Address": "1709 Harlem Ave", "BlockLot": "0109 018", "Status": "Available", "Neighborhood": "Harlem Park", "HousingMarketTypology2017": "J"}}, {"type": "Feature", "geometry": {"type": "Point", "coordinates": [-76.63903108745, 39.296129657706544]}, "properties": {"Address": " REAR WS N CAREY ST, REAR 624 N CAREY ST ", "BlockLot": "0112 013A", "Status": "Available", "Neighborhood": "Harlem Park", "HousingMarketTypology2017": "I"}}, {"type": "Feature", "geometry": {"type": "Point", "coordinates": [-76.64464264116663, 39.29626563946779]}, "properties": {"Address": "1711 Harlem Ave", "BlockLot": "0109 019", "Status": "Available", "Neighborhood": "Harlem Park", "HousingMarketTypology2017": "J"}}, {"type": "Feature", "geometry": {"type": "Point", "coordinates": [-76.64510522715432, 39.29628584102322]}, "properties": {"Address": "1725 Harlem Ave", "BlockLot": "0109 026", "Status": "Available", "Neighborhood": "Harlem Park", "HousingMarketTypology2017": "J"}}, {"type": "Feature", "geometry": {"type": "Point", "coordinates": [-76.64530594680639, 39.2961645044694]}, "properties": {"Address": "641 N Fulton Ave", "BlockLot": "0109 031", "Status": "Available", "Neighborhood": "Harlem Park", "HousingMarketTypology2017": "J"}}, {"type": "Feature", "geometry": {"type": "Point", "coordinates": [-76.64368254135893, 39.29631313434638]}, "properties": {"Address": "1611 HARLEM AVE", "BlockLot": "0110 022", "Status": "Available", "Neighborhood": "Harlem Park", "HousingMarketTypology2017": "J"}}, {"type": "Feature", "geometry": {"type": "Point", "coordinates": [-76.65019171684514, 39.29467169181947]}, "properties": {"Address": "545 N PULASKI ST", "BlockLot": "0118 023", "Status": "Available", "Neighborhood": "Midtown-Edmondson", "HousingMarketTypology2017": "J"}}, {"type": "Feature", "geometry": {"type": "Point", "coordinates": [-76.6439042715795, 39.29630567727181]}, "properties": {"Address": "1619 Harlem Ave", "BlockLot": "0110 026", "Status": "Available", "Neighborhood": "Harlem Park", "HousingMarketTypology2017": "J"}}, {"type": "Feature", "geometry": {"type": "Point", "coordinates": [-76.64401242632398, 39.29630205971557]}, "properties": {"Address": "1623 HARLEM AVE", "BlockLot": "0110 028", "Status": "Available", "Neighborhood": "Harlem Park", "HousingMarketTypology2017": "J"}}, {"type": "Feature", "geometry": {"type": "Point", "coordinates": [-76.64389812647451, 39.29567686703447]}, "properties": {"Address": "607 N Mount St", "BlockLot": "0110 041", "Status": "Available", "Neighborhood": "Harlem Park", "HousingMarketTypology2017": "J"}}, {"type": "Feature", "geometry": {"type": "Point", "coordinates": [-76.64389572357018, 39.29563133007073]}, "properties": {"Address": "605 N Mount St", "BlockLot": "0110 042", "Status": "Available", "Neighborhood": "Harlem Park", "HousingMarketTypology2017": "J"}}, {"type": "Feature", "geometry": {"type": "Point", "coordinates": [-76.65144280135719, 39.28348864956061]}, "properties": {"Address": "328 S SMALLWOOD ST", "BlockLot": "0271 015", "Status": "Available", "Neighborhood": "Carrollton Ridge", "HousingMarketTypology2017": "J"}}, {"type": "Feature", "geometry": {"type": "Point", "coordinates": [-76.65052754281284, 39.286589720991806]}, "properties": {"Address": "2110 BOYD ST", "BlockLot": "0222 056", "Status": "Available", "Neighborhood": "Boyd-Booth", "HousingMarketTypology2017": "J"}}, {"type": "Feature", "geometry": {"type": "Point", "coordinates": [-76.65040642596205, 39.28659543172898]}, "properties": {"Address": "2104 BOYD ST", "BlockLot": "0222 059", "Status": "Available", "Neighborhood": "Boyd-Booth", "HousingMarketTypology2017": "J"}}, {"type": "Feature", "geometry": {"type": "Point", "coordinates": [-76.63388408015385, 39.28598409666557]}, "properties": {"Address": "1000 W PRATT ST", "BlockLot": "0251 042", "Status": "Available", "Neighborhood": "Hollins Market", "HousingMarketTypology2017": "F"}}, {"type": "Feature", "geometry": {"type": "Point", "coordinates": [-76.58556197709724, 39.30980497050516]}, "properties": {"Address": "1645 N PATTERSON PARK AVE", "BlockLot": "1473 023", "Status": "Available", "Neighborhood": "Broadway East", "HousingMarketTypology2017": "J"}}, {"type": "Feature", "geometry": {"type": "Point", "coordinates": [-76.65018312304312, 39.286807073279526]}, "properties": {"Address": "2103 HOLLINS ST", "BlockLot": "0222 002", "Status": "Available", "Neighborhood": "Boyd-Booth", "HousingMarketTypology2017": "J"}}, {"type": "Feature", "geometry": {"type": "Point", "coordinates": [-76.64583842693916, 39.290317086143794]}, "properties": {"Address": "1813 W LEXINGTON ST", "BlockLot": "0178 007", "Status": "Available", "Neighborhood": "Franklin Square", "HousingMarketTypology2017": "J"}}, {"type": "Feature", "geometry": {"type": "Point", "coordinates": [-76.64678496313664, 39.290017889870114]}, "properties": {"Address": "113 N MONROE ST", "BlockLot": "0178 025", "Status": "Available", "Neighborhood": "Franklin Square", "HousingMarketTypology2017": "J"}}, {"type": "Feature", "geometry": {"type": "Point", "coordinates": [-76.64677659887454, 39.289687265527185]}, "properties": {"Address": "1848 W FAYETTE ST", "BlockLot": "0178 033", "Status": "Available", "Neighborhood": "Franklin Square", "HousingMarketTypology2017": "J"}}, {"type": "Feature", "geometry": {"type": "Point", "coordinates": [-76.64455237949794, 39.290441230459244]}, "properties": {"Address": "1717 W LEXINGTON ST", "BlockLot": "0179 009", "Status": "Available", "Neighborhood": "Franklin Square", "HousingMarketTypology2017": "G"}}, {"type": "Feature", "geometry": {"type": "Point", "coordinates": [-76.64500478520598, 39.290381420689826]}, "properties": {"Address": "125 N FULTON AVE", "BlockLot": "0179 016", "Status": "Available", "Neighborhood": "Franklin Square", "HousingMarketTypology2017": "G"}}, {"type": "Feature", "geometry": {"type": "Point", "coordinates": [-76.64497948930332, 39.29001393645589]}, "properties": {"Address": "109 N FULTON AVE", "BlockLot": "0179 024", "Status": "Available", "Neighborhood": "Franklin Square", "HousingMarketTypology2017": "G"}}, {"type": "Feature", "geometry": {"type": "Point", "coordinates": [-76.64771629496767, 39.284933618906265]}, "properties": {"Address": "1929 W PRATT ST", "BlockLot": "0259 032", "Status": "Available", "Neighborhood": "Carrollton Ridge", "HousingMarketTypology2017": "J"}}, {"type": "Feature", "geometry": {"type": "Point", "coordinates": [-76.64290100534815, 39.28788736135034]}, "properties": {"Address": "1615 FREDERICK AVE", "BlockLot": "0212 027", "Status": "Available", "Neighborhood": "Union Square", "HousingMarketTypology2017": "E"}}, {"type": "Feature", "geometry": {"type": "Point", "coordinates": [-76.64280450779857, 39.287910817397595]}, "properties": {"Address": "1611 FREDERICK AVE", "BlockLot": "0212 029", "Status": "Available", "Neighborhood": "Union Square", "HousingMarketTypology2017": "E"}}, {"type": "Feature", "geometry": {"type": "Point", "coordinates": [-76.650947694638, 39.286576276992506]}, "properties": {"Address": "2128 BOYD ST", "BlockLot": "0222 048", "Status": "Available", "Neighborhood": "Boyd-Booth", "HousingMarketTypology2017": "J"}}, {"type": "Feature", "geometry": {"type": "Point", "coordinates": [-76.6387740801203, 39.294777107178284]}, "properties": {"Address": "520 N CAREY ST", "BlockLot": "0125 011", "Status": "Available", "Neighborhood": "Harlem Park", "HousingMarketTypology2017": "I"}}, {"type": "Feature", "geometry": {"type": "Point", "coordinates": [-76.63878006041178, 39.29486684644319]}, "properties": {"Address": "524 N CAREY ST", "BlockLot": "0125 013", "Status": "Available", "Neighborhood": "Harlem Park", "HousingMarketTypology2017": "I"}}, {"type": "Feature", "geometry": {"type": "Point", "coordinates": [-76.63879605696971, 39.29518712579885]}, "properties": {"Address": "538 N CAREY ST", "BlockLot": "0125 020", "Status": "Available", "Neighborhood": "Harlem Park", "HousingMarketTypology2017": "I"}}, {"type": "Feature", "geometry": {"type": "Point", "coordinates": [-76.65043966937057, 39.28954382878776]}, "properties": {"Address": "2106 W FAYETTE ST", "BlockLot": "0175 101", "Status": "Available", "Neighborhood": "Penrose/Fayette Street Outreach", "HousingMarketTypology2017": "J"}}, {"type": "Feature", "geometry": {"type": "Point", "coordinates": [-76.57993982528647, 39.298161371801065]}, "properties": {"Address": "601 N GLOVER ST", "BlockLot": "1642 097", "Status": "Available", "Neighborhood": "McElderry Park", "HousingMarketTypology2017": "I"}}, {"type": "Feature", "geometry": {"type": "Point", "coordinates": [-76.5997053503554, 39.302715650628336]}, "properties": {"Address": "1042 N Eden St", "BlockLot": "1189 005", "Status": "Available", "Neighborhood": "Johnston Square", "HousingMarketTypology2017": "H"}}, {"type": "Feature", "geometry": {"type": "Point", "coordinates": [-76.59676746398638, 39.30291487257568]}, "properties": {"Address": "1521 E CHASE ST", "BlockLot": "1191 029", "Status": "Available", "Neighborhood": "Gay Street", "HousingMarketTypology2017": "E"}}, {"type": "Feature", "geometry": {"type": "Point", "coordinates": [-76.59670596603277, 39.302917698863304]}, "properties": {"Address": "1523 E CHASE ST", "BlockLot": "1191 030", "Status": "Available", "Neighborhood": "Gay Street", "HousingMarketTypology2017": "E"}}, {"type": "Feature", "geometry": {"type": "Point", "coordinates": [-76.64740826190847, 39.301264456739474]}, "properties": {"Address": "1101 N MONROE ST", "BlockLot": "0050 078", "Status": "Available", "Neighborhood": "Sandtown-Winchester", "HousingMarketTypology2017": "J"}}, {"type": "Feature", "geometry": {"type": "Point", "coordinates": [-76.64552648959453, 39.303328429899885]}, "properties": {"Address": "1714 LAURENS ST", "BlockLot": "0032 053", "Status": "Available", "Neighborhood": "Sandtown-Winchester", "HousingMarketTypology2017": "I"}}, {"type": "Feature", "geometry": {"type": "Point", "coordinates": [-76.64547750492088, 39.303330198017974]}, "properties": {"Address": "1712 LAURENS ST", "BlockLot": "0032 054", "Status": "Available", "Neighborhood": "Sandtown-Winchester", "HousingMarketTypology2017": "I"}}, {"type": "Feature", "geometry": {"type": "Point", "coordinates": [-76.63318876541886, 39.28618279348112]}, "properties": {"Address": "935 LEMMON ST", "BlockLot": "0252 101", "Status": "Available", "Neighborhood": "Hollins Market", "HousingMarketTypology2017": "F"}}, {"type": "Feature", "geometry": {"type": "Point", "coordinates": [-76.63080336768444, 39.286293282406604]}, "properties": {"Address": "879 LEMMON ST", "BlockLot": "0253 060", "Status": "Available", "Neighborhood": "Hollins Market", "HousingMarketTypology2017": "F"}}, {"type": "Feature", "geometry": {"type": "Point", "coordinates": [-76.63085617498719, 39.286287567298224]}, "properties": {"Address": "881 LEMMON ST", "BlockLot": "0253 061", "Status": "Available", "Neighborhood": "Hollins Market", "HousingMarketTypology2017": "F"}}, {"type": "Feature", "geometry": {"type": "Point", "coordinates": [-76.63783335197365, 39.30977489416113]}, "properties": {"Address": "2233 DRUID HILL AVE", "BlockLot": "0304 028", "Status": "Available", "Neighborhood": "Druid Heights", "HousingMarketTypology2017": "G"}}, {"type": "Feature", "geometry": {"type": "Point", "coordinates": [-76.63773004918106, 39.30968146031692]}, "properties": {"Address": "2227 DRUID HILL AVE", "BlockLot": "0304 031", "Status": "Available", "Neighborhood": "Druid Heights", "HousingMarketTypology2017": "G"}}, {"type": "Feature", "geometry": {"type": "Point", "coordinates": [-76.63765784692032, 39.30961856055321]}, "properties": {"Address": "2223 DRUID HILL AVE", "BlockLot": "0304 033", "Status": "Available", "Neighborhood": "Druid Heights", "HousingMarketTypology2017": "G"}}, {"type": "Feature", "geometry": {"type": "Point", "coordinates": [-76.63736191341037, 39.3093614345457]}, "properties": {"Address": "2207 DRUID HILL AVE", "BlockLot": "0304 041", "Status": "Available", "Neighborhood": "Druid Heights", "HousingMarketTypology2017": "G"}}, {"type": "Feature", "geometry": {"type": "Point", "coordinates": [-76.63724485003462, 39.309257105509886]}, "properties": {"Address": "2201 DRUID HILL AVE", "BlockLot": "0304 044", "Status": "Available", "Neighborhood": "Druid Heights", "HousingMarketTypology2017": "G"}}, {"type": "Feature", "geometry": {"type": "Point", "coordinates": [-76.64512571567353, 39.29175225412864]}, "properties": {"Address": "233 N FULTON AVE", "BlockLot": "0164 006", "Status": "Available", "Neighborhood": "Franklin Square", "HousingMarketTypology2017": "G"}}, {"type": "Feature", "geometry": {"type": "Point", "coordinates": [-76.6451233759195, 39.29171180481249]}, "properties": {"Address": "231 N FULTON AVE", "BlockLot": "0164 007", "Status": "Available", "Neighborhood": "Franklin Square", "HousingMarketTypology2017": "G"}}, {"type": "Feature", "geometry": {"type": "Point", "coordinates": [-76.64512103316382, 39.29167126090705]}, "properties": {"Address": "229 N FULTON AVE", "BlockLot": "0164 008", "Status": "Available", "Neighborhood": "Franklin Square", "HousingMarketTypology2017": "G"}}, {"type": "Feature", "geometry": {"type": "Point", "coordinates": [-76.64507799609012, 39.291384847353285]}, "properties": {"Address": "217 N FULTON AVE", "BlockLot": "0164 014", "Status": "Available", "Neighborhood": "Franklin Square", "HousingMarketTypology2017": "G"}}, {"type": "Feature", "geometry": {"type": "Point", "coordinates": [-76.63847951782945, 39.28494586387729]}, "properties": {"Address": "217 S WOODYEAR ST", "BlockLot": "0265 082", "Status": "Available", "Neighborhood": "Mount Clare", "HousingMarketTypology2017": "I"}}, {"type": "Feature", "geometry": {"type": "Point", "coordinates": [-76.60308564565368, 39.309633278453376]}, "properties": {"Address": "1707 HOLBROOK ST", "BlockLot": "1098 031", "Status": "Available", "Neighborhood": "Oliver", "HousingMarketTypology2017": "J"}}, {"type": "Feature", "geometry": {"type": "Point", "coordinates": [-76.60236176554477, 39.311315879834346]}, "properties": {"Address": "1837 AISQUITH ST", "BlockLot": "1099A045", "Status": "Available", "Neighborhood": "Oliver", "HousingMarketTypology2017": "J"}}, {"type": "Feature", "geometry": {"type": "Point", "coordinates": [-76.60182902954844, 39.31059798302708]}, "properties": {"Address": "1216 E LAFAYETTE AVE", "BlockLot": "1099B001", "Status": "Available", "Neighborhood": "Oliver", "HousingMarketTypology2017": "J"}}, {"type": "Feature", "geometry": {"type": "Point", "coordinates": [-76.63771351612667, 39.29109575707621]}, "properties": {"Address": "1220 W LEXINGTON ST", "BlockLot": "0169 001", "Status": "Available", "Neighborhood": "Poppleton", "HousingMarketTypology2017": "I"}}, {"type": "Feature", "geometry": {"type": "Point", "coordinates": [-76.63798016349652, 39.291188598792374]}, "properties": {"Address": "209 N CAREY ST", "BlockLot": "0169 037", "Status": "Available", "Neighborhood": "Poppleton", "HousingMarketTypology2017": "I"}}, {"type": "Feature", "geometry": {"type": "Point", "coordinates": [-76.63792444420965, 39.29189162415572]}, "properties": {"Address": "1228 RANKIN PL", "BlockLot": "0169 044", "Status": "Available", "Neighborhood": "Poppleton", "HousingMarketTypology2017": "I"}}, {"type": "Feature", "geometry": {"type": "Point", "coordinates": [-76.64971006653353, 39.290700147285925]}, "properties": {"Address": "2024 W LEXINGTON ST", "BlockLot": "0161 021", "Status": "Available", "Neighborhood": "Penrose/Fayette Street Outreach", "HousingMarketTypology2017": "J"}}, {"type": "Feature", "geometry": {"type": "Point", "coordinates": [-76.63281897070964, 39.303574148786694]}, "properties": {"Address": "534-536 MCMECHEN ST", "BlockLot": "0347 045", "Status": "Available", "Neighborhood": "Upton", "HousingMarketTypology2017": "J"}}, {"type": "Feature", "geometry": {"type": "Point", "coordinates": [-76.63262390688064, 39.30470966554257]}, "properties": {"Address": "503 ISLAMIC WAY (AKA - 503 WILSON STREET)", "BlockLot": "0348 019", "Status": "Available", "Neighborhood": "Upton", "HousingMarketTypology2017": "H"}}, {"type": "Feature", "geometry": {"type": "Point", "coordinates": [-76.63266666492166, 39.30467827188374]}, "properties": {"Address": "505 ISLAMIC WAY (AKA - 505 WILSON STREET)", "BlockLot": "0348 020", "Status": "Available", "Neighborhood": "Upton", "HousingMarketTypology2017": "H"}}, {"type": "Feature", "geometry": {"type": "Point", "coordinates": [-76.64538553135213, 39.287772306900365]}, "properties": {"Address": " NS BOOTH ST, 20'W S FULTON AVE ", "BlockLot": "0208 002A", "Status": "Available", "Neighborhood": "Franklin Square", "HousingMarketTypology2017": "I"}}, {"type": "Feature", "geometry": {"type": "Point", "coordinates": [-76.64543806530922, 39.28777000730032]}, "properties": {"Address": " NS BOOTH ST, 35'3 W S FULTON AVE ", "BlockLot": "0208 003A", "Status": "Available", "Neighborhood": "Franklin Square", "HousingMarketTypology2017": "I"}}, {"type": "Feature", "geometry": {"type": "Point", "coordinates": [-76.64608575285706, 39.287741938087386]}, "properties": {"Address": " NS BOOTH ST, 218'2 W S FULTON AVE ", "BlockLot": "0208 015A", "Status": "Available", "Neighborhood": "Franklin Square", "HousingMarketTypology2017": "I"}}, {"type": "Feature", "geometry": {"type": "Point", "coordinates": [-76.64613944605097, 39.287739607437395]}, "properties": {"Address": " NS BOOTH ST, 233'6 W S FULTON AVE ", "BlockLot": "0208 016A", "Status": "Available", "Neighborhood": "Franklin Square", "HousingMarketTypology2017": "I"}}, {"type": "Feature", "geometry": {"type": "Point", "coordinates": [-76.64619352756156, 39.287737274329366]}, "properties": {"Address": " NS BOOTH ST, 161'6 E S MONROE ST ", "BlockLot": "0208 017A", "Status": "Available", "Neighborhood": "Franklin Square", "HousingMarketTypology2017": "I"}}, {"type": "Feature", "geometry": {"type": "Point", "coordinates": [-76.64624734948158, 39.287734929605634]}, "properties": {"Address": " NS BOOTH ST, 146'3 E S MONROE ST ", "BlockLot": "0208 018A", "Status": "Available", "Neighborhood": "Franklin Square", "HousingMarketTypology2017": "I"}}, {"type": "Feature", "geometry": {"type": "Point", "coordinates": [-76.64640832351036, 39.28772794334814]}, "properties": {"Address": " NS BOOTH ST, 100 FT 6' E S MONROE ST ", "BlockLot": "0208 021A", "Status": "Available", "Neighborhood": "Franklin Square", "HousingMarketTypology2017": "I"}}, {"type": "Feature", "geometry": {"type": "Point", "coordinates": [-76.62926928791046, 39.308691775794316]}, "properties": {"Address": " SWS MASON ST 38-6 FT, SE OF LAURENS ST ", "BlockLot": "0344 024", "Status": "Available", "Neighborhood": "Bolton Hill", "HousingMarketTypology2017": "C"}}, {"type": "Feature", "geometry": {"type": "Point", "coordinates": [-76.64354929504486, 39.30819230254301]}, "properties": {"Address": "738 CUMBERLAND ST", "BlockLot": "0293 067", "Status": "Available", "Neighborhood": "Sandtown-Winchester", "HousingMarketTypology2017": "J"}}, {"type": "Feature", "geometry": {"type": "Point", "coordinates": [-76.6440476319095, 39.289330698640704]}, "properties": {"Address": "1703 W FAYETTE ST", "BlockLot": "0194 002", "Status": "Available", "Neighborhood": "Franklin Square", "HousingMarketTypology2017": "G"}}, {"type": "Feature", "geometry": {"type": "Point", "coordinates": [-76.64219430626552, 39.288802237157334]}, "properties": {"Address": "7 N GILMOR ST", "BlockLot": "0196 027", "Status": "Available", "Neighborhood": "Franklin Square", "HousingMarketTypology2017": "G"}}, {"type": "Feature", "geometry": {"type": "Point", "coordinates": [-76.6450724343141, 39.29128893130095]}, "properties": {"Address": "213 N FULTON AVE", "BlockLot": "0164 016", "Status": "Available", "Neighborhood": "Franklin Square", "HousingMarketTypology2017": "G"}}, {"type": "Feature", "geometry": {"type": "Point", "coordinates": [-76.6450696897441, 39.29124136115987]}, "properties": {"Address": "211 N FULTON AVE", "BlockLot": "0164 017", "Status": "Available", "Neighborhood": "Franklin Square", "HousingMarketTypology2017": "G"}}, {"type": "Feature", "geometry": {"type": "Point", "coordinates": [-76.6450669453968, 39.29119328389171]}, "properties": {"Address": "209 N FULTON AVE", "BlockLot": "0164 018", "Status": "Available", "Neighborhood": "Franklin Square", "HousingMarketTypology2017": "G"}}, {"type": "Feature", "geometry": {"type": "Point", "coordinates": [-76.64506418785977, 39.29114622173775]}, "properties": {"Address": "207 N FULTON AVE", "BlockLot": "0164 019", "Status": "Available", "Neighborhood": "Franklin Square", "HousingMarketTypology2017": "G"}}, {"type": "Feature", "geometry": {"type": "Point", "coordinates": [-76.6450614743017, 39.29109894263313]}, "properties": {"Address": "205 N FULTON AVE", "BlockLot": "0164 020", "Status": "Available", "Neighborhood": "Franklin Square", "HousingMarketTypology2017": "G"}}, {"type": "Feature", "geometry": {"type": "Point", "coordinates": [-76.64426326382292, 39.29163315244235]}, "properties": {"Address": "230 N MOUNT ST", "BlockLot": "0164 056", "Status": "Available", "Neighborhood": "Franklin Square", "HousingMarketTypology2017": "G"}}, {"type": "Feature", "geometry": {"type": "Point", "coordinates": [-76.64423919522943, 39.291991235494976]}, "properties": {"Address": "248 N MOUNT ST", "BlockLot": "0164 065", "Status": "Available", "Neighborhood": "Franklin Square", "HousingMarketTypology2017": "G"}}, {"type": "Feature", "geometry": {"type": "Point", "coordinates": [-76.64599048692159, 39.289068601765614]}, "properties": {"Address": "1816 W FAIRMOUNT AVE", "BlockLot": "0193 094", "Status": "Available", "Neighborhood": "Franklin Square", "HousingMarketTypology2017": "J"}}, {"type": "Feature", "geometry": {"type": "Point", "coordinates": [-76.64902790470884, 39.28322755802525]}, "properties": {"Address": "2010 RAMSAY ST", "BlockLot": "0273 030", "Status": "Available", "Neighborhood": "Carrollton Ridge", "HousingMarketTypology2017": "J"}}, {"type": "Feature", "geometry": {"type": "Point", "coordinates": [-76.64387032965844, 39.29406663181669]}, "properties": {"Address": "501 N MOUNT ST", "BlockLot": "0122 058", "Status": "Available", "Neighborhood": "Harlem Park", "HousingMarketTypology2017": "J"}}, {"type": "Feature", "geometry": {"type": "Point", "coordinates": [-76.64176281382447, 39.29043062042498]}, "properties": {"Address": "1517 W LEXINGTON ST", "BlockLot": "0181 009", "Status": "Available", "Neighborhood": "Franklin Square", "HousingMarketTypology2017": "F"}}, {"type": "Feature", "geometry": {"type": "Point", "coordinates": [-76.64182314950635, 39.29042886776678]}, "properties": {"Address": "1519 W LEXINGTON ST", "BlockLot": "0181 010", "Status": "Available", "Neighborhood": "Franklin Square", "HousingMarketTypology2017": "F"}}, {"type": "Feature", "geometry": {"type": "Point", "coordinates": [-76.64188298440757, 39.29042711805484]}, "properties": {"Address": "1521 W LEXINGTON ST", "BlockLot": "0181 011", "Status": "Available", "Neighborhood": "Franklin Square", "HousingMarketTypology2017": "F"}}, {"type": "Feature", "geometry": {"type": "Point", "coordinates": [-76.58659018211631, 39.30420953321323]}, "properties": {"Address": "2200 HENNEMAN AVE", "BlockLot": "1553 089", "Status": "Available", "Neighborhood": "Middle East", "HousingMarketTypology2017": "J"}}, {"type": "Feature", "geometry": {"type": "Point", "coordinates": [-76.58431306966503, 39.30414228451932]}, "properties": {"Address": "1110 N MONTFORD AVE", "BlockLot": "1554 041", "Status": "Available", "Neighborhood": "Biddle Street", "HousingMarketTypology2017": "J"}}, {"type": "Feature", "geometry": {"type": "Point", "coordinates": [-76.64535528921267, 39.29720846505206]}, "properties": {"Address": "731 N FULTON AVE", "BlockLot": "0097 036", "Status": "Available", "Neighborhood": "Harlem Park", "HousingMarketTypology2017": "J"}}, {"type": "Feature", "geometry": {"type": "Point", "coordinates": [-76.64535287485636, 39.29716525296099]}, "properties": {"Address": "729 N Fulton Ave", "BlockLot": "0097 037", "Status": "Available", "Neighborhood": "Harlem Park", "HousingMarketTypology2017": "J"}}, {"type": "Feature", "geometry": {"type": "Point", "coordinates": [-76.64532511917098, 39.29677717803706]}, "properties": {"Address": "711 N FULTON AVE", "BlockLot": "0097 046", "Status": "Available", "Neighborhood": "Harlem Park", "HousingMarketTypology2017": "J"}}, {"type": "Feature", "geometry": {"type": "Point", "coordinates": [-76.64532190344475, 39.29673588933891]}, "properties": {"Address": "709 N FULTON AVE", "BlockLot": "0097 047", "Status": "Available", "Neighborhood": "Harlem Park", "HousingMarketTypology2017": "J"}}, {"type": "Feature", "geometry": {"type": "Point", "coordinates": [-76.64531505318418, 39.29661303692936]}, "properties": {"Address": "703 N Fulton Ave", "BlockLot": "0097 050", "Status": "Available", "Neighborhood": "Harlem Park", "HousingMarketTypology2017": "J"}}, {"type": "Feature", "geometry": {"type": "Point", "coordinates": [-76.64505940122527, 39.296674821535056]}, "properties": {"Address": "1722 Harlem Ave", "BlockLot": "0097 053", "Status": "Available", "Neighborhood": "Harlem Park", "HousingMarketTypology2017": "J"}}, {"type": "Feature", "geometry": {"type": "Point", "coordinates": [-76.64443699614884, 39.29670899685139]}, "properties": {"Address": "1702 Harlem Ave", "BlockLot": "0097 063", "Status": "Available", "Neighborhood": "Harlem Park", "HousingMarketTypology2017": "J"}}, {"type": "Feature", "geometry": {"type": "Point", "coordinates": [-76.64708927139849, 39.30134928792157]}, "properties": {"Address": "1104 MCKEAN AVE", "BlockLot": "0050 044", "Status": "Available", "Neighborhood": "Sandtown-Winchester", "HousingMarketTypology2017": "J"}}, {"type": "Feature", "geometry": {"type": "Point", "coordinates": [-76.63850171414067, 39.30523149181794]}, "properties": {"Address": "1382 N STOCKTON ST", "BlockLot": "0037 085", "Status": "Available", "Neighborhood": "Sandtown-Winchester", "HousingMarketTypology2017": "G"}}, {"type": "Feature", "geometry": {"type": "Point", "coordinates": [-76.63808688248261, 39.305132421680085]}, "properties": {"Address": "1374 N FREMONT AVE", "BlockLot": "0037A037", "Status": "Available", "Neighborhood": "Sandtown-Winchester", "HousingMarketTypology2017": "G"}}, {"type": "Feature", "geometry": {"type": "Point", "coordinates": [-76.64561495324516, 39.30212597216631]}, "properties": {"Address": "1153 N FULTON AVE", "BlockLot": "0041 036", "Status": "Available", "Neighborhood": "Sandtown-Winchester", "HousingMarketTypology2017": "I"}}, {"type": "Feature", "geometry": {"type": "Point", "coordinates": [-76.59204447757081, 39.30897189053961]}, "properties": {"Address": "1601 N DURHAM ST", "BlockLot": "1467 092", "Status": "Available", "Neighborhood": "Broadway East", "HousingMarketTypology2017": "I"}}, {"type": "Feature", "geometry": {"type": "Point", "coordinates": [-76.6441407411892, 39.29749436972753]}, "properties": {"Address": "1645 W LANVALE ST", "BlockLot": "0098 054", "Status": "Available", "Neighborhood": "Harlem Park", "HousingMarketTypology2017": "J"}}, {"type": "Feature", "geometry": {"type": "Point", "coordinates": [-76.63966430143472, 39.29583352285644]}, "properties": {"Address": "613 N CALHOUN ST", "BlockLot": "0112 051", "Status": "Available", "Neighborhood": "Harlem Park", "HousingMarketTypology2017": "I"}}, {"type": "Feature", "geometry": {"type": "Point", "coordinates": [-76.63966925533758, 39.295732810846374]}, "properties": {"Address": "609 N Calhoun St", "BlockLot": "0112 053", "Status": "Available", "Neighborhood": "Harlem Park", "HousingMarketTypology2017": "I"}}, {"type": "Feature", "geometry": {"type": "Point", "coordinates": [-76.63770895136898, 39.29650324506104]}, "properties": {"Address": "1205 HARLEM AVE", "BlockLot": "0113 023", "Status": "Available", "Neighborhood": "Harlem Park", "HousingMarketTypology2017": "I"}}, {"type": "Feature", "geometry": {"type": "Point", "coordinates": [-76.64651222294937, 39.29814262693587]}, "properties": {"Address": "811 MCKEAN AVE", "BlockLot": "0084 071", "Status": "Available", "Neighborhood": "Harlem Park", "HousingMarketTypology2017": "J"}}, {"type": "Feature", "geometry": {"type": "Point", "coordinates": [-76.64694610357738, 39.298395257012]}, "properties": {"Address": "824 MCKEAN AVE", "BlockLot": "0084 079", "Status": "Available", "Neighborhood": "Harlem Park", "HousingMarketTypology2017": "J"}}, {"type": "Feature", "geometry": {"type": "Point", "coordinates": [-76.63317469728418, 39.297213624053]}, "properties": {"Address": "709 N FREMONT AVE", "BlockLot": "0411 035", "Status": "Available", "Neighborhood": "Upton", "HousingMarketTypology2017": "G"}}, {"type": "Feature", "geometry": {"type": "Point", "coordinates": [-76.64015233912035, 39.304280739343845]}, "properties": {"Address": "1329 N CALHOUN ST", "BlockLot": "0036B066", "Status": "Available", "Neighborhood": "Sandtown-Winchester", "HousingMarketTypology2017": "G"}}, {"type": "Feature", "geometry": {"type": "Point", "coordinates": [-76.6401549550121, 39.304321814583204]}, "properties": {"Address": "1331 N CALHOUN ST", "BlockLot": "0036B067", "Status": "Available", "Neighborhood": "Sandtown-Winchester", "HousingMarketTypology2017": "G"}}, {"type": "Feature", "geometry": {"type": "Point", "coordinates": [-76.64017694943335, 39.30466516690714]}, "properties": {"Address": "1345-1351 N CALHOUN ST", "BlockLot": "0036B074", "Status": "Available", "Neighborhood": "Sandtown-Winchester", "HousingMarketTypology2017": "G"}}, {"type": "Feature", "geometry": {"type": "Point", "coordinates": [-76.63966454183614, 39.29937326611079]}, "properties": {"Address": " SS 10 FT ALLEY, 2ND N OF W LAFAYETTE AVE, REAR 903-907 N OF CALHOUN ST ", "BlockLot": "0077 081", "Status": "Available", "Neighborhood": "Sandtown-Winchester", "HousingMarketTypology2017": "I"}}, {"type": "Feature", "geometry": {"type": "Point", "coordinates": [-76.63849918618806, 39.30001470270298]}, "properties": {"Address": "929 N CAREY ST", "BlockLot": "0078 024", "Status": "Available", "Neighborhood": "Sandtown-Winchester", "HousingMarketTypology2017": "I"}}, {"type": "Feature", "geometry": {"type": "Point", "coordinates": [-76.63820937791999, 39.29988291905621]}, "properties": {"Address": "1221 MOSHER ST", "BlockLot": "0078 027", "Status": "Available", "Neighborhood": "Sandtown-Winchester", "HousingMarketTypology2017": "I"}}, {"type": "Feature", "geometry": {"type": "Point", "coordinates": [-76.63797977548704, 39.29989017541648]}, "properties": {"Address": "1211 MOSHER ST", "BlockLot": "0078 032", "Status": "Available", "Neighborhood": "Sandtown-Winchester", "HousingMarketTypology2017": "I"}}, {"type": "Feature", "geometry": {"type": "Point", "coordinates": [-76.64948885657003, 39.29831105444739]}, "properties": {"Address": "826 N PAYSON ST", "BlockLot": "0082 042", "Status": "Available", "Neighborhood": "Midtown-Edmondson", "HousingMarketTypology2017": "J"}}, {"type": "Feature", "geometry": {"type": "Point", "coordinates": [-76.64616219419497, 39.292284882202935]}, "properties": {"Address": "1822 W SARATOGA ST", "BlockLot": "0148 015", "Status": "Available", "Neighborhood": "Franklin Square", "HousingMarketTypology2017": "J"}}, {"type": "Feature", "geometry": {"type": "Point", "coordinates": [-76.64584687537317, 39.29219815647533]}, "properties": {"Address": "1812 W SARATOGA ST", "BlockLot": "0148 020", "Status": "Available", "Neighborhood": "Franklin Square", "HousingMarketTypology2017": "J"}}, {"type": "Feature", "geometry": {"type": "Point", "coordinates": [-76.64580151292027, 39.2923689052536]}, "properties": {"Address": "308 N FULTON AVE", "BlockLot": "0148 028", "Status": "Available", "Neighborhood": "Franklin Square", "HousingMarketTypology2017": "J"}}, {"type": "Feature", "geometry": {"type": "Point", "coordinates": [-76.64830225186726, 39.282116032410656]}, "properties": {"Address": "426 S PAYSON ST", "BlockLot": "0698 014", "Status": "Available", "Neighborhood": "Carrollton Ridge", "HousingMarketTypology2017": "J"}}, {"type": "Feature", "geometry": {"type": "Point", "coordinates": [-76.64929548687172, 39.28195313687701]}, "properties": {"Address": "425 S PULASKI ST", "BlockLot": "0698 051", "Status": "Available", "Neighborhood": "Carrollton Ridge", "HousingMarketTypology2017": "J"}}, {"type": "Feature", "geometry": {"type": "Point", "coordinates": [-76.64936655090867, 39.282080205873]}, "properties": {"Address": "417 S PULASKI ST", "BlockLot": "0698 055", "Status": "Available", "Neighborhood": "Carrollton Ridge", "HousingMarketTypology2017": "J"}}, {"type": "Feature", "geometry": {"type": "Point", "coordinates": [-76.64938358657743, 39.28211089700244]}, "properties": {"Address": "415 S PULASKI ST", "BlockLot": "0698 056", "Status": "Available", "Neighborhood": "Carrollton Ridge", "HousingMarketTypology2017": "J"}}, {"type": "Feature", "geometry": {"type": "Point", "coordinates": [-76.64882477366575, 39.28246440033061]}, "properties": {"Address": "2007 ASHTON ST", "BlockLot": "0698 076", "Status": "Available", "Neighborhood": "Carrollton Ridge", "HousingMarketTypology2017": "J"}}, {"type": "Feature", "geometry": {"type": "Point", "coordinates": [-76.64858199537659, 39.28227616740171]}, "properties": {"Address": "2000 CHRISTIAN ST", "BlockLot": "0698 080", "Status": "Available", "Neighborhood": "Carrollton Ridge", "HousingMarketTypology2017": "J"}}, {"type": "Feature", "geometry": {"type": "Point", "coordinates": [-76.64881887650391, 39.282198163768044]}, "properties": {"Address": "2012 CHRISTIAN ST", "BlockLot": "0698 086", "Status": "Available", "Neighborhood": "Carrollton Ridge", "HousingMarketTypology2017": "J"}}, {"type": "Feature", "geometry": {"type": "Point", "coordinates": [-76.6488561275603, 39.28218583832813]}, "properties": {"Address": "2014 CHRISTIAN ST", "BlockLot": "0698 087", "Status": "Available", "Neighborhood": "Carrollton Ridge", "HousingMarketTypology2017": "J"}}, {"type": "Feature", "geometry": {"type": "Point", "coordinates": [-76.64889327665014, 39.28217350446478]}, "properties": {"Address": "2016 CHRISTIAN ST", "BlockLot": "0698 088", "Status": "Available", "Neighborhood": "Carrollton Ridge", "HousingMarketTypology2017": "J"}}, {"type": "Feature", "geometry": {"type": "Point", "coordinates": [-76.64901397825814, 39.28213355704563]}, "properties": {"Address": "2022 CHRISTIAN ST", "BlockLot": "0698 091", "Status": "Available", "Neighborhood": "Carrollton Ridge", "HousingMarketTypology2017": "J"}}, {"type": "Feature", "geometry": {"type": "Point", "coordinates": [-76.63737679248717, 39.29466730861664]}, "properties": {"Address": "514 N CARROLLTON AVE", "BlockLot": "0126 007", "Status": "Available", "Neighborhood": "Harlem Park", "HousingMarketTypology2017": "I"}}, {"type": "Feature", "geometry": {"type": "Point", "coordinates": [-76.63818698078533, 39.29488646039136]}, "properties": {"Address": "527 N CAREY ST", "BlockLot": "0126 038", "Status": "Available", "Neighborhood": "Harlem Park", "HousingMarketTypology2017": "I"}}, {"type": "Feature", "geometry": {"type": "Point", "coordinates": [-76.63818260533448, 39.294796553091466]}, "properties": {"Address": "523 N CAREY ST", "BlockLot": "0126 040", "Status": "Available", "Neighborhood": "Harlem Park", "HousingMarketTypology2017": "I"}}, {"type": "Feature", "geometry": {"type": "Point", "coordinates": [-76.63817998219598, 39.29474946420432]}, "properties": {"Address": "521 N CAREY ST", "BlockLot": "0126 041", "Status": "Available", "Neighborhood": "Harlem Park", "HousingMarketTypology2017": "I"}}, {"type": "Feature", "geometry": {"type": "Point", "coordinates": [-76.64453641879332, 39.29272074138926]}, "properties": {"Address": "331 N BRUCE ST", "BlockLot": "0149 023", "Status": "Available", "Neighborhood": "Franklin Square", "HousingMarketTypology2017": "J"}}, {"type": "Feature", "geometry": {"type": "Point", "coordinates": [-76.64453464865534, 39.29268650992743]}, "properties": {"Address": "329 N BRUCE ST", "BlockLot": "0149 024", "Status": "Available", "Neighborhood": "Franklin Square", "HousingMarketTypology2017": "J"}}, {"type": "Feature", "geometry": {"type": "Point", "coordinates": [-76.64453092459433, 39.29261493522788]}, "properties": {"Address": "325 N BRUCE ST", "BlockLot": "0149 026", "Status": "Available", "Neighborhood": "Franklin Square", "HousingMarketTypology2017": "J"}}, {"type": "Feature", "geometry": {"type": "Point", "coordinates": [-76.64450842072355, 39.29218149345149]}, "properties": {"Address": "301 N Bruce St", "BlockLot": "0149 038", "Status": "Available", "Neighborhood": "Franklin Square", "HousingMarketTypology2017": "J"}}, {"type": "Feature", "geometry": {"type": "Point", "coordinates": [-76.64409861014711, 39.288568533431224]}, "properties": {"Address": "4 N MOUNT ST", "BlockLot": "0194 042", "Status": "Available", "Neighborhood": "Franklin Square", "HousingMarketTypology2017": "G"}}, {"type": "Feature", "geometry": {"type": "Point", "coordinates": [-76.64409764242741, 39.28860754688563]}, "properties": {"Address": "6 N MOUNT ST", "BlockLot": "0194 043", "Status": "Available", "Neighborhood": "Franklin Square", "HousingMarketTypology2017": "G"}}, {"type": "Feature", "geometry": {"type": "Point", "coordinates": [-76.64409963469643, 39.28864272486685]}, "properties": {"Address": "8 N MOUNT ST", "BlockLot": "0194 044", "Status": "Available", "Neighborhood": "Franklin Square", "HousingMarketTypology2017": "G"}}, {"type": "Feature", "geometry": {"type": "Point", "coordinates": [-76.64410156382326, 39.28867708837001]}, "properties": {"Address": "10 N MOUNT ST", "BlockLot": "0194 045", "Status": "Available", "Neighborhood": "Franklin Square", "HousingMarketTypology2017": "G"}}, {"type": "Feature", "geometry": {"type": "Point", "coordinates": [-76.6441034981421, 39.28871203467973]}, "properties": {"Address": "12 N MOUNT ST", "BlockLot": "0194 046", "Status": "Available", "Neighborhood": "Franklin Square", "HousingMarketTypology2017": "G"}}, {"type": "Feature", "geometry": {"type": "Point", "coordinates": [-76.64410540157301, 39.28874597564825]}, "properties": {"Address": "14 N Mount St", "BlockLot": "0194 047", "Status": "Available", "Neighborhood": "Franklin Square", "HousingMarketTypology2017": "G"}}, {"type": "Feature", "geometry": {"type": "Point", "coordinates": [-76.64410746323492, 39.28878257253378]}, "properties": {"Address": "16 N MOUNT ST", "BlockLot": "0194 048", "Status": "Available", "Neighborhood": "Franklin Square", "HousingMarketTypology2017": "G"}}, {"type": "Feature", "geometry": {"type": "Point", "coordinates": [-76.64411206485772, 39.28886555720311]}, "properties": {"Address": "20 N MOUNT ST", "BlockLot": "0194 050", "Status": "Available", "Neighborhood": "Franklin Square", "HousingMarketTypology2017": "G"}}, {"type": "Feature", "geometry": {"type": "Point", "coordinates": [-76.6446585311096, 39.28899810525748]}, "properties": {"Address": "34 N BRUCE ST", "BlockLot": "0194 076", "Status": "Available", "Neighborhood": "Franklin Square", "HousingMarketTypology2017": "G"}}, {"type": "Feature", "geometry": {"type": "Point", "coordinates": [-76.64317629980843, 39.29810032015975]}, "properties": {"Address": "802 N GILMOR ST", "BlockLot": "0086 021", "Status": "Available", "Neighborhood": "Harlem Park", "HousingMarketTypology2017": "J"}}, {"type": "Feature", "geometry": {"type": "Point", "coordinates": [-76.64317881082808, 39.29814549172667]}, "properties": {"Address": "804 N GILMOR ST", "BlockLot": "0086 022", "Status": "Available", "Neighborhood": "Harlem Park", "HousingMarketTypology2017": "J"}}, {"type": "Feature", "geometry": {"type": "Point", "coordinates": [-76.64318152808767, 39.298191378219336]}, "properties": {"Address": "806 N GILMOR ST", "BlockLot": "0086 023", "Status": "Available", "Neighborhood": "Harlem Park", "HousingMarketTypology2017": "J"}}, {"type": "Feature", "geometry": {"type": "Point", "coordinates": [-76.64318399052172, 39.298238604263275]}, "properties": {"Address": "808 N GILMOR ST", "BlockLot": "0086 024", "Status": "Available", "Neighborhood": "Harlem Park", "HousingMarketTypology2017": "J"}}, {"type": "Feature", "geometry": {"type": "Point", "coordinates": [-76.64318653427107, 39.29828464605848]}, "properties": {"Address": "810 N GILMOR ST", "BlockLot": "0086 025", "Status": "Available", "Neighborhood": "Harlem Park", "HousingMarketTypology2017": "J"}}, {"type": "Feature", "geometry": {"type": "Point", "coordinates": [-76.64334121825442, 39.29866767335694]}, "properties": {"Address": "1613 W LAFAYETTE AVE", "BlockLot": "0086 031", "Status": "Available", "Neighborhood": "Harlem Park", "HousingMarketTypology2017": "J"}}, {"type": "Feature", "geometry": {"type": "Point", "coordinates": [-76.64338833028891, 39.29866603916921]}, "properties": {"Address": "1615 W LAFAYETTE AVE", "BlockLot": "0086 032", "Status": "Available", "Neighborhood": "Harlem Park", "HousingMarketTypology2017": "J"}}, {"type": "Feature", "geometry": {"type": "Point", "coordinates": [-76.64343632478973, 39.298664358099124]}, "properties": {"Address": "1617 W LAFAYETTE AVE", "BlockLot": "0086 033", "Status": "Available", "Neighborhood": "Harlem Park", "HousingMarketTypology2017": "J"}}, {"type": "Feature", "geometry": {"type": "Point", "coordinates": [-76.6437022559217, 39.29865513762797]}, "properties": {"Address": "1625 W LAFAYETTE AVE", "BlockLot": "0086 037", "Status": "Available", "Neighborhood": "Harlem Park", "HousingMarketTypology2017": "J"}}, {"type": "Feature", "geometry": {"type": "Point", "coordinates": [-76.64386644677492, 39.29864949677462]}, "properties": {"Address": "1631 W LAFAYETTE AVE", "BlockLot": "0086 040", "Status": "Available", "Neighborhood": "Harlem Park", "HousingMarketTypology2017": "J"}}, {"type": "Feature", "geometry": {"type": "Point", "coordinates": [-76.64392370677164, 39.29864751751641]}, "properties": {"Address": "1633 W LAFAYETTE AVE", "BlockLot": "0086 041", "Status": "Available", "Neighborhood": "Harlem Park", "HousingMarketTypology2017": "J"}}, {"type": "Feature", "geometry": {"type": "Point", "coordinates": [-76.64397859316632, 39.29864563732711]}, "properties": {"Address": "1635 W LAFAYETTE AVE", "BlockLot": "0086 042", "Status": "Available", "Neighborhood": "Harlem Park", "HousingMarketTypology2017": "J"}}, {"type": "Feature", "geometry": {"type": "Point", "coordinates": [-76.64420061330092, 39.29863776080249]}, "properties": {"Address": "1643 W LAFAYETTE AVE", "BlockLot": "0086 046", "Status": "Available", "Neighborhood": "Harlem Park", "HousingMarketTypology2017": "J"}}, {"type": "Feature", "geometry": {"type": "Point", "coordinates": [-76.64485001749583, 39.29235262489759]}, "properties": {"Address": "310 N BRUCE ST", "BlockLot": "0149 044", "Status": "Available", "Neighborhood": "Franklin Square", "HousingMarketTypology2017": "J"}}, {"type": "Feature", "geometry": {"type": "Point", "coordinates": [-76.64486579599696, 39.292601880851805]}, "properties": {"Address": "324 N BRUCE ST", "BlockLot": "0149 051", "Status": "Available", "Neighborhood": "Franklin Square", "HousingMarketTypology2017": "J"}}, {"type": "Feature", "geometry": {"type": "Point", "coordinates": [-76.64486804245037, 39.29263686227888]}, "properties": {"Address": "326 N BRUCE ST", "BlockLot": "0149 052", "Status": "Available", "Neighborhood": "Franklin Square", "HousingMarketTypology2017": "J"}}, {"type": "Feature", "geometry": {"type": "Point", "coordinates": [-76.64487210608765, 39.29270620411267]}, "properties": {"Address": "330 N BRUCE ST", "BlockLot": "0149 054", "Status": "Available", "Neighborhood": "Franklin Square", "HousingMarketTypology2017": "J"}}, {"type": "Feature", "geometry": {"type": "Point", "coordinates": [-76.64488461427135, 39.2928978691943]}, "properties": {"Address": "342 N BRUCE ST", "BlockLot": "0149 060", "Status": "Available", "Neighborhood": "Franklin Square", "HousingMarketTypology2017": "J"}}, {"type": "Feature", "geometry": {"type": "Point", "coordinates": [-76.63618416671234, 39.294463360436744]}, "properties": {"Address": "1118 W FRANKLIN ST", "BlockLot": "0127 007", "Status": "Available", "Neighborhood": "Harlem Park", "HousingMarketTypology2017": "I"}}, {"type": "Feature", "geometry": {"type": "Point", "coordinates": [-76.64288218664825, 39.29277642660903]}, "properties": {"Address": "320 N GILMOR ST", "BlockLot": "0150 011", "Status": "Available", "Neighborhood": "Franklin Square", "HousingMarketTypology2017": "J"}}, {"type": "Feature", "geometry": {"type": "Point", "coordinates": [-76.64374738053156, 39.29264107980122]}, "properties": {"Address": "321 N MOUNT ST", "BlockLot": "0150 035", "Status": "Available", "Neighborhood": "Franklin Square", "HousingMarketTypology2017": "J"}}, {"type": "Feature", "geometry": {"type": "Point", "coordinates": [-76.64374543491168, 39.29260816650334]}, "properties": {"Address": "319 N MOUNT ST", "BlockLot": "0150 036", "Status": "Available", "Neighborhood": "Franklin Square", "HousingMarketTypology2017": "J"}}, {"type": "Feature", "geometry": {"type": "Point", "coordinates": [-76.64374347078731, 39.29257524504214]}, "properties": {"Address": "317 N MOUNT ST", "BlockLot": "0150 037", "Status": "Available", "Neighborhood": "Franklin Square", "HousingMarketTypology2017": "J"}}, {"type": "Feature", "geometry": {"type": "Point", "coordinates": [-76.64377952780595, 39.29249655785378]}, "properties": {"Address": "315 N MOUNT ST", "BlockLot": "0150 038", "Status": "Available", "Neighborhood": "Franklin Square", "HousingMarketTypology2017": "J"}}, {"type": "Feature", "geometry": {"type": "Point", "coordinates": [-76.64377228232466, 39.29237315092494]}, "properties": {"Address": "309 N MOUNT ST", "BlockLot": "0150 041", "Status": "Available", "Neighborhood": "Franklin Square", "HousingMarketTypology2017": "J"}}, {"type": "Feature", "geometry": {"type": "Point", "coordinates": [-76.64358738310207, 39.29228277371622]}, "properties": {"Address": "1626 W SARATOGA ST", "BlockLot": "0150 046", "Status": "Available", "Neighborhood": "Franklin Square", "HousingMarketTypology2017": "J"}}, {"type": "Feature", "geometry": {"type": "Point", "coordinates": [-76.63638650637058, 39.294430966868006]}, "properties": {"Address": "1124 W FRANKLIN ST", "BlockLot": "0127 010", "Status": "Available", "Neighborhood": "Harlem Park", "HousingMarketTypology2017": "I"}}, {"type": "Feature", "geometry": {"type": "Point", "coordinates": [-76.63353654071187, 39.29950444064163]}, "properties": {"Address": "703 W LAFAYETTE AVE", "BlockLot": "0392 020", "Status": "Available", "Neighborhood": "Upton", "HousingMarketTypology2017": "G"}}, {"type": "Feature", "geometry": {"type": "Point", "coordinates": [-76.63228969286118, 39.29812577018945]}, "properties": {"Address": "1201 UPTON ST", "BlockLot": "0411 073", "Status": "Available", "Neighborhood": "Upton", "HousingMarketTypology2017": "G"}}, {"type": "Feature", "geometry": {"type": "Point", "coordinates": [-76.63232116651555, 39.298151071872894]}, "properties": {"Address": "1203 UPTON ST", "BlockLot": "0411 074", "Status": "Available", "Neighborhood": "Upton", "HousingMarketTypology2017": "G"}}, {"type": "Feature", "geometry": {"type": "Point", "coordinates": [-76.63235329494954, 39.29817664492292]}, "properties": {"Address": "1205 UPTON ST", "BlockLot": "0411 075", "Status": "Available", "Neighborhood": "Upton", "HousingMarketTypology2017": "G"}}, {"type": "Feature", "geometry": {"type": "Point", "coordinates": [-76.63238537943798, 39.29820220161278]}, "properties": {"Address": "1207 UPTON ST", "BlockLot": "0411 076", "Status": "Available", "Neighborhood": "Upton", "HousingMarketTypology2017": "G"}}, {"type": "Feature", "geometry": {"type": "Point", "coordinates": [-76.6324173000847, 39.29822783614689]}, "properties": {"Address": "1209 UPTON ST", "BlockLot": "0411 077", "Status": "Available", "Neighborhood": "Upton", "HousingMarketTypology2017": "G"}}, {"type": "Feature", "geometry": {"type": "Point", "coordinates": [-76.63244935839933, 39.29825330716491]}, "properties": {"Address": "1211 UPTON ST", "BlockLot": "0411 078", "Status": "Available", "Neighborhood": "Upton", "HousingMarketTypology2017": "G"}}, {"type": "Feature", "geometry": {"type": "Point", "coordinates": [-76.63248127195443, 39.29827897678841]}, "properties": {"Address": "1213 UPTON ST", "BlockLot": "0411 079", "Status": "Available", "Neighborhood": "Upton", "HousingMarketTypology2017": "G"}}, {"type": "Feature", "geometry": {"type": "Point", "coordinates": [-76.63251338054891, 39.29830459747139]}, "properties": {"Address": "1215 UPTON ST", "BlockLot": "0411 080", "Status": "Available", "Neighborhood": "Upton", "HousingMarketTypology2017": "G"}}, {"type": "Feature", "geometry": {"type": "Point", "coordinates": [-76.642460156967, 39.300865247628984]}, "properties": {"Address": "1523 RIGGS AVE", "BlockLot": "0062 028", "Status": "Available", "Neighborhood": "Sandtown-Winchester", "HousingMarketTypology2017": "J"}}, {"type": "Feature", "geometry": {"type": "Point", "coordinates": [-76.6427108224153, 39.30471204675197]}, "properties": {"Address": "1428 N PARRISH ST", "BlockLot": "0034 122", "Status": "Available", "Neighborhood": "Sandtown-Winchester", "HousingMarketTypology2017": "G"}}, {"type": "Feature", "geometry": {"type": "Point", "coordinates": [-76.64069363832336, 39.30024285794811]}, "properties": {"Address": "1416 MOSHER ST", "BlockLot": "0063 009", "Status": "Available", "Neighborhood": "Sandtown-Winchester", "HousingMarketTypology2017": "J"}}, {"type": "Feature", "geometry": {"type": "Point", "coordinates": [-76.63956680450381, 39.29959634041391]}, "properties": {"Address": "932 N WOODYEAR ST", "BlockLot": "0077 070", "Status": "Available", "Neighborhood": "Sandtown-Winchester", "HousingMarketTypology2017": "I"}}, {"type": "Feature", "geometry": {"type": "Point", "coordinates": [-76.64230652822276, 39.29795113308334]}, "properties": {"Address": "1522 W LANVALE ST", "BlockLot": "0087 012", "Status": "Available", "Neighborhood": "Harlem Park", "HousingMarketTypology2017": "J"}}, {"type": "Feature", "geometry": {"type": "Point", "coordinates": [-76.6417098823962, 39.29859885977733]}, "properties": {"Address": "824 N STRICKER ST", "BlockLot": "0087 051", "Status": "Available", "Neighborhood": "Harlem Park", "HousingMarketTypology2017": "J"}}, {"type": "Feature", "geometry": {"type": "Point", "coordinates": [-76.64970582850948, 39.29649098862592]}, "properties": {"Address": "2018 HARLEM AVE", "BlockLot": "0094 020", "Status": "Available", "Neighborhood": "Midtown-Edmondson", "HousingMarketTypology2017": "J"}}, {"type": "Feature", "geometry": {"type": "Point", "coordinates": [-76.6354604995777, 39.294459185082395]}, "properties": {"Address": "1044 W FRANKLIN ST", "BlockLot": "0128 033", "Status": "Available", "Neighborhood": "Harlem Park", "HousingMarketTypology2017": "I"}}, {"type": "Feature", "geometry": {"type": "Point", "coordinates": [-76.63434063916954, 39.29483824515038]}, "properties": {"Address": "514 N SCHROEDER ST", "BlockLot": "0128 061", "Status": "Available", "Neighborhood": "Harlem Park", "HousingMarketTypology2017": "I"}}, {"type": "Feature", "geometry": {"type": "Point", "coordinates": [-76.63392281721583, 39.29454889958816]}, "properties": {"Address": "958 W FRANKLIN ST", "BlockLot": "0129 029", "Status": "Available", "Neighborhood": "Harlem Park", "HousingMarketTypology2017": "I"}}, {"type": "Feature", "geometry": {"type": "Point", "coordinates": [-76.64963081776405, 39.29766962132224]}, "properties": {"Address": "2012 W LANVALE ST", "BlockLot": "0082 005", "Status": "Available", "Neighborhood": "Midtown-Edmondson", "HousingMarketTypology2017": "J"}}, {"type": "Feature", "geometry": {"type": "Point", "coordinates": [-76.64972899108125, 39.29766705144273]}, "properties": {"Address": "2016 W LANVALE ST", "BlockLot": "0082 007", "Status": "Available", "Neighborhood": "Midtown-Edmondson", "HousingMarketTypology2017": "J"}}, {"type": "Feature", "geometry": {"type": "Point", "coordinates": [-76.64977708600527, 39.297665758111464]}, "properties": {"Address": "2018 W LANVALE ST", "BlockLot": "0082 008", "Status": "Available", "Neighborhood": "Midtown-Edmondson", "HousingMarketTypology2017": "J"}}, {"type": "Feature", "geometry": {"type": "Point", "coordinates": [-76.64982446825854, 39.29766370059632]}, "properties": {"Address": "2020 W LANVALE ST", "BlockLot": "0082 009", "Status": "Available", "Neighborhood": "Midtown-Edmondson", "HousingMarketTypology2017": "J"}}, {"type": "Feature", "geometry": {"type": "Point", "coordinates": [-76.63660469831858, 39.299891943028236]}, "properties": {"Address": "1105 MOSHER ST", "BlockLot": "0079 024", "Status": "Available", "Neighborhood": "Sandtown-Winchester", "HousingMarketTypology2017": "I"}}, {"type": "Feature", "geometry": {"type": "Point", "coordinates": [-76.63906643440512, 39.30128005531194]}, "properties": {"Address": "1100 N CAREY ST", "BlockLot": "0055B001", "Status": "Available", "Neighborhood": "Sandtown-Winchester", "HousingMarketTypology2017": "H"}}, {"type": "Feature", "geometry": {"type": "Point", "coordinates": [-76.63912432381066, 39.301882367740795]}, "properties": {"Address": "1132 N CAREY ST", "BlockLot": "0055B017", "Status": "Available", "Neighborhood": "Sandtown-Winchester", "HousingMarketTypology2017": "H"}}, {"type": "Feature", "geometry": {"type": "Point", "coordinates": [-76.63913435760325, 39.3020337615649]}, "properties": {"Address": "1140 N CAREY ST", "BlockLot": "0055B021", "Status": "Available", "Neighborhood": "Sandtown-Winchester", "HousingMarketTypology2017": "H"}}, {"type": "Feature", "geometry": {"type": "Point", "coordinates": [-76.63913644496044, 39.30207148802516]}, "properties": {"Address": "1142 N Carey St", "BlockLot": "0055B022", "Status": "Available", "Neighborhood": "Sandtown-Winchester", "HousingMarketTypology2017": "H"}}, {"type": "Feature", "geometry": {"type": "Point", "coordinates": [-76.63049253777562, 39.301581126556805]}, "properties": {"Address": "1336 DIVISION ST", "BlockLot": "0414 045", "Status": "Available", "Neighborhood": "Upton", "HousingMarketTypology2017": "H"}}, {"type": "Feature", "geometry": {"type": "Point", "coordinates": [-76.64286415359715, 39.30221419341449]}, "properties": {"Address": "1141 N GILMOR ST", "BlockLot": "0053 021", "Status": "Available", "Neighborhood": "Sandtown-Winchester", "HousingMarketTypology2017": "H"}}, {"type": "Feature", "geometry": {"type": "Point", "coordinates": [-76.64873478255083, 39.300606233125805]}, "properties": {"Address": "1026 APPLETON ST", "BlockLot": "0058 092", "Status": "Available", "Neighborhood": "Midtown-Edmondson", "HousingMarketTypology2017": "J"}}, {"type": "Feature", "geometry": {"type": "Point", "coordinates": [-76.64248174997249, 39.30127528608932]}, "properties": {"Address": "1522 RIGGS AVE", "BlockLot": "0053 065", "Status": "Available", "Neighborhood": "Sandtown-Winchester", "HousingMarketTypology2017": "H"}}, {"type": "Feature", "geometry": {"type": "Point", "coordinates": [-76.65070112740987, 39.28885181666968]}, "properties": {"Address": "2116 W FAIRMOUNT AVE", "BlockLot": "0190 089", "Status": "Available", "Neighborhood": "Penrose/Fayette Street Outreach", "HousingMarketTypology2017": "J"}}, {"type": "Feature", "geometry": {"type": "Point", "coordinates": [-76.6353217194035, 39.30186865703775]}, "properties": {"Address": "631 PITCHER ST", "BlockLot": "0359 034", "Status": "Available", "Neighborhood": "Upton", "HousingMarketTypology2017": "J"}}, {"type": "Feature", "geometry": {"type": "Point", "coordinates": [-76.63545680538923, 39.30173857109914]}, "properties": {"Address": "641 PITCHER ST", "BlockLot": "0359 039", "Status": "Available", "Neighborhood": "Upton", "HousingMarketTypology2017": "J"}}, {"type": "Feature", "geometry": {"type": "Point", "coordinates": [-76.63450222442921, 39.30083108870843]}, "properties": {"Address": " NWS MOSHER ST 253-3 FT, SW OF ARGYLE AV ", "BlockLot": "0359 042", "Status": "Available", "Neighborhood": "Upton", "HousingMarketTypology2017": "Subsidized Rental Market"}}, {"type": "Feature", "geometry": {"type": "Point", "coordinates": [-76.63461867962668, 39.30074055469467]}, "properties": {"Address": " NWS MOSHER ST 299-7 FT, SW OF ARGYLE AV ", "BlockLot": "0359 044", "Status": "Available", "Neighborhood": "Upton", "HousingMarketTypology2017": "Subsidized Rental Market"}}, {"type": "Feature", "geometry": {"type": "Point", "coordinates": [-76.63488129769004, 39.30062334768395]}, "properties": {"Address": "702 MOSHER ST", "BlockLot": "0359 046", "Status": "Available", "Neighborhood": "Upton", "HousingMarketTypology2017": "Subsidized Rental Market"}}, {"type": "Feature", "geometry": {"type": "Point", "coordinates": [-76.6349620240763, 39.30056402699564]}, "properties": {"Address": "706 MOSHER ST", "BlockLot": "0359 048", "Status": "Available", "Neighborhood": "Upton", "HousingMarketTypology2017": "Subsidized Rental Market"}}, {"type": "Feature", "geometry": {"type": "Point", "coordinates": [-76.63496519821875, 39.30050097850712]}, "properties": {"Address": "708 MOSHER ST", "BlockLot": "0359 049", "Status": "Available", "Neighborhood": "Upton", "HousingMarketTypology2017": "Subsidized Rental Market"}}, {"type": "Feature", "geometry": {"type": "Point", "coordinates": [-76.63500910098603, 39.30047127824324]}, "properties": {"Address": "710 MOSHER ST", "BlockLot": "0359 050", "Status": "Available", "Neighborhood": "Upton", "HousingMarketTypology2017": "Subsidized Rental Market"}}, {"type": "Feature", "geometry": {"type": "Point", "coordinates": [-76.63463096598149, 39.30253498818396]}, "properties": {"Address": "613 PITCHER ST", "BlockLot": "0360 023A", "Status": "Available", "Neighborhood": "Upton", "HousingMarketTypology2017": "J"}}, {"type": "Feature", "geometry": {"type": "Point", "coordinates": [-76.63451736112624, 39.30253281713965]}, "properties": {"Address": "611 PITCHER ST", "BlockLot": "0360 024", "Status": "Available", "Neighborhood": "Upton", "HousingMarketTypology2017": "J"}}, {"type": "Feature", "geometry": {"type": "Point", "coordinates": [-76.63447918957067, 39.30256349434009]}, "properties": {"Address": "609 PITCHER ST", "BlockLot": "0360 025", "Status": "Available", "Neighborhood": "Upton", "HousingMarketTypology2017": "J"}}, {"type": "Feature", "geometry": {"type": "Point", "coordinates": [-76.63444373208998, 39.30259394307316]}, "properties": {"Address": "607 PITCHER ST", "BlockLot": "0360 026", "Status": "Available", "Neighborhood": "Upton", "HousingMarketTypology2017": "J"}}, {"type": "Feature", "geometry": {"type": "Point", "coordinates": [-76.63437171568296, 39.302653481441645]}, "properties": {"Address": "603 PITCHER ST", "BlockLot": "0360 028", "Status": "Available", "Neighborhood": "Upton", "HousingMarketTypology2017": "J"}}, {"type": "Feature", "geometry": {"type": "Point", "coordinates": [-76.63433588681788, 39.30268241301396]}, "properties": {"Address": "601 PITCHER ST", "BlockLot": "0360 029", "Status": "Available", "Neighborhood": "Upton", "HousingMarketTypology2017": "J"}}, {"type": "Feature", "geometry": {"type": "Point", "coordinates": [-76.63424754141695, 39.30285979230375]}, "properties": {"Address": " SES PITCHER ST, SWC PENNSYLVANIA AV ", "BlockLot": "0360 029A", "Status": "Available", "Neighborhood": "Upton", "HousingMarketTypology2017": "J"}}, {"type": "Feature", "geometry": {"type": "Point", "coordinates": [-76.63403530533746, 39.302123161666984]}, "properties": {"Address": "600 SMITHSON ST", "BlockLot": "0360 030", "Status": "Available", "Neighborhood": "Upton", "HousingMarketTypology2017": "J"}}, {"type": "Feature", "geometry": {"type": "Point", "coordinates": [-76.63274909214992, 39.302624341070796]}, "properties": {"Address": "545 MCMECHEN ST", "BlockLot": "0361 002", "Status": "Available", "Neighborhood": "Upton", "HousingMarketTypology2017": "J"}}, {"type": "Feature", "geometry": {"type": "Point", "coordinates": [-76.64081933698853, 39.3075338496602]}, "properties": {"Address": "1527 N CAREY ST", "BlockLot": "0301 052", "Status": "Available", "Neighborhood": "Sandtown-Winchester", "HousingMarketTypology2017": "I"}}, {"type": "Feature", "geometry": {"type": "Point", "coordinates": [-76.6393167508871, 39.308458196668646]}, "properties": {"Address": " NES BRUNT ST REAR, 2225-33 BRUNT ST ", "BlockLot": "0302 042A", "Status": "Available", "Neighborhood": "Druid Heights", "HousingMarketTypology2017": "I"}}, {"type": "Feature", "geometry": {"type": "Point", "coordinates": [-76.64905339313921, 39.282120534514604]}, "properties": {"Address": "2024 CHRISTIAN ST", "BlockLot": "0698 092", "Status": "Available", "Neighborhood": "Carrollton Ridge", "HousingMarketTypology2017": "J"}}, {"type": "Feature", "geometry": {"type": "Point", "coordinates": [-76.64909363385952, 39.28210715233155]}, "properties": {"Address": "2026 CHRISTIAN ST", "BlockLot": "0698 093", "Status": "Available", "Neighborhood": "Carrollton Ridge", "HousingMarketTypology2017": "J"}}, {"type": "Feature", "geometry": {"type": "Point", "coordinates": [-76.64877334461364, 39.281863657113185]}, "properties": {"Address": "2019 CHRISTIAN ST", "BlockLot": "0698 102", "Status": "Available", "Neighborhood": "Carrollton Ridge", "HousingMarketTypology2017": "J"}}, {"type": "Feature", "geometry": {"type": "Point", "coordinates": [-76.64865574767171, 39.28190281099575]}, "properties": {"Address": "2013 CHRISTIAN ST", "BlockLot": "0698 105", "Status": "Available", "Neighborhood": "Carrollton Ridge", "HousingMarketTypology2017": "J"}}, {"type": "Feature", "geometry": {"type": "Point", "coordinates": [-76.64853727255169, 39.28194186395003]}, "properties": {"Address": "2007 CHRISTIAN ST", "BlockLot": "0698 108", "Status": "Available", "Neighborhood": "Carrollton Ridge", "HousingMarketTypology2017": "J"}}, {"type": "Feature", "geometry": {"type": "Point", "coordinates": [-76.64850133786112, 39.281953795993076]}, "properties": {"Address": "2005 CHRISTIAN ST", "BlockLot": "0698 109", "Status": "Available", "Neighborhood": "Carrollton Ridge", "HousingMarketTypology2017": "J"}}, {"type": "Feature", "geometry": {"type": "Point", "coordinates": [-76.65099073152838, 39.286574327712984]}, "properties": {"Address": "2130 BOYD ST", "BlockLot": "0222 047", "Status": "Available", "Neighborhood": "Boyd-Booth", "HousingMarketTypology2017": "J"}}, {"type": "Feature", "geometry": {"type": "Point", "coordinates": [-76.64054118684547, 39.28920383639182]}, "properties": {"Address": " SS 10 FT ALLEY 1ST S OF, FAYETTE ST REAR, 17-23 N STRICKER ST ", "BlockLot": "0197 058", "Status": "Available", "Neighborhood": "Franklin Square", "HousingMarketTypology2017": "F"}}, {"type": "Feature", "geometry": {"type": "Point", "coordinates": [-76.64409077776763, 39.283714202063344]}, "properties": {"Address": "319 S BRUCE ST", "BlockLot": "0276 076", "Status": "Available", "Neighborhood": "Mount Clare", "HousingMarketTypology2017": "J"}}, {"type": "Feature", "geometry": {"type": "Point", "coordinates": [-76.64408713258017, 39.28365111616221]}, "properties": {"Address": "323 S BRUCE ST", "BlockLot": "0276 078", "Status": "Available", "Neighborhood": "Mount Clare", "HousingMarketTypology2017": "J"}}, {"type": "Feature", "geometry": {"type": "Point", "coordinates": [-76.63655088250476, 39.308777412916115]}, "properties": {"Address": "2119 DRUID HILL AVE", "BlockLot": "0309 033", "Status": "Available", "Neighborhood": "Druid Heights", "HousingMarketTypology2017": "G"}}, {"type": "Feature", "geometry": {"type": "Point", "coordinates": [-76.63721252762535, 39.285824536253145]}, "properties": {"Address": "1224 W PRATT ST", "BlockLot": "0249 012", "Status": "Available", "Neighborhood": "Hollins Market", "HousingMarketTypology2017": "F"}}, {"type": "Feature", "geometry": {"type": "Point", "coordinates": [-76.63685991665974, 39.28621074119535]}, "properties": {"Address": "106 S CARROLLTON AVE", "BlockLot": "0249 058", "Status": "Available", "Neighborhood": "Hollins Market", "HousingMarketTypology2017": "F"}}, {"type": "Feature", "geometry": {"type": "Point", "coordinates": [-76.63714748370663, 39.28616309955714]}, "properties": {"Address": "111 S STOCKTON ST", "BlockLot": "0249 070", "Status": "Available", "Neighborhood": "Hollins Market", "HousingMarketTypology2017": "F"}}, {"type": "Feature", "geometry": {"type": "Point", "coordinates": [-76.6374346157638, 39.28600272753915]}, "properties": {"Address": "120 S STOCKTON ST", "BlockLot": "0249 078", "Status": "Available", "Neighborhood": "Hollins Market", "HousingMarketTypology2017": "F"}}, {"type": "Feature", "geometry": {"type": "Point", "coordinates": [-76.58568802601252, 39.29730349917421]}, "properties": {"Address": "525 N MADEIRA ST", "BlockLot": "1653 096", "Status": "Available", "Neighborhood": "CARE", "HousingMarketTypology2017": "I"}}, {"type": "Feature", "geometry": {"type": "Point", "coordinates": [-76.63501779556464, 39.29028130746013]}, "properties": {"Address": "1005 VINE ST", "BlockLot": "0185 126", "Status": "Available", "Neighborhood": "Poppleton", "HousingMarketTypology2017": "G"}}, {"type": "Feature", "geometry": {"type": "Point", "coordinates": [-76.64232235891454, 39.30907195623533]}, "properties": {"Address": "604 Cumberland St", "BlockLot": "0294 067", "Status": "Available", "Neighborhood": "Penn North", "HousingMarketTypology2017": "J"}}, {"type": "Feature", "geometry": {"type": "Point", "coordinates": [-76.64228777404121, 39.30909723780302]}, "properties": {"Address": "602 Cumberland St", "BlockLot": "0294 068", "Status": "Available", "Neighborhood": "Penn North", "HousingMarketTypology2017": "J"}}, {"type": "Feature", "geometry": {"type": "Point", "coordinates": [-76.64265618132924, 39.30931112573728]}, "properties": {"Address": "2420 N STOCKTON ST", "BlockLot": "0294 076", "Status": "Available", "Neighborhood": "Penn North", "HousingMarketTypology2017": "J"}}, {"type": "Feature", "geometry": {"type": "Point", "coordinates": [-76.58594821153827, 39.29699853924833]}, "properties": {"Address": "504 N MADEIRA ST", "BlockLot": "1653 082", "Status": "Available", "Neighborhood": "CARE", "HousingMarketTypology2017": "I"}}, {"type": "Feature", "geometry": {"type": "Point", "coordinates": [-76.58594609309768, 39.296962071744616]}, "properties": {"Address": "502 N MADEIRA ST", "BlockLot": "1653 083", "Status": "Available", "Neighborhood": "CARE", "HousingMarketTypology2017": "I"}}, {"type": "Feature", "geometry": {"type": "Point", "coordinates": [-76.58594452222155, 39.296924545976346]}, "properties": {"Address": "500 N MADEIRA ST", "BlockLot": "1653 084", "Status": "Available", "Neighborhood": "CARE", "HousingMarketTypology2017": "I"}}, {"type": "Feature", "geometry": {"type": "Point", "coordinates": [-76.5856419132525, 39.29692204060796]}, "properties": {"Address": "503 N MADEIRA ST", "BlockLot": "1653 085", "Status": "Available", "Neighborhood": "CARE", "HousingMarketTypology2017": "I"}}, {"type": "Feature", "geometry": {"type": "Point", "coordinates": [-76.58564404937727, 39.296957835313286]}, "properties": {"Address": "505 N MADEIRA ST", "BlockLot": "1653 086", "Status": "Available", "Neighborhood": "CARE", "HousingMarketTypology2017": "I"}}, {"type": "Feature", "geometry": {"type": "Point", "coordinates": [-76.58564612671178, 39.2969933748959]}, "properties": {"Address": "507 N MADEIRA ST", "BlockLot": "1653 087", "Status": "Available", "Neighborhood": "CARE", "HousingMarketTypology2017": "I"}}, {"type": "Feature", "geometry": {"type": "Point", "coordinates": [-76.58564809890026, 39.29702726751911]}, "properties": {"Address": "509 N MADEIRA ST", "BlockLot": "1653 088", "Status": "Available", "Neighborhood": "CARE", "HousingMarketTypology2017": "I"}}, {"type": "Feature", "geometry": {"type": "Point", "coordinates": [-76.58565210100173, 39.29709608703972]}, "properties": {"Address": "513 N MADEIRA ST", "BlockLot": "1653 090", "Status": "Available", "Neighborhood": "CARE", "HousingMarketTypology2017": "I"}}, {"type": "Feature", "geometry": {"type": "Point", "coordinates": [-76.5856572857283, 39.297130945796326]}, "properties": {"Address": "515 N MADEIRA ST", "BlockLot": "1653 091", "Status": "Available", "Neighborhood": "CARE", "HousingMarketTypology2017": "I"}}, {"type": "Feature", "geometry": {"type": "Point", "coordinates": [-76.58568144725623, 39.297206215585305]}, "properties": {"Address": "519 N MADEIRA ST", "BlockLot": "1653 093", "Status": "Available", "Neighborhood": "CARE", "HousingMarketTypology2017": "I"}}, {"type": "Feature", "geometry": {"type": "Point", "coordinates": [-76.58568357840936, 39.29723909541201]}, "properties": {"Address": "521 N MADEIRA ST", "BlockLot": "1653 094", "Status": "Available", "Neighborhood": "CARE", "HousingMarketTypology2017": "I"}}, {"type": "Feature", "geometry": {"type": "Point", "coordinates": [-76.64760558993187, 39.285743061057445]}, "properties": {"Address": "1920 LEMMON ST", "BlockLot": "0242 106", "Status": "Available", "Neighborhood": "Carrollton Ridge", "HousingMarketTypology2017": "J"}}, {"type": "Feature", "geometry": {"type": "Point", "coordinates": [-76.64442008981504, 39.28378214390447]}, "properties": {"Address": "318 S BRUCE ST", "BlockLot": "0276 092", "Status": "Available", "Neighborhood": "Mount Clare", "HousingMarketTypology2017": "J"}}, {"type": "Feature", "geometry": {"type": "Point", "coordinates": [-76.62973628514655, 39.297850453997135]}, "properties": {"Address": "1100 Argyle Ave", "BlockLot": "0431 010", "Status": "Available", "Neighborhood": "Upton", "HousingMarketTypology2017": "G"}}, {"type": "Feature", "geometry": {"type": "Point", "coordinates": [-76.63094658546375, 39.29823766747284]}, "properties": {"Address": "1154 SHIELDS PL", "BlockLot": "0431 104", "Status": "Available", "Neighborhood": "Upton", "HousingMarketTypology2017": "G"}}, {"type": "Feature", "geometry": {"type": "Point", "coordinates": [-76.63013009892629, 39.297856638681075]}, "properties": {"Address": "1109 SHIELDS PL", "BlockLot": "0431 120", "Status": "Available", "Neighborhood": "Upton", "HousingMarketTypology2017": "G"}}, {"type": "Feature", "geometry": {"type": "Point", "coordinates": [-76.63026673181315, 39.29883083044684]}, "properties": {"Address": "1145 Argyle Ave", "BlockLot": "0432 021", "Status": "Available", "Neighborhood": "Upton", "HousingMarketTypology2017": "G"}}, {"type": "Feature", "geometry": {"type": "Point", "coordinates": [-76.63015206205608, 39.29873901117179]}, "properties": {"Address": "1139 ARGYLE AVE", "BlockLot": "0432 024", "Status": "Available", "Neighborhood": "Upton", "HousingMarketTypology2017": "G"}}, {"type": "Feature", "geometry": {"type": "Point", "coordinates": [-76.62998215522624, 39.2986022700244]}, "properties": {"Address": "1131 ARGYLE AVE", "BlockLot": "0432 028", "Status": "Available", "Neighborhood": "Upton", "HousingMarketTypology2017": "G"}}, {"type": "Feature", "geometry": {"type": "Point", "coordinates": [-76.62993297676331, 39.2985770659809]}, "properties": {"Address": "1129 ARGYLE AVE", "BlockLot": "0432 029", "Status": "Available", "Neighborhood": "Upton", "HousingMarketTypology2017": "G"}}, {"type": "Feature", "geometry": {"type": "Point", "coordinates": [-76.63715561147555, 39.306963531384795]}, "properties": {"Address": "2014 DIVISION ST", "BlockLot": "0313 008", "Status": "Available", "Neighborhood": "Upton", "HousingMarketTypology2017": "I"}}, {"type": "Feature", "geometry": {"type": "Point", "coordinates": [-76.62981374080543, 39.28325074333015]}, "properties": {"Address": "833 CLIFFORD ST", "BlockLot": "0847B061", "Status": "Available", "Neighborhood": "Washington Village/Pigtown", "HousingMarketTypology2017": "E"}}, {"type": "Feature", "geometry": {"type": "Point", "coordinates": [-76.58357325732393, 39.311284710196055]}, "properties": {"Address": "2424 E LAFAYETTE AVE", "BlockLot": "1454 013", "Status": "Available", "Neighborhood": "Broadway East", "HousingMarketTypology2017": "J"}}, {"type": "Feature", "geometry": {"type": "Point", "coordinates": [-76.58417552114042, 39.312236804797095]}, "properties": {"Address": "1867 N GAY ST", "BlockLot": "1454 042", "Status": "Available", "Neighborhood": "Broadway East", "HousingMarketTypology2017": "J"}}, {"type": "Feature", "geometry": {"type": "Point", "coordinates": [-76.59868051587867, 39.294835102269545]}, "properties": {"Address": "315-317 N EDEN ST", "BlockLot": "1317 002", "Status": "Available", "Neighborhood": "Dunbar-Broadway", "HousingMarketTypology2017": "Subsidized Rental Market"}}, {"type": "Feature", "geometry": {"type": "Point", "coordinates": [-76.64717919056828, 39.28331232097421]}, "properties": {"Address": "1900 RAMSAY ST", "BlockLot": "0274 021", "Status": "Available", "Neighborhood": "Carrollton Ridge", "HousingMarketTypology2017": "J"}}, {"type": "Feature", "geometry": {"type": "Point", "coordinates": [-76.64763416126773, 39.2832963416081]}, "properties": {"Address": "1918 RAMSAY ST", "BlockLot": "0274 030", "Status": "Available", "Neighborhood": "Carrollton Ridge", "HousingMarketTypology2017": "J"}}, {"type": "Feature", "geometry": {"type": "Point", "coordinates": [-76.64812203482614, 39.28374917514676]}, "properties": {"Address": "319 S Payson St", "BlockLot": "0274 047", "Status": "Available", "Neighborhood": "Carrollton Ridge", "HousingMarketTypology2017": "J"}}, {"type": "Feature", "geometry": {"type": "Point", "coordinates": [-76.64812416223062, 39.283784823706604]}, "properties": {"Address": "317 S Payson St", "BlockLot": "0274 048", "Status": "Available", "Neighborhood": "Carrollton Ridge", "HousingMarketTypology2017": "J"}}, {"type": "Feature", "geometry": {"type": "Point", "coordinates": [-76.64812627688325, 39.28382047312861]}, "properties": {"Address": "315 S Payson St", "BlockLot": "0274 049", "Status": "Available", "Neighborhood": "Carrollton Ridge", "HousingMarketTypology2017": "J"}}, {"type": "Feature", "geometry": {"type": "Point", "coordinates": [-76.64812833122282, 39.2838561313771]}, "properties": {"Address": "313 S Payson St", "BlockLot": "0274 050", "Status": "Available", "Neighborhood": "Carrollton Ridge", "HousingMarketTypology2017": "J"}}, {"type": "Feature", "geometry": {"type": "Point", "coordinates": [-76.64813046790155, 39.283891780864245]}, "properties": {"Address": "311 S Payson St", "BlockLot": "0274 051", "Status": "Available", "Neighborhood": "Carrollton Ridge", "HousingMarketTypology2017": "J"}}, {"type": "Feature", "geometry": {"type": "Point", "coordinates": [-76.59304801688216, 39.30826262822757]}, "properties": {"Address": "1518 RUTLAND AVE", "BlockLot": "1477 046", "Status": "Available", "Neighborhood": "Broadway East", "HousingMarketTypology2017": "I"}}, {"type": "Feature", "geometry": {"type": "Point", "coordinates": [-76.59371226791404, 39.307957528486426]}, "properties": {"Address": "1507 N REGESTER ST", "BlockLot": "1477 095", "Status": "Available", "Neighborhood": "Broadway East", "HousingMarketTypology2017": "I"}}, {"type": "Feature", "geometry": {"type": "Point", "coordinates": [-76.59334996653077, 39.30793745574807]}, "properties": {"Address": "1711 CRYSTAL AVE", "BlockLot": "1477 104", "Status": "Available", "Neighborhood": "Broadway East", "HousingMarketTypology2017": "I"}}, {"type": "Feature", "geometry": {"type": "Point", "coordinates": [-76.59620523891749, 39.30987997619132]}, "properties": {"Address": "1700 N BETHEL ST", "BlockLot": "1109 076", "Status": "Available", "Neighborhood": "Oliver", "HousingMarketTypology2017": "I"}}, {"type": "Feature", "geometry": {"type": "Point", "coordinates": [-76.59620837322042, 39.3099318704736]}, "properties": {"Address": "1704 N BETHEL ST", "BlockLot": "1109 078", "Status": "Available", "Neighborhood": "Oliver", "HousingMarketTypology2017": "I"}}, {"type": "Feature", "geometry": {"type": "Point", "coordinates": [-76.59585986831596, 39.30992950323269]}, "properties": {"Address": "1703 N BETHEL ST", "BlockLot": "1109 090", "Status": "Available", "Neighborhood": "Oliver", "HousingMarketTypology2017": "I"}}, {"type": "Feature", "geometry": {"type": "Point", "coordinates": [-76.59586448785798, 39.310002323577415]}, "properties": {"Address": "1707 N BETHEL ST", "BlockLot": "1109 092", "Status": "Available", "Neighborhood": "Oliver", "HousingMarketTypology2017": "I"}}, {"type": "Feature", "geometry": {"type": "Point", "coordinates": [-76.59580526974871, 39.3102149801083]}, "properties": {"Address": "1717 N BETHEL ST", "BlockLot": "1109 097", "Status": "Available", "Neighborhood": "Oliver", "HousingMarketTypology2017": "I"}}, {"type": "Feature", "geometry": {"type": "Point", "coordinates": [-76.6014080588744, 39.30965723130427]}, "properties": {"Address": "1250 E LANVALE ST", "BlockLot": "1106 002", "Status": "Available", "Neighborhood": "Oliver", "HousingMarketTypology2017": "G"}}, {"type": "Feature", "geometry": {"type": "Point", "coordinates": [-76.59841395497354, 39.30440105610372]}, "properties": {"Address": "1204 N CAROLINE ST", "BlockLot": "1162 042", "Status": "Available", "Neighborhood": "Oliver", "HousingMarketTypology2017": "H"}}, {"type": "Feature", "geometry": {"type": "Point", "coordinates": [-76.59723040405865, 39.310447861787864]}, "properties": {"Address": "1744 N BOND ST", "BlockLot": "1108 051", "Status": "Available", "Neighborhood": "Oliver", "HousingMarketTypology2017": "I"}}, {"type": "Feature", "geometry": {"type": "Point", "coordinates": [-76.59642708020176, 39.310056610776535]}, "properties": {"Address": " ES 10 FT ALLEY 1ST E OF, BOND ST REAR 1711-35 N BOND ST ", "BlockLot": "1109 075", "Status": "Available", "Neighborhood": "Oliver", "HousingMarketTypology2017": "I"}}, {"type": "Feature", "geometry": {"type": "Point", "coordinates": [-76.59747197062443, 39.3098813118597]}, "properties": {"Address": "1705 N DALLAS ST", "BlockLot": "1108 085", "Status": "Available", "Neighborhood": "Oliver", "HousingMarketTypology2017": "I"}}, {"type": "Feature", "geometry": {"type": "Point", "coordinates": [-76.59746988192491, 39.309848502797195]}, "properties": {"Address": "1703 N DALLAS ST", "BlockLot": "1108 086", "Status": "Available", "Neighborhood": "Oliver", "HousingMarketTypology2017": "I"}}, {"type": "Feature", "geometry": {"type": "Point", "coordinates": [-76.59746879485787, 39.30981245534677]}, "properties": {"Address": "1701 N DALLAS ST", "BlockLot": "1108 087", "Status": "Available", "Neighborhood": "Oliver", "HousingMarketTypology2017": "I"}}, {"type": "Feature", "geometry": {"type": "Point", "coordinates": [-76.63005351781673, 39.30184292173703]}, "properties": {"Address": "1335 DIVISION ST", "BlockLot": "0396 034", "Status": "Available", "Neighborhood": "Upton", "HousingMarketTypology2017": "H"}}, {"type": "Feature", "geometry": {"type": "Point", "coordinates": [-76.58420918868208, 39.31074400092692]}, "properties": {"Address": "1735 N MONTFORD AVE", "BlockLot": "1464 093", "Status": "Available", "Neighborhood": "Broadway East", "HousingMarketTypology2017": "J"}}, {"type": "Feature", "geometry": {"type": "Point", "coordinates": [-76.64539603838682, 39.282877928234605]}, "properties": {"Address": "406 BURNS CT", "BlockLot": "0291 076", "Status": "Available", "Neighborhood": "Carrollton Ridge", "HousingMarketTypology2017": "I"}}, {"type": "Feature", "geometry": {"type": "Point", "coordinates": [-76.64539409110179, 39.28284501666636]}, "properties": {"Address": "408 BURNS CT", "BlockLot": "0291 077", "Status": "Available", "Neighborhood": "Carrollton Ridge", "HousingMarketTypology2017": "I"}}, {"type": "Feature", "geometry": {"type": "Point", "coordinates": [-76.64539208753148, 39.28281107625908]}, "properties": {"Address": "410 BURNS CT", "BlockLot": "0291 078", "Status": "Available", "Neighborhood": "Carrollton Ridge", "HousingMarketTypology2017": "I"}}, {"type": "Feature", "geometry": {"type": "Point", "coordinates": [-76.60333717324313, 39.30434138244035]}, "properties": {"Address": "1205 ENSOR ST", "BlockLot": "1158 003", "Status": "Available", "Neighborhood": "Oliver", "HousingMarketTypology2017": "H"}}, {"type": "Feature", "geometry": {"type": "Point", "coordinates": [-76.60334296144642, 39.304444743084574]}, "properties": {"Address": "1211 ENSOR ST", "BlockLot": "1158 006", "Status": "Available", "Neighborhood": "Oliver", "HousingMarketTypology2017": "H"}}, {"type": "Feature", "geometry": {"type": "Point", "coordinates": [-76.60206709650784, 39.30487228245381]}, "properties": {"Address": " NWS HARFORD AVE, SWC E PRESTON ST ", "BlockLot": "1158 097", "Status": "Available", "Neighborhood": "Oliver", "HousingMarketTypology2017": "H"}}, {"type": "Feature", "geometry": {"type": "Point", "coordinates": [-76.60247022876672, 39.30441900184194]}, "properties": {"Address": "1212 AISQUITH ST", "BlockLot": "1158 045", "Status": "Available", "Neighborhood": "Oliver", "HousingMarketTypology2017": "H"}}, {"type": "Feature", "geometry": {"type": "Point", "coordinates": [-76.6024797031093, 39.304381615563194]}, "properties": {"Address": "1210 AISQUITH ST", "BlockLot": "1158 046", "Status": "Available", "Neighborhood": "Oliver", "HousingMarketTypology2017": "H"}}, {"type": "Feature", "geometry": {"type": "Point", "coordinates": [-76.60247138044724, 39.304339295079416]}, "properties": {"Address": "1208 AISQUITH ST", "BlockLot": "1158 047", "Status": "Available", "Neighborhood": "Oliver", "HousingMarketTypology2017": "H"}}, {"type": "Feature", "geometry": {"type": "Point", "coordinates": [-76.63278300218226, 39.29655164081336]}, "properties": {"Address": "635 N FREMONT AVE", "BlockLot": "0452 051", "Status": "Available", "Neighborhood": "Upton", "HousingMarketTypology2017": "E"}}, {"type": "Feature", "geometry": {"type": "Point", "coordinates": [-76.6327729599007, 39.296518403899135]}, "properties": {"Address": "633 N FREMONT AVE", "BlockLot": "0452 052", "Status": "Available", "Neighborhood": "Upton", "HousingMarketTypology2017": "E"}}, {"type": "Feature", "geometry": {"type": "Point", "coordinates": [-76.63269920076552, 39.29642244081623]}, "properties": {"Address": "629 N FREMONT AVE", "BlockLot": "0452 054", "Status": "Available", "Neighborhood": "Upton", "HousingMarketTypology2017": "E"}}, {"type": "Feature", "geometry": {"type": "Point", "coordinates": [-76.63269308887129, 39.29639494680093]}, "properties": {"Address": "627 N FREMONT AVE", "BlockLot": "0452 055", "Status": "Available", "Neighborhood": "Upton", "HousingMarketTypology2017": "E"}}, {"type": "Feature", "geometry": {"type": "Point", "coordinates": [-76.637287352515, 39.30515820493921]}, "properties": {"Address": "1401 N FREMONT AVE", "BlockLot": "0319 024", "Status": "Available", "Neighborhood": "Upton", "HousingMarketTypology2017": "I"}}, {"type": "Feature", "geometry": {"type": "Point", "coordinates": [-76.63602587820236, 39.30567593409043]}, "properties": {"Address": "558 ROBERT ST", "BlockLot": "0320 037", "Status": "Available", "Neighborhood": "Upton", "HousingMarketTypology2017": "I"}}, {"type": "Feature", "geometry": {"type": "Point", "coordinates": [-76.63599243238987, 39.305701000279576]}, "properties": {"Address": "556 ROBERT ST", "BlockLot": "0320 038", "Status": "Available", "Neighborhood": "Upton", "HousingMarketTypology2017": "I"}}, {"type": "Feature", "geometry": {"type": "Point", "coordinates": [-76.63596007991265, 39.30572538437184]}, "properties": {"Address": "554 ROBERT ST", "BlockLot": "0320 039", "Status": "Available", "Neighborhood": "Upton", "HousingMarketTypology2017": "I"}}, {"type": "Feature", "geometry": {"type": "Point", "coordinates": [-76.63592813505453, 39.30574940941611]}, "properties": {"Address": "552 ROBERT ST", "BlockLot": "0320 040", "Status": "Available", "Neighborhood": "Upton", "HousingMarketTypology2017": "I"}}, {"type": "Feature", "geometry": {"type": "Point", "coordinates": [-76.63589520913808, 39.305774143908714]}, "properties": {"Address": "550 ROBERT ST", "BlockLot": "0320 041", "Status": "Available", "Neighborhood": "Upton", "HousingMarketTypology2017": "I"}}, {"type": "Feature", "geometry": {"type": "Point", "coordinates": [-76.63586213288148, 39.30579902474913]}, "properties": {"Address": "548 ROBERT ST", "BlockLot": "0320 042", "Status": "Available", "Neighborhood": "Upton", "HousingMarketTypology2017": "I"}}, {"type": "Feature", "geometry": {"type": "Point", "coordinates": [-76.63583027204012, 39.30582293202794]}, "properties": {"Address": "546 ROBERT ST", "BlockLot": "0320 043", "Status": "Available", "Neighborhood": "Upton", "HousingMarketTypology2017": "I"}}, {"type": "Feature", "geometry": {"type": "Point", "coordinates": [-76.63579689076155, 39.305848047902245]}, "properties": {"Address": "544 ROBERT ST", "BlockLot": "0320 044", "Status": "Available", "Neighborhood": "Upton", "HousingMarketTypology2017": "I"}}, {"type": "Feature", "geometry": {"type": "Point", "coordinates": [-76.63576336426976, 39.30587321465981]}, "properties": {"Address": "542 ROBERT ST", "BlockLot": "0320 045", "Status": "Available", "Neighborhood": "Upton", "HousingMarketTypology2017": "I"}}, {"type": "Feature", "geometry": {"type": "Point", "coordinates": [-76.63573033331808, 39.30589806047365]}, "properties": {"Address": "540 ROBERT ST", "BlockLot": "0320 046", "Status": "Available", "Neighborhood": "Upton", "HousingMarketTypology2017": "I"}}, {"type": "Feature", "geometry": {"type": "Point", "coordinates": [-76.63569796618268, 39.30592210306135]}, "properties": {"Address": "538 ROBERT ST", "BlockLot": "0320 047", "Status": "Available", "Neighborhood": "Upton", "HousingMarketTypology2017": "I"}}, {"type": "Feature", "geometry": {"type": "Point", "coordinates": [-76.63236039562813, 39.30152022629961]}, "properties": {"Address": "601 MOSHER ST", "BlockLot": "0374 037", "Status": "Available", "Neighborhood": "Upton", "HousingMarketTypology2017": "Subsidized Rental Market"}}, {"type": "Feature", "geometry": {"type": "Point", "coordinates": [-76.63181312440686, 39.302219299102276]}, "properties": {"Address": " NWS 3FT ALLEY 1ST SE OF MOSHER ST, 16 FT NE OF BRUNT ST, REAR 549 MOSHER ST ", "BlockLot": "0375 026A", "Status": "Available", "Neighborhood": "Upton", "HousingMarketTypology2017": "Subsidized Rental Market"}}, {"type": "Feature", "geometry": {"type": "Point", "coordinates": [-76.63191916822042, 39.302249665259595]}, "properties": {"Address": "551 MOSHER ST", "BlockLot": "0375 027", "Status": "Available", "Neighborhood": "Upton", "HousingMarketTypology2017": "Subsidized Rental Market"}}, {"type": "Feature", "geometry": {"type": "Point", "coordinates": [-76.63189221859406, 39.30147098885477]}, "properties": {"Address": " NES PENNSYLVANIA AV, NEC W LAFAYETTE AV ", "BlockLot": "0375 083", "Status": "Available", "Neighborhood": "Upton", "HousingMarketTypology2017": "Subsidized Rental Market"}}, {"type": "Feature", "geometry": {"type": "Point", "coordinates": [-76.63057430251037, 39.29820852898087]}, "properties": {"Address": " NES SHIELDS PL 111 FT, SE OF DOLPHIN ST ", "BlockLot": "0431 043", "Status": "Available", "Neighborhood": "Upton", "HousingMarketTypology2017": "G"}}, {"type": "Feature", "geometry": {"type": "Point", "coordinates": [-76.63113646129895, 39.29821253001479]}, "properties": {"Address": "647 DOLPHIN ST", "BlockLot": "0431 044", "Status": "Available", "Neighborhood": "Upton", "HousingMarketTypology2017": "G"}}, {"type": "Feature", "geometry": {"type": "Point", "coordinates": [-76.63263356693041, 39.30126335545167]}, "properties": {"Address": "605 MOSHER ST", "BlockLot": "0374 030", "Status": "Available", "Neighborhood": "Upton", "HousingMarketTypology2017": "Subsidized Rental Market"}}, {"type": "Feature", "geometry": {"type": "Point", "coordinates": [-76.6024756162076, 39.30429494624284]}, "properties": {"Address": "1206 AISQUITH ST", "BlockLot": "1158 048", "Status": "Available", "Neighborhood": "Oliver", "HousingMarketTypology2017": "H"}}, {"type": "Feature", "geometry": {"type": "Point", "coordinates": [-76.60248254856702, 39.30423718074992]}, "properties": {"Address": "1204 AISQUITH ST", "BlockLot": "1158 049", "Status": "Available", "Neighborhood": "Oliver", "HousingMarketTypology2017": "H"}}, {"type": "Feature", "geometry": {"type": "Point", "coordinates": [-76.6030369642369, 39.304285930471124]}, "properties": {"Address": "1200 HOLBROOK ST", "BlockLot": "1158 069", "Status": "Available", "Neighborhood": "Oliver", "HousingMarketTypology2017": "H"}}, {"type": "Feature", "geometry": {"type": "Point", "coordinates": [-76.60303878037377, 39.30431815306923]}, "properties": {"Address": "1202 HOLBROOK ST", "BlockLot": "1158 070", "Status": "Available", "Neighborhood": "Oliver", "HousingMarketTypology2017": "H"}}, {"type": "Feature", "geometry": {"type": "Point", "coordinates": [-76.60304054850405, 39.30435004582789]}, "properties": {"Address": "1204 HOLBROOK ST", "BlockLot": "1158 071", "Status": "Available", "Neighborhood": "Oliver", "HousingMarketTypology2017": "H"}}, {"type": "Feature", "geometry": {"type": "Point", "coordinates": [-76.6030423023153, 39.304381597151064]}, "properties": {"Address": "1206 HOLBROOK ST", "BlockLot": "1158 072", "Status": "Available", "Neighborhood": "Oliver", "HousingMarketTypology2017": "H"}}, {"type": "Feature", "geometry": {"type": "Point", "coordinates": [-76.60304407243514, 39.30441313501763]}, "properties": {"Address": "1208 HOLBROOK ST", "BlockLot": "1158 073", "Status": "Available", "Neighborhood": "Oliver", "HousingMarketTypology2017": "H"}}, {"type": "Feature", "geometry": {"type": "Point", "coordinates": [-76.60304583675955, 39.30444467286427]}, "properties": {"Address": "1210 HOLBROOK ST", "BlockLot": "1158 074", "Status": "Available", "Neighborhood": "Oliver", "HousingMarketTypology2017": "H"}}, {"type": "Feature", "geometry": {"type": "Point", "coordinates": [-76.60304759984052, 39.30447622601927]}, "properties": {"Address": "1212 HOLBROOK ST", "BlockLot": "1158 075", "Status": "Available", "Neighborhood": "Oliver", "HousingMarketTypology2017": "H"}}, {"type": "Feature", "geometry": {"type": "Point", "coordinates": [-76.60304931777767, 39.304507766410865]}, "properties": {"Address": "1214 HOLBROOK ST", "BlockLot": "1158 076", "Status": "Available", "Neighborhood": "Oliver", "HousingMarketTypology2017": "H"}}, {"type": "Feature", "geometry": {"type": "Point", "coordinates": [-76.6030511899547, 39.30453930011711]}, "properties": {"Address": "1216 HOLBROOK ST", "BlockLot": "1158 077", "Status": "Available", "Neighborhood": "Oliver", "HousingMarketTypology2017": "H"}}, {"type": "Feature", "geometry": {"type": "Point", "coordinates": [-76.60305286263866, 39.30457084756119]}, "properties": {"Address": "1218 HOLBROOK ST", "BlockLot": "1158 078", "Status": "Available", "Neighborhood": "Oliver", "HousingMarketTypology2017": "H"}}, {"type": "Feature", "geometry": {"type": "Point", "coordinates": [-76.60305460721601, 39.30460239344626]}, "properties": {"Address": "1220 HOLBROOK ST", "BlockLot": "1158 079", "Status": "Available", "Neighborhood": "Oliver", "HousingMarketTypology2017": "H"}}, {"type": "Feature", "geometry": {"type": "Point", "coordinates": [-76.60305640161828, 39.30463394490393]}, "properties": {"Address": "1222 HOLBROOK ST", "BlockLot": "1158 080", "Status": "Available", "Neighborhood": "Oliver", "HousingMarketTypology2017": "H"}}, {"type": "Feature", "geometry": {"type": "Point", "coordinates": [-76.60305817983611, 39.30466548819972]}, "properties": {"Address": "1224 HOLBROOK ST", "BlockLot": "1158 081", "Status": "Available", "Neighborhood": "Oliver", "HousingMarketTypology2017": "H"}}, {"type": "Feature", "geometry": {"type": "Point", "coordinates": [-76.60305999441917, 39.304698406172534]}, "properties": {"Address": "1226 HOLBROOK ST", "BlockLot": "1158 082", "Status": "Available", "Neighborhood": "Oliver", "HousingMarketTypology2017": "H"}}, {"type": "Feature", "geometry": {"type": "Point", "coordinates": [-76.60276360640913, 39.30471089878097]}, "properties": {"Address": "1227 HOLBROOK ST", "BlockLot": "1158 083", "Status": "Available", "Neighborhood": "Oliver", "HousingMarketTypology2017": "H"}}, {"type": "Feature", "geometry": {"type": "Point", "coordinates": [-76.59175628103021, 39.308548310815944]}, "properties": {"Address": "1544 N WOLFE ST", "BlockLot": "1478 027", "Status": "Available", "Neighborhood": "Broadway East", "HousingMarketTypology2017": "I"}}, {"type": "Feature", "geometry": {"type": "Point", "coordinates": [-76.59175479722175, 39.30850736810266]}, "properties": {"Address": "1542 N WOLFE ST", "BlockLot": "1478 028", "Status": "Available", "Neighborhood": "Broadway East", "HousingMarketTypology2017": "I"}}, {"type": "Feature", "geometry": {"type": "Point", "coordinates": [-76.59174675632616, 39.308395979700904]}, "properties": {"Address": "1536 N WOLFE ST", "BlockLot": "1478 031", "Status": "Available", "Neighborhood": "Broadway East", "HousingMarketTypology2017": "I"}}, {"type": "Feature", "geometry": {"type": "Point", "coordinates": [-76.60297959171213, 39.30865386669401]}, "properties": {"Address": "1611 HOLBROOK ST", "BlockLot": "1113 032", "Status": "Available", "Neighborhood": "Oliver", "HousingMarketTypology2017": "G"}}, {"type": "Feature", "geometry": {"type": "Point", "coordinates": [-76.60297331197064, 39.308545762024764]}, "properties": {"Address": "1605 HOLBROOK ST", "BlockLot": "1113 035", "Status": "Available", "Neighborhood": "Oliver", "HousingMarketTypology2017": "G"}}, {"type": "Feature", "geometry": {"type": "Point", "coordinates": [-76.60276168870615, 39.30467716526994]}, "properties": {"Address": "1225 HOLBROOK ST", "BlockLot": "1158 084", "Status": "Available", "Neighborhood": "Oliver", "HousingMarketTypology2017": "H"}}, {"type": "Feature", "geometry": {"type": "Point", "coordinates": [-76.60275983247067, 39.304643842711315]}, "properties": {"Address": "1223 HOLBROOK ST", "BlockLot": "1158 085", "Status": "Available", "Neighborhood": "Oliver", "HousingMarketTypology2017": "H"}}, {"type": "Feature", "geometry": {"type": "Point", "coordinates": [-76.60275803300652, 39.30461156251964]}, "properties": {"Address": "1221 HOLBROOK ST", "BlockLot": "1158 086", "Status": "Available", "Neighborhood": "Oliver", "HousingMarketTypology2017": "H"}}, {"type": "Feature", "geometry": {"type": "Point", "coordinates": [-76.60275617120959, 39.30457819850666]}, "properties": {"Address": "1219 HOLBROOK ST", "BlockLot": "1158 087", "Status": "Available", "Neighborhood": "Oliver", "HousingMarketTypology2017": "H"}}, {"type": "Feature", "geometry": {"type": "Point", "coordinates": [-76.60275435416128, 39.30454595338431]}, "properties": {"Address": "1217 HOLBROOK ST", "BlockLot": "1158 088", "Status": "Available", "Neighborhood": "Oliver", "HousingMarketTypology2017": "H"}}, {"type": "Feature", "geometry": {"type": "Point", "coordinates": [-76.6027526461723, 39.30451473008831]}, "properties": {"Address": "1215 HOLBROOK ST", "BlockLot": "1158 089", "Status": "Available", "Neighborhood": "Oliver", "HousingMarketTypology2017": "H"}}, {"type": "Feature", "geometry": {"type": "Point", "coordinates": [-76.60275086438998, 39.304483020133944]}, "properties": {"Address": "1213 HOLBROOK ST", "BlockLot": "1158 090", "Status": "Available", "Neighborhood": "Oliver", "HousingMarketTypology2017": "H"}}, {"type": "Feature", "geometry": {"type": "Point", "coordinates": [-76.60274919273546, 39.30444924331511]}, "properties": {"Address": "1211 HOLBROOK ST", "BlockLot": "1158 091", "Status": "Available", "Neighborhood": "Oliver", "HousingMarketTypology2017": "H"}}, {"type": "Feature", "geometry": {"type": "Point", "coordinates": [-76.60275685444459, 39.304413781208105]}, "properties": {"Address": "1209 HOLBROOK ST", "BlockLot": "1158 092", "Status": "Available", "Neighborhood": "Oliver", "HousingMarketTypology2017": "H"}}, {"type": "Feature", "geometry": {"type": "Point", "coordinates": [-76.60275461360152, 39.30438143917118]}, "properties": {"Address": "1207 HOLBROOK ST", "BlockLot": "1158 093", "Status": "Available", "Neighborhood": "Oliver", "HousingMarketTypology2017": "H"}}, {"type": "Feature", "geometry": {"type": "Point", "coordinates": [-76.60275469182515, 39.304350913693554]}, "properties": {"Address": "1205 HOLBROOK ST", "BlockLot": "1158 094", "Status": "Available", "Neighborhood": "Oliver", "HousingMarketTypology2017": "H"}}, {"type": "Feature", "geometry": {"type": "Point", "coordinates": [-76.6027580074542, 39.304300659979106]}, "properties": {"Address": "1201-1203 HOLBROOK ST", "BlockLot": "1158 095", "Status": "Available", "Neighborhood": "Oliver", "HousingMarketTypology2017": "H"}}, {"type": "Feature", "geometry": {"type": "Point", "coordinates": [-76.60288133946304, 39.306812824155664]}, "properties": {"Address": "1423 HOLBROOK ST", "BlockLot": "1132 039", "Status": "Available", "Neighborhood": "Oliver", "HousingMarketTypology2017": "H"}}, {"type": "Feature", "geometry": {"type": "Point", "coordinates": [-76.60287112629902, 39.306637381819975]}, "properties": {"Address": "1413 HOLBROOK ST", "BlockLot": "1132 044", "Status": "Available", "Neighborhood": "Oliver", "HousingMarketTypology2017": "H"}}, {"type": "Feature", "geometry": {"type": "Point", "coordinates": [-76.60286080322314, 39.30646025018476]}, "properties": {"Address": "1403 HOLBROOK ST", "BlockLot": "1132 049", "Status": "Available", "Neighborhood": "Oliver", "HousingMarketTypology2017": "H"}}, {"type": "Feature", "geometry": {"type": "Point", "coordinates": [-76.58259254442859, 39.31081731635238]}, "properties": {"Address": "1737 N MILTON AVE", "BlockLot": "1455 046", "Status": "Available", "Neighborhood": "Berea", "HousingMarketTypology2017": "I"}}, {"type": "Feature", "geometry": {"type": "Point", "coordinates": [-76.58260093236343, 39.31101962886386]}, "properties": {"Address": "1747 N MILTON AVE", "BlockLot": "1455 050", "Status": "Available", "Neighborhood": "Berea", "HousingMarketTypology2017": "I"}}, {"type": "Feature", "geometry": {"type": "Point", "coordinates": [-76.58262194166676, 39.31110275136089]}, "properties": {"Address": "1803 N MILTON AVE", "BlockLot": "1455 052", "Status": "Available", "Neighborhood": "Berea", "HousingMarketTypology2017": "I"}}, {"type": "Feature", "geometry": {"type": "Point", "coordinates": [-76.58262636928055, 39.311218888905536]}, "properties": {"Address": "1809 N MILTON AVE", "BlockLot": "1455 055", "Status": "Available", "Neighborhood": "Berea", "HousingMarketTypology2017": "I"}}, {"type": "Feature", "geometry": {"type": "Point", "coordinates": [-76.59714515706915, 39.304670493378445]}, "properties": {"Address": "1211 N DALLAS ST", "BlockLot": "1163 067", "Status": "Available", "Neighborhood": "Oliver", "HousingMarketTypology2017": "E"}}, {"type": "Feature", "geometry": {"type": "Point", "coordinates": [-76.59745232942356, 39.30022232249961]}, "properties": {"Address": "835 N CAROLINE ST", "BlockLot": "1227 045", "Status": "Available", "Neighborhood": "Gay Street", "HousingMarketTypology2017": "G"}}, {"type": "Feature", "geometry": {"type": "Point", "coordinates": [-76.5961631206777, 39.30568153203591]}, "properties": {"Address": "1603 Ellsworth St", "BlockLot": "1151 060", "Status": "Available", "Neighborhood": "Oliver", "HousingMarketTypology2017": "I"}}, {"type": "Feature", "geometry": {"type": "Point", "coordinates": [-76.59608151639553, 39.305684877993755]}, "properties": {"Address": "1607 Ellsworth St", "BlockLot": "1151 062", "Status": "Available", "Neighborhood": "Oliver", "HousingMarketTypology2017": "I"}}, {"type": "Feature", "geometry": {"type": "Point", "coordinates": [-76.5960021168676, 39.3056881017664]}, "properties": {"Address": "1611 Ellsworth St", "BlockLot": "1151 064", "Status": "Available", "Neighborhood": "Oliver", "HousingMarketTypology2017": "I"}}, {"type": "Feature", "geometry": {"type": "Point", "coordinates": [-76.5959624123453, 39.305689734333654]}, "properties": {"Address": "1613 ELLSWORTH ST", "BlockLot": "1151 065", "Status": "Available", "Neighborhood": "Oliver", "HousingMarketTypology2017": "I"}}, {"type": "Feature", "geometry": {"type": "Point", "coordinates": [-76.59591374566345, 39.30569173960637]}, "properties": {"Address": "1615 ELLSWORTH ST", "BlockLot": "1151 066", "Status": "Available", "Neighborhood": "Oliver", "HousingMarketTypology2017": "I"}}, {"type": "Feature", "geometry": {"type": "Point", "coordinates": [-76.5958567131227, 39.30569405476991]}, "properties": {"Address": "1617 ELLSWORTH ST", "BlockLot": "1151 067", "Status": "Available", "Neighborhood": "Oliver", "HousingMarketTypology2017": "I"}}, {"type": "Feature", "geometry": {"type": "Point", "coordinates": [-76.59580689428628, 39.30569620736271]}, "properties": {"Address": "1619 ELLSWORTH ST", "BlockLot": "1151 068", "Status": "Available", "Neighborhood": "Oliver", "HousingMarketTypology2017": "I"}}, {"type": "Feature", "geometry": {"type": "Point", "coordinates": [-76.59576359648034, 39.30569787794474]}, "properties": {"Address": "1621 ELLSWORTH ST", "BlockLot": "1151 069", "Status": "Available", "Neighborhood": "Oliver", "HousingMarketTypology2017": "I"}}, {"type": "Feature", "geometry": {"type": "Point", "coordinates": [-76.59572144163754, 39.30569958847353]}, "properties": {"Address": "1623 Ellsworth St", "BlockLot": "1151 070", "Status": "Available", "Neighborhood": "Oliver", "HousingMarketTypology2017": "I"}}, {"type": "Feature", "geometry": {"type": "Point", "coordinates": [-76.59559400615846, 39.30570480760398]}, "properties": {"Address": "1629 ELLSWORTH ST", "BlockLot": "1151 073", "Status": "Available", "Neighborhood": "Oliver", "HousingMarketTypology2017": "I"}}, {"type": "Feature", "geometry": {"type": "Point", "coordinates": [-76.59555059877802, 39.305706579515935]}, "properties": {"Address": "1631 Ellsworth St", "BlockLot": "1151 074", "Status": "Available", "Neighborhood": "Oliver", "HousingMarketTypology2017": "I"}}, {"type": "Feature", "geometry": {"type": "Point", "coordinates": [-76.59550747552096, 39.305708339779315]}, "properties": {"Address": "1633 ELLSWORTH ST", "BlockLot": "1151 075", "Status": "Available", "Neighborhood": "Oliver", "HousingMarketTypology2017": "I"}}, {"type": "Feature", "geometry": {"type": "Point", "coordinates": [-76.59546251410556, 39.30571018197268]}, "properties": {"Address": "1635 Ellsworth St", "BlockLot": "1151 076", "Status": "Available", "Neighborhood": "Oliver", "HousingMarketTypology2017": "I"}}, {"type": "Feature", "geometry": {"type": "Point", "coordinates": [-76.59536790737809, 39.305714036635045]}, "properties": {"Address": "1639 Ellsworth St", "BlockLot": "1151 078", "Status": "Available", "Neighborhood": "Oliver", "HousingMarketTypology2017": "I"}}, {"type": "Feature", "geometry": {"type": "Point", "coordinates": [-76.5923769591926, 39.30936525774081]}, "properties": {"Address": "1626 N DURHAM ST", "BlockLot": "1467 066", "Status": "Available", "Neighborhood": "Broadway East", "HousingMarketTypology2017": "I"}}, {"type": "Feature", "geometry": {"type": "Point", "coordinates": [-76.58768720438587, 39.307083249035735]}, "properties": {"Address": "2125 Llewelyn Ave", "BlockLot": "1501 019", "Status": "Available", "Neighborhood": "Broadway East", "HousingMarketTypology2017": "J"}}, {"type": "Feature", "geometry": {"type": "Point", "coordinates": [-76.5878970122685, 39.30707287601078]}, "properties": {"Address": "2115 LLEWELYN AVE", "BlockLot": "1501 024", "Status": "Available", "Neighborhood": "Broadway East", "HousingMarketTypology2017": "J"}}, {"type": "Feature", "geometry": {"type": "Point", "coordinates": [-76.63320812023014, 39.30657532310077]}, "properties": {"Address": "1810 MCCULLOH ST", "BlockLot": "0329 006", "Status": "Available", "Neighborhood": "Druid Heights", "HousingMarketTypology2017": "E"}}, {"type": "Feature", "geometry": {"type": "Point", "coordinates": [-76.6338316771493, 39.29855995528146]}, "properties": {"Address": "817 N FREMONT AVE", "BlockLot": "0392 043", "Status": "Available", "Neighborhood": "Upton", "HousingMarketTypology2017": "G"}}, {"type": "Feature", "geometry": {"type": "Point", "coordinates": [-76.6338003830785, 39.29850938653362]}, "properties": {"Address": "815 N FREMONT AVE", "BlockLot": "0392 044", "Status": "Available", "Neighborhood": "Upton", "HousingMarketTypology2017": "G"}}, {"type": "Feature", "geometry": {"type": "Point", "coordinates": [-76.58355490755831, 39.31077179902694]}, "properties": {"Address": "1725 N PORT ST", "BlockLot": "1464 055", "Status": "Available", "Neighborhood": "Broadway East", "HousingMarketTypology2017": "J"}}, {"type": "Feature", "geometry": {"type": "Point", "coordinates": [-76.58390763973603, 39.310229654987985]}, "properties": {"Address": "1706 N PORT ST", "BlockLot": "1464 059", "Status": "Available", "Neighborhood": "Broadway East", "HousingMarketTypology2017": "J"}}, {"type": "Feature", "geometry": {"type": "Point", "coordinates": [-76.58390987676425, 39.31026200454853]}, "properties": {"Address": "1708 N PORT ST", "BlockLot": "1464 060", "Status": "Available", "Neighborhood": "Broadway East", "HousingMarketTypology2017": "J"}}, {"type": "Feature", "geometry": {"type": "Point", "coordinates": [-76.58393043171723, 39.310558563810766]}, "properties": {"Address": "1726 N PORT ST", "BlockLot": "1464 069", "Status": "Available", "Neighborhood": "Broadway East", "HousingMarketTypology2017": "J"}}, {"type": "Feature", "geometry": {"type": "Point", "coordinates": [-76.58541754906446, 39.30769095098602]}, "properties": {"Address": "1437 N Patterson Park Ave", "BlockLot": "1503 019", "Status": "Available", "Neighborhood": "Broadway East", "HousingMarketTypology2017": "J"}}, {"type": "Feature", "geometry": {"type": "Point", "coordinates": [-76.62953842608668, 39.30164598241993]}, "properties": {"Address": " SWS 3 FT ALLEY 1ST, SW OF ETTING ST REAR, 1306 ETTING ST ", "BlockLot": "0396 074", "Status": "Available", "Neighborhood": "Upton", "HousingMarketTypology2017": "H"}}, {"type": "Feature", "geometry": {"type": "Point", "coordinates": [-76.5851994254656, 39.30816383857811]}, "properties": {"Address": "1500 N BRADFORD ST", "BlockLot": "1484 064", "Status": "Available", "Neighborhood": "Broadway East", "HousingMarketTypology2017": "J"}}, {"type": "Feature", "geometry": {"type": "Point", "coordinates": [-76.58521678166986, 39.30842668199675]}, "properties": {"Address": "1516 N BRADFORD ST", "BlockLot": "1484 072", "Status": "Available", "Neighborhood": "Broadway East", "HousingMarketTypology2017": "J"}}, {"type": "Feature", "geometry": {"type": "Point", "coordinates": [-76.58629709564181, 39.308453941562675]}, "properties": {"Address": "1517 N MADEIRA ST", "BlockLot": "1483 077", "Status": "Available", "Neighborhood": "Broadway East", "HousingMarketTypology2017": "J"}}, {"type": "Feature", "geometry": {"type": "Point", "coordinates": [-76.5862949848605, 39.30841786064472]}, "properties": {"Address": "1515 N MADEIRA ST", "BlockLot": "1483 078", "Status": "Available", "Neighborhood": "Broadway East", "HousingMarketTypology2017": "J"}}, {"type": "Feature", "geometry": {"type": "Point", "coordinates": [-76.58629292069743, 39.30838154028923]}, "properties": {"Address": "1513 N MADEIRA ST", "BlockLot": "1483 079", "Status": "Available", "Neighborhood": "Broadway East", "HousingMarketTypology2017": "J"}}, {"type": "Feature", "geometry": {"type": "Point", "coordinates": [-76.58628462996694, 39.308238327780195]}, "properties": {"Address": "1505 N MADEIRA ST", "BlockLot": "1483 083", "Status": "Available", "Neighborhood": "Broadway East", "HousingMarketTypology2017": "J"}}, {"type": "Feature", "geometry": {"type": "Point", "coordinates": [-76.58628255590644, 39.30820231454559]}, "properties": {"Address": "1503 N MADEIRA ST", "BlockLot": "1483 084", "Status": "Available", "Neighborhood": "Broadway East", "HousingMarketTypology2017": "J"}}, {"type": "Feature", "geometry": {"type": "Point", "coordinates": [-76.58628024112319, 39.30816761646801]}, "properties": {"Address": "1501 N MADEIRA ST", "BlockLot": "1483 085", "Status": "Available", "Neighborhood": "Broadway East", "HousingMarketTypology2017": "J"}}, {"type": "Feature", "geometry": {"type": "Point", "coordinates": [-76.58549319677734, 39.30869948759854]}, "properties": {"Address": "1543 N PATTERSON PARK AVE", "BlockLot": "1484 022", "Status": "Available", "Neighborhood": "Broadway East", "HousingMarketTypology2017": "J"}}, {"type": "Feature", "geometry": {"type": "Point", "coordinates": [-76.58240218960734, 39.3081432021073]}, "properties": {"Address": "2502 E OLIVER ST", "BlockLot": "1486 044", "Status": "Available", "Neighborhood": "Berea", "HousingMarketTypology2017": "J"}}, {"type": "Feature", "geometry": {"type": "Point", "coordinates": [-76.5824470718796, 39.308140947574564]}, "properties": {"Address": "2500 E OLIVER ST", "BlockLot": "1486 045", "Status": "Available", "Neighborhood": "Berea", "HousingMarketTypology2017": "J"}}, {"type": "Feature", "geometry": {"type": "Point", "coordinates": [-76.66086557884204, 39.28869927736886]}, "properties": {"Address": "2750 W FAIRMOUNT AVE", "BlockLot": "2169 029", "Status": "Available", "Neighborhood": "Shipley Hill", "HousingMarketTypology2017": "J"}}, {"type": "Feature", "geometry": {"type": "Point", "coordinates": [-76.589603941337, 39.30622363294591]}, "properties": {"Address": "2002 ELLSWORTH ST", "BlockLot": "1517 105", "Status": "Available", "Neighborhood": "Broadway East", "HousingMarketTypology2017": "I"}}, {"type": "Feature", "geometry": {"type": "Point", "coordinates": [-76.58908592824494, 39.30624286245596]}, "properties": {"Address": "2026 ELLSWORTH ST", "BlockLot": "1517 117", "Status": "Available", "Neighborhood": "Broadway East", "HousingMarketTypology2017": "I"}}, {"type": "Feature", "geometry": {"type": "Point", "coordinates": [-76.58904442953249, 39.30624670677798]}, "properties": {"Address": "2028 ELLSWORTH ST", "BlockLot": "1517 118", "Status": "Available", "Neighborhood": "Broadway East", "HousingMarketTypology2017": "I"}}, {"type": "Feature", "geometry": {"type": "Point", "coordinates": [-76.58900211747748, 39.306248449477295]}, "properties": {"Address": "2030 ELLSWORTH ST", "BlockLot": "1517 119", "Status": "Available", "Neighborhood": "Broadway East", "HousingMarketTypology2017": "I"}}, {"type": "Feature", "geometry": {"type": "Point", "coordinates": [-76.58887325623945, 39.30625374641196]}, "properties": {"Address": "2036 ELLSWORTH ST", "BlockLot": "1517 122", "Status": "Available", "Neighborhood": "Broadway East", "HousingMarketTypology2017": "I"}}, {"type": "Feature", "geometry": {"type": "Point", "coordinates": [-76.58517844739585, 39.306600212307025]}, "properties": {"Address": "2301 E HOFFMAN ST", "BlockLot": "1519 043", "Status": "Available", "Neighborhood": "Broadway East", "HousingMarketTypology2017": "J"}}, {"type": "Feature", "geometry": {"type": "Point", "coordinates": [-76.58309502695563, 39.30599849232486]}, "properties": {"Address": "2438 E PRESTON ST", "BlockLot": "1520 017", "Status": "Available", "Neighborhood": "Broadway East", "HousingMarketTypology2017": "J"}}, {"type": "Feature", "geometry": {"type": "Point", "coordinates": [-76.58693051444679, 39.31032434408651]}, "properties": {"Address": "1732 N GAY ST", "BlockLot": "1451 004", "Status": "Available", "Neighborhood": "Broadway East", "HousingMarketTypology2017": "J"}}, {"type": "Feature", "geometry": {"type": "Point", "coordinates": [-76.58614311506646, 39.31227678407914]}, "properties": {"Address": "2243 E NORTH AVE", "BlockLot": "1451 017", "Status": "Available", "Neighborhood": "Broadway East", "HousingMarketTypology2017": "J"}}, {"type": "Feature", "geometry": {"type": "Point", "coordinates": [-76.58256633554227, 39.30603145570713]}, "properties": {"Address": "2500-2502 E PRESTON ST", "BlockLot": "1521 001", "Status": "Available", "Neighborhood": "Berea", "HousingMarketTypology2017": "J"}}, {"type": "Feature", "geometry": {"type": "Point", "coordinates": [-76.58202813610754, 39.306418762333145]}, "properties": {"Address": "1301 N Rose St", "BlockLot": "1521 024", "Status": "Available", "Neighborhood": "Berea", "HousingMarketTypology2017": "I"}}, {"type": "Feature", "geometry": {"type": "Point", "coordinates": [-76.60264103055361, 39.30806405333801]}, "properties": {"Address": "1550 AISQUITH ST", "BlockLot": "1122 020", "Status": "Available", "Neighborhood": "Oliver", "HousingMarketTypology2017": "H"}}, {"type": "Feature", "geometry": {"type": "Point", "coordinates": [-76.6029697139379, 39.30847227343964]}, "properties": {"Address": "1601 HOLBROOK ST", "BlockLot": "1113 037", "Status": "Available", "Neighborhood": "Oliver", "HousingMarketTypology2017": "G"}}, {"type": "Feature", "geometry": {"type": "Point", "coordinates": [-76.60285886540242, 39.30590832602287]}, "properties": {"Address": " SS E HOFFMAN ST SEC HOLBROOK ST ", "BlockLot": "1145 038", "Status": "Available", "Neighborhood": "Oliver", "HousingMarketTypology2017": "H"}}, {"type": "Feature", "geometry": {"type": "Point", "coordinates": [-76.59900285448668, 39.30560245631882]}, "properties": {"Address": "1308 N SPRING ST", "BlockLot": "1149A037", "Status": "Available", "Neighborhood": "Oliver", "HousingMarketTypology2017": "I"}}, {"type": "Feature", "geometry": {"type": "Point", "coordinates": [-76.5974107366933, 39.307561655286214]}, "properties": {"Address": "1508 E Oliver St", "BlockLot": "1126 035", "Status": "Available", "Neighborhood": "Oliver", "HousingMarketTypology2017": "I"}}, {"type": "Feature", "geometry": {"type": "Point", "coordinates": [-76.59762907640746, 39.307716490961774]}, "properties": {"Address": "1502 N DALLAS ST", "BlockLot": "1126 062", "Status": "Available", "Neighborhood": "Oliver", "HousingMarketTypology2017": "I"}}, {"type": "Feature", "geometry": {"type": "Point", "coordinates": [-76.58837236166535, 39.31117458609134]}, "properties": {"Address": "1809 N CHESTER ST", "BlockLot": "1450 005", "Status": "Available", "Neighborhood": "Broadway East", "HousingMarketTypology2017": "J"}}, {"type": "Feature", "geometry": {"type": "Point", "coordinates": [-76.58716742556771, 39.3110008343128]}, "properties": {"Address": "1803 N COLLINGTON AVE", "BlockLot": "1451 068", "Status": "Available", "Neighborhood": "Broadway East", "HousingMarketTypology2017": "J"}}, {"type": "Feature", "geometry": {"type": "Point", "coordinates": [-76.58715925342437, 39.31044033565587]}, "properties": {"Address": "1705 N COLLINGTON AVE", "BlockLot": "1451 079", "Status": "Available", "Neighborhood": "Broadway East", "HousingMarketTypology2017": "J"}}, {"type": "Feature", "geometry": {"type": "Point", "coordinates": [-76.58182619078919, 39.30650494165201]}, "properties": {"Address": "2526 GROGAN AVE", "BlockLot": "1521 067", "Status": "Available", "Neighborhood": "Berea", "HousingMarketTypology2017": "I"}}, {"type": "Feature", "geometry": {"type": "Point", "coordinates": [-76.59368379718033, 39.31031481410174]}, "properties": {"Address": "1720 TERRELL PL", "BlockLot": "1456 105", "Status": "Available", "Neighborhood": "Broadway East", "HousingMarketTypology2017": "I"}}, {"type": "Feature", "geometry": {"type": "Point", "coordinates": [-76.59364173011123, 39.310316501676326]}, "properties": {"Address": "1722 TERRELL PL", "BlockLot": "1456 106", "Status": "Available", "Neighborhood": "Broadway East", "HousingMarketTypology2017": "I"}}, {"type": "Feature", "geometry": {"type": "Point", "coordinates": [-76.5935999818706, 39.31031819484228]}, "properties": {"Address": "1724 TERRELL PL", "BlockLot": "1456 107", "Status": "Available", "Neighborhood": "Broadway East", "HousingMarketTypology2017": "I"}}, {"type": "Feature", "geometry": {"type": "Point", "coordinates": [-76.59355823361254, 39.31031989069562]}, "properties": {"Address": "1726 TERRELL PL", "BlockLot": "1456 108", "Status": "Available", "Neighborhood": "Broadway East", "HousingMarketTypology2017": "I"}}, {"type": "Feature", "geometry": {"type": "Point", "coordinates": [-76.59347473842018, 39.31032325263744]}, "properties": {"Address": "1730 TERRELL PL", "BlockLot": "1456 110", "Status": "Available", "Neighborhood": "Broadway East", "HousingMarketTypology2017": "I"}}, {"type": "Feature", "geometry": {"type": "Point", "coordinates": [-76.59343298678615, 39.31032492951872]}, "properties": {"Address": "1732 TERRELL PL", "BlockLot": "1456 111", "Status": "Available", "Neighborhood": "Broadway East", "HousingMarketTypology2017": "I"}}, {"type": "Feature", "geometry": {"type": "Point", "coordinates": [-76.59362851954708, 39.31011138730562]}, "properties": {"Address": "1723 TERRELL PL", "BlockLot": "1456 115", "Status": "Available", "Neighborhood": "Broadway East", "HousingMarketTypology2017": "I"}}, {"type": "Feature", "geometry": {"type": "Point", "coordinates": [-76.64563851519877, 39.29118609905945]}, "properties": {"Address": "224 N FULTON AVE", "BlockLot": "0163 071", "Status": "Available", "Neighborhood": "Franklin Square", "HousingMarketTypology2017": "J"}}, {"type": "Feature", "geometry": {"type": "Point", "coordinates": [-76.65066176955285, 39.290246268707456]}, "properties": {"Address": "2115 W LEXINGTON ST", "BlockLot": "0175 008", "Status": "Available", "Neighborhood": "Penrose/Fayette Street Outreach", "HousingMarketTypology2017": "J"}}, {"type": "Feature", "geometry": {"type": "Point", "coordinates": [-76.64450864621826, 39.29119691928084]}, "properties": {"Address": "215 N BRUCE ST", "BlockLot": "0164 088", "Status": "Available", "Neighborhood": "Franklin Square", "HousingMarketTypology2017": "G"}}, {"type": "Feature", "geometry": {"type": "Point", "coordinates": [-76.64477199174172, 39.290919472458974]}, "properties": {"Address": "202 N BRUCE ST", "BlockLot": "0164 093", "Status": "Available", "Neighborhood": "Franklin Square", "HousingMarketTypology2017": "G"}}, {"type": "Feature", "geometry": {"type": "Point", "coordinates": [-76.64477256021873, 39.29094993242844]}, "properties": {"Address": "204 N BRUCE ST", "BlockLot": "0164 094", "Status": "Available", "Neighborhood": "Franklin Square", "HousingMarketTypology2017": "G"}}, {"type": "Feature", "geometry": {"type": "Point", "coordinates": [-76.6447732576657, 39.29098033243683]}, "properties": {"Address": "206 N BRUCE ST", "BlockLot": "0164 095", "Status": "Available", "Neighborhood": "Franklin Square", "HousingMarketTypology2017": "G"}}, {"type": "Feature", "geometry": {"type": "Point", "coordinates": [-76.64477397596917, 39.29101073430945]}, "properties": {"Address": "208 N BRUCE ST", "BlockLot": "0164 096", "Status": "Available", "Neighborhood": "Franklin Square", "HousingMarketTypology2017": "G"}}, {"type": "Feature", "geometry": {"type": "Point", "coordinates": [-76.64477469774629, 39.291041137093124]}, "properties": {"Address": "210 N BRUCE ST", "BlockLot": "0164 097", "Status": "Available", "Neighborhood": "Franklin Square", "HousingMarketTypology2017": "G"}}, {"type": "Feature", "geometry": {"type": "Point", "coordinates": [-76.64479576998735, 39.29161211503886]}, "properties": {"Address": "242 N BRUCE ST", "BlockLot": "0164 113", "Status": "Available", "Neighborhood": "Franklin Square", "HousingMarketTypology2017": "G"}}, {"type": "Feature", "geometry": {"type": "Point", "coordinates": [-76.6447976554879, 39.291644625506976]}, "properties": {"Address": "244 N BRUCE ST", "BlockLot": "0164 114", "Status": "Available", "Neighborhood": "Franklin Square", "HousingMarketTypology2017": "G"}}, {"type": "Feature", "geometry": {"type": "Point", "coordinates": [-76.64481717499042, 39.29167660199567]}, "properties": {"Address": "246 N BRUCE ST", "BlockLot": "0164 115", "Status": "Available", "Neighborhood": "Franklin Square", "HousingMarketTypology2017": "G"}}, {"type": "Feature", "geometry": {"type": "Point", "coordinates": [-76.64481907705141, 39.291709511548824]}, "properties": {"Address": "248 N BRUCE ST", "BlockLot": "0164 116", "Status": "Available", "Neighborhood": "Franklin Square", "HousingMarketTypology2017": "G"}}, {"type": "Feature", "geometry": {"type": "Point", "coordinates": [-76.64482096637218, 39.29174241926162]}, "properties": {"Address": "250 N BRUCE ST", "BlockLot": "0164 117", "Status": "Available", "Neighborhood": "Franklin Square", "HousingMarketTypology2017": "G"}}, {"type": "Feature", "geometry": {"type": "Point", "coordinates": [-76.6448228974206, 39.29177532800093]}, "properties": {"Address": "252 N BRUCE ST", "BlockLot": "0164 118", "Status": "Available", "Neighborhood": "Franklin Square", "HousingMarketTypology2017": "G"}}, {"type": "Feature", "geometry": {"type": "Point", "coordinates": [-76.64482674508037, 39.29184102022943]}, "properties": {"Address": "256 N BRUCE ST", "BlockLot": "0164 120", "Status": "Available", "Neighborhood": "Franklin Square", "HousingMarketTypology2017": "G"}}, {"type": "Feature", "geometry": {"type": "Point", "coordinates": [-76.6432114228003, 39.291912764783596]}, "properties": {"Address": "1615 W SARATOGA ST", "BlockLot": "0165 024", "Status": "Available", "Neighborhood": "Franklin Square", "HousingMarketTypology2017": "G"}}, {"type": "Feature", "geometry": {"type": "Point", "coordinates": [-76.64314796971517, 39.29174474365374]}, "properties": {"Address": "237 N VINCENT ST", "BlockLot": "0165 067A", "Status": "Available", "Neighborhood": "Franklin Square", "HousingMarketTypology2017": "G"}}, {"type": "Feature", "geometry": {"type": "Point", "coordinates": [-76.64468967976725, 39.28974885599314]}, "properties": {"Address": "1718 W FAYETTE ST", "BlockLot": "0179 036", "Status": "Available", "Neighborhood": "Franklin Square", "HousingMarketTypology2017": "G"}}, {"type": "Feature", "geometry": {"type": "Point", "coordinates": [-76.65228142293633, 39.286097827093094]}, "properties": {"Address": "139-141 MCPHAIL ST", "BlockLot": "0221 014", "Status": "Available", "Neighborhood": "Shipley Hill", "HousingMarketTypology2017": "J"}}, {"type": "Feature", "geometry": {"type": "Point", "coordinates": [-76.65227372860491, 39.28598105236083]}, "properties": {"Address": "143-145 MCPHAIL ST", "BlockLot": "0221 015", "Status": "Available", "Neighborhood": "Shipley Hill", "HousingMarketTypology2017": "J"}}, {"type": "Feature", "geometry": {"type": "Point", "coordinates": [-76.65027934237875, 39.28680256773105]}, "properties": {"Address": "2107 HOLLINS ST", "BlockLot": "0222 004", "Status": "Available", "Neighborhood": "Boyd-Booth", "HousingMarketTypology2017": "J"}}, {"type": "Feature", "geometry": {"type": "Point", "coordinates": [-76.65021033530702, 39.286450739981106]}, "properties": {"Address": "32 S PULASKI ST", "BlockLot": "0222 100", "Status": "Available", "Neighborhood": "Boyd-Booth", "HousingMarketTypology2017": "J"}}, {"type": "Feature", "geometry": {"type": "Point", "coordinates": [-76.64984390089144, 39.286818958794456]}, "properties": {"Address": "2047 HOLLINS ST", "BlockLot": "0223 024", "Status": "Available", "Neighborhood": "Boyd-Booth", "HousingMarketTypology2017": "J"}}, {"type": "Feature", "geometry": {"type": "Point", "coordinates": [-76.64889397480789, 39.28486858168723]}, "properties": {"Address": "2011 W PRATT ST", "BlockLot": "0258 006", "Status": "Available", "Neighborhood": "Carrollton Ridge", "HousingMarketTypology2017": "J"}}, {"type": "Feature", "geometry": {"type": "Point", "coordinates": [-76.64523765311446, 39.28481635399322]}, "properties": {"Address": "210 S FULTON AVE", "BlockLot": "0260 074", "Status": "Available", "Neighborhood": "Carrollton Ridge", "HousingMarketTypology2017": "I"}}, {"type": "Feature", "geometry": {"type": "Point", "coordinates": [-76.64547661350639, 39.284636905372544]}, "properties": {"Address": "1807 DOVER ST", "BlockLot": "0260 080", "Status": "Available", "Neighborhood": "Carrollton Ridge", "HousingMarketTypology2017": "I"}}, {"type": "Feature", "geometry": {"type": "Point", "coordinates": [-76.64552203139739, 39.28463493375788]}, "properties": {"Address": "1809 DOVER ST", "BlockLot": "0260 081", "Status": "Available", "Neighborhood": "Carrollton Ridge", "HousingMarketTypology2017": "I"}}, {"type": "Feature", "geometry": {"type": "Point", "coordinates": [-76.64556607673329, 39.28463300302225]}, "properties": {"Address": "1811 DOVER ST", "BlockLot": "0260 082", "Status": "Available", "Neighborhood": "Carrollton Ridge", "HousingMarketTypology2017": "I"}}, {"type": "Feature", "geometry": {"type": "Point", "coordinates": [-76.64579882722371, 39.28462288243468]}, "properties": {"Address": "1821 DOVER ST", "BlockLot": "0260 087", "Status": "Available", "Neighborhood": "Carrollton Ridge", "HousingMarketTypology2017": "I"}}, {"type": "Feature", "geometry": {"type": "Point", "coordinates": [-76.64597059446763, 39.28463448859981]}, "properties": {"Address": "1825 DOVER ST", "BlockLot": "0260 088", "Status": "Available", "Neighborhood": "Carrollton Ridge", "HousingMarketTypology2017": "I"}}, {"type": "Feature", "geometry": {"type": "Point", "coordinates": [-76.64619073955821, 39.28462537232477]}, "properties": {"Address": "1835 DOVER ST", "BlockLot": "0260 094", "Status": "Available", "Neighborhood": "Carrollton Ridge", "HousingMarketTypology2017": "I"}}, {"type": "Feature", "geometry": {"type": "Point", "coordinates": [-76.64620334980515, 39.284824426063146]}, "properties": {"Address": "1832 DOVER ST", "BlockLot": "0260 101", "Status": "Available", "Neighborhood": "Carrollton Ridge", "HousingMarketTypology2017": "I"}}, {"type": "Feature", "geometry": {"type": "Point", "coordinates": [-76.6430123750245, 39.284547819911644]}, "properties": {"Address": "1618 MCHENRY ST", "BlockLot": "0262 040", "Status": "Available", "Neighborhood": "Mount Clare", "HousingMarketTypology2017": "I"}}, {"type": "Feature", "geometry": {"type": "Point", "coordinates": [-76.64280508850379, 39.28457029428006]}, "properties": {"Address": "1612 MCHENRY ST", "BlockLot": "0262 043", "Status": "Available", "Neighborhood": "Mount Clare", "HousingMarketTypology2017": "I"}}, {"type": "Feature", "geometry": {"type": "Point", "coordinates": [-76.64239649285481, 39.28467586327393]}, "properties": {"Address": "232 S GILMOR ST", "BlockLot": "0262 055", "Status": "Available", "Neighborhood": "Mount Clare", "HousingMarketTypology2017": "I"}}, {"type": "Feature", "geometry": {"type": "Point", "coordinates": [-76.63999362631183, 39.2848894045704]}, "properties": {"Address": "1415 Kuper Pl", "BlockLot": "0264 074", "Status": "Available", "Neighborhood": "Mount Clare", "HousingMarketTypology2017": "I"}}, {"type": "Feature", "geometry": {"type": "Point", "coordinates": [-76.64093146766427, 39.309561901181745]}, "properties": {"Address": "521 CUMBERLAND ST", "BlockLot": "0298 023", "Status": "Available", "Neighborhood": "Druid Heights", "HousingMarketTypology2017": "I"}}, {"type": "Feature", "geometry": {"type": "Point", "coordinates": [-76.64049125698571, 39.308873289099175]}, "properties": {"Address": "539 SANFORD PL", "BlockLot": "0298 083", "Status": "Available", "Neighborhood": "Druid Heights", "HousingMarketTypology2017": "I"}}, {"type": "Feature", "geometry": {"type": "Point", "coordinates": [-76.63488593075087, 39.30437306809913]}, "properties": {"Address": "1728 BRUNT ST", "BlockLot": "0338 084", "Status": "Available", "Neighborhood": "Upton", "HousingMarketTypology2017": "J"}}, {"type": "Feature", "geometry": {"type": "Point", "coordinates": [-76.63485142488244, 39.30434735239884]}, "properties": {"Address": "1726 BRUNT ST", "BlockLot": "0338 085", "Status": "Available", "Neighborhood": "Upton", "HousingMarketTypology2017": "J"}}, {"type": "Feature", "geometry": {"type": "Point", "coordinates": [-76.63482278544477, 39.304323469041634]}, "properties": {"Address": "1724 BRUNT ST", "BlockLot": "0338 086", "Status": "Available", "Neighborhood": "Upton", "HousingMarketTypology2017": "J"}}, {"type": "Feature", "geometry": {"type": "Point", "coordinates": [-76.63479413680234, 39.30429957574035]}, "properties": {"Address": "1722 BRUNT ST", "BlockLot": "0338 087", "Status": "Available", "Neighborhood": "Upton", "HousingMarketTypology2017": "J"}}, {"type": "Feature", "geometry": {"type": "Point", "coordinates": [-76.63482319496647, 39.30765891430676]}, "properties": {"Address": "405 PRESSTMAN ST", "BlockLot": "0322 023", "Status": "Available", "Neighborhood": "Druid Heights", "HousingMarketTypology2017": "E"}}, {"type": "Feature", "geometry": {"type": "Point", "coordinates": [-76.59049811151739, 39.3093617743087]}, "properties": {"Address": "1630 N WASHINGTON ST", "BlockLot": "1468 040", "Status": "Available", "Neighborhood": "Broadway East", "HousingMarketTypology2017": "I"}}, {"type": "Feature", "geometry": {"type": "Point", "coordinates": [-76.59104125023461, 39.309051126056744]}, "properties": {"Address": "1602 N CHAPEL ST", "BlockLot": "1468 065", "Status": "Available", "Neighborhood": "Broadway East", "HousingMarketTypology2017": "I"}}, {"type": "Feature", "geometry": {"type": "Point", "coordinates": [-76.59106308109847, 39.309409818148104]}, "properties": {"Address": "1624 N CHAPEL ST", "BlockLot": "1468 076", "Status": "Available", "Neighborhood": "Broadway East", "HousingMarketTypology2017": "I"}}, {"type": "Feature", "geometry": {"type": "Point", "coordinates": [-76.59074045884799, 39.309090954244475]}, "properties": {"Address": "1605 N CHAPEL ST", "BlockLot": "1468 079", "Status": "Available", "Neighborhood": "Broadway East", "HousingMarketTypology2017": "I"}}, {"type": "Feature", "geometry": {"type": "Point", "coordinates": [-76.65172520376508, 39.28351225661733]}, "properties": {"Address": "327 FURROW ST", "BlockLot": "0271 043", "Status": "Available", "Neighborhood": "Carrollton Ridge", "HousingMarketTypology2017": "J"}}, {"type": "Feature", "geometry": {"type": "Point", "coordinates": [-76.63735801510667, 39.3077012156298]}, "properties": {"Address": "2103 DIVISION ST", "BlockLot": "0308 002", "Status": "Available", "Neighborhood": "Druid Heights", "HousingMarketTypology2017": "I"}}, {"type": "Feature", "geometry": {"type": "Point", "coordinates": [-76.63476298128657, 39.30427596017894]}, "properties": {"Address": "1720 BRUNT ST", "BlockLot": "0338 088", "Status": "Available", "Neighborhood": "Upton", "HousingMarketTypology2017": "J"}}, {"type": "Feature", "geometry": {"type": "Point", "coordinates": [-76.63473542088151, 39.30424990843264]}, "properties": {"Address": "1718 BRUNT ST", "BlockLot": "0338 089", "Status": "Available", "Neighborhood": "Upton", "HousingMarketTypology2017": "J"}}, {"type": "Feature", "geometry": {"type": "Point", "coordinates": [-76.6347025036871, 39.30422865906717]}, "properties": {"Address": "1716 BRUNT ST", "BlockLot": "0338 090", "Status": "Available", "Neighborhood": "Upton", "HousingMarketTypology2017": "J"}}, {"type": "Feature", "geometry": {"type": "Point", "coordinates": [-76.63467442787378, 39.30420363887015]}, "properties": {"Address": "1714 BRUNT ST", "BlockLot": "0338 091", "Status": "Available", "Neighborhood": "Upton", "HousingMarketTypology2017": "J"}}, {"type": "Feature", "geometry": {"type": "Point", "coordinates": [-76.63464493301262, 39.30417906192919]}, "properties": {"Address": "1712 BRUNT ST", "BlockLot": "0338 092", "Status": "Available", "Neighborhood": "Upton", "HousingMarketTypology2017": "J"}}, {"type": "Feature", "geometry": {"type": "Point", "coordinates": [-76.63461657507321, 39.30415007481456]}, "properties": {"Address": "1710 BRUNT ST", "BlockLot": "0338 093", "Status": "Available", "Neighborhood": "Upton", "HousingMarketTypology2017": "J"}}, {"type": "Feature", "geometry": {"type": "Point", "coordinates": [-76.64926304562132, 39.29452405873006]}, "properties": {"Address": "536 N PAYSON ST", "BlockLot": "0118 052", "Status": "Available", "Neighborhood": "Midtown-Edmondson", "HousingMarketTypology2017": "J"}}, {"type": "Feature", "geometry": {"type": "Point", "coordinates": [-76.63675318175846, 39.29505572194847]}, "properties": {"Address": "529 N CARROLLTON AVE", "BlockLot": "0127 028", "Status": "Available", "Neighborhood": "Harlem Park", "HousingMarketTypology2017": "I"}}, {"type": "Feature", "geometry": {"type": "Point", "coordinates": [-76.63653413601853, 39.29529008190942]}, "properties": {"Address": "1115 Edmondson Ave", "BlockLot": "0127 037", "Status": "Available", "Neighborhood": "Harlem Park", "HousingMarketTypology2017": "I"}}, {"type": "Feature", "geometry": {"type": "Point", "coordinates": [-76.63630318718285, 39.29530097886127]}, "properties": {"Address": "1109 EDMONDSON AVE", "BlockLot": "0127 040", "Status": "Available", "Neighborhood": "Harlem Park", "HousingMarketTypology2017": "I"}}, {"type": "Feature", "geometry": {"type": "Point", "coordinates": [-76.63613490586582, 39.29530744587473]}, "properties": {"Address": "1103 EDMONDSON AVE", "BlockLot": "0127 043", "Status": "Available", "Neighborhood": "Harlem Park", "HousingMarketTypology2017": "I"}}, {"type": "Feature", "geometry": {"type": "Point", "coordinates": [-76.63595427308182, 39.295108062935]}, "properties": {"Address": "524 N ARLINGTON AVE", "BlockLot": "0127 051", "Status": "Available", "Neighborhood": "Harlem Park", "HousingMarketTypology2017": "I"}}, {"type": "Feature", "geometry": {"type": "Point", "coordinates": [-76.63594981181521, 39.29505981893525]}, "properties": {"Address": "522 N ARLINGTON AVE", "BlockLot": "0127 052", "Status": "Available", "Neighborhood": "Harlem Park", "HousingMarketTypology2017": "I"}}, {"type": "Feature", "geometry": {"type": "Point", "coordinates": [-76.6359450256005, 39.29496037395192]}, "properties": {"Address": "518 N ARLINGTON AVE", "BlockLot": "0127 054", "Status": "Available", "Neighborhood": "Harlem Park", "HousingMarketTypology2017": "I"}}, {"type": "Feature", "geometry": {"type": "Point", "coordinates": [-76.63590500023086, 39.29481290664888]}, "properties": {"Address": "512 N ARLINGTON AVE", "BlockLot": "0127 057", "Status": "Available", "Neighborhood": "Harlem Park", "HousingMarketTypology2017": "I"}}, {"type": "Feature", "geometry": {"type": "Point", "coordinates": [-76.6359026858873, 39.294763994628724]}, "properties": {"Address": "510 N ARLINGTON AVE", "BlockLot": "0127 058", "Status": "Available", "Neighborhood": "Harlem Park", "HousingMarketTypology2017": "I"}}, {"type": "Feature", "geometry": {"type": "Point", "coordinates": [-76.63590296215752, 39.29471310806826]}, "properties": {"Address": "508 N ARLINGTON AVE", "BlockLot": "0127 059", "Status": "Available", "Neighborhood": "Harlem Park", "HousingMarketTypology2017": "I"}}, {"type": "Feature", "geometry": {"type": "Point", "coordinates": [-76.6415335892871, 39.29030316371123]}, "properties": {"Address": "1502 VINE ST", "BlockLot": "0181 046", "Status": "Available", "Neighborhood": "Franklin Square", "HousingMarketTypology2017": "F"}}, {"type": "Feature", "geometry": {"type": "Point", "coordinates": [-76.64157827640852, 39.290301113017435]}, "properties": {"Address": "1504 VINE ST", "BlockLot": "0181 047", "Status": "Available", "Neighborhood": "Franklin Square", "HousingMarketTypology2017": "F"}}, {"type": "Feature", "geometry": {"type": "Point", "coordinates": [-76.64162063950856, 39.29029972718298]}, "properties": {"Address": "1506 VINE ST", "BlockLot": "0181 048", "Status": "Available", "Neighborhood": "Franklin Square", "HousingMarketTypology2017": "F"}}, {"type": "Feature", "geometry": {"type": "Point", "coordinates": [-76.64166299900214, 39.290298366543546]}, "properties": {"Address": "1508 VINE ST", "BlockLot": "0181 049", "Status": "Available", "Neighborhood": "Franklin Square", "HousingMarketTypology2017": "F"}}, {"type": "Feature", "geometry": {"type": "Point", "coordinates": [-76.64162263706113, 39.29011794571982]}, "properties": {"Address": "1507 VINE ST", "BlockLot": "0181 062", "Status": "Available", "Neighborhood": "Franklin Square", "HousingMarketTypology2017": "F"}}, {"type": "Feature", "geometry": {"type": "Point", "coordinates": [-76.63124983843035, 39.30364441460245]}, "properties": {"Address": " NES 10 FT ALLEY 1ST, SW OF DRUID HILL AV, 122 FT NW OF MOSHER ST ", "BlockLot": "0362 029", "Status": "Available", "Neighborhood": "Upton", "HousingMarketTypology2017": "H"}}, {"type": "Feature", "geometry": {"type": "Point", "coordinates": [-76.63143640814764, 39.303794412809886]}, "properties": {"Address": " NES 10 FT ALLEY, 1ST SW OF DRUID HILL AVE, 199-9 FT NW OF MOSHER ST ", "BlockLot": "0362 031", "Status": "Available", "Neighborhood": "Upton", "HousingMarketTypology2017": "H"}}, {"type": "Feature", "geometry": {"type": "Point", "coordinates": [-76.63129760467423, 39.30368288894917]}, "properties": {"Address": " NES 10 FT ALLEY 1ST, SW OF DRUID HILL AV, 142 FT NW OF MOSHER ST ", "BlockLot": "0362 032", "Status": "Available", "Neighborhood": "Upton", "HousingMarketTypology2017": "H"}}, {"type": "Feature", "geometry": {"type": "Point", "coordinates": [-76.63139486096847, 39.303761022980126]}, "properties": {"Address": " NES 10 FT ALLEY, 1ST SW OF DRUID HILL AVE, 182-3 FT NW OF MOSHER ST ", "BlockLot": "0362 033", "Status": "Available", "Neighborhood": "Upton", "HousingMarketTypology2017": "H"}}, {"type": "Feature", "geometry": {"type": "Point", "coordinates": [-76.59108174765515, 39.31012508491912]}, "properties": {"Address": "1704 N CHAPEL ST", "BlockLot": "1458 066", "Status": "Available", "Neighborhood": "Broadway East", "HousingMarketTypology2017": "J"}}, {"type": "Feature", "geometry": {"type": "Point", "coordinates": [-76.59108368100851, 39.31015818270456]}, "properties": {"Address": "1706 N CHAPEL ST", "BlockLot": "1458 067", "Status": "Available", "Neighborhood": "Broadway East", "HousingMarketTypology2017": "J"}}, {"type": "Feature", "geometry": {"type": "Point", "coordinates": [-76.59108570477018, 39.31019188971498]}, "properties": {"Address": "1708 N CHAPEL ST", "BlockLot": "1458 068", "Status": "Available", "Neighborhood": "Broadway East", "HousingMarketTypology2017": "J"}}, {"type": "Feature", "geometry": {"type": "Point", "coordinates": [-76.59108965267009, 39.31025888633819]}, "properties": {"Address": "1712 N CHAPEL ST", "BlockLot": "1458 070", "Status": "Available", "Neighborhood": "Broadway East", "HousingMarketTypology2017": "J"}}, {"type": "Feature", "geometry": {"type": "Point", "coordinates": [-76.59080385180633, 39.310160696338514]}, "properties": {"Address": "1707 N CHAPEL ST", "BlockLot": "1458 080", "Status": "Available", "Neighborhood": "Broadway East", "HousingMarketTypology2017": "I"}}, {"type": "Feature", "geometry": {"type": "Point", "coordinates": [-76.59080615770544, 39.31019572124131]}, "properties": {"Address": "1709 N CHAPEL ST", "BlockLot": "1458 081", "Status": "Available", "Neighborhood": "Broadway East", "HousingMarketTypology2017": "I"}}, {"type": "Feature", "geometry": {"type": "Point", "coordinates": [-76.59753197997006, 39.303662773945454]}, "properties": {"Address": "1117 1/2 N CAROLINE ST", "BlockLot": "1177 028", "Status": "Available", "Neighborhood": "Gay Street", "HousingMarketTypology2017": "E"}}, {"type": "Feature", "geometry": {"type": "Point", "coordinates": [-76.58714653875437, 39.29523995989601]}, "properties": {"Address": "2107 ORLEANS ST", "BlockLot": "1687 017", "Status": "Available", "Neighborhood": "CARE", "HousingMarketTypology2017": "E"}}, {"type": "Feature", "geometry": {"type": "Point", "coordinates": [-76.58709760739615, 39.29524142101407]}, "properties": {"Address": "2109 ORLEANS ST", "BlockLot": "1687 018", "Status": "Available", "Neighborhood": "CARE", "HousingMarketTypology2017": "E"}}, {"type": "Feature", "geometry": {"type": "Point", "coordinates": [-76.58725331900567, 39.29634163086051]}, "properties": {"Address": "2115 JEFFERSON ST", "BlockLot": "1669 021", "Status": "Available", "Neighborhood": "CARE", "HousingMarketTypology2017": "E"}}, {"type": "Feature", "geometry": {"type": "Point", "coordinates": [-76.58674603503235, 39.2962260744757]}, "properties": {"Address": "428 N COLLINGTON AVE", "BlockLot": "1669 034", "Status": "Available", "Neighborhood": "CARE", "HousingMarketTypology2017": "E"}}, {"type": "Feature", "geometry": {"type": "Point", "coordinates": [-76.65318786962406, 39.28945744225978]}, "properties": {"Address": "2304 W FAYETTE ST", "BlockLot": "2154 012", "Status": "Available", "Neighborhood": "Penrose/Fayette Street Outreach", "HousingMarketTypology2017": "I"}}, {"type": "Feature", "geometry": {"type": "Point", "coordinates": [-76.59211823334182, 39.310143344256275]}, "properties": {"Address": "1707 N Durham St", "BlockLot": "1457 080", "Status": "Available", "Neighborhood": "Broadway East", "HousingMarketTypology2017": "J"}}, {"type": "Feature", "geometry": {"type": "Point", "coordinates": [-76.58461750376559, 39.29933032114028]}, "properties": {"Address": "712 N BRADFORD ST", "BlockLot": "1623 083", "Status": "Available", "Neighborhood": "Milton-Montford", "HousingMarketTypology2017": "I"}}, {"type": "Feature", "geometry": {"type": "Point", "coordinates": [-76.58461032728736, 39.29919932273163]}, "properties": {"Address": "704 N BRADFORD ST", "BlockLot": "1623 087", "Status": "Available", "Neighborhood": "Milton-Montford", "HousingMarketTypology2017": "I"}}, {"type": "Feature", "geometry": {"type": "Point", "coordinates": [-76.59031096921126, 39.306337742683674]}, "properties": {"Address": "1342 N WASHINGTON ST", "BlockLot": "1516 018", "Status": "Available", "Neighborhood": "Broadway East", "HousingMarketTypology2017": "I"}}, {"type": "Feature", "geometry": {"type": "Point", "coordinates": [-76.59080798536506, 39.306139044462284]}, "properties": {"Address": "1316 N CHAPEL ST", "BlockLot": "1516 055", "Status": "Available", "Neighborhood": "Broadway East", "HousingMarketTypology2017": "I"}}, {"type": "Feature", "geometry": {"type": "Point", "coordinates": [-76.590809975225, 39.306171953331024]}, "properties": {"Address": "1318 N CHAPEL ST", "BlockLot": "1516 060", "Status": "Available", "Neighborhood": "Broadway East", "HousingMarketTypology2017": "I"}}, {"type": "Feature", "geometry": {"type": "Point", "coordinates": [-76.59081191868442, 39.306204866541584]}, "properties": {"Address": "1320 N CHAPEL ST", "BlockLot": "1516 061", "Status": "Available", "Neighborhood": "Broadway East", "HousingMarketTypology2017": "I"}}, {"type": "Feature", "geometry": {"type": "Point", "coordinates": [-76.59081382715192, 39.306236409579036]}, "properties": {"Address": "1322 N CHAPEL ST", "BlockLot": "1516 062", "Status": "Available", "Neighborhood": "Broadway East", "HousingMarketTypology2017": "I"}}, {"type": "Feature", "geometry": {"type": "Point", "coordinates": [-76.59081560673593, 39.306266578513444]}, "properties": {"Address": "1324 N CHAPEL ST", "BlockLot": "1516 063", "Status": "Available", "Neighborhood": "Broadway East", "HousingMarketTypology2017": "I"}}, {"type": "Feature", "geometry": {"type": "Point", "coordinates": [-76.58070314026516, 39.30205571500307]}, "properties": {"Address": " ES N LUZERNE AV 20 FT, N OF EAGER ST ", "BlockLot": "1593 014", "Status": "Available", "Neighborhood": "Madison-Eastend", "HousingMarketTypology2017": "I"}}, {"type": "Feature", "geometry": {"type": "Point", "coordinates": [-76.61044304643514, 39.307578909612886]}, "properties": {"Address": "1537 Barclay St", "BlockLot": "1120 019", "Status": "Available", "Neighborhood": "Greenmount West", "HousingMarketTypology2017": "E"}}, {"type": "Feature", "geometry": {"type": "Point", "coordinates": [-76.58509204555284, 39.3055455379059]}, "properties": {"Address": "2301 E PRESTON ST", "BlockLot": "1536 001", "Status": "Available", "Neighborhood": "Broadway East", "HousingMarketTypology2017": "J"}}, {"type": "Feature", "geometry": {"type": "Point", "coordinates": [-76.58434645691372, 39.30501925843202]}, "properties": {"Address": "1200 N MONTFORD AVE", "BlockLot": "1536 026", "Status": "Available", "Neighborhood": "Broadway East", "HousingMarketTypology2017": "J"}}, {"type": "Feature", "geometry": {"type": "Point", "coordinates": [-76.60169995784798, 39.310601956611094]}, "properties": {"Address": "1222 E LAFAYETTE AVE", "BlockLot": "1099B003", "Status": "Available", "Neighborhood": "Oliver", "HousingMarketTypology2017": "J"}}, {"type": "Feature", "geometry": {"type": "Point", "coordinates": [-76.60063849889666, 39.310618573286746]}, "properties": {"Address": "1306 E LAFAYETTE AVE", "BlockLot": "1099B015", "Status": "Available", "Neighborhood": "Oliver", "HousingMarketTypology2017": "G"}}, {"type": "Feature", "geometry": {"type": "Point", "coordinates": [-76.60150449187607, 39.31108854829542]}, "properties": {"Address": "1821 HOPE ST", "BlockLot": "1099B086", "Status": "Available", "Neighborhood": "Oliver", "HousingMarketTypology2017": "J"}}, {"type": "Feature", "geometry": {"type": "Point", "coordinates": [-76.6015159836834, 39.311055966427254]}, "properties": {"Address": "1819 HOPE ST", "BlockLot": "1099B087", "Status": "Available", "Neighborhood": "Oliver", "HousingMarketTypology2017": "J"}}, {"type": "Feature", "geometry": {"type": "Point", "coordinates": [-76.60152676746738, 39.31102330469193]}, "properties": {"Address": "1817 HOPE ST", "BlockLot": "1099B088", "Status": "Available", "Neighborhood": "Oliver", "HousingMarketTypology2017": "J"}}, {"type": "Feature", "geometry": {"type": "Point", "coordinates": [-76.58983284996347, 39.30629472186229]}, "properties": {"Address": "1319 N WASHINGTON ST", "BlockLot": "1517 081", "Status": "Available", "Neighborhood": "Broadway East", "HousingMarketTypology2017": "I"}}, {"type": "Feature", "geometry": {"type": "Point", "coordinates": [-76.59081065763513, 39.31026406012126]}, "properties": {"Address": "1713 N CHAPEL ST", "BlockLot": "1458 083", "Status": "Available", "Neighborhood": "Broadway East", "HousingMarketTypology2017": "I"}}, {"type": "Feature", "geometry": {"type": "Point", "coordinates": [-76.5908129625213, 39.310298859830404]}, "properties": {"Address": "1715 N CHAPEL ST", "BlockLot": "1458 084", "Status": "Available", "Neighborhood": "Broadway East", "HousingMarketTypology2017": "I"}}, {"type": "Feature", "geometry": {"type": "Point", "coordinates": [-76.59081987292825, 39.31040460106615]}, "properties": {"Address": "1721 N CHAPEL ST", "BlockLot": "1458 087", "Status": "Available", "Neighborhood": "Broadway East", "HousingMarketTypology2017": "I"}}, {"type": "Feature", "geometry": {"type": "Point", "coordinates": [-76.59082395353514, 39.310472068351245]}, "properties": {"Address": "1725 N CHAPEL ST", "BlockLot": "1458 089", "Status": "Available", "Neighborhood": "Broadway East", "HousingMarketTypology2017": "I"}}, {"type": "Feature", "geometry": {"type": "Point", "coordinates": [-76.5944297700645, 39.3067362982926]}, "properties": {"Address": "1407 N Broadway", "BlockLot": "1494 005", "Status": "Available", "Neighborhood": "Broadway East", "HousingMarketTypology2017": "I"}}, {"type": "Feature", "geometry": {"type": "Point", "coordinates": [-76.5944324010659, 39.30677437513873]}, "properties": {"Address": "1409 N Broadway", "BlockLot": "1494 006", "Status": "Available", "Neighborhood": "Broadway East", "HousingMarketTypology2017": "I"}}, {"type": "Feature", "geometry": {"type": "Point", "coordinates": [-76.59443509920837, 39.30681247113201]}, "properties": {"Address": "1411 N BROADWAY ", "BlockLot": "1494 007", "Status": "Available", "Neighborhood": "Broadway East", "HousingMarketTypology2017": "I"}}, {"type": "Feature", "geometry": {"type": "Point", "coordinates": [-76.59443723143508, 39.3068516001405]}, "properties": {"Address": "1413 N BROADWAY", "BlockLot": "1494 008", "Status": "Available", "Neighborhood": "Broadway East", "HousingMarketTypology2017": "I"}}, {"type": "Feature", "geometry": {"type": "Point", "coordinates": [-76.59706604906565, 39.30366040603118]}, "properties": {"Address": "1105 N DALLAS ST", "BlockLot": "1177 045", "Status": "Available", "Neighborhood": "Gay Street", "HousingMarketTypology2017": "E"}}, {"type": "Feature", "geometry": {"type": "Point", "coordinates": [-76.59424174861255, 39.3067933417255]}, "properties": {"Address": "1701 LLEWELYN AVE", "BlockLot": "1494 090", "Status": "Available", "Neighborhood": "Broadway East", "HousingMarketTypology2017": "I"}}, {"type": "Feature", "geometry": {"type": "Point", "coordinates": [-76.5941976319668, 39.30679513861376]}, "properties": {"Address": "1703 LLEWELYN AVE", "BlockLot": "1494 091", "Status": "Available", "Neighborhood": "Broadway East", "HousingMarketTypology2017": "I"}}, {"type": "Feature", "geometry": {"type": "Point", "coordinates": [-76.59415734451726, 39.306796809994424]}, "properties": {"Address": "1705 LLEWELYN AVE", "BlockLot": "1494 092", "Status": "Available", "Neighborhood": "Broadway East", "HousingMarketTypology2017": "I"}}, {"type": "Feature", "geometry": {"type": "Point", "coordinates": [-76.59411660604117, 39.30679848160492]}, "properties": {"Address": "1707 LLEWELYN AVE", "BlockLot": "1494 093", "Status": "Available", "Neighborhood": "Broadway East", "HousingMarketTypology2017": "I"}}, {"type": "Feature", "geometry": {"type": "Point", "coordinates": [-76.59407485974874, 39.30680019836059]}, "properties": {"Address": "1709 LLEWELYN AVE", "BlockLot": "1494 094", "Status": "Available", "Neighborhood": "Broadway East", "HousingMarketTypology2017": "I"}}, {"type": "Feature", "geometry": {"type": "Point", "coordinates": [-76.59403396123783, 39.30680187479412]}, "properties": {"Address": "1711 LLEWELYN AVE", "BlockLot": "1494 095", "Status": "Available", "Neighborhood": "Broadway East", "HousingMarketTypology2017": "I"}}, {"type": "Feature", "geometry": {"type": "Point", "coordinates": [-76.59399402650733, 39.30680350139886]}, "properties": {"Address": "1713 LLEWELYN AVE", "BlockLot": "1494 096", "Status": "Available", "Neighborhood": "Broadway East", "HousingMarketTypology2017": "I"}}, {"type": "Feature", "geometry": {"type": "Point", "coordinates": [-76.5939536949078, 39.30680518696937]}, "properties": {"Address": "1715 LLEWELYN AVE", "BlockLot": "1494 097", "Status": "Available", "Neighborhood": "Broadway East", "HousingMarketTypology2017": "I"}}, {"type": "Feature", "geometry": {"type": "Point", "coordinates": [-76.58337549306617, 39.30491200291922]}, "properties": {"Address": "2422 E Biddle St", "BlockLot": "1537 007", "Status": "Available", "Neighborhood": "Broadway East", "HousingMarketTypology2017": "J"}}, {"type": "Feature", "geometry": {"type": "Point", "coordinates": [-76.58312337184871, 39.298279911000854]}, "properties": {"Address": "612 N PORT ST", "BlockLot": "1640 084", "Status": "Available", "Neighborhood": "McElderry Park", "HousingMarketTypology2017": "H"}}, {"type": "Feature", "geometry": {"type": "Point", "coordinates": [-76.58912221784637, 39.31070183124402]}, "properties": {"Address": "1749 N CASTLE ST", "BlockLot": "1459 039", "Status": "Available", "Neighborhood": "Broadway East", "HousingMarketTypology2017": "I"}}, {"type": "Feature", "geometry": {"type": "Point", "coordinates": [-76.58909259745367, 39.3101900768835]}, "properties": {"Address": "1701 N CASTLE ST", "BlockLot": "1459 053", "Status": "Available", "Neighborhood": "Broadway East", "HousingMarketTypology2017": "I"}}, {"type": "Feature", "geometry": {"type": "Point", "coordinates": [-76.58403633546331, 39.29734963505494]}, "properties": {"Address": " SS 10 FT ALLEY 1ST S OF, MCELDERRY ST REAR, 2346-48 WALDO CT", "BlockLot": "1654 092", "Status": "Available", "Neighborhood": "McElderry Park", "HousingMarketTypology2017": "I"}}, {"type": "Feature", "geometry": {"type": "Point", "coordinates": [-76.65634189697428, 39.28916861151285]}, "properties": {"Address": "59 N CATHERINE ST", "BlockLot": "2165 001", "Status": "Available", "Neighborhood": "Shipley Hill", "HousingMarketTypology2017": "J"}}, {"type": "Feature", "geometry": {"type": "Point", "coordinates": [-76.65633609696309, 39.28909579433269]}, "properties": {"Address": "55 N CATHERINE ST", "BlockLot": "2165 003", "Status": "Available", "Neighborhood": "Shipley Hill", "HousingMarketTypology2017": "J"}}, {"type": "Feature", "geometry": {"type": "Point", "coordinates": [-76.6629545301951, 39.28014678827791]}, "properties": {"Address": "361 FONTHILL AVE", "BlockLot": "2195 031", "Status": "Available", "Neighborhood": "Carroll-South Hilton", "HousingMarketTypology2017": "H"}}, {"type": "Feature", "geometry": {"type": "Point", "coordinates": [-76.58883100118265, 39.30683961553219]}, "properties": {"Address": "2046 E HOFFMAN ST", "BlockLot": "1499 024", "Status": "Available", "Neighborhood": "Broadway East", "HousingMarketTypology2017": "I"}}, {"type": "Feature", "geometry": {"type": "Point", "coordinates": [-76.6535040250872, 39.28806175492915]}, "properties": {"Address": "2320 W BALTIMORE ST", "BlockLot": "2153 085", "Status": "Available", "Neighborhood": "Penrose/Fayette Street Outreach", "HousingMarketTypology2017": "I"}}, {"type": "Feature", "geometry": {"type": "Point", "coordinates": [-76.59384612539034, 39.31156671615652]}, "properties": {"Address": "1833 N REGESTER ST", "BlockLot": "1446 108", "Status": "Available", "Neighborhood": "Broadway East", "HousingMarketTypology2017": "I"}}, {"type": "Feature", "geometry": {"type": "Point", "coordinates": [-76.59384831069025, 39.31160059570273]}, "properties": {"Address": "1835 N REGESTER ST", "BlockLot": "1446 109", "Status": "Available", "Neighborhood": "Broadway East", "HousingMarketTypology2017": "I"}}, {"type": "Feature", "geometry": {"type": "Point", "coordinates": [-76.5938569255726, 39.3117359026704]}, "properties": {"Address": "1843 N REGESTER ST", "BlockLot": "1446 113", "Status": "Available", "Neighborhood": "Broadway East", "HousingMarketTypology2017": "I"}}, {"type": "Feature", "geometry": {"type": "Point", "coordinates": [-76.59265038179389, 39.31197737318485]}, "properties": {"Address": "1811 E NORTH AVE", "BlockLot": "1447 027", "Status": "Available", "Neighborhood": "Broadway East", "HousingMarketTypology2017": "J"}}, {"type": "Feature", "geometry": {"type": "Point", "coordinates": [-76.58862729023281, 39.30733036250213]}, "properties": {"Address": "1416 N CHESTER ST", "BlockLot": "1498 003", "Status": "Available", "Neighborhood": "Broadway East", "HousingMarketTypology2017": "I"}}, {"type": "Feature", "geometry": {"type": "Point", "coordinates": [-76.58863171180192, 39.307399024630286]}, "properties": {"Address": "1420 N CHESTER ST", "BlockLot": "1498 005", "Status": "Available", "Neighborhood": "Broadway East", "HousingMarketTypology2017": "I"}}, {"type": "Feature", "geometry": {"type": "Point", "coordinates": [-76.58863801783144, 39.30749821188199]}, "properties": {"Address": "1426 N CHESTER ST", "BlockLot": "1498 008", "Status": "Available", "Neighborhood": "Broadway East", "HousingMarketTypology2017": "I"}}, {"type": "Feature", "geometry": {"type": "Point", "coordinates": [-76.58879652137344, 39.307520157823795]}, "properties": {"Address": "2041 E OLIVER ST", "BlockLot": "1498 012", "Status": "Available", "Neighborhood": "Broadway East", "HousingMarketTypology2017": "I"}}, {"type": "Feature", "geometry": {"type": "Point", "coordinates": [-76.58966667960945, 39.307485484989236]}, "properties": {"Address": "2007 E OLIVER ST", "BlockLot": "1498 029", "Status": "Available", "Neighborhood": "Broadway East", "HousingMarketTypology2017": "I"}}, {"type": "Feature", "geometry": {"type": "Point", "coordinates": [-76.58556895131763, 39.31038336321843]}, "properties": {"Address": "1715 N PATTERSON PARK AVE", "BlockLot": "1463 009", "Status": "Available", "Neighborhood": "Broadway East", "HousingMarketTypology2017": "J"}}, {"type": "Feature", "geometry": {"type": "Point", "coordinates": [-76.58812543056584, 39.30743101328501]}, "properties": {"Address": "1423 N CHESTER ST", "BlockLot": "1500 025", "Status": "Available", "Neighborhood": "Broadway East", "HousingMarketTypology2017": "J"}}, {"type": "Feature", "geometry": {"type": "Point", "coordinates": [-76.65830288427719, 39.28127950806666]}, "properties": {"Address": "2633-2637 FREDERICK AVE", "BlockLot": "2140 009", "Status": "Available", "Neighborhood": "Millhill", "HousingMarketTypology2017": "I"}}, {"type": "Feature", "geometry": {"type": "Point", "coordinates": [-76.6578699874268, 39.280421642480434]}, "properties": {"Address": "2625 Lehman St", "BlockLot": "2141 007", "Status": "Available", "Neighborhood": "Millhill", "HousingMarketTypology2017": "I"}}, {"type": "Feature", "geometry": {"type": "Point", "coordinates": [-76.65777369155697, 39.28334019892756]}, "properties": {"Address": "316 S FRANKLINTOWN ROAD", "BlockLot": "2183 011", "Status": "Available", "Neighborhood": "Shipley Hill", "HousingMarketTypology2017": "J"}}, {"type": "Feature", "geometry": {"type": "Point", "coordinates": [-76.65776442227296, 39.28330662581318]}, "properties": {"Address": "318 S FRANKLINTOWN ROAD", "BlockLot": "2183 012", "Status": "Available", "Neighborhood": "Shipley Hill", "HousingMarketTypology2017": "J"}}, {"type": "Feature", "geometry": {"type": "Point", "coordinates": [-76.65658955448166, 39.285366882021265]}, "properties": {"Address": "2502 EMERSON ST", "BlockLot": "2176 105", "Status": "Available", "Neighborhood": "Shipley Hill", "HousingMarketTypology2017": "J"}}, {"type": "Feature", "geometry": {"type": "Point", "coordinates": [-76.6573139583408, 39.282805930156]}, "properties": {"Address": "2562 FREDERICK AVE", "BlockLot": "2177 001", "Status": "Available", "Neighborhood": "Shipley Hill", "HousingMarketTypology2017": "J"}}, {"type": "Feature", "geometry": {"type": "Point", "coordinates": [-76.66111041464016, 39.30719350133608]}, "properties": {"Address": "2703 PRESBURY ST", "BlockLot": "2404 019", "Status": "Available", "Neighborhood": "Coppin Heights/Ash-Co-East", "HousingMarketTypology2017": "I"}}, {"type": "Feature", "geometry": {"type": "Point", "coordinates": [-76.65533400145954, 39.29365534400005]}, "properties": {"Address": "2414 W FRANKLIN ST", "BlockLot": "2205 083", "Status": "Available", "Neighborhood": "Rosemont Homeowners/Tenants", "HousingMarketTypology2017": "I"}}, {"type": "Feature", "geometry": {"type": "Point", "coordinates": [-76.6731514377833, 39.28133952526563]}, "properties": {"Address": "3328 FREDERICK AVE", "BlockLot": "2244B006", "Status": "Available", "Neighborhood": "Irvington", "HousingMarketTypology2017": "H"}}, {"type": "Feature", "geometry": {"type": "Point", "coordinates": [-76.6681419547661, 39.294562526247624]}, "properties": {"Address": "3050 EDMONDSON AVE", "BlockLot": "2475 026", "Status": "Available", "Neighborhood": "Franklintown Road", "HousingMarketTypology2017": "I"}}, {"type": "Feature", "geometry": {"type": "Point", "coordinates": [-76.66742429748814, 39.29725186601892]}, "properties": {"Address": "3006 W LANVALE ST", "BlockLot": "2475C004", "Status": "Available", "Neighborhood": "Franklintown Road", "HousingMarketTypology2017": "I"}}, {"type": "Feature", "geometry": {"type": "Point", "coordinates": [-76.66243492471449, 39.29880863798971]}, "properties": {"Address": "2714 PROSPECT ST", "BlockLot": "2382 039", "Status": "Available", "Neighborhood": "Mosher", "HousingMarketTypology2017": "I"}}, {"type": "Feature", "geometry": {"type": "Point", "coordinates": [-76.66579945438588, 39.30144151173331]}, "properties": {"Address": "1200 BLOOMINGDALE ROAD", "BlockLot": "2444 014", "Status": "Available", "Neighborhood": "Winchester", "HousingMarketTypology2017": "I"}}, {"type": "Feature", "geometry": {"type": "Point", "coordinates": [-76.66634143621346, 39.30041334400459]}, "properties": {"Address": "2910 RIGGS AVE", "BlockLot": "2445 025", "Status": "Available", "Neighborhood": "Franklintown Road", "HousingMarketTypology2017": "I"}}, {"type": "Feature", "geometry": {"type": "Point", "coordinates": [-76.65803075380131, 39.279956296525164]}, "properties": {"Address": "2660 DULANY ST", "BlockLot": "2141 035", "Status": "Available", "Neighborhood": "Millhill", "HousingMarketTypology2017": "I"}}, {"type": "Feature", "geometry": {"type": "Point", "coordinates": [-76.65759474414196, 39.2802344865237]}, "properties": {"Address": "2640 DULANY ST", "BlockLot": "2141 045", "Status": "Available", "Neighborhood": "Millhill", "HousingMarketTypology2017": "I"}}, {"type": "Feature", "geometry": {"type": "Point", "coordinates": [-76.65740485014823, 39.28035838014495]}, "properties": {"Address": "2630 DULANY ST", "BlockLot": "2141 050", "Status": "Available", "Neighborhood": "Millhill", "HousingMarketTypology2017": "I"}}, {"type": "Feature", "geometry": {"type": "Point", "coordinates": [-76.65670802221692, 39.298141311201675]}, "properties": {"Address": "2503 W LAFAYETTE AVE", "BlockLot": "2364 002", "Status": "Available", "Neighborhood": "Bridgeview/Greenlawn", "HousingMarketTypology2017": "H"}}, {"type": "Feature", "geometry": {"type": "Point", "coordinates": [-76.6553859480728, 39.28558470267393]}, "properties": {"Address": "104 WILLARD ST", "BlockLot": "2174A045", "Status": "Available", "Neighborhood": "Shipley Hill", "HousingMarketTypology2017": "J"}}, {"type": "Feature", "geometry": {"type": "Point", "coordinates": [-76.65539773916329, 39.28562510390529]}, "properties": {"Address": "102 Willard St", "BlockLot": "2174A046", "Status": "Available", "Neighborhood": "Shipley Hill", "HousingMarketTypology2017": "J"}}, {"type": "Feature", "geometry": {"type": "Point", "coordinates": [-76.65564785069911, 39.284881507196445]}, "properties": {"Address": "133 S CATHERINE ST", "BlockLot": "2174A071", "Status": "Available", "Neighborhood": "Shipley Hill", "HousingMarketTypology2017": "J"}}, {"type": "Feature", "geometry": {"type": "Point", "coordinates": [-76.65563901426994, 39.28484488882658]}, "properties": {"Address": "135 S CATHERINE ST", "BlockLot": "2174A072", "Status": "Available", "Neighborhood": "Shipley Hill", "HousingMarketTypology2017": "J"}}, {"type": "Feature", "geometry": {"type": "Point", "coordinates": [-76.65572904563703, 39.284560947681754]}, "properties": {"Address": "205 S CATHERINE ST", "BlockLot": "2174A077B", "Status": "Available", "Neighborhood": "Shipley Hill", "HousingMarketTypology2017": "J"}}, {"type": "Feature", "geometry": {"type": "Point", "coordinates": [-76.65572519265909, 39.284466885347676]}, "properties": {"Address": "209 S CATHERINE ST", "BlockLot": "2174A077D", "Status": "Available", "Neighborhood": "Shipley Hill", "HousingMarketTypology2017": "J"}}, {"type": "Feature", "geometry": {"type": "Point", "coordinates": [-76.65571948389082, 39.284327707514464]}, "properties": {"Address": "215 S CATHERINE ST", "BlockLot": "2174A077G", "Status": "Available", "Neighborhood": "Shipley Hill", "HousingMarketTypology2017": "J"}}, {"type": "Feature", "geometry": {"type": "Point", "coordinates": [-76.65579035764542, 39.28412537663603]}, "properties": {"Address": "223 S CATHERINE ST", "BlockLot": "2174A077K", "Status": "Available", "Neighborhood": "Shipley Hill", "HousingMarketTypology2017": "J"}}, {"type": "Feature", "geometry": {"type": "Point", "coordinates": [-76.66258306768148, 39.29745839706775]}, "properties": {"Address": "807 N DUKELAND ST", "BlockLot": "2378 003A", "Status": "Available", "Neighborhood": "Mosher", "HousingMarketTypology2017": "I"}}, {"type": "Feature", "geometry": {"type": "Point", "coordinates": [-76.66259130391221, 39.29757206912258]}, "properties": {"Address": "813 N DUKELAND ST", "BlockLot": "2378 003D", "Status": "Available", "Neighborhood": "Mosher", "HousingMarketTypology2017": "I"}}, {"type": "Feature", "geometry": {"type": "Point", "coordinates": [-76.67430537780113, 39.29560374253914]}, "properties": {"Address": "700 DENISON ST", "BlockLot": "2501 073", "Status": "Available", "Neighborhood": "Edgewood", "HousingMarketTypology2017": "H"}}, {"type": "Feature", "geometry": {"type": "Point", "coordinates": [-76.65642076499319, 39.29361978570074]}, "properties": {"Address": "2500 W FRANKLIN ST", "BlockLot": "2206B076", "Status": "Available", "Neighborhood": "Rosemont Homeowners/Tenants", "HousingMarketTypology2017": "I"}}, {"type": "Feature", "geometry": {"type": "Point", "coordinates": [-76.66268917587077, 39.298434997867595]}, "properties": {"Address": "901 N DUKELAND ST", "BlockLot": "2387 029", "Status": "Available", "Neighborhood": "Mosher", "HousingMarketTypology2017": "I"}}, {"type": "Feature", "geometry": {"type": "Point", "coordinates": [-76.66269110362424, 39.2984684304527]}, "properties": {"Address": "903 N DUKELAND ST", "BlockLot": "2387 030", "Status": "Available", "Neighborhood": "Mosher", "HousingMarketTypology2017": "I"}}, {"type": "Feature", "geometry": {"type": "Point", "coordinates": [-76.66548340742546, 39.29466020036271]}, "properties": {"Address": "2916 EDMONDSON AVE", "BlockLot": "2482B008", "Status": "Available", "Neighborhood": "Franklintown Road", "HousingMarketTypology2017": "J"}}, {"type": "Feature", "geometry": {"type": "Point", "coordinates": [-76.6660793569968, 39.294625457400564]}, "properties": {"Address": "2936 EDMONDSON AVE", "BlockLot": "2482B018", "Status": "Available", "Neighborhood": "Franklintown Road", "HousingMarketTypology2017": "J"}}, {"type": "Feature", "geometry": {"type": "Point", "coordinates": [-76.67338847801166, 39.294387541340356]}, "properties": {"Address": "3314 EDMONDSON AVE", "BlockLot": "2483 004", "Status": "Available", "Neighborhood": "Edgewood", "HousingMarketTypology2017": "H"}}, {"type": "Feature", "geometry": {"type": "Point", "coordinates": [-76.66080479154954, 39.30269903434013]}, "properties": {"Address": " NS LAURENS ST NWC BRADDISH AV ", "BlockLot": "2390 003", "Status": "Available", "Neighborhood": "Winchester", "HousingMarketTypology2017": "H"}}, {"type": "Feature", "geometry": {"type": "Point", "coordinates": [-76.66810076447162, 39.3095358651824]}, "properties": {"Address": "3001 HERBERT ST", "BlockLot": "3003 063", "Status": "Available", "Neighborhood": "Walbrook", "HousingMarketTypology2017": "H"}}, {"type": "Feature", "geometry": {"type": "Point", "coordinates": [-76.66824935780954, 39.309529984017146]}, "properties": {"Address": "3007 HERBERT ST", "BlockLot": "3003 066", "Status": "Available", "Neighborhood": "Walbrook", "HousingMarketTypology2017": "H"}}, {"type": "Feature", "geometry": {"type": "Point", "coordinates": [-76.66844668757149, 39.30952214593409]}, "properties": {"Address": "3015 HERBERT ST", "BlockLot": "3003 070", "Status": "Available", "Neighborhood": "Walbrook", "HousingMarketTypology2017": "H"}}, {"type": "Feature", "geometry": {"type": "Point", "coordinates": [-76.66356025281449, 39.29894822398897]}, "properties": {"Address": "2801 MOSHER ST", "BlockLot": "2384 001", "Status": "Available", "Neighborhood": "Mosher", "HousingMarketTypology2017": "I"}}, {"type": "Feature", "geometry": {"type": "Point", "coordinates": [-76.68440235613596, 39.2851771356879]}, "properties": {"Address": "25 S AUGUSTA AVE", "BlockLot": "2541 014", "Status": "Available", "Neighborhood": "Irvington", "HousingMarketTypology2017": "H"}}, {"type": "Feature", "geometry": {"type": "Point", "coordinates": [-76.66410298835348, 39.33086571366126]}, "properties": {"Address": "2916 SPRINGHILL AVE", "BlockLot": "3177A009", "Status": "Available", "Neighborhood": "Park Circle", "HousingMarketTypology2017": "I"}}, {"type": "Feature", "geometry": {"type": "Point", "coordinates": [-76.67262660839269, 39.31028167528429]}, "properties": {"Address": "3300 WALBROOK AVE", "BlockLot": "3017 001", "Status": "Available", "Neighborhood": "Walbrook", "HousingMarketTypology2017": "H"}}, {"type": "Feature", "geometry": {"type": "Point", "coordinates": [-76.67384958313903, 39.3107077503676]}, "properties": {"Address": "2005 DENISON ST", "BlockLot": "3017 010", "Status": "Available", "Neighborhood": "Walbrook", "HousingMarketTypology2017": "H"}}, {"type": "Feature", "geometry": {"type": "Point", "coordinates": [-76.66239935725824, 39.33113023743902]}, "properties": {"Address": "3738 REISTERSTOWN ROAD", "BlockLot": "3176 001", "Status": "Available", "Neighborhood": "Park Circle", "HousingMarketTypology2017": "I"}}, {"type": "Feature", "geometry": {"type": "Point", "coordinates": [-76.66233876310628, 39.331049794233785]}, "properties": {"Address": "3734 REISTERSTOWN ROAD", "BlockLot": "3176 003", "Status": "Available", "Neighborhood": "Park Circle", "HousingMarketTypology2017": "I"}}, {"type": "Feature", "geometry": {"type": "Point", "coordinates": [-76.66215366558232, 39.33080601656613]}, "properties": {"Address": "3724 REISTERSTOWN ROAD", "BlockLot": "3176 008", "Status": "Available", "Neighborhood": "Park Circle", "HousingMarketTypology2017": "I"}}, {"type": "Feature", "geometry": {"type": "Point", "coordinates": [-76.66208087232673, 39.33071011736645]}, "properties": {"Address": "3720 REISTERSTOWN ROAD", "BlockLot": "3176 010", "Status": "Available", "Neighborhood": "Park Circle", "HousingMarketTypology2017": "I"}}, {"type": "Feature", "geometry": {"type": "Point", "coordinates": [-76.66204542893615, 39.330663429733406]}, "properties": {"Address": "3718 REISTERSTOWN ROAD", "BlockLot": "3176 011", "Status": "Available", "Neighborhood": "Park Circle", "HousingMarketTypology2017": "I"}}, {"type": "Feature", "geometry": {"type": "Point", "coordinates": [-76.66200905571228, 39.33061546215591]}, "properties": {"Address": "3716 REISTERSTOWN ROAD", "BlockLot": "3176 012", "Status": "Available", "Neighborhood": "Park Circle", "HousingMarketTypology2017": "I"}}, {"type": "Feature", "geometry": {"type": "Point", "coordinates": [-76.66255607185032, 39.331354484289]}, "properties": {"Address": "3800 REISTERSTOWN ROAD", "BlockLot": "3177 001", "Status": "Available", "Neighborhood": "Park Circle", "HousingMarketTypology2017": "I"}}, {"type": "Feature", "geometry": {"type": "Point", "coordinates": [-76.66301588822743, 39.3320031142092]}, "properties": {"Address": "3826 REISTERSTOWN ROAD", "BlockLot": "3177 014", "Status": "Available", "Neighborhood": "Park Circle", "HousingMarketTypology2017": "I"}}, {"type": "Feature", "geometry": {"type": "Point", "coordinates": [-76.66304848145404, 39.33205284688739]}, "properties": {"Address": "3828 REISTERSTOWN ROAD", "BlockLot": "3177 015", "Status": "Available", "Neighborhood": "Park Circle", "HousingMarketTypology2017": "I"}}, {"type": "Feature", "geometry": {"type": "Point", "coordinates": [-76.66309017166358, 39.33209838653238]}, "properties": {"Address": "3830 REISTERSTOWN ROAD", "BlockLot": "3177 016", "Status": "Available", "Neighborhood": "Park Circle", "HousingMarketTypology2017": "I"}}, {"type": "Feature", "geometry": {"type": "Point", "coordinates": [-76.66142831995008, 39.30999418106244]}, "properties": {"Address": "1908 BRADDISH AVE", "BlockLot": "3007 004", "Status": "Available", "Neighborhood": "Walbrook", "HousingMarketTypology2017": "I"}}, {"type": "Feature", "geometry": {"type": "Point", "coordinates": [-76.66827553591604, 39.33793314322741]}, "properties": {"Address": "2812 BOARMAN AVE", "BlockLot": "3185 079", "Status": "Available", "Neighborhood": "Towanda-Grantley", "HousingMarketTypology2017": "J"}}, {"type": "Feature", "geometry": {"type": "Point", "coordinates": [-76.6680768306015, 39.338009522168186]}, "properties": {"Address": "2806 BOARMAN AVE", "BlockLot": "3185 082", "Status": "Available", "Neighborhood": "Towanda-Grantley", "HousingMarketTypology2017": "J"}}, {"type": "Feature", "geometry": {"type": "Point", "coordinates": [-76.6673356509239, 39.33764858299207]}, "properties": {"Address": "4302-4304 REISTERSTOWN ROAD", "BlockLot": "3185A002", "Status": "Available", "Neighborhood": "Towanda-Grantley", "HousingMarketTypology2017": "J"}}, {"type": "Feature", "geometry": {"type": "Point", "coordinates": [-76.66750304247402, 39.3379097186018]}, "properties": {"Address": "4314 REISTERSTOWN ROAD", "BlockLot": "3185A007", "Status": "Available", "Neighborhood": "Towanda-Grantley", "HousingMarketTypology2017": "J"}}, {"type": "Feature", "geometry": {"type": "Point", "coordinates": [-76.67281274471033, 39.3395429469931]}, "properties": {"Address": "3525 VIRGINIA AVE", "BlockLot": "3196F028", "Status": "Available", "Neighborhood": "Lucille Park", "HousingMarketTypology2017": "J"}}, {"type": "Feature", "geometry": {"type": "Point", "coordinates": [-76.67284597710373, 39.339443102815345]}, "properties": {"Address": "3529 VIRGINIA AVE", "BlockLot": "3196F030", "Status": "Available", "Neighborhood": "Lucille Park", "HousingMarketTypology2017": "J"}}, {"type": "Feature", "geometry": {"type": "Point", "coordinates": [-76.6728864229462, 39.33939862942763]}, "properties": {"Address": "3531 VIRGINIA AVE", "BlockLot": "3196F031", "Status": "Available", "Neighborhood": "Lucille Park", "HousingMarketTypology2017": "J"}}, {"type": "Feature", "geometry": {"type": "Point", "coordinates": [-76.67280470046558, 39.34046546482247]}, "properties": {"Address": "4634 REISTERSTOWN ROAD", "BlockLot": "3197 001", "Status": "Available", "Neighborhood": "Lucille Park", "HousingMarketTypology2017": "J"}}, {"type": "Feature", "geometry": {"type": "Point", "coordinates": [-76.67287694148423, 39.34048600105325]}, "properties": {"Address": "4636 REISTERSTOWN ROAD", "BlockLot": "3197 002", "Status": "Available", "Neighborhood": "Lucille Park", "HousingMarketTypology2017": "J"}}, {"type": "Feature", "geometry": {"type": "Point", "coordinates": [-76.67318098040107, 39.34056329189577]}, "properties": {"Address": "4644 REISTERSTOWN ROAD", "BlockLot": "3197 006", "Status": "Available", "Neighborhood": "Lucille Park", "HousingMarketTypology2017": "J"}}, {"type": "Feature", "geometry": {"type": "Point", "coordinates": [-76.67318995287873, 39.339960708342026]}, "properties": {"Address": "3514 VIRGINIA AVE", "BlockLot": "3197 032", "Status": "Available", "Neighborhood": "Lucille Park", "HousingMarketTypology2017": "J"}}, {"type": "Feature", "geometry": {"type": "Point", "coordinates": [-76.67321684664144, 39.339910218935096]}, "properties": {"Address": "3516 VIRGINIA AVE", "BlockLot": "3197 033", "Status": "Available", "Neighborhood": "Lucille Park", "HousingMarketTypology2017": "J"}}, {"type": "Feature", "geometry": {"type": "Point", "coordinates": [-76.67323819037875, 39.33985760455252]}, "properties": {"Address": "3518 VIRGINIA AVE", "BlockLot": "3197 034", "Status": "Available", "Neighborhood": "Lucille Park", "HousingMarketTypology2017": "J"}}, {"type": "Feature", "geometry": {"type": "Point", "coordinates": [-76.67328690370283, 39.339754671402574]}, "properties": {"Address": "3522 VIRGINIA AVE", "BlockLot": "3197 036", "Status": "Available", "Neighborhood": "Lucille Park", "HousingMarketTypology2017": "J"}}, {"type": "Feature", "geometry": {"type": "Point", "coordinates": [-76.6733111809054, 39.339703067684994]}, "properties": {"Address": "3524 VIRGINIA AVE", "BlockLot": "3197 037", "Status": "Available", "Neighborhood": "Lucille Park", "HousingMarketTypology2017": "J"}}, {"type": "Feature", "geometry": {"type": "Point", "coordinates": [-76.67333484745258, 39.339652825090695]}, "properties": {"Address": "3526 VIRGINIA AVE", "BlockLot": "3197 038", "Status": "Available", "Neighborhood": "Lucille Park", "HousingMarketTypology2017": "J"}}, {"type": "Feature", "geometry": {"type": "Point", "coordinates": [-76.67338312495244, 39.33955026359203]}, "properties": {"Address": "3530 VIRGINIA AVE", "BlockLot": "3197 040", "Status": "Available", "Neighborhood": "Lucille Park", "HousingMarketTypology2017": "J"}}, {"type": "Feature", "geometry": {"type": "Point", "coordinates": [-76.67350546258257, 39.33929040905672]}, "properties": {"Address": "3540 VIRGINIA AVE", "BlockLot": "3197 045", "Status": "Available", "Neighborhood": "Lucille Park", "HousingMarketTypology2017": "J"}}, {"type": "Feature", "geometry": {"type": "Point", "coordinates": [-76.66610657462707, 39.309838622696404]}, "properties": {"Address": "1910 POPLAR GROVE ST", "BlockLot": "3004 063", "Status": "Available", "Neighborhood": "Walbrook", "HousingMarketTypology2017": "H"}}, {"type": "Feature", "geometry": {"type": "Point", "coordinates": [-76.66705833353899, 39.309570038091046]}, "properties": {"Address": "2933 HERBERT ST", "BlockLot": "3004 069F", "Status": "Available", "Neighborhood": "Walbrook", "HousingMarketTypology2017": "H"}}, {"type": "Feature", "geometry": {"type": "Point", "coordinates": [-76.66483246417877, 39.309435589148585]}, "properties": {"Address": "2832 W NORTH AVE", "BlockLot": "3005 014", "Status": "Available", "Neighborhood": "Walbrook", "HousingMarketTypology2017": "H"}}, {"type": "Feature", "geometry": {"type": "Point", "coordinates": [-76.66559589887116, 39.33955940385752]}, "properties": {"Address": " REAR NES PARK HTS. AV, REAR 4341 PARK HEIGHTS AV ", "BlockLot": "3304 007A", "Status": "Available", "Neighborhood": "Central Park Heights", "HousingMarketTypology2017": "I"}}, {"type": "Feature", "geometry": {"type": "Point", "coordinates": [-76.66662156535855, 39.33856608269497]}, "properties": {"Address": "2710 BOARMAN AVE", "BlockLot": "3305 028", "Status": "Available", "Neighborhood": "Central Park Heights", "HousingMarketTypology2017": "I"}}, {"type": "Feature", "geometry": {"type": "Point", "coordinates": [-76.66650744158437, 39.33862182134843]}, "properties": {"Address": "2706 BOARMAN AVE", "BlockLot": "3305 030", "Status": "Available", "Neighborhood": "Central Park Heights", "HousingMarketTypology2017": "I"}}, {"type": "Feature", "geometry": {"type": "Point", "coordinates": [-76.6666488538726, 39.33779119352381]}, "properties": {"Address": "4321 REISTERSTOWN ROAD", "BlockLot": "3305A019", "Status": "Available", "Neighborhood": "Central Park Heights", "HousingMarketTypology2017": "J"}}, {"type": "Feature", "geometry": {"type": "Point", "coordinates": [-76.6666162263632, 39.3377434606033]}, "properties": {"Address": "4319 REISTERSTOWN ROAD", "BlockLot": "3305A020", "Status": "Available", "Neighborhood": "Central Park Heights", "HousingMarketTypology2017": "J"}}, {"type": "Feature", "geometry": {"type": "Point", "coordinates": [-76.66618860711667, 39.337677115167]}, "properties": {"Address": "4307 REISTERSTOWN ROAD", "BlockLot": "3305A021", "Status": "Available", "Neighborhood": "Central Park Heights", "HousingMarketTypology2017": "J"}}, {"type": "Feature", "geometry": {"type": "Point", "coordinates": [-76.66635240949037, 39.337335355647916]}, "properties": {"Address": "4305 REISTERSTOWN ROAD", "BlockLot": "3305A024", "Status": "Available", "Neighborhood": "Central Park Heights", "HousingMarketTypology2017": "J"}}, {"type": "Feature", "geometry": {"type": "Point", "coordinates": [-76.66632075357677, 39.3372956870628]}, "properties": {"Address": "4303 REISTERSTOWN ROAD", "BlockLot": "3305A025", "Status": "Available", "Neighborhood": "Central Park Heights", "HousingMarketTypology2017": "J"}}, {"type": "Feature", "geometry": {"type": "Point", "coordinates": [-76.66614280777507, 39.33738084448824]}, "properties": {"Address": "2716 CLASSEN AVE", "BlockLot": "3305A027", "Status": "Available", "Neighborhood": "Central Park Heights", "HousingMarketTypology2017": "J"}}, {"type": "Feature", "geometry": {"type": "Point", "coordinates": [-76.66576838538238, 39.3375522678046]}, "properties": {"Address": "2706 CLASSEN AVE", "BlockLot": "3305A032", "Status": "Available", "Neighborhood": "Central Park Heights", "HousingMarketTypology2017": "J"}}, {"type": "Feature", "geometry": {"type": "Point", "coordinates": [-76.6596866151626, 39.32725477621686]}, "properties": {"Address": "2801 HILLDALE AVE", "BlockLot": "3167 010", "Status": "Available", "Neighborhood": "Park Circle", "HousingMarketTypology2017": "I"}}, {"type": "Feature", "geometry": {"type": "Point", "coordinates": [-76.65975357001976, 39.32722578761688]}, "properties": {"Address": "2803 Hilldale Ave", "BlockLot": "3167 011", "Status": "Available", "Neighborhood": "Park Circle", "HousingMarketTypology2017": "I"}}, {"type": "Feature", "geometry": {"type": "Point", "coordinates": [-76.66011464591082, 39.326747473046595]}, "properties": {"Address": "2816 SUFFOLK AVE", "BlockLot": "3167 032", "Status": "Available", "Neighborhood": "Park Circle", "HousingMarketTypology2017": "I"}}, {"type": "Feature", "geometry": {"type": "Point", "coordinates": [-76.66973210949334, 39.33863752015359]}, "properties": {"Address": " SWS 25 FT ALLEY 1ST, SW OF TOWANDA AV, 77-7FT SE OF LAPORTE ST", "BlockLot": "3190 050", "Status": "Available", "Neighborhood": "Towanda-Grantley", "HousingMarketTypology2017": "J"}}, {"type": "Feature", "geometry": {"type": "Point", "coordinates": [-76.67004270390686, 39.338935547917785]}, "properties": {"Address": " NWS LAPORTE ST, 2821 RIDGEWOOD AV REAR", "BlockLot": "3190 060", "Status": "Available", "Neighborhood": "Towanda-Grantley", "HousingMarketTypology2017": "J"}}, {"type": "Feature", "geometry": {"type": "Point", "coordinates": [-76.67011071467897, 39.33890918574129]}, "properties": {"Address": " NWS LAPORTE ST, 2823 RIDGEWOOD AV REAR", "BlockLot": "3190 061", "Status": "Available", "Neighborhood": "Towanda-Grantley", "HousingMarketTypology2017": "J"}}, {"type": "Feature", "geometry": {"type": "Point", "coordinates": [-76.67017872541308, 39.33888282082296]}, "properties": {"Address": " NWS LAPORTE ST, 2825 RIDGEWOOD AV REAR", "BlockLot": "3190 062", "Status": "Available", "Neighborhood": "Towanda-Grantley", "HousingMarketTypology2017": "J"}}, {"type": "Feature", "geometry": {"type": "Point", "coordinates": [-76.6702467395178, 39.33885646848514]}, "properties": {"Address": " NWS LAPORTE ST, 2827 RIDGEWOOD AV REAR", "BlockLot": "3190 063", "Status": "Available", "Neighborhood": "Towanda-Grantley", "HousingMarketTypology2017": "J"}}, {"type": "Feature", "geometry": {"type": "Point", "coordinates": [-76.67037765141033, 39.33880566703065]}, "properties": {"Address": "2832 LAPORTE ST", "BlockLot": "3190 065", "Status": "Available", "Neighborhood": "Towanda-Grantley", "HousingMarketTypology2017": "J"}}, {"type": "Feature", "geometry": {"type": "Point", "coordinates": [-76.6703964652104, 39.33982393734462]}, "properties": {"Address": "4514 REISTERSTOWN ROAD", "BlockLot": "3193 008", "Status": "Available", "Neighborhood": "Lucille Park", "HousingMarketTypology2017": "J"}}, {"type": "Feature", "geometry": {"type": "Point", "coordinates": [-76.67174301291043, 39.34016940668624]}, "properties": {"Address": "4606 REISTERSTOWN ROAD", "BlockLot": "3196 003", "Status": "Available", "Neighborhood": "Lucille Park", "HousingMarketTypology2017": "J"}}, {"type": "Feature", "geometry": {"type": "Point", "coordinates": [-76.65303818414924, 39.309936929404614]}, "properties": {"Address": "2206 W NORTH AVE", "BlockLot": "3204 004", "Status": "Available", "Neighborhood": "Mondawmin", "HousingMarketTypology2017": "I"}}, {"type": "Feature", "geometry": {"type": "Point", "coordinates": [-76.66060881947885, 39.32766044001211]}, "properties": {"Address": "2815 NORFOLK AVE", "BlockLot": "3168 017", "Status": "Available", "Neighborhood": "Park Circle", "HousingMarketTypology2017": "I"}}, {"type": "Feature", "geometry": {"type": "Point", "coordinates": [-76.66403418742878, 39.330892070154256]}, "properties": {"Address": "2914 SPRINGHILL AVE", "BlockLot": "3177A008", "Status": "Available", "Neighborhood": "Park Circle", "HousingMarketTypology2017": "I"}}, {"type": "Feature", "geometry": {"type": "Point", "coordinates": [-76.65899600136564, 39.328878019242744]}, "properties": {"Address": "3524 PARK HEIGHTS AVE", "BlockLot": "3325 013", "Status": "Available", "Neighborhood": "Park Circle", "HousingMarketTypology2017": "I"}}, {"type": "Feature", "geometry": {"type": "Point", "coordinates": [-76.65903615542618, 39.32893287866473]}, "properties": {"Address": "3526 PARK HEIGHTS AVE", "BlockLot": "3325 014", "Status": "Available", "Neighborhood": "Park Circle", "HousingMarketTypology2017": "I"}}, {"type": "Feature", "geometry": {"type": "Point", "coordinates": [-76.65915822439882, 39.32909912698312]}, "properties": {"Address": "3532 PARK HEIGHTS AVE", "BlockLot": "3325 017", "Status": "Available", "Neighborhood": "Park Circle", "HousingMarketTypology2017": "I"}}, {"type": "Feature", "geometry": {"type": "Point", "coordinates": [-76.65921554652576, 39.32917321033383]}, "properties": {"Address": "3534 PARK HEIGHTS AVE", "BlockLot": "3325 018", "Status": "Available", "Neighborhood": "Park Circle", "HousingMarketTypology2017": "I"}}, {"type": "Feature", "geometry": {"type": "Point", "coordinates": [-76.66199091635947, 39.32915089855721]}, "properties": {"Address": "2900 ROCKROSE AVE", "BlockLot": "3173 018", "Status": "Available", "Neighborhood": "Park Circle", "HousingMarketTypology2017": "I"}}, {"type": "Feature", "geometry": {"type": "Point", "coordinates": [-76.66703290179181, 39.31277642245639]}, "properties": {"Address": " SS POPLAR TER 110 FT, E OF LONGWOOD ST", "BlockLot": "3032 027C", "Status": "Available", "Neighborhood": "Walbrook", "HousingMarketTypology2017": "H"}}, {"type": "Feature", "geometry": {"type": "Point", "coordinates": [-76.65877422135681, 39.33056618964718]}, "properties": {"Address": " NES 30 FT UNNAMED ST, 1ST NE PARK HTS. AV, REAR 2623-27 VIOLET AV ", "BlockLot": "3327A057", "Status": "Available", "Neighborhood": "Park Circle", "HousingMarketTypology2017": "H"}}, {"type": "Feature", "geometry": {"type": "Point", "coordinates": [-76.65830296921105, 39.32800501234668]}, "properties": {"Address": "3466 PARK HEIGHTS AVE", "BlockLot": "3326 032", "Status": "Available", "Neighborhood": "Park Circle", "HousingMarketTypology2017": "I"}}, {"type": "Feature", "geometry": {"type": "Point", "coordinates": [-76.67001765263358, 39.343131498120265]}, "properties": {"Address": "4642 PARK HEIGHTS AVE", "BlockLot": "3301 028", "Status": "Available", "Neighborhood": "Central Park Heights", "HousingMarketTypology2017": "I"}}, {"type": "Feature", "geometry": {"type": "Point", "coordinates": [-76.6585026443509, 39.32934631868344]}, "properties": {"Address": "3501-3503 PARK HEIGHTS AVE", "BlockLot": "3327B007", "Status": "Available", "Neighborhood": "Park Circle", "HousingMarketTypology2017": "G"}}, {"type": "Feature", "geometry": {"type": "Point", "coordinates": [-76.6572098190498, 39.32680212300475]}, "properties": {"Address": "3421 PARK HEIGHTS AVE", "BlockLot": "3327C025", "Status": "Available", "Neighborhood": "Park Circle", "HousingMarketTypology2017": "G"}}, {"type": "Feature", "geometry": {"type": "Point", "coordinates": [-76.65116959163515, 39.311500142373035]}, "properties": {"Address": "2019 N PULASKI ST", "BlockLot": "3211 033", "Status": "Available", "Neighborhood": "Mondawmin", "HousingMarketTypology2017": "J"}}, {"type": "Feature", "geometry": {"type": "Point", "coordinates": [-76.65088088050246, 39.311179969929405]}, "properties": {"Address": "2023 RIDGEHILL AVE", "BlockLot": "3211 079", "Status": "Available", "Neighborhood": "Mondawmin", "HousingMarketTypology2017": "J"}}, {"type": "Feature", "geometry": {"type": "Point", "coordinates": [-76.67188087460042, 39.34124953841582]}, "properties": {"Address": "3435 DUPONT AVE", "BlockLot": "3301 090", "Status": "Available", "Neighborhood": "Central Park Heights", "HousingMarketTypology2017": "I"}}, {"type": "Feature", "geometry": {"type": "Point", "coordinates": [-76.67183215887674, 39.34069609805782]}, "properties": {"Address": "4611 REISTERSTOWN ROAD", "BlockLot": "3301 101", "Status": "Available", "Neighborhood": "Central Park Heights", "HousingMarketTypology2017": "I"}}, {"type": "Feature", "geometry": {"type": "Point", "coordinates": [-76.67168984204179, 39.340666200441184]}, "properties": {"Address": "4607 REISTERSTOWN ROAD", "BlockLot": "3301 101B", "Status": "Available", "Neighborhood": "Central Park Heights", "HousingMarketTypology2017": "I"}}, {"type": "Feature", "geometry": {"type": "Point", "coordinates": [-76.6706775184939, 39.34221276615435]}, "properties": {"Address": "3308 SAINT AMBROSE AVE", "BlockLot": "3301 120O", "Status": "Available", "Neighborhood": "Central Park Heights", "HousingMarketTypology2017": "I"}}, {"type": "Feature", "geometry": {"type": "Point", "coordinates": [-76.65991000567446, 39.33658813105019]}, "properties": {"Address": "2523 OSWEGO AVE", "BlockLot": "3347 030", "Status": "Available", "Neighborhood": "Greenspring", "HousingMarketTypology2017": "I"}}, {"type": "Feature", "geometry": {"type": "Point", "coordinates": [-76.66211619906551, 39.33637857072614]}, "properties": {"Address": "2644 OSWEGO AVE", "BlockLot": "3347C008", "Status": "Available", "Neighborhood": "Greenspring", "HousingMarketTypology2017": "I"}}, {"type": "Feature", "geometry": {"type": "Point", "coordinates": [-76.64257312800007, 39.31255093204969]}, "properties": {"Address": "1508-1510 RETREAT ST", "BlockLot": "3408 054", "Status": "Available", "Neighborhood": "Penn North", "HousingMarketTypology2017": "I"}}, {"type": "Feature", "geometry": {"type": "Point", "coordinates": [-76.64376684024096, 39.31314795726176]}, "properties": {"Address": "1528 KENSETT ST", "BlockLot": "3408 085", "Status": "Available", "Neighborhood": "Penn North", "HousingMarketTypology2017": "I"}}, {"type": "Feature", "geometry": {"type": "Point", "coordinates": [-76.64370483368226, 39.313192948327355]}, "properties": {"Address": "1524 KENSETT ST", "BlockLot": "3408 087", "Status": "Available", "Neighborhood": "Penn North", "HousingMarketTypology2017": "I"}}, {"type": "Feature", "geometry": {"type": "Point", "coordinates": [-76.64319282081031, 39.313284593009406]}, "properties": {"Address": "1503 KENSETT ST", "BlockLot": "3408 099", "Status": "Available", "Neighborhood": "Penn North", "HousingMarketTypology2017": "I"}}, {"type": "Feature", "geometry": {"type": "Point", "coordinates": [-76.64322730641246, 39.31326048548235]}, "properties": {"Address": "1505 KENSETT ST", "BlockLot": "3408 100", "Status": "Available", "Neighborhood": "Penn North", "HousingMarketTypology2017": "I"}}, {"type": "Feature", "geometry": {"type": "Point", "coordinates": [-76.64326201252993, 39.313235411206165]}, "properties": {"Address": "1507 KENSETT ST", "BlockLot": "3408 101", "Status": "Available", "Neighborhood": "Penn North", "HousingMarketTypology2017": "I"}}, {"type": "Feature", "geometry": {"type": "Point", "coordinates": [-76.64345789957669, 39.31296365773667]}, "properties": {"Address": "2540 Salem St", "BlockLot": "3408 111", "Status": "Available", "Neighborhood": "Penn North", "HousingMarketTypology2017": "I"}}, {"type": "Feature", "geometry": {"type": "Point", "coordinates": [-76.64318678688784, 39.31274941503117]}, "properties": {"Address": "2522 SALEM ST", "BlockLot": "3408 114", "Status": "Available", "Neighborhood": "Penn North", "HousingMarketTypology2017": "I"}}, {"type": "Feature", "geometry": {"type": "Point", "coordinates": [-76.64311196062262, 39.31268078374854]}, "properties": {"Address": "2516 SALEM ST", "BlockLot": "3408 117", "Status": "Available", "Neighborhood": "Penn North", "HousingMarketTypology2017": "I"}}, {"type": "Feature", "geometry": {"type": "Point", "coordinates": [-76.64296564646506, 39.31255764146964]}, "properties": {"Address": "2506 SALEM ST", "BlockLot": "3408 122", "Status": "Available", "Neighborhood": "Penn North", "HousingMarketTypology2017": "I"}}, {"type": "Feature", "geometry": {"type": "Point", "coordinates": [-76.66028726588581, 39.3320168105227]}, "properties": {"Address": "3741 PARK HEIGHTS AVE", "BlockLot": "3335 021", "Status": "Available", "Neighborhood": "Park Circle", "HousingMarketTypology2017": "H"}}, {"type": "Feature", "geometry": {"type": "Point", "coordinates": [-76.6603295799651, 39.33207725490873]}, "properties": {"Address": "3743 PARK HEIGHTS AVE", "BlockLot": "3335 022", "Status": "Available", "Neighborhood": "Park Circle", "HousingMarketTypology2017": "H"}}, {"type": "Feature", "geometry": {"type": "Point", "coordinates": [-76.65984829503401, 39.33218323849582]}, "properties": {"Address": "2619 SPRINGHILL AVE", "BlockLot": "3335 025", "Status": "Available", "Neighborhood": "Park Circle", "HousingMarketTypology2017": "H"}}, {"type": "Feature", "geometry": {"type": "Point", "coordinates": [-76.65980202037707, 39.33220401181164]}, "properties": {"Address": "2617 SPRINGHILL AVE", "BlockLot": "3335 026", "Status": "Available", "Neighborhood": "Park Circle", "HousingMarketTypology2017": "H"}}, {"type": "Feature", "geometry": {"type": "Point", "coordinates": [-76.6411305341599, 39.31370087435272]}, "properties": {"Address": "2513 DRUID HILL AVE", "BlockLot": "3417 074", "Status": "Available", "Neighborhood": "Penn North", "HousingMarketTypology2017": "I"}}, {"type": "Feature", "geometry": {"type": "Point", "coordinates": [-76.64091652171393, 39.313482315055325]}, "properties": {"Address": "2509-2511 DRUID HILL AVE", "BlockLot": "3417 075", "Status": "Available", "Neighborhood": "Penn North", "HousingMarketTypology2017": "I"}}, {"type": "Feature", "geometry": {"type": "Point", "coordinates": [-76.66423207705643, 39.33719635784505]}, "properties": {"Address": "4209 PARK HEIGHTS AVE", "BlockLot": "3307A005", "Status": "Available", "Neighborhood": "Central Park Heights", "HousingMarketTypology2017": "I"}}, {"type": "Feature", "geometry": {"type": "Point", "coordinates": [-76.66453864341018, 39.33762168034593]}, "properties": {"Address": "4223 PARK HEIGHTS AVE", "BlockLot": "3307A011", "Status": "Available", "Neighborhood": "Central Park Heights", "HousingMarketTypology2017": "I"}}, {"type": "Feature", "geometry": {"type": "Point", "coordinates": [-76.66462602721774, 39.33783338315191]}, "properties": {"Address": "4231 PARK HEIGHTS AVE", "BlockLot": "3307A015", "Status": "Available", "Neighborhood": "Central Park Heights", "HousingMarketTypology2017": "I"}}, {"type": "Feature", "geometry": {"type": "Point", "coordinates": [-76.66430084312718, 39.33799944319851]}, "properties": {"Address": " NES 10 FT ALLEY 1ST, NE OF PARK HTS. AV REAR, 4227-37 PARK HEIGHTS AV ", "BlockLot": "3307A069", "Status": "Available", "Neighborhood": "Central Park Heights", "HousingMarketTypology2017": "I"}}, {"type": "Feature", "geometry": {"type": "Point", "coordinates": [-76.66482998125723, 39.337035446254234]}, "properties": {"Address": "4218 PARK HEIGHTS AVE", "BlockLot": "3311 009", "Status": "Available", "Neighborhood": "Central Park Heights", "HousingMarketTypology2017": "J"}}, {"type": "Feature", "geometry": {"type": "Point", "coordinates": [-76.6649102666448, 39.337161210177776]}, "properties": {"Address": "4224 PARK HEIGHTS AVE", "BlockLot": "3311 012", "Status": "Available", "Neighborhood": "Central Park Heights", "HousingMarketTypology2017": "J"}}, {"type": "Feature", "geometry": {"type": "Point", "coordinates": [-76.66538175597837, 39.33741215324894]}, "properties": {"Address": "2701 CLASSEN AVE", "BlockLot": "3311 023", "Status": "Available", "Neighborhood": "Central Park Heights", "HousingMarketTypology2017": "J"}}, {"type": "Feature", "geometry": {"type": "Point", "coordinates": [-76.6656490069852, 39.3372491672208]}, "properties": {"Address": "2709 CLASSEN AVE", "BlockLot": "3311 025", "Status": "Available", "Neighborhood": "Central Park Heights", "HousingMarketTypology2017": "J"}}, {"type": "Feature", "geometry": {"type": "Point", "coordinates": [-76.66085822903567, 39.337828638523256]}, "properties": {"Address": "2539 QUANTICO AVE", "BlockLot": "3355 020", "Status": "Available", "Neighborhood": "Greenspring", "HousingMarketTypology2017": "I"}}, {"type": "Feature", "geometry": {"type": "Point", "coordinates": [-76.64283828779328, 39.31285924622293]}, "properties": {"Address": "2515 SALEM ST", "BlockLot": "3408 132", "Status": "Available", "Neighborhood": "Penn North", "HousingMarketTypology2017": "I"}}, {"type": "Feature", "geometry": {"type": "Point", "coordinates": [-76.64286699573843, 39.31288548051988]}, "properties": {"Address": "2517 SALEM ST", "BlockLot": "3408 133", "Status": "Available", "Neighborhood": "Penn North", "HousingMarketTypology2017": "I"}}, {"type": "Feature", "geometry": {"type": "Point", "coordinates": [-76.64289909657325, 39.312907098854076]}, "properties": {"Address": "2519 SALEM ST", "BlockLot": "3408 134", "Status": "Available", "Neighborhood": "Penn North", "HousingMarketTypology2017": "I"}}, {"type": "Feature", "geometry": {"type": "Point", "coordinates": [-76.64292464419819, 39.31293345504284]}, "properties": {"Address": "2521 SALEM ST", "BlockLot": "3408 135", "Status": "Available", "Neighborhood": "Penn North", "HousingMarketTypology2017": "I"}}, {"type": "Feature", "geometry": {"type": "Point", "coordinates": [-76.64319279593661, 39.31315449003326]}, "properties": {"Address": "2539 SALEM ST", "BlockLot": "3408 144", "Status": "Available", "Neighborhood": "Penn North", "HousingMarketTypology2017": "I"}}, {"type": "Feature", "geometry": {"type": "Point", "coordinates": [-76.64168447112253, 39.31318296192281]}, "properties": {"Address": "1408 RETREAT ST", "BlockLot": "3410 001", "Status": "Available", "Neighborhood": "Penn North", "HousingMarketTypology2017": "I"}}, {"type": "Feature", "geometry": {"type": "Point", "coordinates": [-76.64172650452696, 39.31315222578932]}, "properties": {"Address": "1410 RETREAT ST", "BlockLot": "3410 002", "Status": "Available", "Neighborhood": "Penn North", "HousingMarketTypology2017": "I"}}, {"type": "Feature", "geometry": {"type": "Point", "coordinates": [-76.64230712380652, 39.313425420987265]}, "properties": {"Address": "2529 FRANCIS ST", "BlockLot": "3410 019", "Status": "Available", "Neighborhood": "Penn North", "HousingMarketTypology2017": "I"}}, {"type": "Feature", "geometry": {"type": "Point", "coordinates": [-76.66235562038707, 39.33342516451977]}, "properties": {"Address": "3910 PARK HEIGHTS AVE", "BlockLot": "3321 006", "Status": "Available", "Neighborhood": "Central Park Heights", "HousingMarketTypology2017": "I"}}, {"type": "Feature", "geometry": {"type": "Point", "coordinates": [-76.66266189776667, 39.33385204635246]}, "properties": {"Address": "3928 PARK HEIGHTS AVE", "BlockLot": "3321 015", "Status": "Available", "Neighborhood": "Central Park Heights", "HousingMarketTypology2017": "I"}}, {"type": "Feature", "geometry": {"type": "Point", "coordinates": [-76.66269677412659, 39.33389985354937]}, "properties": {"Address": "3930 PARK HEIGHTS AVE", "BlockLot": "3321 016", "Status": "Available", "Neighborhood": "Central Park Heights", "HousingMarketTypology2017": "I"}}, {"type": "Feature", "geometry": {"type": "Point", "coordinates": [-76.64306245955629, 39.31169949465308]}, "properties": {"Address": "1609 RETREAT ST", "BlockLot": "3406 047", "Status": "Available", "Neighborhood": "Penn North", "HousingMarketTypology2017": "I"}}, {"type": "Feature", "geometry": {"type": "Point", "coordinates": [-76.64271047690437, 39.31101385354416]}, "properties": {"Address": "1510 TRACTION ST", "BlockLot": "3406 077", "Status": "Available", "Neighborhood": "Penn North", "HousingMarketTypology2017": "I"}}, {"type": "Feature", "geometry": {"type": "Point", "coordinates": [-76.66287141986832, 39.330030317362194]}, "properties": {"Address": "3710 TOWANDA AVE", "BlockLot": "3165 004", "Status": "Available", "Neighborhood": "Park Circle", "HousingMarketTypology2017": "I"}}, {"type": "Feature", "geometry": {"type": "Point", "coordinates": [-76.66265047383935, 39.34019166649695]}, "properties": {"Address": " NES 15 FT ALLEY 1ST, NE OF PALL MALL RD REAR, 4425 PALL MALL RD", "BlockLot": "3350 046", "Status": "Available", "Neighborhood": "Greenspring", "HousingMarketTypology2017": "I"}}, {"type": "Feature", "geometry": {"type": "Point", "coordinates": [-76.64014339006984, 39.31140491537491]}, "properties": {"Address": "1410 WHITELOCK ST", "BlockLot": "3413 063", "Status": "Available", "Neighborhood": "Penn North", "HousingMarketTypology2017": "I"}}, {"type": "Feature", "geometry": {"type": "Point", "coordinates": [-76.64010481137456, 39.31142716563386]}, "properties": {"Address": "1408 WHITELOCK ST", "BlockLot": "3413 064", "Status": "Available", "Neighborhood": "Penn North", "HousingMarketTypology2017": "I"}}, {"type": "Feature", "geometry": {"type": "Point", "coordinates": [-76.64071073485978, 39.31234494780207]}, "properties": {"Address": "1402 TRACTION ST", "BlockLot": "3413 069", "Status": "Available", "Neighborhood": "Penn North", "HousingMarketTypology2017": "I"}}, {"type": "Feature", "geometry": {"type": "Point", "coordinates": [-76.64074009749721, 39.31232369513247]}, "properties": {"Address": "1404 TRACTION ST", "BlockLot": "3413 070", "Status": "Available", "Neighborhood": "Penn North", "HousingMarketTypology2017": "I"}}, {"type": "Feature", "geometry": {"type": "Point", "coordinates": [-76.64076946818345, 39.312302452388344]}, "properties": {"Address": "1406 TRACTION ST", "BlockLot": "3413 071", "Status": "Available", "Neighborhood": "Penn North", "HousingMarketTypology2017": "I"}}, {"type": "Feature", "geometry": {"type": "Point", "coordinates": [-76.6407988260381, 39.31228122130734]}, "properties": {"Address": "1408 TRACTION ST", "BlockLot": "3413 072", "Status": "Available", "Neighborhood": "Penn North", "HousingMarketTypology2017": "I"}}, {"type": "Feature", "geometry": {"type": "Point", "coordinates": [-76.64082818618971, 39.3122599911267]}, "properties": {"Address": "1410 TRACTION ST", "BlockLot": "3413 073", "Status": "Available", "Neighborhood": "Penn North", "HousingMarketTypology2017": "I"}}, {"type": "Feature", "geometry": {"type": "Point", "coordinates": [-76.64085755098908, 39.31223875554833]}, "properties": {"Address": "1412 TRACTION ST", "BlockLot": "3413 074", "Status": "Available", "Neighborhood": "Penn North", "HousingMarketTypology2017": "I"}}, {"type": "Feature", "geometry": {"type": "Point", "coordinates": [-76.64088796600785, 39.31221712053531]}, "properties": {"Address": "1414 TRACTION ST", "BlockLot": "3413 075", "Status": "Available", "Neighborhood": "Penn North", "HousingMarketTypology2017": "I"}}, {"type": "Feature", "geometry": {"type": "Point", "coordinates": [-76.63697723446447, 39.311065415764745]}, "properties": {"Address": " NS CLENDENIN ST, NWC TIFFANY ALLEY ", "BlockLot": "3422 059A", "Status": "Available", "Neighborhood": "Reservoir Hill", "HousingMarketTypology2017": "E"}}, {"type": "Feature", "geometry": {"type": "Point", "coordinates": [-76.63296090975322, 39.31482098073052]}, "properties": {"Address": "2400 LAKEVIEW AVE", "BlockLot": "3461 012", "Status": "Available", "Neighborhood": "Reservoir Hill", "HousingMarketTypology2017": "G"}}, {"type": "Feature", "geometry": {"type": "Point", "coordinates": [-76.6329608344081, 39.31517382325937]}, "properties": {"Address": "2416 LAKEVIEW AVE", "BlockLot": "3461 020", "Status": "Available", "Neighborhood": "Reservoir Hill", "HousingMarketTypology2017": "G"}}, {"type": "Feature", "geometry": {"type": "Point", "coordinates": [-76.6329613310843, 39.31521810850246]}, "properties": {"Address": "2418 LAKEVIEW AVE", "BlockLot": "3461 021", "Status": "Available", "Neighborhood": "Reservoir Hill", "HousingMarketTypology2017": "G"}}, {"type": "Feature", "geometry": {"type": "Point", "coordinates": [-76.66218795254149, 39.337119383250624]}, "properties": {"Address": "2630 LOYOLA SOUTHWAY", "BlockLot": "3347D016", "Status": "Available", "Neighborhood": "Greenspring", "HousingMarketTypology2017": "I"}}, {"type": "Feature", "geometry": {"type": "Point", "coordinates": [-76.6620490583223, 39.33746271379942]}, "properties": {"Address": "2625 QUANTICO AVE", "BlockLot": "3347D033", "Status": "Available", "Neighborhood": "Greenspring", "HousingMarketTypology2017": "I"}}, {"type": "Feature", "geometry": {"type": "Point", "coordinates": [-76.64325240608619, 39.31196070521659]}, "properties": {"Address": "2500 WOODBROOK AVE", "BlockLot": "3404 001", "Status": "Available", "Neighborhood": "Penn North", "HousingMarketTypology2017": "I"}}, {"type": "Feature", "geometry": {"type": "Point", "coordinates": [-76.66384097592515, 39.34039353766474]}, "properties": {"Address": " SWS PALL MALL RD, 131-8 FT SE OF COLD SPRING LA", "BlockLot": "3349A003", "Status": "Available", "Neighborhood": "Greenspring", "HousingMarketTypology2017": "I"}}, {"type": "Feature", "geometry": {"type": "Point", "coordinates": [-76.61065559172255, 39.316965124580605]}, "properties": {"Address": "2434 BRENTWOOD AVE", "BlockLot": "3826 055", "Status": "Available", "Neighborhood": "Barclay", "HousingMarketTypology2017": "G"}}, {"type": "Feature", "geometry": {"type": "Point", "coordinates": [-76.61083582031635, 39.31893713293853]}, "properties": {"Address": "2523 BARCLAY ST", "BlockLot": "3836B026", "Status": "Available", "Neighborhood": "Harwood", "HousingMarketTypology2017": "G"}}, {"type": "Feature", "geometry": {"type": "Point", "coordinates": [-76.61012991018283, 39.31752063076755]}, "properties": {"Address": "2463 BRENTWOOD AVE", "BlockLot": "3825 051", "Status": "Available", "Neighborhood": "Barclay", "HousingMarketTypology2017": "G"}}, {"type": "Feature", "geometry": {"type": "Point", "coordinates": [-76.6457892926686, 39.31255318942122]}, "properties": {"Address": "2708 PENNSYLVANIA AVE", "BlockLot": "3402 005", "Status": "Available", "Neighborhood": "Penn North", "HousingMarketTypology2017": "H"}}, {"type": "Feature", "geometry": {"type": "Point", "coordinates": [-76.64605578841268, 39.31217358290227]}, "properties": {"Address": "1616 CLIFTON AVE", "BlockLot": "3402 040", "Status": "Available", "Neighborhood": "Penn North", "HousingMarketTypology2017": "H"}}, {"type": "Feature", "geometry": {"type": "Point", "coordinates": [-76.64586518704427, 39.31240076219549]}, "properties": {"Address": "1602 CLIFTON AVE", "BlockLot": "3402 047", "Status": "Available", "Neighborhood": "Penn North", "HousingMarketTypology2017": "H"}}, {"type": "Feature", "geometry": {"type": "Point", "coordinates": [-76.64159716886637, 39.31342044664877]}, "properties": {"Address": "2510 DRUID HILL AVE", "BlockLot": "3411 004", "Status": "Available", "Neighborhood": "Penn North", "HousingMarketTypology2017": "I"}}, {"type": "Feature", "geometry": {"type": "Point", "coordinates": [-76.6322517143765, 39.31531557633945]}, "properties": {"Address": "2421 LAKEVIEW AVE", "BlockLot": "3457 021", "Status": "Available", "Neighborhood": "Reservoir Hill", "HousingMarketTypology2017": "G"}}, {"type": "Feature", "geometry": {"type": "Point", "coordinates": [-76.6097574758014, 39.31749557065557]}, "properties": {"Address": "2460 GREENMOUNT AVE", "BlockLot": "3825 015", "Status": "Available", "Neighborhood": "Barclay", "HousingMarketTypology2017": "G"}}, {"type": "Feature", "geometry": {"type": "Point", "coordinates": [-76.60742518611839, 39.33887959550373]}, "properties": {"Address": "601 CATOR AVE", "BlockLot": "3913 014", "Status": "Available", "Neighborhood": "Pen Lucy", "HousingMarketTypology2017": "H"}}, {"type": "Feature", "geometry": {"type": "Point", "coordinates": [-76.58901785949487, 39.322881764162325]}, "properties": {"Address": "2874 HARFORD ROAD", "BlockLot": "3937 004", "Status": "Available", "Neighborhood": "Coldstream Homestead Montebello", "HousingMarketTypology2017": "I"}}, {"type": "Feature", "geometry": {"type": "Point", "coordinates": [-76.58862861236716, 39.323659499799724]}, "properties": {"Address": "1913 E 28TH ST", "BlockLot": "3938 025", "Status": "Available", "Neighborhood": "Coldstream Homestead Montebello", "HousingMarketTypology2017": "I"}}, {"type": "Feature", "geometry": {"type": "Point", "coordinates": [-76.58848606755127, 39.323669139664275]}, "properties": {"Address": "1919 E 28TH ST", "BlockLot": "3938 028", "Status": "Available", "Neighborhood": "Coldstream Homestead Montebello", "HousingMarketTypology2017": "I"}}, {"type": "Feature", "geometry": {"type": "Point", "coordinates": [-76.66241863594792, 39.33220249487946]}, "properties": {"Address": "3823 REISTERSTOWN ROAD", "BlockLot": "3322 034", "Status": "Available", "Neighborhood": "Park Circle", "HousingMarketTypology2017": "I"}}, {"type": "Feature", "geometry": {"type": "Point", "coordinates": [-76.66239371291455, 39.33215331099421]}, "properties": {"Address": "3821 REISTERSTOWN ROAD", "BlockLot": "3322 035", "Status": "Available", "Neighborhood": "Park Circle", "HousingMarketTypology2017": "I"}}, {"type": "Feature", "geometry": {"type": "Point", "coordinates": [-76.66172966159135, 39.33185166404903]}, "properties": {"Address": "2702 SPRINGHILL AVE", "BlockLot": "3322 048", "Status": "Available", "Neighborhood": "Park Circle", "HousingMarketTypology2017": "I"}}, {"type": "Feature", "geometry": {"type": "Point", "coordinates": [-76.65924414910918, 39.32850393056997]}, "properties": {"Address": " SWS 20 FT ALLEY 1ST, SW OF PARK HEIGHTS AV, 140 FT S OF ULMAN AV ", "BlockLot": "3325 047", "Status": "Available", "Neighborhood": "Park Circle", "HousingMarketTypology2017": "I"}}, {"type": "Feature", "geometry": {"type": "Point", "coordinates": [-76.65936864133529, 39.32876104233377]}, "properties": {"Address": " SWS 20 FT ALLEY 1ST, SW OF PARK HEIGHTS AV, 120 FT S OF ULMAN AV ", "BlockLot": "3325 046", "Status": "Available", "Neighborhood": "Park Circle", "HousingMarketTypology2017": "I"}}, {"type": "Feature", "geometry": {"type": "Point", "coordinates": [-76.59686194214834, 39.31495516522734]}, "properties": {"Address": "2147 HARFORD ROAD", "BlockLot": "4163 010", "Status": "Available", "Neighborhood": "Darley Park", "HousingMarketTypology2017": "J"}}, {"type": "Feature", "geometry": {"type": "Point", "coordinates": [-76.59525817862512, 39.323623059772764]}, "properties": {"Address": "1536 ABBOTSTON ST", "BlockLot": "4137 019", "Status": "Available", "Neighborhood": "Coldstream Homestead Montebello", "HousingMarketTypology2017": "I"}}, {"type": "Feature", "geometry": {"type": "Point", "coordinates": [-76.6039438840909, 39.311971678372316]}, "properties": {"Address": "1100 E NORTH AVE", "BlockLot": "4005 001", "Status": "Available", "Neighborhood": "East Baltimore Midway", "HousingMarketTypology2017": "J"}}, {"type": "Feature", "geometry": {"type": "Point", "coordinates": [-76.60325717198994, 39.31259877852868]}, "properties": {"Address": "1119 E 20TH ST", "BlockLot": "4005 048", "Status": "Available", "Neighborhood": "East Baltimore Midway", "HousingMarketTypology2017": "J"}}, {"type": "Feature", "geometry": {"type": "Point", "coordinates": [-76.60244301138839, 39.3124471052774]}, "properties": {"Address": "1915 AISQUITH ST", "BlockLot": "4006 012", "Status": "Available", "Neighborhood": "East Baltimore Midway", "HousingMarketTypology2017": "J"}}, {"type": "Feature", "geometry": {"type": "Point", "coordinates": [-76.60243227886238, 39.31221812420155]}, "properties": {"Address": "1901 AISQUITH ST", "BlockLot": "4006 019", "Status": "Available", "Neighborhood": "East Baltimore Midway", "HousingMarketTypology2017": "J"}}, {"type": "Feature", "geometry": {"type": "Point", "coordinates": [-76.60103655331825, 39.312309892694266]}, "properties": {"Address": "1906 SHERWOOD AVE", "BlockLot": "4007 017", "Status": "Available", "Neighborhood": "East Baltimore Midway", "HousingMarketTypology2017": "J"}}, {"type": "Feature", "geometry": {"type": "Point", "coordinates": [-76.60386576919151, 39.31298400711991]}, "properties": {"Address": "1110 E 20TH ST", "BlockLot": "4011B006", "Status": "Available", "Neighborhood": "East Baltimore Midway", "HousingMarketTypology2017": "J"}}, {"type": "Feature", "geometry": {"type": "Point", "coordinates": [-76.60669260451944, 39.31703332152564]}, "properties": {"Address": "643 GUTMAN AVE", "BlockLot": "4041A045", "Status": "Available", "Neighborhood": "East Baltimore Midway", "HousingMarketTypology2017": "J"}}, {"type": "Feature", "geometry": {"type": "Point", "coordinates": [-76.60750192849183, 39.312812334422425]}, "properties": {"Address": "728 E 20TH ST", "BlockLot": "4017 015", "Status": "Available", "Neighborhood": "East Baltimore Midway", "HousingMarketTypology2017": "G"}}, {"type": "Feature", "geometry": {"type": "Point", "coordinates": [-76.60918934701091, 39.3143235232874]}, "properties": {"Address": "507 E 22ND ST", "BlockLot": "4019 033", "Status": "Available", "Neighborhood": "East Baltimore Midway", "HousingMarketTypology2017": "G"}}, {"type": "Feature", "geometry": {"type": "Point", "coordinates": [-76.5902113093968, 39.31365027544583]}, "properties": {"Address": "2015 N WASHINGTON ST", "BlockLot": "4168 012", "Status": "Available", "Neighborhood": "South Clifton Park", "HousingMarketTypology2017": "J"}}, {"type": "Feature", "geometry": {"type": "Point", "coordinates": [-76.67913999725087, 39.344862411046435]}, "properties": {"Address": "5008 LITCHFIELD AVE", "BlockLot": "4576 022", "Status": "Available", "Neighborhood": "Langston Hughes", "HousingMarketTypology2017": "I"}}, {"type": "Feature", "geometry": {"type": "Point", "coordinates": [-76.67919134808716, 39.344910949868385]}, "properties": {"Address": "5010 LITCHFIELD AVE", "BlockLot": "4576 023", "Status": "Available", "Neighborhood": "Langston Hughes", "HousingMarketTypology2017": "I"}}, {"type": "Feature", "geometry": {"type": "Point", "coordinates": [-76.67938101281709, 39.3450791035099]}, "properties": {"Address": "3705 SPAULDING AVE", "BlockLot": "4576 026", "Status": "Available", "Neighborhood": "Langston Hughes", "HousingMarketTypology2017": "I"}}, {"type": "Feature", "geometry": {"type": "Point", "coordinates": [-76.67658668355162, 39.345435286898734]}, "properties": {"Address": "4906 ELMER AVE", "BlockLot": "4601 001", "Status": "Available", "Neighborhood": "Central Park Heights", "HousingMarketTypology2017": "I"}}, {"type": "Feature", "geometry": {"type": "Point", "coordinates": [-76.67653728938694, 39.34538866009892]}, "properties": {"Address": "4904 ELMER AVE", "BlockLot": "4601 002", "Status": "Available", "Neighborhood": "Central Park Heights", "HousingMarketTypology2017": "I"}}, {"type": "Feature", "geometry": {"type": "Point", "coordinates": [-76.67648957692177, 39.34530655135752]}, "properties": {"Address": "4902 ELMER AVE", "BlockLot": "4601 003", "Status": "Available", "Neighborhood": "Central Park Heights", "HousingMarketTypology2017": "I"}}, {"type": "Feature", "geometry": {"type": "Point", "coordinates": [-76.59706179486481, 39.31606657469937]}, "properties": {"Address": "1305 CLIFTVIEW AVE", "BlockLot": "4029 023", "Status": "Available", "Neighborhood": "East Baltimore Midway", "HousingMarketTypology2017": "J"}}, {"type": "Feature", "geometry": {"type": "Point", "coordinates": [-76.60745018848958, 39.316667890550846]}, "properties": {"Address": "619 BARTLETT AVE", "BlockLot": "4041 034", "Status": "Available", "Neighborhood": "East Baltimore Midway", "HousingMarketTypology2017": "I"}}, {"type": "Feature", "geometry": {"type": "Point", "coordinates": [-76.67613242534746, 39.344119629687135]}, "properties": {"Address": " NWS MANCHESTER AVE, NWC BEAUFORT AVE", "BlockLot": "4602 035", "Status": "Available", "Neighborhood": "Central Park Heights", "HousingMarketTypology2017": "J"}}, {"type": "Feature", "geometry": {"type": "Point", "coordinates": [-76.67643227592725, 39.34321572306947]}, "properties": {"Address": "3700 MANCHESTER AVE", "BlockLot": "4602 051", "Status": "Available", "Neighborhood": "Central Park Heights", "HousingMarketTypology2017": "J"}}, {"type": "Feature", "geometry": {"type": "Point", "coordinates": [-76.67644952534306, 39.343171567480994]}, "properties": {"Address": "3702 MANCHESTER AVE", "BlockLot": "4602 052", "Status": "Available", "Neighborhood": "Central Park Heights", "HousingMarketTypology2017": "J"}}, {"type": "Feature", "geometry": {"type": "Point", "coordinates": [-76.6756785286741, 39.344256700108836]}, "properties": {"Address": " NEC BEAUFORT AVE, NEC MANCHESTER AVE", "BlockLot": "4604 035", "Status": "Available", "Neighborhood": "Central Park Heights", "HousingMarketTypology2017": "I"}}, {"type": "Feature", "geometry": {"type": "Point", "coordinates": [-76.58796103569857, 39.31266726958964]}, "properties": {"Address": "2126 E NORTH AVE", "BlockLot": "4169 063", "Status": "Available", "Neighborhood": "South Clifton Park", "HousingMarketTypology2017": "J"}}, {"type": "Feature", "geometry": {"type": "Point", "coordinates": [-76.58783348470786, 39.3126733437575]}, "properties": {"Address": "2132 E NORTH AVE", "BlockLot": "4169 066", "Status": "Available", "Neighborhood": "South Clifton Park", "HousingMarketTypology2017": "J"}}, {"type": "Feature", "geometry": {"type": "Point", "coordinates": [-76.58777613983712, 39.312946199284035]}, "properties": {"Address": "1908 N COLLINGTON AVE", "BlockLot": "4169 075", "Status": "Available", "Neighborhood": "South Clifton Park", "HousingMarketTypology2017": "J"}}, {"type": "Feature", "geometry": {"type": "Point", "coordinates": [-76.58737454923522, 39.31271523427174]}, "properties": {"Address": "2200 E NORTH AVE", "BlockLot": "4171 001", "Status": "Available", "Neighborhood": "South Clifton Park", "HousingMarketTypology2017": "J"}}, {"type": "Feature", "geometry": {"type": "Point", "coordinates": [-76.58732472702327, 39.312711492332106]}, "properties": {"Address": "2202 E NORTH AVE", "BlockLot": "4171 002", "Status": "Available", "Neighborhood": "South Clifton Park", "HousingMarketTypology2017": "J"}}, {"type": "Feature", "geometry": {"type": "Point", "coordinates": [-76.58727943346545, 39.31271600728433]}, "properties": {"Address": "2204 E NORTH AVE", "BlockLot": "4171 003", "Status": "Available", "Neighborhood": "South Clifton Park", "HousingMarketTypology2017": "J"}}, {"type": "Feature", "geometry": {"type": "Point", "coordinates": [-76.58718739346149, 39.312720051757964]}, "properties": {"Address": "2208 E NORTH AVE", "BlockLot": "4171 005", "Status": "Available", "Neighborhood": "South Clifton Park", "HousingMarketTypology2017": "J"}}, {"type": "Feature", "geometry": {"type": "Point", "coordinates": [-76.5868664414223, 39.31273269550435]}, "properties": {"Address": "2222 E NORTH AVE", "BlockLot": "4171 012", "Status": "Available", "Neighborhood": "South Clifton Park", "HousingMarketTypology2017": "J"}}, {"type": "Feature", "geometry": {"type": "Point", "coordinates": [-76.58651354734268, 39.31274853085818]}, "properties": {"Address": "2232 E NORTH AVE", "BlockLot": "4171 017", "Status": "Available", "Neighborhood": "South Clifton Park", "HousingMarketTypology2017": "J"}}, {"type": "Feature", "geometry": {"type": "Point", "coordinates": [-76.66915394266574, 39.34773094217171]}, "properties": {"Address": "4834 PIMLICO ROAD", "BlockLot": "4616 098K", "Status": "Available", "Neighborhood": "Central Park Heights", "HousingMarketTypology2017": "I"}}, {"type": "Feature", "geometry": {"type": "Point", "coordinates": [-76.679332849545, 39.34720864701735]}, "properties": {"Address": "3508 W BELVEDERE AVE", "BlockLot": "4550 005", "Status": "Available", "Neighborhood": "Arlington", "HousingMarketTypology2017": "I"}}, {"type": "Feature", "geometry": {"type": "Point", "coordinates": [-76.67936998480963, 39.347184947994194]}, "properties": {"Address": "3510 W BELVEDERE AVE", "BlockLot": "4550 006", "Status": "Available", "Neighborhood": "Arlington", "HousingMarketTypology2017": "I"}}, {"type": "Feature", "geometry": {"type": "Point", "coordinates": [-76.67990498472332, 39.347509808049125]}, "properties": {"Address": "5206 WILTON HEIGHTS AVE", "BlockLot": "4550 044", "Status": "Available", "Neighborhood": "Arlington", "HousingMarketTypology2017": "I"}}, {"type": "Feature", "geometry": {"type": "Point", "coordinates": [-76.679774933255, 39.34788450829803]}, "properties": {"Address": "5213 WILTON HEIGHTS AVE", "BlockLot": "4551 002", "Status": "Available", "Neighborhood": "Arlington", "HousingMarketTypology2017": "I"}}, {"type": "Feature", "geometry": {"type": "Point", "coordinates": [-76.67901437618785, 39.34740984858637]}, "properties": {"Address": "3428 W BELVEDERE AVE", "BlockLot": "4552 053", "Status": "Available", "Neighborhood": "Arlington", "HousingMarketTypology2017": "I"}}, {"type": "Feature", "geometry": {"type": "Point", "coordinates": [-76.67685720024946, 39.346693890122765]}, "properties": {"Address": "3323 SPAULDING AVE", "BlockLot": "4581 021", "Status": "Available", "Neighborhood": "Central Park Heights", "HousingMarketTypology2017": "I"}}, {"type": "Feature", "geometry": {"type": "Point", "coordinates": [-76.67694754057172, 39.345638230820555]}, "properties": {"Address": "3506 W GARRISON AVE", "BlockLot": "4579 033", "Status": "Available", "Neighborhood": "Central Park Heights", "HousingMarketTypology2017": "I"}}, {"type": "Feature", "geometry": {"type": "Point", "coordinates": [-76.67689115047756, 39.34567438027958]}, "properties": {"Address": "3504 W GARRISON AVE", "BlockLot": "4579 034", "Status": "Available", "Neighborhood": "Central Park Heights", "HousingMarketTypology2017": "I"}}, {"type": "Feature", "geometry": {"type": "Point", "coordinates": [-76.67677936441359, 39.34574563698781]}, "properties": {"Address": "3500 W GARRISON AVE", "BlockLot": "4579 036", "Status": "Available", "Neighborhood": "Central Park Heights", "HousingMarketTypology2017": "I"}}, {"type": "Feature", "geometry": {"type": "Point", "coordinates": [-76.67746130713816, 39.345814148485715]}, "properties": {"Address": " SWS 10 FT ALLEY 1ST, SW OF ELMER CT, 5000-10 ELMER AV REAR", "BlockLot": "4579 037", "Status": "Available", "Neighborhood": "Central Park Heights", "HousingMarketTypology2017": "I"}}, {"type": "Feature", "geometry": {"type": "Point", "coordinates": [-76.67800457363649, 39.34728425686066]}, "properties": {"Address": "3353 W BELVEDERE AVE", "BlockLot": "4580 020", "Status": "Available", "Neighborhood": "Central Park Heights", "HousingMarketTypology2017": "I"}}, {"type": "Feature", "geometry": {"type": "Point", "coordinates": [-76.67772704857644, 39.347150541589485]}, "properties": {"Address": "5105 ELMER AVE", "BlockLot": "4580 023", "Status": "Available", "Neighborhood": "Central Park Heights", "HousingMarketTypology2017": "I"}}, {"type": "Feature", "geometry": {"type": "Point", "coordinates": [-76.67752280167166, 39.34687335473035]}, "properties": {"Address": "3326 SPAULDING AVE", "BlockLot": "4580 026", "Status": "Available", "Neighborhood": "Central Park Heights", "HousingMarketTypology2017": "I"}}, {"type": "Feature", "geometry": {"type": "Point", "coordinates": [-76.67730326855754, 39.347013581586054]}, "properties": {"Address": "3320 SPAULDING AVE", "BlockLot": "4580 029", "Status": "Available", "Neighborhood": "Central Park Heights", "HousingMarketTypology2017": "I"}}, {"type": "Feature", "geometry": {"type": "Point", "coordinates": [-76.67723409431434, 39.34707345137278]}, "properties": {"Address": "3318 SPAULDING AVE", "BlockLot": "4580 030", "Status": "Available", "Neighborhood": "Central Park Heights", "HousingMarketTypology2017": "I"}}, {"type": "Feature", "geometry": {"type": "Point", "coordinates": [-76.67555718595453, 39.346834232264634]}, "properties": {"Address": "5012 DENMORE AVE", "BlockLot": "4581 007", "Status": "Available", "Neighborhood": "Central Park Heights", "HousingMarketTypology2017": "I"}}, {"type": "Feature", "geometry": {"type": "Point", "coordinates": [-76.5854129999082, 39.312826007726635]}, "properties": {"Address": "2322 E NORTH AVE", "BlockLot": "4175 046", "Status": "Available", "Neighborhood": "South Clifton Park", "HousingMarketTypology2017": "J"}}, {"type": "Feature", "geometry": {"type": "Point", "coordinates": [-76.58536030533939, 39.31281039998278]}, "properties": {"Address": "2324 E North Ave", "BlockLot": "4175 047", "Status": "Available", "Neighborhood": "South Clifton Park", "HousingMarketTypology2017": "J"}}, {"type": "Feature", "geometry": {"type": "Point", "coordinates": [-76.58531075900616, 39.31279220464629]}, "properties": {"Address": "2326 E NORTH AVE", "BlockLot": "4175 048", "Status": "Available", "Neighborhood": "South Clifton Park", "HousingMarketTypology2017": "J"}}, {"type": "Feature", "geometry": {"type": "Point", "coordinates": [-76.58521194229108, 39.31276276871363]}, "properties": {"Address": "2330 E NORTH AVE", "BlockLot": "4175 050", "Status": "Available", "Neighborhood": "South Clifton Park", "HousingMarketTypology2017": "J"}}, {"type": "Feature", "geometry": {"type": "Point", "coordinates": [-76.5851462082832, 39.31274268673537]}, "properties": {"Address": "2332 E NORTH AVE", "BlockLot": "4175 051", "Status": "Available", "Neighborhood": "South Clifton Park", "HousingMarketTypology2017": "J"}}, {"type": "Feature", "geometry": {"type": "Point", "coordinates": [-76.58249613705601, 39.31324454311511]}, "properties": {"Address": "1902 N ROSE ST", "BlockLot": "4177 009", "Status": "Available", "Neighborhood": "Berea", "HousingMarketTypology2017": "I"}}, {"type": "Feature", "geometry": {"type": "Point", "coordinates": [-76.582515824646, 39.31344570663036]}, "properties": {"Address": "1912 N ROSE ST", "BlockLot": "4177 014", "Status": "Available", "Neighborhood": "Berea", "HousingMarketTypology2017": "I"}}, {"type": "Feature", "geometry": {"type": "Point", "coordinates": [-76.67308257921451, 39.34837614999878]}, "properties": {"Address": "5012 PALMER AVE", "BlockLot": "4585 023", "Status": "Available", "Neighborhood": "Central Park Heights", "HousingMarketTypology2017": "I"}}, {"type": "Feature", "geometry": {"type": "Point", "coordinates": [-76.6814675329444, 39.34790089316573]}, "properties": {"Address": "3601 HAYWARD AVE", "BlockLot": "4544C020", "Status": "Available", "Neighborhood": "Arlington", "HousingMarketTypology2017": "I"}}, {"type": "Feature", "geometry": {"type": "Point", "coordinates": [-76.68074870233843, 39.3463043523349]}, "properties": {"Address": "3710 W BELVEDERE AVE", "BlockLot": "4544D030", "Status": "Available", "Neighborhood": "Arlington", "HousingMarketTypology2017": "I"}}, {"type": "Feature", "geometry": {"type": "Point", "coordinates": [-76.67411827867504, 39.34236816727586]}, "properties": {"Address": "3601 LUCILLE AVE", "BlockLot": "4607 064", "Status": "Available", "Neighborhood": "Central Park Heights", "HousingMarketTypology2017": "J"}}, {"type": "Feature", "geometry": {"type": "Point", "coordinates": [-76.67434444898424, 39.342973924079224]}, "properties": {"Address": "3516 Lucille Ave", "BlockLot": "4608 009", "Status": "Available", "Neighborhood": "Central Park Heights", "HousingMarketTypology2017": "J"}}, {"type": "Feature", "geometry": {"type": "Point", "coordinates": [-76.67438945822433, 39.342879717519885]}, "properties": {"Address": "3520 LUCILLE AVE", "BlockLot": "4608 011", "Status": "Available", "Neighborhood": "Central Park Heights", "HousingMarketTypology2017": "J"}}, {"type": "Feature", "geometry": {"type": "Point", "coordinates": [-76.67441145228061, 39.34283377387679]}, "properties": {"Address": "3522 LUCILLE AVE", "BlockLot": "4608 012", "Status": "Available", "Neighborhood": "Central Park Heights", "HousingMarketTypology2017": "J"}}, {"type": "Feature", "geometry": {"type": "Point", "coordinates": [-76.67445696616021, 39.34273851211372]}, "properties": {"Address": "3526 LUCILLE AVE", "BlockLot": "4608 014", "Status": "Available", "Neighborhood": "Central Park Heights", "HousingMarketTypology2017": "J"}}, {"type": "Feature", "geometry": {"type": "Point", "coordinates": [-76.67457435142786, 39.34249572380273]}, "properties": {"Address": "3600 LUCILLE AVE", "BlockLot": "4608 018", "Status": "Available", "Neighborhood": "Central Park Heights", "HousingMarketTypology2017": "J"}}, {"type": "Feature", "geometry": {"type": "Point", "coordinates": [-76.67459728528014, 39.34244817309318]}, "properties": {"Address": "3602 LUCILLE AVE", "BlockLot": "4608 019", "Status": "Available", "Neighborhood": "Central Park Heights", "HousingMarketTypology2017": "J"}}, {"type": "Feature", "geometry": {"type": "Point", "coordinates": [-76.60648755403874, 39.324146516120884]}, "properties": {"Address": "718 E 30TH ST", "BlockLot": "4074B004D", "Status": "Available", "Neighborhood": "Better Waverly", "HousingMarketTypology2017": "H"}}, {"type": "Feature", "geometry": {"type": "Point", "coordinates": [-76.67718448063663, 39.34450202218633]}, "properties": {"Address": "4900 BEAUFORT AVE", "BlockLot": "4577 040", "Status": "Available", "Neighborhood": "Central Park Heights", "HousingMarketTypology2017": "J"}}, {"type": "Feature", "geometry": {"type": "Point", "coordinates": [-76.67840102293373, 39.34470623891661]}, "properties": {"Address": "3626 W GARRISON AVE", "BlockLot": "4577A001", "Status": "Available", "Neighborhood": "Central Park Heights", "HousingMarketTypology2017": "I"}}, {"type": "Feature", "geometry": {"type": "Point", "coordinates": [-76.67812951245705, 39.344880188610134]}, "properties": {"Address": "3616 W GARRISON AVE", "BlockLot": "4577A006", "Status": "Available", "Neighborhood": "Central Park Heights", "HousingMarketTypology2017": "I"}}, {"type": "Feature", "geometry": {"type": "Point", "coordinates": [-76.67871866947483, 39.34519933067616]}, "properties": {"Address": "5011 LITCHFIELD AVE", "BlockLot": "4577A033", "Status": "Available", "Neighborhood": "Central Park Heights", "HousingMarketTypology2017": "I"}}, {"type": "Feature", "geometry": {"type": "Point", "coordinates": [-76.67846672020558, 39.34496179080033]}, "properties": {"Address": "5001 LITCHFIELD AVE", "BlockLot": "4577A038", "Status": "Available", "Neighborhood": "Central Park Heights", "HousingMarketTypology2017": "I"}}, {"type": "Feature", "geometry": {"type": "Point", "coordinates": [-76.67908821979155, 39.34644421442013]}, "properties": {"Address": "5106-5110 BEAUFORT AVE", "BlockLot": "4577B037A", "Status": "Available", "Neighborhood": "Central Park Heights", "HousingMarketTypology2017": "I"}}, {"type": "Feature", "geometry": {"type": "Point", "coordinates": [-76.68734380814684, 39.34441252590602]}, "properties": {"Address": "4116 HAYWARD AVE", "BlockLot": "4510 002", "Status": "Available", "Neighborhood": "Woodmere", "HousingMarketTypology2017": "F"}}, {"type": "Feature", "geometry": {"type": "Point", "coordinates": [-76.68042229872083, 39.34922672048278]}, "properties": {"Address": "3502 HAYWARD AVE", "BlockLot": "4526 024", "Status": "Available", "Neighborhood": "Arlington", "HousingMarketTypology2017": "I"}}, {"type": "Feature", "geometry": {"type": "Point", "coordinates": [-76.68154298472992, 39.34949545279051]}, "properties": {"Address": "5316 DENMORE AVE", "BlockLot": "4526 034", "Status": "Available", "Neighborhood": "Arlington", "HousingMarketTypology2017": "I"}}, {"type": "Feature", "geometry": {"type": "Point", "coordinates": [-76.68319973685198, 39.3504168618585]}, "properties": {"Address": "5414 DENMORE AVE", "BlockLot": "4526A007", "Status": "Available", "Neighborhood": "Arlington", "HousingMarketTypology2017": "I"}}, {"type": "Feature", "geometry": {"type": "Point", "coordinates": [-76.67359067578202, 39.34877811512298]}, "properties": {"Address": "3069 SPAULDING AVE", "BlockLot": "4587 027", "Status": "Available", "Neighborhood": "Central Park Heights", "HousingMarketTypology2017": "I"}}, {"type": "Feature", "geometry": {"type": "Point", "coordinates": [-76.67263011006065, 39.34177718310743]}, "properties": {"Address": "3422 VIRGINIA AVE", "BlockLot": "4620 037", "Status": "Available", "Neighborhood": "Central Park Heights", "HousingMarketTypology2017": "I"}}, {"type": "Feature", "geometry": {"type": "Point", "coordinates": [-76.66628586608057, 39.34223429524576]}, "properties": {"Address": "4507 PIMLICO ROAD", "BlockLot": "4812 017", "Status": "Available", "Neighborhood": "Parklane", "HousingMarketTypology2017": "H"}}, {"type": "Feature", "geometry": {"type": "Point", "coordinates": [-76.66628518542264, 39.34239661451517]}, "properties": {"Address": "4509 PIMLICO ROAD", "BlockLot": "4812 018", "Status": "Available", "Neighborhood": "Parklane", "HousingMarketTypology2017": "H"}}, {"type": "Feature", "geometry": {"type": "Point", "coordinates": [-76.6864147636466, 39.350790527070025]}, "properties": {"Address": " SWS NARCISSUS AV 175 FT, NW OF ROGERS AV", "BlockLot": "4429B005A", "Status": "Available", "Neighborhood": "Arlington", "HousingMarketTypology2017": "F"}}, {"type": "Feature", "geometry": {"type": "Point", "coordinates": [-76.68067477685157, 39.35201709505564]}, "properties": {"Address": "3401 INGLESIDE AVE", "BlockLot": "4532 015", "Status": "Available", "Neighborhood": "Pimlico Good Neighbors", "HousingMarketTypology2017": "H"}}, {"type": "Feature", "geometry": {"type": "Point", "coordinates": [-76.66732966173178, 39.341404220487895]}, "properties": {"Address": "4503 Park Heights Ave", "BlockLot": "4626 007", "Status": "Available", "Neighborhood": "Central Park Heights", "HousingMarketTypology2017": "I"}}, {"type": "Feature", "geometry": {"type": "Point", "coordinates": [-76.67013180804555, 39.3462583705263]}, "properties": {"Address": "3102 WOODLAND AVE", "BlockLot": "4616 019", "Status": "Available", "Neighborhood": "Central Park Heights", "HousingMarketTypology2017": "I"}}, {"type": "Feature", "geometry": {"type": "Point", "coordinates": [-76.67019857223062, 39.34623390180584]}, "properties": {"Address": "3104 WOODLAND AVE", "BlockLot": "4616 020", "Status": "Available", "Neighborhood": "Central Park Heights", "HousingMarketTypology2017": "I"}}, {"type": "Feature", "geometry": {"type": "Point", "coordinates": [-76.67024918814103, 39.346191948485256]}, "properties": {"Address": "3106 WOODLAND AVE", "BlockLot": "4616 021", "Status": "Available", "Neighborhood": "Central Park Heights", "HousingMarketTypology2017": "I"}}, {"type": "Feature", "geometry": {"type": "Point", "coordinates": [-76.67030635227435, 39.34615955506894]}, "properties": {"Address": "3108 WOODLAND AVE", "BlockLot": "4616 022", "Status": "Available", "Neighborhood": "Central Park Heights", "HousingMarketTypology2017": "I"}}, {"type": "Feature", "geometry": {"type": "Point", "coordinates": [-76.66701673527582, 39.341584729970904]}, "properties": {"Address": " NS WYLIE AV 175 FT, W OF PIMLICO RD", "BlockLot": "4626 004A", "Status": "Available", "Neighborhood": "Central Park Heights", "HousingMarketTypology2017": "I"}}, {"type": "Feature", "geometry": {"type": "Point", "coordinates": [-76.68408798926403, 39.345715719240204]}, "properties": {"Address": "5259 SAINT CHARLES AVE", "BlockLot": "4544 007", "Status": "Available", "Neighborhood": "Arlington", "HousingMarketTypology2017": "I"}}, {"type": "Feature", "geometry": {"type": "Point", "coordinates": [-76.67993750066617, 39.34399260030991]}, "properties": {"Address": "5000 CORDELIA AVE", "BlockLot": "4574 011", "Status": "Available", "Neighborhood": "Langston Hughes", "HousingMarketTypology2017": "I"}}, {"type": "Feature", "geometry": {"type": "Point", "coordinates": [-76.68032587971493, 39.345801131644315]}, "properties": {"Address": "3715 W BELVEDERE AVE", "BlockLot": "4575 013", "Status": "Available", "Neighborhood": "Langston Hughes", "HousingMarketTypology2017": "I"}}, {"type": "Feature", "geometry": {"type": "Point", "coordinates": [-76.68029041120217, 39.345823838387766]}, "properties": {"Address": "3713 W BELVEDERE AVE", "BlockLot": "4575 014", "Status": "Available", "Neighborhood": "Langston Hughes", "HousingMarketTypology2017": "I"}}, {"type": "Feature", "geometry": {"type": "Point", "coordinates": [-76.66583174250731, 39.34253092445717]}, "properties": {"Address": " NS 15 FT ALLEY, 1ST N WYLIE AV   101 FT, W OF PALL MALL RD ", "BlockLot": "4812 070A", "Status": "Available", "Neighborhood": "Parklane", "HousingMarketTypology2017": "H"}}, {"type": "Feature", "geometry": {"type": "Point", "coordinates": [-76.60643930748006, 39.34204566747485]}, "properties": {"Address": "618 E 43RD ST", "BlockLot": "5197 046", "Status": "Available", "Neighborhood": "Wilson Park", "HousingMarketTypology2017": "H"}}, {"type": "Feature", "geometry": {"type": "Point", "coordinates": [-76.59963251119783, 39.347168251612935]}, "properties": {"Address": " WS THE ALAMEDA, NWC RADNOR AVE", "BlockLot": "5198 068", "Status": "Available", "Neighborhood": "Kenilworth Park", "HousingMarketTypology2017": "H"}}, {"type": "Feature", "geometry": {"type": "Point", "coordinates": [-76.67580174650585, 39.342521714518774]}, "properties": {"Address": " SES 10 FT AL 1ST SE OF, MANCHESTER AV REAR, 3701-41 MANCHESTER AV", "BlockLot": "4609 093", "Status": "Available", "Neighborhood": "Central Park Heights", "HousingMarketTypology2017": "J"}}, {"type": "Feature", "geometry": {"type": "Point", "coordinates": [-76.6724713415137, 39.347831865470525]}, "properties": {"Address": "3101 W GARRISON AVE", "BlockLot": "4612 017", "Status": "Available", "Neighborhood": "Central Park Heights", "HousingMarketTypology2017": "I"}}, {"type": "Feature", "geometry": {"type": "Point", "coordinates": [-76.67238799941866, 39.34774347046586]}, "properties": {"Address": "4932 PALMER AVE", "BlockLot": "4612 018", "Status": "Available", "Neighborhood": "Central Park Heights", "HousingMarketTypology2017": "I"}}, {"type": "Feature", "geometry": {"type": "Point", "coordinates": [-76.67067821895382, 39.347930620334424]}, "properties": {"Address": "3004 OAKLEY AVE", "BlockLot": "4613 001B", "Status": "Available", "Neighborhood": "Central Park Heights", "HousingMarketTypology2017": "I"}}, {"type": "Feature", "geometry": {"type": "Point", "coordinates": [-76.6710684275064, 39.34783281209157]}, "properties": {"Address": "3010 OAKLEY AVE", "BlockLot": "4613 002", "Status": "Available", "Neighborhood": "Central Park Heights", "HousingMarketTypology2017": "I"}}, {"type": "Feature", "geometry": {"type": "Point", "coordinates": [-76.60707472552406, 39.34491112260393]}, "properties": {"Address": "4711 ALHAMBRA AVE", "BlockLot": "5216 005", "Status": "Available", "Neighborhood": "Wilson Park", "HousingMarketTypology2017": "H"}}, {"type": "Feature", "geometry": {"type": "Point", "coordinates": [-76.68066227068815, 39.343339737521255]}, "properties": {"Address": "3910 W GARRISON AVE", "BlockLot": "4573 003E", "Status": "Available", "Neighborhood": "Langston Hughes", "HousingMarketTypology2017": "I"}}, {"type": "Feature", "geometry": {"type": "Point", "coordinates": [-76.60906837461803, 39.31231156355768]}, "properties": {"Address": "511 E 20TH ST", "BlockLot": "4000 036", "Status": "Available", "Neighborhood": "East Baltimore Midway", "HousingMarketTypology2017": "G"}}, {"type": "Feature", "geometry": {"type": "Point", "coordinates": [-76.60733112539415, 39.31180893516411]}, "properties": {"Address": "732 E NORTH AVE", "BlockLot": "4001 017", "Status": "Available", "Neighborhood": "East Baltimore Midway", "HousingMarketTypology2017": "G"}}, {"type": "Feature", "geometry": {"type": "Point", "coordinates": [-76.60734560638586, 39.31239263182694]}, "properties": {"Address": "733-735 E 20TH ST", "BlockLot": "4001 026", "Status": "Available", "Neighborhood": "East Baltimore Midway", "HousingMarketTypology2017": "G"}}, {"type": "Feature", "geometry": {"type": "Point", "coordinates": [-76.60815489550195, 39.31235388403981]}, "properties": {"Address": "703 E 20TH ST", "BlockLot": "4001 042", "Status": "Available", "Neighborhood": "East Baltimore Midway", "HousingMarketTypology2017": "G"}}, {"type": "Feature", "geometry": {"type": "Point", "coordinates": [-76.67551970533479, 39.345793286169695]}, "properties": {"Address": "4981 EDGEMERE AVE", "BlockLot": "4605A001", "Status": "Available", "Neighborhood": "Central Park Heights", "HousingMarketTypology2017": "I"}}, {"type": "Feature", "geometry": {"type": "Point", "coordinates": [-76.66847421888006, 39.34450831484218]}, "properties": {"Address": "4666 PIMLICO ROAD", "BlockLot": "4626A068", "Status": "Available", "Neighborhood": "Central Park Heights", "HousingMarketTypology2017": "I"}}, {"type": "Feature", "geometry": {"type": "Point", "coordinates": [-76.6749185713725, 39.3417729315435]}, "properties": {"Address": "3630 LUCILLE AVE", "BlockLot": "4608 033", "Status": "Available", "Neighborhood": "Central Park Heights", "HousingMarketTypology2017": "J"}}, {"type": "Feature", "geometry": {"type": "Point", "coordinates": [-76.67580267782779, 39.34183009576018]}, "properties": {"Address": "4805 REISTERSTOWN ROAD", "BlockLot": "4609 033", "Status": "Available", "Neighborhood": "Central Park Heights", "HousingMarketTypology2017": "J"}}, {"type": "Feature", "geometry": {"type": "Point", "coordinates": [-76.60589958656702, 39.34264867884333]}, "properties": {"Address": "4409 WRENWOOD AVE", "BlockLot": "5200 005", "Status": "Available", "Neighborhood": "Wilson Park", "HousingMarketTypology2017": "F"}}, {"type": "Feature", "geometry": {"type": "Point", "coordinates": [-76.67914906261983, 39.348834832556534]}, "properties": {"Address": "5226 DENMORE AVE", "BlockLot": "4552 074", "Status": "Available", "Neighborhood": "Arlington", "HousingMarketTypology2017": "I"}}, {"type": "Feature", "geometry": {"type": "Point", "coordinates": [-76.67799644102766, 39.34843906368858]}, "properties": {"Address": "3427 PATON AVE", "BlockLot": "4552 093", "Status": "Available", "Neighborhood": "Arlington", "HousingMarketTypology2017": "I"}}, {"type": "Feature", "geometry": {"type": "Point", "coordinates": [-76.67778222054785, 39.34857170006899]}, "properties": {"Address": "3415 PATON AVE", "BlockLot": "4552 099", "Status": "Available", "Neighborhood": "Arlington", "HousingMarketTypology2017": "I"}}, {"type": "Feature", "geometry": {"type": "Point", "coordinates": [-76.60581976146155, 39.34318354701147]}, "properties": {"Address": "4423 WRENWOOD AVE", "BlockLot": "5200 011", "Status": "Available", "Neighborhood": "Wilson Park", "HousingMarketTypology2017": "F"}}, {"type": "Feature", "geometry": {"type": "Point", "coordinates": [-76.60623477897464, 39.342138766487814]}, "properties": {"Address": "700 E 43RD ST", "BlockLot": "5200 087", "Status": "Available", "Neighborhood": "Wilson Park", "HousingMarketTypology2017": "F"}}, {"type": "Feature", "geometry": {"type": "Point", "coordinates": [-76.60599347433399, 39.34216497950571]}, "properties": {"Address": "708 E 43RD ST", "BlockLot": "5200 091", "Status": "Available", "Neighborhood": "Wilson Park", "HousingMarketTypology2017": "F"}}, {"type": "Feature", "geometry": {"type": "Point", "coordinates": [-76.59708926954906, 39.31470811317524]}, "properties": {"Address": "2133 HARFORD ROAD", "BlockLot": "4163 003", "Status": "Available", "Neighborhood": "Darley Park", "HousingMarketTypology2017": "J"}}, {"type": "Feature", "geometry": {"type": "Point", "coordinates": [-76.66932453223966, 39.34998527578643]}, "properties": {"Address": "5000 PIMLICO ROAD", "BlockLot": "4592 027", "Status": "Available", "Neighborhood": "Central Park Heights", "HousingMarketTypology2017": "I"}}, {"type": "Feature", "geometry": {"type": "Point", "coordinates": [-76.60829972305628, 39.35212773130893]}, "properties": {"Address": " SS 10 FT ALLEY 1ST N OF, BEAUMONT AV 23-8 FT W OF READY AV ", "BlockLot": "5165 134", "Status": "Available", "Neighborhood": "Winston-Govans", "HousingMarketTypology2017": "E"}}, {"type": "Feature", "geometry": {"type": "Point", "coordinates": [-76.59941962612461, 39.370456315908854]}, "properties": {"Address": " NES WOODSON RD 78-10 FT, NW OF NORTHWOOD DR", "BlockLot": "5137M022", "Status": "Available", "Neighborhood": "Lake Walker", "HousingMarketTypology2017": "E"}}, {"type": "Feature", "geometry": {"type": "Point", "coordinates": [-76.6058406877838, 39.351111427984314]}, "properties": {"Address": "707 Beaumont Ave", "BlockLot": "5173A013", "Status": "Available", "Neighborhood": "Winston-Govans", "HousingMarketTypology2017": "E"}}, {"type": "Feature", "geometry": {"type": "Point", "coordinates": [-76.55044448033648, 39.333210812780656]}, "properties": {"Address": " NS 10 FT ALLEY 1ST S OF, ANTHONY AV 5103 ANTHONY AV REAR ", "BlockLot": "5988 050", "Status": "Available", "Neighborhood": "Frankford", "HousingMarketTypology2017": "D"}}, {"type": "Feature", "geometry": {"type": "Point", "coordinates": [-76.59997444021475, 39.232716044351335]}, "properties": {"Address": " NS JEFFREY ST REAR, 800-20 JEFFREY ST ", "BlockLot": "7105 052", "Status": "Available", "Neighborhood": "Brooklyn", "HousingMarketTypology2017": "I"}}, {"type": "Feature", "geometry": {"type": "Point", "coordinates": [-76.64222484930603, 39.26137555479362]}, "properties": {"Address": "2460 HOLLINS FERRY ROAD", "BlockLot": "7471 004", "Status": "Available", "Neighborhood": "Mount Winans", "HousingMarketTypology2017": "G"}}, {"type": "Feature", "geometry": {"type": "Point", "coordinates": [-76.64262535872236, 39.26067155520262]}, "properties": {"Address": " NWS HOLLINS FERRY RD, 109 FT NE OF HARMAN AV ", "BlockLot": "7471 013", "Status": "Available", "Neighborhood": "Mount Winans", "HousingMarketTypology2017": "G"}}, {"type": "Feature", "geometry": {"type": "Point", "coordinates": [-76.61037725402599, 39.23806894613604]}, "properties": {"Address": " REAR NWS S HANOVER ST, REAR 3638 S HANOVER ST ", "BlockLot": "7027B003A", "Status": "Available", "Neighborhood": "Brooklyn", "HousingMarketTypology2017": "F"}}, {"type": "Feature", "geometry": {"type": "Point", "coordinates": [-76.61277728305042, 39.237112403754054]}, "properties": {"Address": " SS WASHBURN AVE, SEC LEADENHALL ST ", "BlockLot": "7027C022", "Status": "Available", "Neighborhood": "Brooklyn", "HousingMarketTypology2017": "F"}}, {"type": "Feature", "geometry": {"type": "Point", "coordinates": [-76.656127952929, 39.25685868630486]}, "properties": {"Address": " NES GABLE AV SEC B & O RR R/W ", "BlockLot": "7511A002A", "Status": "Available", "Neighborhood": "Lakeland", "HousingMarketTypology2017": "H"}}, {"type": "Feature", "geometry": {"type": "Point", "coordinates": [-76.64449257327713, 39.26227095257977]}, "properties": {"Address": " NES RIDGELY ST 172-3 FT, NE OF HARMAN AV ", "BlockLot": "7473 045A", "Status": "Available", "Neighborhood": "Mount Winans", "HousingMarketTypology2017": "G"}}, {"type": "Feature", "geometry": {"type": "Point", "coordinates": [-76.64381940003486, 39.263869326153106]}, "properties": {"Address": "2407 S PACA ST", "BlockLot": "7473 052", "Status": "Available", "Neighborhood": "Mount Winans", "HousingMarketTypology2017": "G"}}, {"type": "Feature", "geometry": {"type": "Point", "coordinates": [-76.6439287073682, 39.26378341471854]}, "properties": {"Address": "2409 S PACA ST", "BlockLot": "7473 053", "Status": "Available", "Neighborhood": "Mount Winans", "HousingMarketTypology2017": "G"}}, {"type": "Feature", "geometry": {"type": "Point", "coordinates": [-76.64688170629518, 39.26046889362469]}, "properties": {"Address": "2653 RIDGELY ST", "BlockLot": "7477 069", "Status": "Available", "Neighborhood": "Mount Winans", "HousingMarketTypology2017": "G"}}, {"type": "Feature", "geometry": {"type": "Point", "coordinates": [-76.62902397988626, 39.25093368696516]}, "properties": {"Address": "1013 VERONICA AVE", "BlockLot": "7651 016", "Status": "Available", "Neighborhood": "Cherry Hill", "HousingMarketTypology2017": "Mixed Market/Subsd Rental"}}, {"type": "Feature", "geometry": {"type": "Point", "coordinates": [-76.63461923019722, 39.26251166048172]}, "properties": {"Address": "2322 ANNAPOLIS ROAD", "BlockLot": "7447 009", "Status": "Available", "Neighborhood": "Westport", "HousingMarketTypology2017": "H"}}, {"type": "Feature", "geometry": {"type": "Point", "coordinates": [-76.62026491075271, 39.2493900088989]}, "properties": {"Address": "464 ROUNDVIEW ROAD", "BlockLot": "7615 022", "Status": "Available", "Neighborhood": "Cherry Hill", "HousingMarketTypology2017": "G"}}, {"type": "Feature", "geometry": {"type": "Point", "coordinates": [-76.6202292144657, 39.249267111214245]}, "properties": {"Address": "468 ROUNDVIEW ROAD", "BlockLot": "7615 024", "Status": "Available", "Neighborhood": "Cherry Hill", "HousingMarketTypology2017": "G"}}]}