{"type": "FeatureCollection", "features": [{"type": "Feature", "geometry": {"type": "Polygon", "coordinates": [[[-78.7582, 39.6494], [-78.7582, 39.6482], [-78.7593, 39.6464], [-78.7616, 39.6436], [-78.7632, 39.6426], [-78.762, 39.6406], [-78.7616, 39.6399], [-78.7616, 39.6396], [-78.7627, 39.6365], [-78.7645, 39.6336], [-78.7649, 39.6329], [-78.7646, 39.6321], [-78.763, 39.6308], [-78.749, 39.6279], [-78.745, 39.627], [-78.7419, 39.6262], [-78.7394, 39.6251], [-78.7396, 39.625], [-78.7412, 39.6245], [-78.7472, 39.6268], [-78.7479, 39.6268], [-78.7489, 39.6266], [-78.7497, 39.6262], [-78.7504, 39.6258], [-78.7514, 39.6253], [-78.7566, 39.6228], [-78.7593, 39.6207], [-78.7609, 39.6198], [-78.7625, 39.6193], [-78.7637, 39.6188], [-78.7663, 39.6198], [-78.7675, 39.6198], [-78.7688, 39.6194], [-78.7701, 39.6198], [-78.7704, 39.6206], [-78.7707, 39.6209], [-78.7726, 39.6212], [-78.7741, 39.6217], [-78.7747, 39.6218], [-78.7755, 39.6218], [-78.7767, 39.6217], [-78.7776, 39.622], [-78.7785, 39.6231], [-78.7784, 39.6246], [-78.7778, 39.6261], [-78.7774, 39.6267], [-78.7771, 39.6277], [-78.7765, 39.6287], [-78.7726, 39.6369], [-78.7685, 39.6393], [-78.7648, 39.6447], [-78.7652, 39.6473], [-78.7643, 39.649], [-78.7629, 39.6488], [-78.7622, 39.6488], [-78.7616, 39.6489], [-78.7605, 39.6492], [-78.7582, 39.6494]]]}, "properties": {"GEOID20": "24001000800", "JURSCODE": "ALLE", "F2024_Child_Poverty_Rate__2026_": 45.8, "F2024_Child_Poverty_Rate_Margin_Of_Error": 18.9, "SCHOOL_BND_INT_CPG_TOTAL": 2, "SCHOOL_NAME": "South Penn Elementary, John Humbird Elementary", "Eligibility_Status": "Eligible", "Qualifying_Criteria1_CPR_30": "Yes", "Qualifying_Criteria2_CPR_30MOE": "Yes", "grantee_name": "City of Cumberland"}}, {"type": "Feature", "geometry": {"type": "Polygon", "coordinates": [[[-78.76, 39.6387], [-78.759, 39.6388], [-78.7569, 39.6391], [-78.7548, 39.6392], [-78.7536, 39.639], [-78.7531, 39.6389], [-78.7525, 39.6387], [-78.7523, 39.6386], [-78.7506, 39.6379], [-78.7492, 39.6374], [-78.7477, 39.6366], [-78.7466, 39.636], [-78.7453, 39.6353], [-78.7449, 39.6351], [-78.7441, 39.6342], [-78.7435, 39.6325], [-78.7425, 39.6307], [-78.7417, 39.6297], [-78.7415, 39.6293], [-78.7417, 39.6287], [-78.7385, 39.6271], [-78.7411, 39.626], [-78.7438, 39.6267], [-78.7475, 39.6276], [-78.7497, 39.6283], [-78.764, 39.6317], [-78.7651, 39.6326], [-78.7648, 39.6331], [-78.7631, 39.6354], [-78.7618, 39.6391], [-78.7615, 39.6397], [-78.761, 39.6392], [-78.7605, 39.6388], [-78.76, 39.6387]]]}, "properties": {"GEOID20": "24001000700", "JURSCODE": "ALLE", "F2024_Child_Poverty_Rate__2026_": 51.7, "F2024_Child_Poverty_Rate_Margin_Of_Error": 23.4, "SCHOOL_BND_INT_CPG_TOTAL": 2, "SCHOOL_NAME": "South Penn Elementary, John Humbird Elementary", "Eligibility_Status": "Eligible", "Qualifying_Criteria1_CPR_30": "Yes", "Qualifying_Criteria2_CPR_30MOE": "Yes", "grantee_name": "City of Cumberland"}}, {"type": "Feature", "geometry": {"type": "Polygon", "coordinates": [[[-76.5073, 38.9708], [-76.5061, 38.9707], [-76.5059, 38.9705], [-76.505, 38.9701], [-76.5041, 38.9696], [-76.5028, 38.969], [-76.5031, 38.968], [-76.5036, 38.9669], [-76.5033, 38.9664], [-76.5024, 38.9663], [-76.502, 38.9662], [-76.5011, 38.9646], [-76.5011, 38.9642], [-76.5009, 38.9636], [-76.5007, 38.9633], [-76.4998, 38.9624], [-76.4988, 38.9615], [-76.4978, 38.9613], [-76.4966, 38.9609], [-76.4977, 38.9601], [-76.5025, 38.9574], [-76.5056, 38.9557], [-76.5084, 38.9573], [-76.5102, 38.9599], [-76.5108, 38.9613], [-76.5114, 38.9622], [-76.5125, 38.9635], [-76.5129, 38.9667], [-76.5129, 38.9673], [-76.5126, 38.9679], [-76.5112, 38.9697], [-76.5107, 38.9706], [-76.5095, 38.9715], [-76.5079, 38.9709], [-76.5073, 38.9708]]]}, "properties": {"GEOID20": "24003706403", "JURSCODE": "ANNE", "F2024_Child_Poverty_Rate__2026_": 18.0, "F2024_Child_Poverty_Rate_Margin_Of_Error": 21.3, "SCHOOL_BND_INT_CPG_TOTAL": 5, "SCHOOL_NAME": "Annapolis Middle, Annapolis Elementary, Eastport Elementary, Georgetown East Elementary, Tyler Heights Elementary", "Eligibility_Status": "Ineligible", "Qualifying_Criteria1_CPR_30": "No", "Qualifying_Criteria2_CPR_30MOE": "No", "grantee_name": "One Annapolis, Inc"}}, {"type": "Feature", "geometry": {"type": "Polygon", "coordinates": [[[-76.487, 38.947], [-76.4876, 38.9475], [-76.4903, 38.9489], [-76.4926, 38.9501], [-76.4924, 38.9504], [-76.4924, 38.9506], [-76.4937, 38.9526], [-76.4935, 38.9534], [-76.4926, 38.9554], [-76.4908, 38.9553], [-76.4899, 38.9558], [-76.4893, 38.9558], [-76.4884, 38.9554], [-76.4876, 38.9557], [-76.4868, 38.9557], [-76.4863, 38.956], [-76.485, 38.9562], [-76.4839, 38.9564], [-76.4839, 38.9569], [-76.4838, 38.9574], [-76.484, 38.9578], [-76.4835, 38.9589], [-76.4833, 38.9597], [-76.4836, 38.9608], [-76.4834, 38.9616], [-76.4829, 38.9614], [-76.4815, 38.9608], [-76.4808, 38.961], [-76.4808, 38.9617], [-76.48, 38.9626], [-76.4797, 38.9624], [-76.4789, 38.9621], [-76.4787, 38.9626], [-76.4791, 38.9625], [-76.4794, 38.9626], [-76.4794, 38.9634], [-76.4796, 38.9638], [-76.4797, 38.9642], [-76.4783, 38.9648], [-76.4779, 38.9654], [-76.4778, 38.9659], [-76.477, 38.9655], [-76.4771, 38.9648], [-76.476, 38.9644], [-76.4781, 38.9611], [-76.4805, 38.9603], [-76.4807, 38.9602], [-76.4809, 38.9595], [-76.4821, 38.9559], [-76.482, 38.9553], [-76.4817, 38.9535], [-76.4821, 38.9525], [-76.4826, 38.9516], [-76.4835, 38.9505], [-76.4865, 38.9475], [-76.487, 38.947]]]}, "properties": {"GEOID20": "24003706303", "JURSCODE": "ANNE", "F2024_Child_Poverty_Rate__2026_": 6.2, "F2024_Child_Poverty_Rate_Margin_Of_Error": 9.8, "SCHOOL_BND_INT_CPG_TOTAL": 3, "SCHOOL_NAME": "Annapolis Middle, Georgetown East Elementary, Tyler Heights Elementary", "Eligibility_Status": "Ineligible", "Qualifying_Criteria1_CPR_30": "No", "Qualifying_Criteria2_CPR_30MOE": "No", "grantee_name": "One Annapolis, Inc"}}, {"type": "Feature", "geometry": {"type": "Polygon", "coordinates": [[[-76.4924, 38.9502], [-76.4939, 38.9506], [-76.4986, 38.9518], [-76.5001, 38.9523], [-76.5012, 38.9529], [-76.5025, 38.9537], [-76.5044, 38.9548], [-76.5055, 38.9555], [-76.5056, 38.9557], [-76.4996, 38.9591], [-76.4972, 38.9604], [-76.496, 38.9608], [-76.4914, 38.9587], [-76.4918, 38.9575], [-76.4926, 38.9554], [-76.4935, 38.9534], [-76.4937, 38.9526], [-76.4924, 38.9506], [-76.4924, 38.9504], [-76.4924, 38.9502]]]}, "properties": {"GEOID20": "24003706404", "JURSCODE": "ANNE", "F2024_Child_Poverty_Rate__2026_": 9.5, "F2024_Child_Poverty_Rate_Margin_Of_Error": 14.1, "SCHOOL_BND_INT_CPG_TOTAL": 3, "SCHOOL_NAME": "Annapolis Middle, Georgetown East Elementary, Tyler Heights Elementary", "Eligibility_Status": "Ineligible", "Qualifying_Criteria1_CPR_30": "No", "Qualifying_Criteria2_CPR_30MOE": "No", "grantee_name": "One Annapolis, Inc"}}, {"type": "Feature", "geometry": {"type": "Polygon", "coordinates": [[[-76.6249, 39.2244], [-76.6254, 39.2154], [-76.6251, 39.2119], [-76.625, 39.2088], [-76.6251, 39.2083], [-76.6253, 39.2079], [-76.6256, 39.2075], [-76.6261, 39.207], [-76.6268, 39.2066], [-76.6283, 39.206], [-76.6293, 39.2054], [-76.63, 39.2049], [-76.6309, 39.204], [-76.6313, 39.2032], [-76.6318, 39.2027], [-76.6327, 39.2027], [-76.6336, 39.2028], [-76.6345, 39.203], [-76.6362, 39.2036], [-76.641, 39.2059], [-76.6419, 39.2083], [-76.6421, 39.2093], [-76.6428, 39.2129], [-76.6431, 39.2139], [-76.6446, 39.2162], [-76.6447, 39.2165], [-76.6447, 39.2169], [-76.6424, 39.2212], [-76.6419, 39.2221], [-76.6418, 39.2229], [-76.6406, 39.2249], [-76.6394, 39.224], [-76.6354, 39.2234], [-76.6325, 39.2236], [-76.6301, 39.2246], [-76.6291, 39.2265], [-76.6269, 39.2285], [-76.6263, 39.2287], [-76.6253, 39.229], [-76.6244, 39.2294], [-76.6246, 39.2285], [-76.6248, 39.2264], [-76.6249, 39.2244]]]}, "properties": {"GEOID20": "24003750201", "JURSCODE": "ANNE", "F2024_Child_Poverty_Rate__2026_": 11.9, "F2024_Child_Poverty_Rate_Margin_Of_Error": 23.1, "SCHOOL_BND_INT_CPG_TOTAL": 2, "SCHOOL_NAME": "Belle Grove Elementary, Brooklyn Park Elementary", "Eligibility_Status": "Ineligible", "Qualifying_Criteria1_CPR_30": "No", "Qualifying_Criteria2_CPR_30MOE": "No", "grantee_name": "Anne Arundel County Partnership for Children, Youth, and Families"}}, {"type": "Feature", "geometry": {"type": "Polygon", "coordinates": [[[-76.6117, 39.2344], [-76.612, 39.2333], [-76.6124, 39.2317], [-76.6131, 39.2301], [-76.6138, 39.2293], [-76.6196, 39.2296], [-76.6209, 39.2286], [-76.6211, 39.2279], [-76.6215, 39.2274], [-76.6237, 39.2255], [-76.6247, 39.2276], [-76.6246, 39.2288], [-76.6247, 39.2293], [-76.6256, 39.2289], [-76.6267, 39.2286], [-76.6269, 39.2287], [-76.6241, 39.2313], [-76.6198, 39.2361], [-76.6186, 39.2374], [-76.6177, 39.237], [-76.6125, 39.2348], [-76.6117, 39.2344]]]}, "properties": {"GEOID20": "24003750102", "JURSCODE": "ANNE", "F2024_Child_Poverty_Rate__2026_": 11.8, "F2024_Child_Poverty_Rate_Margin_Of_Error": 15.4, "SCHOOL_BND_INT_CPG_TOTAL": 3, "SCHOOL_NAME": "Belle Grove Elementary, Brooklyn Park Elementary, Park Elementary", "Eligibility_Status": "Ineligible", "Qualifying_Criteria1_CPR_30": "No", "Qualifying_Criteria2_CPR_30MOE": "No", "grantee_name": "Anne Arundel County Partnership for Children, Youth, and Families"}}, {"type": "Feature", "geometry": {"type": "Polygon", "coordinates": [[[-76.5353, 38.9772], [-76.5323, 38.9773], [-76.5299, 38.9774], [-76.5292, 38.9771], [-76.5287, 38.9767], [-76.5253, 38.9735], [-76.5249, 38.9728], [-76.5242, 38.9724], [-76.5235, 38.9721], [-76.5222, 38.971], [-76.5207, 38.97], [-76.5184, 38.9684], [-76.5164, 38.967], [-76.5155, 38.9663], [-76.5133, 38.9644], [-76.5128, 38.9619], [-76.5128, 38.9581], [-76.5134, 38.9547], [-76.5136, 38.9541], [-76.5138, 38.9538], [-76.5143, 38.9536], [-76.5159, 38.953], [-76.5158, 38.9526], [-76.5162, 38.9483], [-76.5169, 38.9484], [-76.5179, 38.948], [-76.5177, 38.9478], [-76.5182, 38.9477], [-76.5192, 38.948], [-76.5201, 38.9486], [-76.5199, 38.9489], [-76.5197, 38.9491], [-76.5199, 38.9493], [-76.5198, 38.9498], [-76.5192, 38.9498], [-76.5188, 38.9498], [-76.5192, 38.95], [-76.5201, 38.9501], [-76.5202, 38.9493], [-76.5201, 38.9491], [-76.5207, 38.9484], [-76.5209, 38.9474], [-76.5216, 38.9469], [-76.5219, 38.9468], [-76.5217, 38.9464], [-76.5215, 38.9465], [-76.5212, 38.9467], [-76.5209, 38.9468], [-76.5212, 38.9464], [-76.522, 38.946], [-76.5226, 38.9456], [-76.5232, 38.9453], [-76.5241, 38.9448], [-76.5245, 38.9445], [-76.5249, 38.9436], [-76.5247, 38.9427], [-76.5247, 38.9423], [-76.5239, 38.942], [-76.5235, 38.9418], [-76.5237, 38.9414], [-76.5241, 38.9412], [-76.5245, 38.9409], [-76.5252, 38.9409], [-76.5258, 38.9413], [-76.5262, 38.9419], [-76.5267, 38.9435], [-76.5272, 38.9451], [-76.5271, 38.9455], [-76.5267, 38.9453], [-76.5268, 38.9459], [-76.5272, 38.9456], [-76.5273, 38.9458], [-76.527, 38.9464], [-76.5265, 38.9467], [-76.5263, 38.9473], [-76.5268, 38.9478], [-76.5272, 38.9482], [-76.5271, 38.9485], [-76.5276, 38.9491], [-76.5274, 38.9492], [-76.5268, 38.9496], [-76.527, 38.9497], [-76.5277, 38.9496], [-76.528, 38.9491], [-76.5281, 38.9486], [-76.5282, 38.9482], [-76.5279, 38.9477], [-76.5284, 38.9467], [-76.5288, 38.9464], [-76.5291, 38.9468], [-76.5294, 38.9468], [-76.5296, 38.9463], [-76.5291, 38.9463], [-76.5294, 38.9462], [-76.5308, 38.946], [-76.532, 38.9455], [-76.5323, 38.9459], [-76.5325, 38.9468], [-76.5326, 38.9475], [-76.5326, 38.9487], [-76.5323, 38.9498], [-76.532, 38.9507], [-76.5323, 38.9525], [-76.5327, 38.9532], [-76.5326, 38.9534], [-76.5322, 38.9528], [-76.5317, 38.9526], [-76.5317, 38.9528], [-76.5318, 38.9529], [-76.5309, 38.9536], [-76.5301, 38.9537], [-76.5306, 38.9545], [-76.5306, 38.955], [-76.5303, 38.9553], [-76.5303, 38.9558], [-76.5291, 38.9558], [-76.5284, 38.9559], [-76.5279, 38.9569], [-76.5275, 38.9576], [-76.5259, 38.9577], [-76.5251, 38.9572], [-76.5249, 38.9566], [-76.5247, 38.9561], [-76.5243, 38.9559], [-76.5235, 38.9563], [-76.5226, 38.9566], [-76.522, 38.9564], [-76.5209, 38.9567], [-76.5203, 38.9568], [-76.5209, 38.9571], [-76.5217, 38.957], [-76.5223, 38.957], [-76.5232, 38.957], [-76.5233, 38.9571], [-76.5239, 38.9575], [-76.5245, 38.9576], [-76.5251, 38.9581], [-76.526, 38.9588], [-76.5266, 38.9586], [-76.5268, 38.9587], [-76.5272, 38.9594], [-76.5273, 38.9602], [-76.5276, 38.9606], [-76.5278, 38.9608], [-76.5278, 38.9602], [-76.528, 38.9596], [-76.5278, 38.9587], [-76.5284, 38.9582], [-76.5287, 38.9577], [-76.5292, 38.9576], [-76.5296, 38.9584], [-76.5301, 38.959], [-76.5313, 38.9599], [-76.5315, 38.9597], [-76.5309, 38.959], [-76.5304, 38.9582], [-76.5309, 38.9578], [-76.5313, 38.9574], [-76.5318, 38.9572], [-76.532, 38.9567], [-76.5321, 38.956], [-76.5326, 38.9557], [-76.5326, 38.9548], [-76.5328, 38.9544], [-76.5325, 38.9541], [-76.5332, 38.9538], [-76.5344, 38.9539], [-76.5343, 38.9542], [-76.5345, 38.9546], [-76.535, 38.9546], [-76.5354, 38.954], [-76.536, 38.9535], [-76.5362, 38.9529], [-76.5355, 38.9527], [-76.5352, 38.9523], [-76.5347, 38.9522], [-76.5348, 38.9519], [-76.5355, 38.9515], [-76.536, 38.9517], [-76.5376, 38.952], [-76.538, 38.9524], [-76.538, 38.9528], [-76.5381, 38.9533], [-76.5383, 38.9537], [-76.5385, 38.9541], [-76.5382, 38.9545], [-76.5385, 38.9549], [-76.5387, 38.9551], [-76.5381, 38.9555], [-76.5382, 38.9556], [-76.5382, 38.9562], [-76.5381, 38.9572], [-76.5385, 38.9579], [-76.5387, 38.9582], [-76.5381, 38.9586], [-76.5375, 38.959], [-76.5381, 38.9596], [-76.5379, 38.9599], [-76.5371, 38.9603], [-76.5373, 38.9607], [-76.5377, 38.9609], [-76.5378, 38.9612], [-76.5373, 38.9615], [-76.5373, 38.962], [-76.5372, 38.9625], [-76.5376, 38.9628], [-76.5372, 38.9633], [-76.537, 38.9642], [-76.5367, 38.9646], [-76.537, 38.9651], [-76.5375, 38.9655], [-76.5376, 38.966], [-76.5373, 38.9663], [-76.5366, 38.9668], [-76.5367, 38.967], [-76.5373, 38.967], [-76.5378, 38.9669], [-76.5381, 38.9675], [-76.5383, 38.9675], [-76.5386, 38.9667], [-76.5386, 38.966], [-76.5384, 38.9655], [-76.5377, 38.9645], [-76.5379, 38.9643], [-76.5384, 38.9644], [-76.539, 38.965], [-76.5398, 38.9654], [-76.5399, 38.965], [-76.5388, 38.9639], [-76.5386, 38.9633], [-76.5388, 38.9629], [-76.5391, 38.9626], [-76.5389, 38.9618], [-76.5389, 38.9608], [-76.5391, 38.9602], [-76.5391, 38.9594], [-76.5394, 38.9593], [-76.5399, 38.959], [-76.54, 38.9582], [-76.5401, 38.958], [-76.5405, 38.9578], [-76.5407, 38.9585], [-76.541, 38.9589], [-76.5417, 38.9591], [-76.5422, 38.959], [-76.5416, 38.9584], [-76.5417, 38.9581], [-76.5425, 38.9577], [-76.543, 38.9576], [-76.5437, 38.9575], [-76.5437, 38.9572], [-76.5429, 38.957], [-76.5426, 38.9568], [-76.5418, 38.957], [-76.5415, 38.9567], [-76.541, 38.9564], [-76.5399, 38.9561], [-76.54, 38.956], [-76.5402, 38.9557], [-76.5401, 38.9553], [-76.5406, 38.9547], [-76.5411, 38.9544], [-76.5412, 38.9534], [-76.5412, 38.953], [-76.5405, 38.9523], [-76.54, 38.9519], [-76.5409, 38.9517], [-76.5414, 38.9518], [-76.5435, 38.9519], [-76.5456, 38.951], [-76.5463, 38.951], [-76.5466, 38.9515], [-76.5471, 38.9521], [-76.5476, 38.9529], [-76.5484, 38.9531], [-76.5498, 38.953], [-76.5505, 38.9531], [-76.5514, 38.9531], [-76.5523, 38.9528], [-76.5527, 38.9525], [-76.5534, 38.9538], [-76.5526, 38.955], [-76.5516, 38.9569], [-76.5511, 38.9575], [-76.5504, 38.9582], [-76.5481, 38.9602], [-76.5474, 38.961], [-76.547, 38.9618], [-76.5464, 38.9637], [-76.5443, 38.9683], [-76.5421, 38.9733], [-76.5398, 38.9773], [-76.5374, 38.978], [-76.5356, 38.9773], [-76.5353, 38.9772]]]}, "properties": {"GEOID20": "24003702500", "JURSCODE": "ANNE", "F2024_Child_Poverty_Rate__2026_": 1.7, "F2024_Child_Poverty_Rate_Margin_Of_Error": 2.9, "SCHOOL_BND_INT_CPG_TOTAL": 3, "SCHOOL_NAME": "Annapolis Middle, Mills Parole Elementary, Tyler Heights Elementary", "Eligibility_Status": "Ineligible", "Qualifying_Criteria1_CPR_30": "No", "Qualifying_Criteria2_CPR_30MOE": "No", "grantee_name": "One Annapolis, Inc"}}, {"type": "Feature", "geometry": {"type": "Polygon", "coordinates": [[[-76.6141, 39.2196], [-76.6119, 39.2182], [-76.6062, 39.2185], [-76.6049, 39.2185], [-76.6043, 39.2187], [-76.603, 39.2192], [-76.5979, 39.2213], [-76.5964, 39.2198], [-76.5907, 39.2145], [-76.5892, 39.2131], [-76.5868, 39.2107], [-76.5844, 39.2082], [-76.5847, 39.2079], [-76.5861, 39.2076], [-76.5872, 39.2072], [-76.5886, 39.2067], [-76.5894, 39.2065], [-76.5902, 39.2063], [-76.5924, 39.2064], [-76.6008, 39.2068], [-76.6042, 39.207], [-76.6059, 39.207], [-76.6084, 39.2069], [-76.6113, 39.2067], [-76.6185, 39.2059], [-76.62, 39.2057], [-76.6235, 39.2048], [-76.6296, 39.2031], [-76.6306, 39.2028], [-76.6315, 39.2027], [-76.6311, 39.2036], [-76.6306, 39.2043], [-76.6298, 39.2051], [-76.6291, 39.2055], [-76.6272, 39.2064], [-76.6266, 39.2067], [-76.6259, 39.2072], [-76.6255, 39.2076], [-76.6252, 39.208], [-76.6251, 39.2085], [-76.625, 39.209], [-76.6252, 39.2137], [-76.6255, 39.2169], [-76.6237, 39.2255], [-76.6215, 39.2274], [-76.6211, 39.2279], [-76.6209, 39.2286], [-76.6196, 39.2296], [-76.6138, 39.2293], [-76.6133, 39.2284], [-76.6136, 39.2258], [-76.6138, 39.2235], [-76.6141, 39.2196]]]}, "properties": {"GEOID20": "24003750204", "JURSCODE": "ANNE", "F2024_Child_Poverty_Rate__2026_": 0.0, "F2024_Child_Poverty_Rate_Margin_Of_Error": 4.6, "SCHOOL_BND_INT_CPG_TOTAL": 4, "SCHOOL_NAME": "Belle Grove Elementary, Brooklyn Park Elementary, North Glen Elementary, Park Elementary", "Eligibility_Status": "Ineligible", "Qualifying_Criteria1_CPR_30": "No", "Qualifying_Criteria2_CPR_30MOE": "No", "grantee_name": "Anne Arundel County Partnership for Children, Youth, and Families"}}, {"type": "Feature", "geometry": {"type": "Polygon", "coordinates": [[[-76.6135, 39.2182], [-76.614, 39.2214], [-76.6136, 39.2249], [-76.6134, 39.2274], [-76.6133, 39.2293], [-76.6129, 39.2306], [-76.6123, 39.2319], [-76.6118, 39.2343], [-76.6109, 39.2337], [-76.6096, 39.2326], [-76.6082, 39.2311], [-76.6069, 39.2298], [-76.6047, 39.2279], [-76.6018, 39.2249], [-76.5985, 39.2218], [-76.6016, 39.2197], [-76.604, 39.2188], [-76.6047, 39.2186], [-76.6056, 39.2185], [-76.6108, 39.2183], [-76.6135, 39.2182]]]}, "properties": {"GEOID20": "24003750101", "JURSCODE": "ANNE", "F2024_Child_Poverty_Rate__2026_": 10.8, "F2024_Child_Poverty_Rate_Margin_Of_Error": 12.0, "SCHOOL_BND_INT_CPG_TOTAL": 3, "SCHOOL_NAME": "Belle Grove Elementary, Brooklyn Park Elementary, Park Elementary", "Eligibility_Status": "Ineligible", "Qualifying_Criteria1_CPR_30": "No", "Qualifying_Criteria2_CPR_30MOE": "No", "grantee_name": "Anne Arundel County Partnership for Children, Youth, and Families"}}, {"type": "Feature", "geometry": {"type": "Polygon", "coordinates": [[[-76.4487, 39.313], [-76.4512, 39.3118], [-76.4519, 39.3115], [-76.4526, 39.311], [-76.4523, 39.3085], [-76.4524, 39.3081], [-76.4524, 39.3079], [-76.4523, 39.3078], [-76.4522, 39.3076], [-76.4523, 39.3068], [-76.4522, 39.3064], [-76.4519, 39.3059], [-76.4518, 39.3054], [-76.4522, 39.3049], [-76.4522, 39.3044], [-76.4525, 39.3043], [-76.4529, 39.3044], [-76.4533, 39.3046], [-76.4543, 39.3046], [-76.4544, 39.3047], [-76.4546, 39.3047], [-76.4546, 39.3046], [-76.4543, 39.3042], [-76.4537, 39.3037], [-76.4536, 39.3033], [-76.4539, 39.303], [-76.4541, 39.3031], [-76.4539, 39.3033], [-76.4538, 39.3034], [-76.4541, 39.3034], [-76.4543, 39.3033], [-76.455, 39.3029], [-76.4552, 39.3027], [-76.4551, 39.3025], [-76.4554, 39.3023], [-76.4559, 39.302], [-76.4561, 39.3017], [-76.4566, 39.3016], [-76.4567, 39.3015], [-76.457, 39.3013], [-76.4572, 39.3011], [-76.4574, 39.3007], [-76.4576, 39.3005], [-76.4577, 39.3003], [-76.4579, 39.2997], [-76.4581, 39.2994], [-76.4583, 39.2992], [-76.4585, 39.299], [-76.4588, 39.2991], [-76.459, 39.2991], [-76.4591, 39.2988], [-76.4588, 39.2984], [-76.4588, 39.2982], [-76.4596, 39.298], [-76.4598, 39.2977], [-76.4602, 39.2972], [-76.4606, 39.2966], [-76.4607, 39.2962], [-76.4609, 39.296], [-76.4612, 39.2959], [-76.4622, 39.2956], [-76.4628, 39.2956], [-76.4637, 39.2958], [-76.4639, 39.2959], [-76.4639, 39.2963], [-76.4639, 39.2966], [-76.4636, 39.2968], [-76.4633, 39.297], [-76.4631, 39.2972], [-76.463, 39.2975], [-76.4628, 39.2977], [-76.4627, 39.2981], [-76.4628, 39.2985], [-76.4629, 39.2989], [-76.4633, 39.2991], [-76.4636, 39.2992], [-76.4637, 39.2995], [-76.4639, 39.2996], [-76.4639, 39.2998], [-76.4638, 39.3001], [-76.4644, 39.3005], [-76.4644, 39.3007], [-76.4644, 39.3009], [-76.4648, 39.3009], [-76.465, 39.3008], [-76.4655, 39.3011], [-76.4657, 39.3015], [-76.4658, 39.3019], [-76.4662, 39.3021], [-76.4663, 39.3023], [-76.4665, 39.3028], [-76.4672, 39.3031], [-76.4674, 39.3033], [-76.4673, 39.3036], [-76.4664, 39.3038], [-76.4663, 39.304], [-76.4666, 39.304], [-76.4674, 39.304], [-76.4677, 39.3042], [-76.4677, 39.3044], [-76.4676, 39.3047], [-76.4676, 39.3049], [-76.4678, 39.3052], [-76.4678, 39.3058], [-76.4679, 39.3061], [-76.4681, 39.3063], [-76.468, 39.3067], [-76.4681, 39.307], [-76.4681, 39.3072], [-76.4682, 39.3077], [-76.4682, 39.309], [-76.4684, 39.3097], [-76.4685, 39.3105], [-76.4684, 39.3106], [-76.4681, 39.311], [-76.4683, 39.3114], [-76.4654, 39.3126], [-76.4636, 39.3135], [-76.4604, 39.3162], [-76.4579, 39.3182], [-76.4552, 39.3199], [-76.4542, 39.3189], [-76.4535, 39.3182], [-76.4518, 39.3167], [-76.4515, 39.3164], [-76.4505, 39.3152], [-76.4494, 39.3138], [-76.4487, 39.313]]]}, "properties": {"GEOID20": "24005450501", "JURSCODE": "BACO", "F2024_Child_Poverty_Rate__2026_": 5.0, "F2024_Child_Poverty_Rate_Margin_Of_Error": 9.5, "SCHOOL_BND_INT_CPG_TOTAL": 5, "SCHOOL_NAME": "Mars Estates Elementary, Sussex Elementary, Middlesex Elementary, Deep Creek Elementary, Deep Creek Middle", "Eligibility_Status": "Ineligible", "Qualifying_Criteria1_CPR_30": "No", "Qualifying_Criteria2_CPR_30MOE": "No", "grantee_name": "Community Assistance Network, Inc."}}, {"type": "Feature", "geometry": {"type": "Polygon", "coordinates": [[[-76.4427, 39.3063], [-76.4406, 39.3042], [-76.4383, 39.3016], [-76.438, 39.3008], [-76.4382, 39.3001], [-76.4386, 39.2997], [-76.4396, 39.2988], [-76.4407, 39.2979], [-76.4414, 39.2972], [-76.4417, 39.297], [-76.4421, 39.2969], [-76.4427, 39.297], [-76.4436, 39.2971], [-76.4447, 39.297], [-76.4454, 39.2967], [-76.446, 39.2962], [-76.4468, 39.2952], [-76.4472, 39.2947], [-76.4481, 39.2935], [-76.451, 39.2936], [-76.4509, 39.2948], [-76.449, 39.2976], [-76.4485, 39.298], [-76.4478, 39.2985], [-76.4473, 39.299], [-76.447, 39.2995], [-76.4465, 39.3003], [-76.4461, 39.3007], [-76.4462, 39.3011], [-76.4467, 39.3013], [-76.4472, 39.3013], [-76.4479, 39.3013], [-76.4486, 39.3015], [-76.4493, 39.3042], [-76.4477, 39.3053], [-76.4473, 39.3056], [-76.4478, 39.3062], [-76.4497, 39.3076], [-76.4505, 39.3084], [-76.451, 39.309], [-76.4513, 39.3096], [-76.4513, 39.3097], [-76.451, 39.3099], [-76.4509, 39.3115], [-76.4505, 39.3121], [-76.4484, 39.3126], [-76.4468, 39.311], [-76.4455, 39.3095], [-76.4434, 39.307], [-76.4427, 39.3063]]]}, "properties": {"GEOID20": "24005450504", "JURSCODE": "BACO", "F2024_Child_Poverty_Rate__2026_": 29.0, "F2024_Child_Poverty_Rate_Margin_Of_Error": 21.3, "SCHOOL_BND_INT_CPG_TOTAL": 5, "SCHOOL_NAME": "Mars Estates Elementary, Sussex Elementary, Deep Creek Elementary, Sandalwood Elementary, Deep Creek Middle", "Eligibility_Status": "Ineligible", "Qualifying_Criteria1_CPR_30": "No", "Qualifying_Criteria2_CPR_30MOE": "No", "grantee_name": "Community Assistance Network, Inc."}}, {"type": "Feature", "geometry": {"type": "Polygon", "coordinates": [[[-76.4487, 39.3047], [-76.4503, 39.3027], [-76.4482, 39.3014], [-76.4475, 39.3013], [-76.4468, 39.3013], [-76.4463, 39.3012], [-76.4459, 39.3009], [-76.4464, 39.3005], [-76.4468, 39.2999], [-76.4471, 39.2993], [-76.4475, 39.2987], [-76.4481, 39.2983], [-76.4488, 39.2978], [-76.4508, 39.2949], [-76.451, 39.2941], [-76.4518, 39.2936], [-76.4527, 39.2937], [-76.454, 39.294], [-76.4598, 39.2958], [-76.4587, 39.2965], [-76.4589, 39.2966], [-76.4589, 39.2969], [-76.4582, 39.2981], [-76.4574, 39.2984], [-76.4573, 39.2986], [-76.457, 39.2987], [-76.4567, 39.2988], [-76.4567, 39.299], [-76.4567, 39.2993], [-76.4566, 39.2997], [-76.4561, 39.2999], [-76.4558, 39.2998], [-76.4547, 39.2999], [-76.4542, 39.2999], [-76.4533, 39.2999], [-76.453, 39.3001], [-76.4526, 39.3002], [-76.4523, 39.3002], [-76.4522, 39.3003], [-76.4519, 39.3004], [-76.4509, 39.3004], [-76.4505, 39.3004], [-76.4507, 39.3006], [-76.4513, 39.3007], [-76.4521, 39.3008], [-76.4524, 39.3006], [-76.4528, 39.3004], [-76.4546, 39.3005], [-76.4554, 39.3005], [-76.4558, 39.3009], [-76.4557, 39.3012], [-76.4551, 39.3013], [-76.4547, 39.3017], [-76.4542, 39.3023], [-76.4543, 39.3026], [-76.454, 39.3028], [-76.4539, 39.303], [-76.4536, 39.3033], [-76.4537, 39.3037], [-76.4543, 39.3042], [-76.4546, 39.3046], [-76.4546, 39.3047], [-76.4544, 39.3047], [-76.4543, 39.3046], [-76.4533, 39.3046], [-76.4529, 39.3044], [-76.4525, 39.3043], [-76.4522, 39.3044], [-76.4522, 39.3049], [-76.4518, 39.3054], [-76.4519, 39.3059], [-76.4522, 39.3064], [-76.4523, 39.3068], [-76.4522, 39.3076], [-76.4523, 39.3078], [-76.4524, 39.3079], [-76.4524, 39.3081], [-76.4523, 39.3085], [-76.4526, 39.311], [-76.4519, 39.3115], [-76.4512, 39.3118], [-76.4501, 39.3107], [-76.4512, 39.3098], [-76.4513, 39.3097], [-76.4513, 39.3095], [-76.4508, 39.3087], [-76.4502, 39.3081], [-76.4492, 39.3072], [-76.4476, 39.306], [-76.4474, 39.3055], [-76.4484, 39.3049], [-76.4487, 39.3047]]]}, "properties": {"GEOID20": "24005450503", "JURSCODE": "BACO", "F2024_Child_Poverty_Rate__2026_": 40.2, "F2024_Child_Poverty_Rate_Margin_Of_Error": 23.7, "SCHOOL_BND_INT_CPG_TOTAL": 5, "SCHOOL_NAME": "Mars Estates Elementary, Sussex Elementary, Deep Creek Elementary, Sandalwood Elementary, Deep Creek Middle", "Eligibility_Status": "Eligible", "Qualifying_Criteria1_CPR_30": "Yes", "Qualifying_Criteria2_CPR_30MOE": "Yes", "grantee_name": "Community Assistance Network, Inc."}}, {"type": "Feature", "geometry": {"type": "Polygon", "coordinates": [[[-75.713, 38.7056], [-75.7096, 38.663], [-75.7074, 38.6354], [-75.7102, 38.6384], [-75.7117, 38.6404], [-75.7135, 38.6446], [-75.7145, 38.6459], [-75.7227, 38.6521], [-75.728, 38.6564], [-75.731, 38.6592], [-75.7368, 38.6646], [-75.7424, 38.6679], [-75.7471, 38.67], [-75.7494, 38.6715], [-75.7539, 38.6764], [-75.7575, 38.6805], [-75.7611, 38.6844], [-75.763, 38.6862], [-75.7653, 38.686], [-75.7678, 38.6859], [-75.7698, 38.6842], [-75.7724, 38.6813], [-75.7736, 38.678], [-75.7732, 38.6764], [-75.7742, 38.6764], [-75.7749, 38.6769], [-75.7757, 38.6775], [-75.7762, 38.6768], [-75.7767, 38.6766], [-75.7786, 38.6767], [-75.7793, 38.6765], [-75.7832, 38.677], [-75.7865, 38.6773], [-75.7933, 38.6768], [-75.7993, 38.6855], [-75.7997, 38.6895], [-75.8025, 38.6977], [-75.8056, 38.6983], [-75.8133, 38.6983], [-75.8172, 38.6984], [-75.823, 38.6997], [-75.8321, 38.7025], [-75.838, 38.704], [-75.8411, 38.7042], [-75.8503, 38.7026], [-75.8598, 38.7006], [-75.8611, 38.7005], [-75.8596, 38.7024], [-75.8575, 38.7042], [-75.8572, 38.7048], [-75.8566, 38.7108], [-75.8571, 38.7163], [-75.8581, 38.7199], [-75.8546, 38.7238], [-75.8496, 38.7265], [-75.8482, 38.7274], [-75.8459, 38.7295], [-75.8433, 38.7318], [-75.8408, 38.7345], [-75.8377, 38.7367], [-75.8342, 38.7394], [-75.8324, 38.7403], [-75.8293, 38.7407], [-75.8276, 38.7385], [-75.8243, 38.7345], [-75.822, 38.7321], [-75.8184, 38.7296], [-75.817, 38.7287], [-75.8151, 38.7263], [-75.8125, 38.7241], [-75.8035, 38.7308], [-75.8062, 38.7327], [-75.8022, 38.7383], [-75.8002, 38.7407], [-75.8001, 38.7412], [-75.7998, 38.7423], [-75.7994, 38.7429], [-75.799, 38.7433], [-75.7984, 38.7434], [-75.7941, 38.744], [-75.7939, 38.7457], [-75.7945, 38.7473], [-75.7984, 38.7542], [-75.7907, 38.7555], [-75.7869, 38.756], [-75.785, 38.7553], [-75.7829, 38.7558], [-75.7801, 38.7591], [-75.7773, 38.7605], [-75.7759, 38.7605], [-75.7722, 38.7593], [-75.7619, 38.7559], [-75.7606, 38.755], [-75.7537, 38.7516], [-75.7563, 38.7495], [-75.7573, 38.748], [-75.7586, 38.7432], [-75.7588, 38.7422], [-75.7569, 38.7423], [-75.7554, 38.7432], [-75.7543, 38.7431], [-75.7534, 38.7425], [-75.7528, 38.7426], [-75.7527, 38.742], [-75.7518, 38.7427], [-75.7512, 38.744], [-75.7508, 38.7454], [-75.7501, 38.7465], [-75.7498, 38.7473], [-75.7496, 38.7484], [-75.7472, 38.7493], [-75.7455, 38.7513], [-75.7436, 38.7516], [-75.7426, 38.7521], [-75.7428, 38.7536], [-75.7412, 38.7559], [-75.7399, 38.7579], [-75.7383, 38.7582], [-75.7361, 38.7583], [-75.7327, 38.7594], [-75.7304, 38.7602], [-75.7276, 38.7605], [-75.7254, 38.7609], [-75.7244, 38.7619], [-75.7222, 38.7628], [-75.7189, 38.7644], [-75.7157, 38.7401], [-75.714, 38.7182], [-75.713, 38.7056]]]}, "properties": {"GEOID20": "24011955600", "JURSCODE": "CARO", "F2024_Child_Poverty_Rate__2026_": 47.8, "F2024_Child_Poverty_Rate_Margin_Of_Error": 14.0, "SCHOOL_BND_INT_CPG_TOTAL": 1, "SCHOOL_NAME": "Federalsburg Elementary", "Eligibility_Status": "Eligible", "Qualifying_Criteria1_CPR_30": "Yes", "Qualifying_Criteria2_CPR_30MOE": "Yes", "grantee_name": "Caroline Human Services Council, Inc."}}, {"type": "Feature", "geometry": {"type": "Polygon", "coordinates": [[[-76.8929, 38.6057], [-76.8935, 38.6056], [-76.8961, 38.6057], [-76.897, 38.6056], [-76.8984, 38.6053], [-76.8995, 38.605], [-76.9006, 38.6045], [-76.9018, 38.6039], [-76.9031, 38.6034], [-76.9072, 38.6012], [-76.9082, 38.6017], [-76.9106, 38.6033], [-76.9151, 38.606], [-76.9189, 38.6074], [-76.9205, 38.6081], [-76.922, 38.609], [-76.9224, 38.6092], [-76.923, 38.6095], [-76.924, 38.6101], [-76.9244, 38.6104], [-76.925, 38.611], [-76.9234, 38.6141], [-76.9191, 38.6183], [-76.9182, 38.6191], [-76.9163, 38.6211], [-76.9154, 38.6219], [-76.9127, 38.6246], [-76.9099, 38.6258], [-76.9084, 38.6246], [-76.9074, 38.6238], [-76.9063, 38.6232], [-76.9054, 38.6229], [-76.9023, 38.6217], [-76.901, 38.621], [-76.8996, 38.62], [-76.8973, 38.619], [-76.8914, 38.6175], [-76.8877, 38.6167], [-76.8856, 38.6162], [-76.8843, 38.6158], [-76.8833, 38.6154], [-76.8818, 38.6145], [-76.8828, 38.6136], [-76.8833, 38.613], [-76.8839, 38.6121], [-76.8843, 38.6116], [-76.8859, 38.6107], [-76.8869, 38.6101], [-76.8873, 38.6097], [-76.8879, 38.6088], [-76.8886, 38.6079], [-76.8893, 38.6072], [-76.89, 38.6068], [-76.8909, 38.6063], [-76.8921, 38.6059], [-76.8929, 38.6057]]]}, "properties": {"GEOID20": "24017850901", "JURSCODE": "CHAR", "F2024_Child_Poverty_Rate__2026_": 18.0, "F2024_Child_Poverty_Rate_Margin_Of_Error": 16.6, "SCHOOL_BND_INT_CPG_TOTAL": 3, "SCHOOL_NAME": "Dr Samuel A Mudd Elementary , J P Ryon Elementary, Dr Gustavus Brown Elementary", "Eligibility_Status": "Ineligible", "Qualifying_Criteria1_CPR_30": "No", "Qualifying_Criteria2_CPR_30MOE": "No", "grantee_name": "LifeStyles of Maryland Foundation, Inc."}}, {"type": "Feature", "geometry": {"type": "Polygon", "coordinates": [[[-76.138, 38.5739], [-76.1377, 38.5738], [-76.1372, 38.5734], [-76.1366, 38.573], [-76.1345, 38.5722], [-76.1305, 38.5706], [-76.1283, 38.5697], [-76.1266, 38.5693], [-76.1259, 38.5692], [-76.1248, 38.5692], [-76.1211, 38.5694], [-76.1192, 38.5695], [-76.1185, 38.5694], [-76.1178, 38.5692], [-76.1166, 38.5686], [-76.1149, 38.5679], [-76.1136, 38.5674], [-76.1129, 38.5673], [-76.1074, 38.5678], [-76.1066, 38.5679], [-76.1055, 38.5681], [-76.1036, 38.5687], [-76.1026, 38.569], [-76.102, 38.569], [-76.1013, 38.569], [-76.0961, 38.5677], [-76.0948, 38.5674], [-76.0936, 38.5671], [-76.0927, 38.5668], [-76.0908, 38.566], [-76.0874, 38.565], [-76.0859, 38.5647], [-76.0808, 38.5638], [-76.0793, 38.5635], [-76.0783, 38.5644], [-76.0775, 38.5656], [-76.0711, 38.5648], [-76.0682, 38.5618], [-76.0665, 38.5584], [-76.0646, 38.5549], [-76.0625, 38.5533], [-76.0625, 38.5521], [-76.0638, 38.549], [-76.0642, 38.5474], [-76.0641, 38.5462], [-76.0634, 38.541], [-76.0631, 38.5374], [-76.065, 38.5348], [-76.0623, 38.5327], [-76.0621, 38.5324], [-76.0622, 38.5321], [-76.0636, 38.53], [-76.0637, 38.5297], [-76.0635, 38.5294], [-76.0625, 38.5288], [-76.065, 38.526], [-76.0653, 38.5258], [-76.0657, 38.526], [-76.0659, 38.5263], [-76.0656, 38.5266], [-76.0654, 38.527], [-76.0654, 38.5271], [-76.0668, 38.5278], [-76.0672, 38.5279], [-76.0706, 38.527], [-76.0708, 38.5268], [-76.0708, 38.5266], [-76.0708, 38.5263], [-76.0711, 38.5262], [-76.0729, 38.5261], [-76.0738, 38.526], [-76.0739, 38.5258], [-76.0734, 38.5227], [-76.0735, 38.5227], [-76.0743, 38.5227], [-76.0746, 38.5228], [-76.0748, 38.5228], [-76.0751, 38.5227], [-76.0808, 38.5228], [-76.0836, 38.5228], [-76.0861, 38.5291], [-76.0864, 38.5299], [-76.0861, 38.5342], [-76.0863, 38.536], [-76.0862, 38.5396], [-76.0861, 38.5414], [-76.0861, 38.5425], [-76.0866, 38.5427], [-76.0883, 38.5413], [-76.0894, 38.5401], [-76.0896, 38.5394], [-76.0896, 38.5384], [-76.0897, 38.5379], [-76.09, 38.5371], [-76.09, 38.5362], [-76.0902, 38.5359], [-76.0906, 38.5354], [-76.0909, 38.5351], [-76.0911, 38.5348], [-76.0909, 38.5339], [-76.0908, 38.5337], [-76.0909, 38.5332], [-76.0919, 38.5337], [-76.0928, 38.5342], [-76.0932, 38.5343], [-76.0935, 38.5346], [-76.0948, 38.5351], [-76.0937, 38.5381], [-76.0936, 38.5386], [-76.0941, 38.5411], [-76.0948, 38.5448], [-76.0948, 38.5459], [-76.1022, 38.5449], [-76.1034, 38.5448], [-76.1059, 38.5453], [-76.1079, 38.5458], [-76.1105, 38.5461], [-76.1113, 38.5462], [-76.1124, 38.5466], [-76.1132, 38.5471], [-76.1143, 38.5476], [-76.1195, 38.5491], [-76.1199, 38.5492], [-76.1234, 38.5488], [-76.125, 38.5486], [-76.1262, 38.5483], [-76.1271, 38.5483], [-76.1279, 38.5485], [-76.1283, 38.5487], [-76.1296, 38.5499], [-76.13, 38.5499], [-76.1327, 38.5488], [-76.1351, 38.5478], [-76.1362, 38.5477], [-76.1402, 38.5474], [-76.1419, 38.5473], [-76.1423, 38.5474], [-76.1425, 38.5475], [-76.1427, 38.5478], [-76.143, 38.5485], [-76.1436, 38.55], [-76.1442, 38.5511], [-76.1447, 38.5516], [-76.1456, 38.5524], [-76.1462, 38.5529], [-76.1478, 38.5539], [-76.1482, 38.5543], [-76.1495, 38.5559], [-76.1496, 38.5564], [-76.1489, 38.5586], [-76.1486, 38.5597], [-76.1483, 38.5598], [-76.147, 38.5605], [-76.1467, 38.5607], [-76.1465, 38.5611], [-76.146, 38.5624], [-76.145, 38.5651], [-76.1446, 38.5662], [-76.1436, 38.5691], [-76.1425, 38.5706], [-76.1414, 38.572], [-76.1399, 38.5729], [-76.1389, 38.5735], [-76.138, 38.5739]]]}, "properties": {"GEOID20": "24019970600", "JURSCODE": "DORC", "F2024_Child_Poverty_Rate__2026_": 39.8, "F2024_Child_Poverty_Rate_Margin_Of_Error": 26.7, "SCHOOL_BND_INT_CPG_TOTAL": 4, "SCHOOL_NAME": "Maces Lane Middle, Sandy Hill Elementary, Maple Elementary, Choptank Elementary", "Eligibility_Status": "Eligible", "Qualifying_Criteria1_CPR_30": "Yes", "Qualifying_Criteria2_CPR_30MOE": "No", "grantee_name": "Moving Dorchester Forward, INC"}}, {"type": "Feature", "geometry": {"type": "Polygon", "coordinates": [[[-76.0872, 38.5775], [-76.0849, 38.5768], [-76.0827, 38.5751], [-76.0801, 38.5731], [-76.0779, 38.5714], [-76.0776, 38.5711], [-76.0775, 38.5707], [-76.0776, 38.5683], [-76.0782, 38.5649], [-76.0789, 38.5634], [-76.0805, 38.5638], [-76.0843, 38.5644], [-76.0868, 38.5648], [-76.0903, 38.5658], [-76.092, 38.5665], [-76.0934, 38.567], [-76.0947, 38.5674], [-76.0959, 38.5677], [-76.101, 38.5689], [-76.1017, 38.569], [-76.1021, 38.5693], [-76.1024, 38.5702], [-76.1027, 38.5706], [-76.1033, 38.5706], [-76.104, 38.5706], [-76.1041, 38.5704], [-76.1044, 38.5705], [-76.1047, 38.5704], [-76.1049, 38.5703], [-76.1051, 38.5703], [-76.1053, 38.5703], [-76.1054, 38.5703], [-76.1058, 38.5702], [-76.1071, 38.5706], [-76.1075, 38.571], [-76.1079, 38.5713], [-76.1076, 38.5714], [-76.1076, 38.5716], [-76.1088, 38.5722], [-76.1092, 38.5727], [-76.1095, 38.5732], [-76.1097, 38.5733], [-76.1095, 38.5741], [-76.1088, 38.5745], [-76.1088, 38.5749], [-76.1087, 38.5757], [-76.1086, 38.5771], [-76.1075, 38.5772], [-76.1073, 38.5773], [-76.1068, 38.5785], [-76.1065, 38.5792], [-76.1062, 38.5793], [-76.1047, 38.5788], [-76.1023, 38.5779], [-76.1003, 38.5772], [-76.0989, 38.577], [-76.0981, 38.577], [-76.0974, 38.5772], [-76.0956, 38.5778], [-76.0947, 38.5777], [-76.0941, 38.577], [-76.091, 38.5779], [-76.0907, 38.5784], [-76.0909, 38.5789], [-76.0903, 38.5797], [-76.0897, 38.5794], [-76.0884, 38.5784], [-76.0872, 38.5775]]]}, "properties": {"GEOID20": "24019970500", "JURSCODE": "DORC", "F2024_Child_Poverty_Rate__2026_": 71.7, "F2024_Child_Poverty_Rate_Margin_Of_Error": 15.7, "SCHOOL_BND_INT_CPG_TOTAL": 4, "SCHOOL_NAME": "Maces Lane Middle, Sandy Hill Elementary, Maple Elementary, Choptank Elementary", "Eligibility_Status": "Eligible", "Qualifying_Criteria1_CPR_30": "Yes", "Qualifying_Criteria2_CPR_30MOE": "Yes", "grantee_name": "Moving Dorchester Forward, INC"}}, {"type": "Feature", "geometry": {"type": "Polygon", "coordinates": [[[-76.2224, 38.5397], [-76.2221, 38.5395], [-76.2207, 38.5395], [-76.2201, 38.5392], [-76.2196, 38.539], [-76.2181, 38.5391], [-76.2175, 38.5392], [-76.2174, 38.5388], [-76.2176, 38.5385], [-76.2177, 38.5381], [-76.2179, 38.5376], [-76.2178, 38.5371], [-76.2177, 38.5368], [-76.2176, 38.5363], [-76.2174, 38.5359], [-76.2167, 38.5355], [-76.2164, 38.5353], [-76.2164, 38.5348], [-76.2166, 38.5343], [-76.2165, 38.5341], [-76.2163, 38.5339], [-76.2162, 38.5335], [-76.2163, 38.5333], [-76.2162, 38.5331], [-76.2159, 38.5327], [-76.2158, 38.5324], [-76.2156, 38.5321], [-76.2152, 38.5318], [-76.2149, 38.5315], [-76.2145, 38.5312], [-76.2137, 38.531], [-76.2133, 38.5309], [-76.2131, 38.5303], [-76.2126, 38.5301], [-76.2126, 38.5298], [-76.212, 38.5293], [-76.2112, 38.5289], [-76.2104, 38.5288], [-76.2092, 38.529], [-76.206, 38.5303], [-76.205, 38.5307], [-76.2049, 38.5305], [-76.205, 38.5297], [-76.2052, 38.5294], [-76.2054, 38.5292], [-76.206, 38.5288], [-76.2063, 38.5282], [-76.2064, 38.5277], [-76.2065, 38.5274], [-76.2063, 38.5268], [-76.2064, 38.5265], [-76.2065, 38.5264], [-76.2068, 38.5266], [-76.207, 38.5265], [-76.2071, 38.5263], [-76.2073, 38.5261], [-76.2076, 38.526], [-76.2078, 38.5256], [-76.2082, 38.5252], [-76.2081, 38.525], [-76.2072, 38.5243], [-76.2071, 38.524], [-76.2069, 38.5241], [-76.2068, 38.5243], [-76.2069, 38.5246], [-76.2068, 38.5248], [-76.2061, 38.5249], [-76.2057, 38.5252], [-76.2056, 38.5254], [-76.2054, 38.5255], [-76.205, 38.5256], [-76.2049, 38.5258], [-76.2038, 38.5256], [-76.2034, 38.5252], [-76.2036, 38.525], [-76.2038, 38.5248], [-76.2038, 38.5247], [-76.2037, 38.5245], [-76.2038, 38.5243], [-76.2036, 38.524], [-76.2036, 38.5238], [-76.2035, 38.5236], [-76.2033, 38.5234], [-76.2026, 38.5234], [-76.202, 38.5235], [-76.2016, 38.5238], [-76.2015, 38.524], [-76.2016, 38.5242], [-76.2019, 38.5243], [-76.2019, 38.5246], [-76.2017, 38.5247], [-76.1996, 38.525], [-76.1995, 38.5248], [-76.1996, 38.5244], [-76.1996, 38.5242], [-76.1998, 38.524], [-76.2, 38.5241], [-76.2001, 38.5239], [-76.2, 38.5238], [-76.1996, 38.5233], [-76.1996, 38.5231], [-76.1994, 38.5229], [-76.1991, 38.5228], [-76.1989, 38.5229], [-76.1988, 38.5232], [-76.1985, 38.5237], [-76.198, 38.524], [-76.1975, 38.524], [-76.1954, 38.525], [-76.1951, 38.5251], [-76.1949, 38.5249], [-76.1952, 38.5245], [-76.1956, 38.5241], [-76.1957, 38.5238], [-76.1958, 38.5237], [-76.1962, 38.5236], [-76.1964, 38.5234], [-76.1965, 38.5231], [-76.1964, 38.523], [-76.196, 38.5234], [-76.1956, 38.5231], [-76.1949, 38.5227], [-76.1946, 38.5225], [-76.195, 38.5224], [-76.1952, 38.5221], [-76.1958, 38.5217], [-76.1961, 38.5215], [-76.1966, 38.521], [-76.1964, 38.5208], [-76.1962, 38.5207], [-76.196, 38.5208], [-76.1958, 38.5207], [-76.1955, 38.5207], [-76.1952, 38.5209], [-76.195, 38.5209], [-76.1948, 38.5205], [-76.1948, 38.5202], [-76.1953, 38.5192], [-76.1953, 38.519], [-76.196, 38.5179], [-76.1962, 38.5178], [-76.1966, 38.5178], [-76.1964, 38.5177], [-76.1961, 38.5176], [-76.1961, 38.5174], [-76.1962, 38.517], [-76.1964, 38.5168], [-76.1965, 38.5164], [-76.1966, 38.5162], [-76.1965, 38.5161], [-76.1966, 38.5159], [-76.1965, 38.5159], [-76.1964, 38.5161], [-76.1964, 38.5163], [-76.1963, 38.5165], [-76.1959, 38.5168], [-76.1959, 38.517], [-76.1954, 38.5176], [-76.1954, 38.5178], [-76.1953, 38.5181], [-76.1949, 38.5184], [-76.1947, 38.5187], [-76.1943, 38.5188], [-76.1938, 38.5193], [-76.1936, 38.5192], [-76.1934, 38.5192], [-76.1933, 38.5194], [-76.1935, 38.5197], [-76.1937, 38.52], [-76.1935, 38.5202], [-76.1927, 38.5208], [-76.1926, 38.5209], [-76.1922, 38.5209], [-76.192, 38.5206], [-76.1919, 38.5204], [-76.1915, 38.5201], [-76.1913, 38.5199], [-76.1912, 38.5197], [-76.1908, 38.5195], [-76.1907, 38.5196], [-76.1909, 38.5199], [-76.1911, 38.5202], [-76.1909, 38.5205], [-76.191, 38.5206], [-76.1915, 38.521], [-76.191, 38.5212], [-76.1908, 38.5214], [-76.1909, 38.5215], [-76.1914, 38.5216], [-76.1922, 38.522], [-76.192, 38.5228], [-76.192, 38.5232], [-76.1929, 38.5236], [-76.1926, 38.524], [-76.1917, 38.5248], [-76.1915, 38.5249], [-76.1912, 38.5252], [-76.1909, 38.525], [-76.19, 38.5248], [-76.1895, 38.525], [-76.1887, 38.5259], [-76.1879, 38.5264], [-76.1877, 38.5263], [-76.1876, 38.526], [-76.1873, 38.5258], [-76.187, 38.5256], [-76.1871, 38.5252], [-76.1869, 38.5252], [-76.1867, 38.5254], [-76.1865, 38.5255], [-76.1864, 38.5253], [-76.1857, 38.5253], [-76.1852, 38.5253], [-76.1843, 38.5257], [-76.1834, 38.5266], [-76.1831, 38.5269], [-76.1824, 38.5268], [-76.182, 38.5268], [-76.1813, 38.5272], [-76.181, 38.5273], [-76.1809, 38.5271], [-76.1807, 38.5272], [-76.1807, 38.5271], [-76.1803, 38.5267], [-76.1802, 38.5265], [-76.1805, 38.526], [-76.1807, 38.5257], [-76.1809, 38.5256], [-76.181, 38.5258], [-76.1812, 38.5257], [-76.181, 38.5255], [-76.1807, 38.5253], [-76.1802, 38.5246], [-76.1803, 38.5243], [-76.1806, 38.5241], [-76.1808, 38.5241], [-76.181, 38.5241], [-76.1811, 38.5238], [-76.1817, 38.5235], [-76.1818, 38.5227], [-76.182, 38.5227], [-76.1823, 38.5227], [-76.1824, 38.5222], [-76.1823, 38.5219], [-76.1821, 38.5222], [-76.1819, 38.5223], [-76.1807, 38.5217], [-76.1808, 38.5216], [-76.1812, 38.5213], [-76.1815, 38.521], [-76.1809, 38.5209], [-76.1809, 38.5205], [-76.1808, 38.5205], [-76.1805, 38.5207], [-76.18, 38.5206], [-76.1794, 38.5209], [-76.1794, 38.5213], [-76.1789, 38.5213], [-76.1783, 38.5211], [-76.1777, 38.5207], [-76.1777, 38.5202], [-76.1773, 38.5194], [-76.1783, 38.5191], [-76.179, 38.5193], [-76.1793, 38.5193], [-76.1794, 38.5189], [-76.179, 38.5187], [-76.1786, 38.5188], [-76.178, 38.5186], [-76.1781, 38.5182], [-76.1788, 38.5181], [-76.1793, 38.5182], [-76.18, 38.5181], [-76.1802, 38.5179], [-76.1799, 38.5179], [-76.1796, 38.5178], [-76.1791, 38.5174], [-76.1793, 38.5172], [-76.1801, 38.5171], [-76.1799, 38.5169], [-76.1799, 38.5165], [-76.1796, 38.5162], [-76.1793, 38.5163], [-76.1785, 38.5168], [-76.1782, 38.5167], [-76.1785, 38.5163], [-76.1786, 38.516], [-76.1787, 38.5157], [-76.1792, 38.5154], [-76.1793, 38.5145], [-76.1796, 38.5142], [-76.1798, 38.5142], [-76.1803, 38.5142], [-76.1803, 38.514], [-76.1796, 38.5134], [-76.1794, 38.5131], [-76.1795, 38.5129], [-76.1797, 38.513], [-76.1804, 38.5131], [-76.1806, 38.5129], [-76.1807, 38.5127], [-76.1803, 38.5126], [-76.1803, 38.5123], [-76.1802, 38.512], [-76.1797, 38.5117], [-76.1787, 38.5114], [-76.1779, 38.5112], [-76.1778, 38.511], [-76.1792, 38.5104], [-76.1795, 38.5103], [-76.1798, 38.5099], [-76.1801, 38.5097], [-76.1804, 38.5097], [-76.1806, 38.5096], [-76.181, 38.5096], [-76.1814, 38.5095], [-76.1815, 38.5093], [-76.1812, 38.5091], [-76.1811, 38.5089], [-76.1813, 38.5088], [-76.1816, 38.5089], [-76.1817, 38.5088], [-76.1816, 38.5086], [-76.1819, 38.5086], [-76.1822, 38.5086], [-76.1822, 38.5082], [-76.1821, 38.508], [-76.1822, 38.5078], [-76.1825, 38.5079], [-76.1827, 38.5078], [-76.1826, 38.5076], [-76.1832, 38.5069], [-76.1833, 38.5066], [-76.1835, 38.5063], [-76.1839, 38.5061], [-76.1838, 38.5059], [-76.1835, 38.5059], [-76.1829, 38.506], [-76.1826, 38.5063], [-76.1823, 38.5064], [-76.1822, 38.5065], [-76.1818, 38.5068], [-76.1815, 38.5069], [-76.1808, 38.507], [-76.1807, 38.5075], [-76.1805, 38.5078], [-76.1797, 38.5079], [-76.1793, 38.5079], [-76.1793, 38.508], [-76.1788, 38.5084], [-76.1782, 38.5087], [-76.1773, 38.5084], [-76.177, 38.5082], [-76.1761, 38.5079], [-76.1759, 38.5075], [-76.1758, 38.5068], [-76.1754, 38.5065], [-76.1748, 38.5065], [-76.1744, 38.5063], [-76.1744, 38.5061], [-76.1749, 38.5057], [-76.1753, 38.5053], [-76.1762, 38.5054], [-76.1763, 38.5053], [-76.1761, 38.5051], [-76.1754, 38.5048], [-76.1754, 38.5046], [-76.1756, 38.5043], [-76.1757, 38.5042], [-76.1755, 38.5042], [-76.1754, 38.5044], [-76.1751, 38.5046], [-76.1751, 38.5042], [-76.175, 38.5045], [-76.174, 38.5055], [-76.1733, 38.5052], [-76.1734, 38.5045], [-76.1731, 38.5042], [-76.1725, 38.5043], [-76.1723, 38.5047], [-76.1718, 38.5047], [-76.1708, 38.5051], [-76.1703, 38.5052], [-76.1701, 38.5049], [-76.1694, 38.5048], [-76.1692, 38.5043], [-76.169, 38.5039], [-76.1693, 38.5037], [-76.1694, 38.5031], [-76.1691, 38.5032], [-76.169, 38.5031], [-76.1685, 38.5032], [-76.1678, 38.5034], [-76.1676, 38.5034], [-76.1674, 38.5036], [-76.1676, 38.5037], [-76.1678, 38.5038], [-76.1669, 38.5044], [-76.1666, 38.5046], [-76.1663, 38.5044], [-76.1653, 38.5044], [-76.1651, 38.5042], [-76.165, 38.504], [-76.1644, 38.5042], [-76.164, 38.5043], [-76.1638, 38.5041], [-76.1633, 38.5041], [-76.1631, 38.5039], [-76.1628, 38.5033], [-76.1629, 38.5032], [-76.1623, 38.5027], [-76.1626, 38.5022], [-76.1618, 38.5026], [-76.1613, 38.5024], [-76.161, 38.5016], [-76.1608, 38.5015], [-76.1606, 38.5012], [-76.1598, 38.501], [-76.1592, 38.5009], [-76.1592, 38.5005], [-76.1598, 38.4999], [-76.16, 38.4995], [-76.1601, 38.4993], [-76.1601, 38.4991], [-76.1609, 38.4985], [-76.1616, 38.4983], [-76.1617, 38.498], [-76.1619, 38.4977], [-76.1616, 38.4978], [-76.1612, 38.4983], [-76.1601, 38.4986], [-76.1595, 38.4991], [-76.159, 38.4997], [-76.1589, 38.5], [-76.1584, 38.5002], [-76.1582, 38.5005], [-76.1578, 38.5005], [-76.1573, 38.4997], [-76.157, 38.4996], [-76.1568, 38.4994], [-76.1563, 38.4996], [-76.1564, 38.4999], [-76.1562, 38.5003], [-76.1558, 38.5006], [-76.1556, 38.5006], [-76.1562, 38.5007], [-76.1566, 38.5008], [-76.1566, 38.5011], [-76.1566, 38.5015], [-76.1569, 38.5015], [-76.1571, 38.5018], [-76.157, 38.5022], [-76.1574, 38.5018], [-76.1577, 38.5018], [-76.1583, 38.5019], [-76.1586, 38.5023], [-76.1589, 38.5024], [-76.1593, 38.5023], [-76.1596, 38.5022], [-76.1597, 38.5026], [-76.1598, 38.5029], [-76.1601, 38.5029], [-76.1605, 38.5034], [-76.1608, 38.5036], [-76.1612, 38.5036], [-76.1614, 38.5037], [-76.1613, 38.504], [-76.1612, 38.5042], [-76.1611, 38.5046], [-76.1619, 38.5053], [-76.1623, 38.5054], [-76.1624, 38.5053], [-76.1628, 38.5057], [-76.1627, 38.5061], [-76.1624, 38.5065], [-76.1624, 38.5067], [-76.1629, 38.506], [-76.1631, 38.506], [-76.1635, 38.5061], [-76.1638, 38.5059], [-76.1642, 38.5057], [-76.1648, 38.5058], [-76.1651, 38.5058], [-76.1652, 38.5061], [-76.1651, 38.5064], [-76.165, 38.5067], [-76.1653, 38.5067], [-76.1654, 38.5065], [-76.1655, 38.5064], [-76.1657, 38.5063], [-76.166, 38.5059], [-76.1662, 38.5059], [-76.1663, 38.506], [-76.1665, 38.5063], [-76.1667, 38.5064], [-76.1671, 38.5063], [-76.1671, 38.5059], [-76.1674, 38.5059], [-76.168, 38.5061], [-76.1687, 38.5063], [-76.1693, 38.5072], [-76.1695, 38.5073], [-76.1698, 38.5072], [-76.1701, 38.5071], [-76.1703, 38.5071], [-76.1705, 38.5075], [-76.1707, 38.5077], [-76.1711, 38.5077], [-76.1717, 38.5073], [-76.172, 38.5073], [-76.1726, 38.5077], [-76.1728, 38.5079], [-76.1727, 38.5083], [-76.1725, 38.5085], [-76.1724, 38.5087], [-76.1726, 38.5087], [-76.173, 38.5086], [-76.1731, 38.5089], [-76.1732, 38.509], [-76.1738, 38.5089], [-76.1741, 38.5089], [-76.1745, 38.5098], [-76.1752, 38.5101], [-76.1755, 38.5103], [-76.1752, 38.5105], [-76.175, 38.511], [-76.1749, 38.5117], [-76.1757, 38.512], [-76.1758, 38.5124], [-76.1757, 38.5135], [-76.176, 38.5139], [-76.176, 38.5141], [-76.1755, 38.5143], [-76.1747, 38.5139], [-76.1744, 38.5138], [-76.1739, 38.514], [-76.1738, 38.5143], [-76.1739, 38.5144], [-76.1744, 38.5145], [-76.1743, 38.5148], [-76.1741, 38.515], [-76.174, 38.5149], [-76.1739, 38.5147], [-76.1734, 38.5145], [-76.173, 38.5146], [-76.1728, 38.5148], [-76.1729, 38.515], [-76.1734, 38.5153], [-76.1737, 38.5157], [-76.1743, 38.5159], [-76.1746, 38.5159], [-76.1754, 38.5158], [-76.1762, 38.516], [-76.1761, 38.5163], [-76.1754, 38.5169], [-76.1748, 38.5177], [-76.175, 38.5182], [-76.1749, 38.5185], [-76.1744, 38.5187], [-76.1742, 38.5188], [-76.1732, 38.5193], [-76.1731, 38.5192], [-76.1731, 38.519], [-76.1726, 38.5187], [-76.1722, 38.5187], [-76.1719, 38.5186], [-76.1717, 38.5185], [-76.1714, 38.5185], [-76.1712, 38.5187], [-76.1708, 38.5186], [-76.1709, 38.5188], [-76.1709, 38.519], [-76.1709, 38.5191], [-76.1709, 38.5193], [-76.1712, 38.5195], [-76.1716, 38.5196], [-76.1712, 38.5202], [-76.1706, 38.5206], [-76.1704, 38.5206], [-76.1699, 38.5206], [-76.1696, 38.5208], [-76.1694, 38.5208], [-76.1692, 38.5209], [-76.169, 38.5211], [-76.1686, 38.521], [-76.1683, 38.5213], [-76.168, 38.5212], [-76.1678, 38.5215], [-76.1675, 38.5217], [-76.1675, 38.522], [-76.1676, 38.5222], [-76.1676, 38.5224], [-76.1677, 38.5225], [-76.1678, 38.5227], [-76.168, 38.5229], [-76.1683, 38.5231], [-76.1686, 38.5231], [-76.1687, 38.5233], [-76.1689, 38.5233], [-76.169, 38.5229], [-76.169, 38.5227], [-76.1692, 38.5225], [-76.1701, 38.5225], [-76.171, 38.5222], [-76.1714, 38.5222], [-76.1726, 38.5229], [-76.173, 38.523], [-76.1733, 38.5228], [-76.1734, 38.5225], [-76.1738, 38.5222], [-76.1741, 38.5224], [-76.1753, 38.5228], [-76.1756, 38.523], [-76.1767, 38.5244], [-76.1772, 38.5245], [-76.1775, 38.5245], [-76.1772, 38.525], [-76.1772, 38.5254], [-76.1774, 38.5256], [-76.1771, 38.526], [-76.1762, 38.5269], [-76.1759, 38.527], [-76.1755, 38.5277], [-76.1751, 38.5287], [-76.1745, 38.5299], [-76.1743, 38.53], [-76.174, 38.5297], [-76.1736, 38.5295], [-76.1728, 38.5295], [-76.1722, 38.5296], [-76.172, 38.5297], [-76.1717, 38.5296], [-76.1711, 38.5294], [-76.1707, 38.5294], [-76.1702, 38.5295], [-76.1698, 38.5293], [-76.1694, 38.5293], [-76.1691, 38.5295], [-76.1684, 38.5295], [-76.1677, 38.53], [-76.1672, 38.5305], [-76.167, 38.5302], [-76.1664, 38.53], [-76.166, 38.5298], [-76.166, 38.5296], [-76.1659, 38.5294], [-76.1651, 38.5294], [-76.1649, 38.5294], [-76.1647, 38.5295], [-76.1648, 38.5297], [-76.1639, 38.5303], [-76.1637, 38.5305], [-76.163, 38.5313], [-76.1626, 38.5317], [-76.1621, 38.5314], [-76.1617, 38.5313], [-76.1616, 38.5312], [-76.1613, 38.5313], [-76.1611, 38.5315], [-76.1604, 38.532], [-76.1601, 38.5322], [-76.1597, 38.5325], [-76.1596, 38.5322], [-76.1593, 38.5319], [-76.1589, 38.5317], [-76.1585, 38.5314], [-76.1586, 38.531], [-76.1589, 38.5306], [-76.159, 38.5302], [-76.159, 38.5295], [-76.1591, 38.5292], [-76.1593, 38.5289], [-76.1591, 38.5285], [-76.1591, 38.5282], [-76.1595, 38.528], [-76.1595, 38.5277], [-76.1591, 38.5277], [-76.1587, 38.5274], [-76.1582, 38.5272], [-76.1581, 38.527], [-76.1586, 38.5268], [-76.1589, 38.5268], [-76.1589, 38.5266], [-76.1588, 38.5264], [-76.1584, 38.5264], [-76.1582, 38.5262], [-76.1583, 38.5259], [-76.1587, 38.5257], [-76.1588, 38.5255], [-76.1585, 38.5254], [-76.1583, 38.5252], [-76.1582, 38.5249], [-76.1587, 38.5245], [-76.1588, 38.5243], [-76.1587, 38.5242], [-76.1579, 38.5245], [-76.1575, 38.5244], [-76.1575, 38.5242], [-76.1573, 38.5239], [-76.1573, 38.5237], [-76.157, 38.5235], [-76.1568, 38.5233], [-76.1565, 38.5231], [-76.1564, 38.523], [-76.1561, 38.5229], [-76.156, 38.5227], [-76.1561, 38.5222], [-76.1562, 38.522], [-76.1569, 38.5215], [-76.1562, 38.5208], [-76.1564, 38.5199], [-76.1562, 38.5202], [-76.1559, 38.5208], [-76.1564, 38.5213], [-76.1566, 38.5216], [-76.156, 38.5218], [-76.1556, 38.5226], [-76.1555, 38.523], [-76.1556, 38.5233], [-76.156, 38.5234], [-76.1565, 38.5238], [-76.1568, 38.5244], [-76.1566, 38.5246], [-76.1565, 38.5247], [-76.1566, 38.5249], [-76.1569, 38.5249], [-76.1571, 38.5252], [-76.1568, 38.5255], [-76.1568, 38.5257], [-76.1572, 38.5257], [-76.1572, 38.5262], [-76.1568, 38.5265], [-76.1567, 38.527], [-76.1568, 38.5273], [-76.1574, 38.5279], [-76.1578, 38.5281], [-76.1576, 38.5284], [-76.1577, 38.5287], [-76.1579, 38.5291], [-76.1578, 38.5294], [-76.1575, 38.5296], [-76.1563, 38.5294], [-76.1562, 38.5291], [-76.1561, 38.5288], [-76.1559, 38.5289], [-76.1558, 38.5291], [-76.1555, 38.5289], [-76.1551, 38.5289], [-76.155, 38.5291], [-76.1541, 38.5296], [-76.1534, 38.5299], [-76.1531, 38.5299], [-76.153, 38.5297], [-76.1525, 38.5295], [-76.1521, 38.5295], [-76.1513, 38.5298], [-76.151, 38.5297], [-76.1507, 38.5296], [-76.1505, 38.5293], [-76.1501, 38.5291], [-76.1492, 38.529], [-76.1489, 38.5291], [-76.1482, 38.5296], [-76.1473, 38.5306], [-76.1469, 38.5317], [-76.1467, 38.532], [-76.1464, 38.5321], [-76.1461, 38.5318], [-76.1463, 38.5316], [-76.1462, 38.5312], [-76.146, 38.5306], [-76.1457, 38.5303], [-76.1455, 38.53], [-76.1456, 38.5299], [-76.1461, 38.5297], [-76.1464, 38.5292], [-76.1464, 38.5291], [-76.1464, 38.5288], [-76.1457, 38.5278], [-76.1457, 38.5273], [-76.1457, 38.5268], [-76.1455, 38.5264], [-76.1457, 38.5263], [-76.1461, 38.5261], [-76.1456, 38.5255], [-76.1455, 38.5253], [-76.1456, 38.5248], [-76.1453, 38.5245], [-76.1452, 38.5244], [-76.1451, 38.5238], [-76.1454, 38.5236], [-76.1456, 38.5234], [-76.145, 38.5234], [-76.1446, 38.5236], [-76.1445, 38.5233], [-76.1446, 38.5229], [-76.1449, 38.5225], [-76.1448, 38.5223], [-76.1442, 38.5222], [-76.144, 38.5216], [-76.1439, 38.5215], [-76.143, 38.5212], [-76.1432, 38.5204], [-76.1433, 38.5202], [-76.1432, 38.5201], [-76.1428, 38.52], [-76.1426, 38.5198], [-76.1426, 38.5189], [-76.1424, 38.5187], [-76.1422, 38.5186], [-76.1419, 38.5187], [-76.1419, 38.5193], [-76.142, 38.5196], [-76.1418, 38.5199], [-76.1416, 38.5198], [-76.1412, 38.5199], [-76.1414, 38.52], [-76.1419, 38.5203], [-76.1424, 38.5206], [-76.1424, 38.5209], [-76.1421, 38.5209], [-76.1418, 38.521], [-76.1419, 38.5212], [-76.1423, 38.5215], [-76.1421, 38.5218], [-76.1419, 38.5219], [-76.1425, 38.522], [-76.1431, 38.5222], [-76.1432, 38.5224], [-76.1432, 38.5227], [-76.1436, 38.5228], [-76.1438, 38.5232], [-76.1432, 38.5235], [-76.1431, 38.5236], [-76.1432, 38.524], [-76.1433, 38.5243], [-76.1432, 38.5245], [-76.1434, 38.5247], [-76.1435, 38.525], [-76.1441, 38.5251], [-76.1442, 38.5253], [-76.1443, 38.5261], [-76.1441, 38.5265], [-76.1428, 38.5274], [-76.1415, 38.5286], [-76.1409, 38.5293], [-76.1406, 38.5292], [-76.1404, 38.5292], [-76.1396, 38.529], [-76.1391, 38.5286], [-76.139, 38.5282], [-76.1392, 38.5279], [-76.1393, 38.5276], [-76.1393, 38.5274], [-76.1391, 38.5273], [-76.1391, 38.5275], [-76.1388, 38.5277], [-76.1385, 38.5281], [-76.1377, 38.5284], [-76.1371, 38.5284], [-76.1368, 38.5285], [-76.1366, 38.5288], [-76.1362, 38.5291], [-76.136, 38.529], [-76.1358, 38.5287], [-76.1356, 38.5283], [-76.1355, 38.5281], [-76.1353, 38.528], [-76.1352, 38.5278], [-76.1349, 38.5277], [-76.1349, 38.5275], [-76.1347, 38.5276], [-76.1344, 38.5276], [-76.1339, 38.528], [-76.1337, 38.528], [-76.1334, 38.5279], [-76.1332, 38.5278], [-76.133, 38.5277], [-76.1325, 38.5276], [-76.1321, 38.5275], [-76.1317, 38.5277], [-76.1312, 38.5281], [-76.131, 38.5281], [-76.1309, 38.5278], [-76.1308, 38.5275], [-76.1308, 38.5272], [-76.1304, 38.5269], [-76.1299, 38.5266], [-76.1296, 38.5265], [-76.1296, 38.5263], [-76.1299, 38.5259], [-76.13, 38.5255], [-76.1302, 38.5254], [-76.1304, 38.525], [-76.1303, 38.5248], [-76.13, 38.5248], [-76.13, 38.525], [-76.1298, 38.5251], [-76.1296, 38.5253], [-76.1294, 38.5255], [-76.1294, 38.5257], [-76.1292, 38.5259], [-76.1289, 38.526], [-76.1289, 38.5261], [-76.1288, 38.5263], [-76.1286, 38.5266], [-76.1286, 38.5267], [-76.128, 38.5268], [-76.1277, 38.527], [-76.1275, 38.5269], [-76.1272, 38.5269], [-76.1269, 38.5271], [-76.1266, 38.527], [-76.1264, 38.5269], [-76.1263, 38.527], [-76.126, 38.5271], [-76.1255, 38.5273], [-76.1253, 38.5274], [-76.1251, 38.5274], [-76.1247, 38.5272], [-76.1243, 38.5272], [-76.124, 38.5273], [-76.1239, 38.5276], [-76.1239, 38.5279], [-76.1236, 38.528], [-76.123, 38.5281], [-76.1228, 38.5282], [-76.1228, 38.5285], [-76.1228, 38.5288], [-76.1227, 38.5288], [-76.1226, 38.5287], [-76.1225, 38.5287], [-76.1223, 38.5288], [-76.1222, 38.5291], [-76.122, 38.5291], [-76.1219, 38.529], [-76.122, 38.5289], [-76.122, 38.5287], [-76.1216, 38.5285], [-76.1214, 38.5285], [-76.1213, 38.5289], [-76.1211, 38.529], [-76.1207, 38.5288], [-76.1205, 38.5289], [-76.1205, 38.5292], [-76.1207, 38.5295], [-76.1206, 38.5299], [-76.1202, 38.5305], [-76.1146, 38.5289], [-76.1136, 38.5297], [-76.1126, 38.531], [-76.1119, 38.5322], [-76.1115, 38.5338], [-76.1038, 38.5314], [-76.0968, 38.53], [-76.0994, 38.5229], [-76.0928, 38.5197], [-76.0924, 38.5192], [-76.0927, 38.5187], [-76.093, 38.5186], [-76.0932, 38.5184], [-76.0937, 38.5174], [-76.094, 38.5167], [-76.0941, 38.5164], [-76.0942, 38.5162], [-76.0944, 38.5157], [-76.0946, 38.5152], [-76.0946, 38.5146], [-76.0942, 38.514], [-76.0939, 38.5137], [-76.093, 38.513], [-76.0927, 38.5128], [-76.0928, 38.5126], [-76.0927, 38.5124], [-76.0926, 38.5123], [-76.0927, 38.5123], [-76.0929, 38.5123], [-76.093, 38.5121], [-76.093, 38.5113], [-76.0931, 38.5109], [-76.0935, 38.5106], [-76.0938, 38.5105], [-76.0943, 38.5105], [-76.0945, 38.5106], [-76.0949, 38.5108], [-76.0964, 38.5116], [-76.0973, 38.5121], [-76.0977, 38.512], [-76.0981, 38.5118], [-76.0987, 38.511], [-76.099, 38.5104], [-76.0991, 38.5099], [-76.0993, 38.5094], [-76.0992, 38.509], [-76.099, 38.5087], [-76.0988, 38.5085], [-76.0981, 38.5085], [-76.0966, 38.5086], [-76.0957, 38.5088], [-76.0952, 38.5087], [-76.0946, 38.5085], [-76.0938, 38.5081], [-76.0935, 38.5079], [-76.093, 38.5074], [-76.0931, 38.5069], [-76.0932, 38.5062], [-76.0928, 38.5058], [-76.0926, 38.5056], [-76.0928, 38.5051], [-76.0933, 38.5048], [-76.0938, 38.504], [-76.094, 38.5037], [-76.094, 38.5031], [-76.0939, 38.5024], [-76.0941, 38.502], [-76.0949, 38.5013], [-76.0958, 38.501], [-76.0966, 38.5007], [-76.0963, 38.5004], [-76.0961, 38.5004], [-76.0957, 38.5004], [-76.0952, 38.5004], [-76.0946, 38.5001], [-76.0944, 38.4999], [-76.0942, 38.4996], [-76.0941, 38.4994], [-76.094, 38.499], [-76.0942, 38.4986], [-76.0944, 38.498], [-76.0946, 38.4977], [-76.0946, 38.497], [-76.0945, 38.4964], [-76.0947, 38.4962], [-76.0948, 38.4958], [-76.0952, 38.4952], [-76.0954, 38.4948], [-76.0958, 38.4943], [-76.0955, 38.4939], [-76.0955, 38.4936], [-76.0957, 38.4933], [-76.0957, 38.4928], [-76.0958, 38.4924], [-76.096, 38.4922], [-76.0962, 38.4919], [-76.0973, 38.4915], [-76.0966, 38.4906], [-76.0949, 38.4901], [-76.0946, 38.4901], [-76.0944, 38.49], [-76.0941, 38.4898], [-76.0925, 38.4894], [-76.0909, 38.4883], [-76.0911, 38.4863], [-76.0912, 38.4849], [-76.0905, 38.4842], [-76.0885, 38.4837], [-76.0874, 38.482], [-76.0867, 38.4796], [-76.0878, 38.4784], [-76.0903, 38.4778], [-76.0907, 38.477], [-76.0883, 38.476], [-76.086, 38.476], [-76.0838, 38.4755], [-76.0815, 38.4727], [-76.0814, 38.4712], [-76.0837, 38.4711], [-76.0864, 38.4712], [-76.0883, 38.4688], [-76.0884, 38.4683], [-76.0885, 38.468], [-76.0884, 38.4669], [-76.0858, 38.465], [-76.0832, 38.4629], [-76.0839, 38.4616], [-76.0891, 38.4596], [-76.0887, 38.4578], [-76.087, 38.4573], [-76.0848, 38.4574], [-76.0833, 38.4553], [-76.0832, 38.4536], [-76.0854, 38.4538], [-76.0867, 38.4527], [-76.0835, 38.4508], [-76.0817, 38.4491], [-76.0831, 38.447], [-76.0882, 38.4461], [-76.0895, 38.4442], [-76.0901, 38.4426], [-76.0874, 38.4414], [-76.0862, 38.4408], [-76.0855, 38.4399], [-76.085, 38.4382], [-76.0871, 38.4368], [-76.0884, 38.4355], [-76.089, 38.4326], [-76.0886, 38.4287], [-76.0882, 38.4242], [-76.0896, 38.4181], [-76.0901, 38.4164], [-76.0944, 38.4196], [-76.0972, 38.4213], [-76.0999, 38.4216], [-76.1054, 38.4225], [-76.112, 38.4243], [-76.116, 38.426], [-76.12, 38.4273], [-76.1247, 38.4289], [-76.1288, 38.4293], [-76.135, 38.4303], [-76.1408, 38.4323], [-76.1434, 38.4351], [-76.1446, 38.4371], [-76.1463, 38.438], [-76.148, 38.4365], [-76.1491, 38.4358], [-76.1502, 38.4351], [-76.151, 38.4347], [-76.1522, 38.4345], [-76.1531, 38.434], [-76.1538, 38.4337], [-76.1574, 38.4326], [-76.159, 38.432], [-76.1603, 38.4313], [-76.1615, 38.4308], [-76.1626, 38.4306], [-76.1663, 38.4304], [-76.1674, 38.4302], [-76.1681, 38.4299], [-76.1701, 38.4281], [-76.1726, 38.4259], [-76.1731, 38.4257], [-76.1744, 38.4253], [-76.1747, 38.4251], [-76.1766, 38.4217], [-76.1776, 38.4202], [-76.1786, 38.4191], [-76.1819, 38.4161], [-76.1836, 38.4145], [-76.1842, 38.4139], [-76.1844, 38.4139], [-76.1876, 38.4162], [-76.1881, 38.4163], [-76.1886, 38.4162], [-76.1963, 38.4142], [-76.2015, 38.4128], [-76.2037, 38.4121], [-76.2059, 38.4111], [-76.208, 38.4102], [-76.2089, 38.4095], [-76.2098, 38.408], [-76.2102, 38.4075], [-76.2108, 38.4071], [-76.2151, 38.4054], [-76.2179, 38.4043], [-76.2194, 38.4043], [-76.2209, 38.4042], [-76.222, 38.4038], [-76.2234, 38.4033], [-76.2245, 38.4031], [-76.2256, 38.403], [-76.2274, 38.4031], [-76.2297, 38.4028], [-76.2293, 38.4022], [-76.2291, 38.4006], [-76.2288, 38.3998], [-76.2288, 38.399], [-76.2278, 38.3976], [-76.2262, 38.3973], [-76.2245, 38.3972], [-76.2248, 38.3969], [-76.2248, 38.3965], [-76.2242, 38.3959], [-76.2239, 38.3954], [-76.2241, 38.3953], [-76.2248, 38.3952], [-76.2249, 38.3951], [-76.2249, 38.395], [-76.2251, 38.3951], [-76.2253, 38.3952], [-76.2256, 38.3951], [-76.2258, 38.3951], [-76.226, 38.3951], [-76.2265, 38.3951], [-76.2268, 38.3951], [-76.2271, 38.395], [-76.2274, 38.3949], [-76.2277, 38.3948], [-76.2277, 38.3945], [-76.228, 38.3945], [-76.2281, 38.3944], [-76.2286, 38.3944], [-76.2287, 38.3942], [-76.229, 38.394], [-76.2292, 38.394], [-76.2296, 38.3948], [-76.2309, 38.3961], [-76.2318, 38.397], [-76.2326, 38.3973], [-76.2357, 38.3982], [-76.2381, 38.3989], [-76.2388, 38.3988], [-76.2392, 38.399], [-76.239, 38.3994], [-76.2389, 38.3996], [-76.2387, 38.3997], [-76.2389, 38.3998], [-76.2396, 38.3997], [-76.24, 38.3995], [-76.2403, 38.3996], [-76.2406, 38.4004], [-76.2408, 38.4007], [-76.2411, 38.4009], [-76.2409, 38.4012], [-76.241, 38.4015], [-76.2414, 38.4016], [-76.2421, 38.4015], [-76.2428, 38.4016], [-76.2432, 38.4018], [-76.2431, 38.4026], [-76.2432, 38.4028], [-76.243, 38.4031], [-76.2428, 38.4034], [-76.243, 38.4036], [-76.2435, 38.4037], [-76.2437, 38.4036], [-76.2432, 38.4035], [-76.2433, 38.4031], [-76.2437, 38.4024], [-76.2446, 38.4019], [-76.2449, 38.4021], [-76.2451, 38.4026], [-76.2448, 38.4031], [-76.2451, 38.4037], [-76.2449, 38.4041], [-76.2451, 38.4045], [-76.2453, 38.4048], [-76.2458, 38.4049], [-76.2457, 38.4047], [-76.2451, 38.4042], [-76.2452, 38.404], [-76.2456, 38.4038], [-76.2458, 38.4035], [-76.246, 38.4023], [-76.2459, 38.4018], [-76.2445, 38.4013], [-76.2428, 38.4008], [-76.2425, 38.4009], [-76.242, 38.4006], [-76.2415, 38.3998], [-76.2413, 38.3994], [-76.2407, 38.399], [-76.2409, 38.3987], [-76.2408, 38.3984], [-76.2404, 38.398], [-76.2408, 38.3977], [-76.2422, 38.397], [-76.2426, 38.3973], [-76.2427, 38.3976], [-76.2429, 38.398], [-76.2432, 38.3982], [-76.2441, 38.3984], [-76.2446, 38.3983], [-76.2452, 38.3987], [-76.2458, 38.399], [-76.2461, 38.399], [-76.2463, 38.3987], [-76.2469, 38.3989], [-76.2476, 38.3992], [-76.2479, 38.3989], [-76.2477, 38.3987], [-76.2474, 38.3986], [-76.2477, 38.3984], [-76.2479, 38.3987], [-76.2481, 38.3989], [-76.2483, 38.399], [-76.2484, 38.3986], [-76.2484, 38.3985], [-76.2486, 38.3985], [-76.2488, 38.3989], [-76.2488, 38.3992], [-76.2482, 38.3993], [-76.2479, 38.3994], [-76.2477, 38.3995], [-76.2479, 38.3997], [-76.2482, 38.3999], [-76.2486, 38.4], [-76.2489, 38.4], [-76.2491, 38.3999], [-76.2492, 38.4], [-76.2492, 38.4002], [-76.2494, 38.4002], [-76.2498, 38.4002], [-76.2502, 38.4002], [-76.2506, 38.3998], [-76.2507, 38.3996], [-76.2507, 38.3993], [-76.2508, 38.3993], [-76.251, 38.3995], [-76.2508, 38.3997], [-76.251, 38.3999], [-76.2511, 38.3997], [-76.2515, 38.3997], [-76.2523, 38.3997], [-76.2528, 38.3994], [-76.2532, 38.3996], [-76.2534, 38.3999], [-76.2536, 38.3999], [-76.2538, 38.4], [-76.2541, 38.3999], [-76.254, 38.3997], [-76.2538, 38.3996], [-76.2538, 38.3994], [-76.2533, 38.3993], [-76.2533, 38.399], [-76.2533, 38.3988], [-76.2535, 38.3986], [-76.2537, 38.3985], [-76.254, 38.3988], [-76.2542, 38.3994], [-76.2549, 38.3999], [-76.2566, 38.3999], [-76.257, 38.4001], [-76.2563, 38.4003], [-76.256, 38.4005], [-76.2562, 38.4009], [-76.2558, 38.4011], [-76.2559, 38.4013], [-76.2559, 38.4018], [-76.2554, 38.4024], [-76.2552, 38.4021], [-76.2551, 38.4018], [-76.2547, 38.402], [-76.2547, 38.4016], [-76.2539, 38.4008], [-76.253, 38.4004], [-76.2527, 38.4004], [-76.2527, 38.4007], [-76.2531, 38.401], [-76.2537, 38.4014], [-76.254, 38.4016], [-76.2543, 38.4017], [-76.2541, 38.4021], [-76.2543, 38.4023], [-76.2546, 38.4025], [-76.2552, 38.4031], [-76.2556, 38.4033], [-76.2554, 38.4031], [-76.2551, 38.4026], [-76.2555, 38.4025], [-76.2559, 38.4024], [-76.2564, 38.4025], [-76.2575, 38.4025], [-76.2574, 38.4022], [-76.2567, 38.4017], [-76.2568, 38.4014], [-76.2565, 38.4013], [-76.2564, 38.4015], [-76.2562, 38.4015], [-76.2564, 38.4011], [-76.2567, 38.4011], [-76.2568, 38.401], [-76.2565, 38.4006], [-76.2571, 38.4007], [-76.2576, 38.4009], [-76.2588, 38.4009], [-76.2595, 38.4013], [-76.2607, 38.4025], [-76.2608, 38.403], [-76.2607, 38.4033], [-76.2599, 38.4033], [-76.2595, 38.4032], [-76.2587, 38.4035], [-76.2584, 38.4039], [-76.2584, 38.4044], [-76.2588, 38.4051], [-76.2588, 38.4054], [-76.2574, 38.4062], [-76.2566, 38.4064], [-76.2561, 38.4063], [-76.2551, 38.4064], [-76.2543, 38.4068], [-76.2542, 38.4073], [-76.2543, 38.4077], [-76.2541, 38.4085], [-76.2539, 38.4093], [-76.2541, 38.41], [-76.2542, 38.4103], [-76.2539, 38.4107], [-76.2535, 38.4113], [-76.2537, 38.4114], [-76.254, 38.4118], [-76.2536, 38.4121], [-76.2538, 38.4127], [-76.2541, 38.4134], [-76.2547, 38.4137], [-76.2552, 38.4142], [-76.2554, 38.4148], [-76.2555, 38.4152], [-76.2554, 38.4155], [-76.2555, 38.4158], [-76.2553, 38.4161], [-76.2552, 38.4163], [-76.2551, 38.4167], [-76.2547, 38.417], [-76.2545, 38.417], [-76.2543, 38.4167], [-76.254, 38.4171], [-76.2538, 38.4175], [-76.2531, 38.4172], [-76.2529, 38.4173], [-76.2525, 38.4176], [-76.2523, 38.4177], [-76.2524, 38.418], [-76.2523, 38.4184], [-76.2524, 38.419], [-76.2522, 38.419], [-76.2519, 38.419], [-76.252, 38.4188], [-76.252, 38.4185], [-76.252, 38.4181], [-76.2518, 38.4177], [-76.2517, 38.4175], [-76.2515, 38.4174], [-76.2512, 38.4174], [-76.2509, 38.4175], [-76.2507, 38.4174], [-76.2506, 38.4172], [-76.2505, 38.4169], [-76.2507, 38.4166], [-76.251, 38.4162], [-76.2511, 38.4156], [-76.2512, 38.4154], [-76.2512, 38.415], [-76.251, 38.4148], [-76.251, 38.4146], [-76.251, 38.4144], [-76.2505, 38.4142], [-76.2503, 38.4141], [-76.25, 38.4141], [-76.2499, 38.4138], [-76.2498, 38.4135], [-76.2496, 38.4133], [-76.2493, 38.4134], [-76.2491, 38.4136], [-76.2488, 38.4135], [-76.2485, 38.4136], [-76.2482, 38.4136], [-76.248, 38.4135], [-76.2474, 38.4135], [-76.247, 38.4133], [-76.247, 38.413], [-76.2468, 38.4128], [-76.2466, 38.4129], [-76.2464, 38.4127], [-76.2462, 38.4126], [-76.246, 38.4125], [-76.2458, 38.4126], [-76.2458, 38.4129], [-76.2464, 38.4135], [-76.2466, 38.4136], [-76.2466, 38.4138], [-76.2478, 38.4143], [-76.2481, 38.4144], [-76.2483, 38.4146], [-76.249, 38.4147], [-76.2491, 38.4148], [-76.2492, 38.415], [-76.2496, 38.4152], [-76.2499, 38.4157], [-76.2501, 38.4159], [-76.2503, 38.416], [-76.2505, 38.4162], [-76.2503, 38.4164], [-76.2496, 38.4165], [-76.2495, 38.4164], [-76.2493, 38.4163], [-76.249, 38.4161], [-76.2488, 38.4161], [-76.2489, 38.4164], [-76.249, 38.4165], [-76.2492, 38.4167], [-76.2494, 38.4168], [-76.2496, 38.417], [-76.2498, 38.4172], [-76.2499, 38.4174], [-76.2497, 38.4175], [-76.2496, 38.4176], [-76.2495, 38.4176], [-76.2493, 38.4176], [-76.249, 38.4176], [-76.2488, 38.4175], [-76.2486, 38.4175], [-76.2486, 38.4172], [-76.2488, 38.4171], [-76.2485, 38.4169], [-76.2483, 38.4167], [-76.2482, 38.4165], [-76.2479, 38.4162], [-76.2477, 38.4161], [-76.2475, 38.4159], [-76.2472, 38.4158], [-76.247, 38.4158], [-76.2473, 38.4162], [-76.2475, 38.4164], [-76.2476, 38.4165], [-76.2477, 38.4167], [-76.2481, 38.417], [-76.2483, 38.4173], [-76.2485, 38.4177], [-76.2489, 38.4178], [-76.2488, 38.418], [-76.249, 38.418], [-76.2493, 38.4179], [-76.2499, 38.4178], [-76.2501, 38.4178], [-76.2503, 38.4179], [-76.2504, 38.418], [-76.2507, 38.418], [-76.2508, 38.4181], [-76.2508, 38.4183], [-76.251, 38.4185], [-76.2508, 38.4187], [-76.2506, 38.4189], [-76.2505, 38.4191], [-76.2506, 38.4193], [-76.2505, 38.4195], [-76.2504, 38.4196], [-76.2504, 38.4197], [-76.2502, 38.4197], [-76.2501, 38.4198], [-76.2502, 38.42], [-76.2499, 38.42], [-76.2496, 38.4202], [-76.2495, 38.4205], [-76.2495, 38.4206], [-76.2492, 38.4208], [-76.249, 38.421], [-76.2489, 38.421], [-76.2487, 38.4207], [-76.2485, 38.4205], [-76.2481, 38.4204], [-76.2478, 38.4205], [-76.2476, 38.4209], [-76.2472, 38.421], [-76.2469, 38.4206], [-76.2465, 38.4206], [-76.2463, 38.4205], [-76.2462, 38.4204], [-76.246, 38.4203], [-76.2459, 38.4204], [-76.2462, 38.4207], [-76.2462, 38.4211], [-76.2462, 38.4213], [-76.2466, 38.4217], [-76.2466, 38.4219], [-76.2467, 38.4222], [-76.247, 38.4224], [-76.2473, 38.4225], [-76.2475, 38.4226], [-76.2475, 38.4228], [-76.2473, 38.4227], [-76.247, 38.4229], [-76.2471, 38.4231], [-76.2469, 38.4233], [-76.2468, 38.4235], [-76.247, 38.4237], [-76.2469, 38.4238], [-76.2466, 38.4238], [-76.2465, 38.424], [-76.2465, 38.4242], [-76.2463, 38.4246], [-76.2458, 38.4246], [-76.2453, 38.4248], [-76.2448, 38.4255], [-76.2445, 38.4258], [-76.2448, 38.4264], [-76.245, 38.4267], [-76.2447, 38.427], [-76.2443, 38.4275], [-76.2442, 38.428], [-76.2444, 38.4284], [-76.244, 38.4291], [-76.2437, 38.4296], [-76.244, 38.43], [-76.2445, 38.4303], [-76.2446, 38.4301], [-76.2446, 38.4299], [-76.2447, 38.4296], [-76.2448, 38.4294], [-76.2455, 38.4295], [-76.2457, 38.4297], [-76.2454, 38.4297], [-76.2451, 38.4299], [-76.2452, 38.4302], [-76.2456, 38.4305], [-76.2456, 38.4308], [-76.2451, 38.4312], [-76.2449, 38.431], [-76.2446, 38.4309], [-76.2442, 38.4309], [-76.2439, 38.4308], [-76.2436, 38.4305], [-76.2433, 38.4304], [-76.2431, 38.4301], [-76.2426, 38.4297], [-76.2419, 38.4293], [-76.2415, 38.429], [-76.241, 38.4289], [-76.2404, 38.4288], [-76.2397, 38.4288], [-76.2393, 38.4286], [-76.239, 38.4287], [-76.2384, 38.4288], [-76.2382, 38.4286], [-76.238, 38.428], [-76.2377, 38.4277], [-76.2373, 38.4276], [-76.2371, 38.4275], [-76.2371, 38.4273], [-76.2374, 38.4271], [-76.2374, 38.4269], [-76.2372, 38.4264], [-76.2371, 38.4264], [-76.2368, 38.4266], [-76.2365, 38.4267], [-76.2362, 38.4267], [-76.2362, 38.4262], [-76.236, 38.4262], [-76.2357, 38.4265], [-76.2353, 38.4265], [-76.235, 38.4263], [-76.2351, 38.4256], [-76.2351, 38.4251], [-76.2349, 38.4248], [-76.2344, 38.4246], [-76.2341, 38.4249], [-76.2341, 38.4252], [-76.2341, 38.4256], [-76.2337, 38.4259], [-76.233, 38.4265], [-76.2327, 38.4265], [-76.2322, 38.4261], [-76.2315, 38.4258], [-76.2311, 38.4254], [-76.2307, 38.4252], [-76.2307, 38.4248], [-76.2309, 38.4247], [-76.2311, 38.4246], [-76.2311, 38.424], [-76.2309, 38.4237], [-76.2306, 38.4237], [-76.2304, 38.4238], [-76.2299, 38.4242], [-76.2293, 38.4243], [-76.2292, 38.4245], [-76.2293, 38.4248], [-76.2293, 38.4251], [-76.2294, 38.4254], [-76.2294, 38.4255], [-76.229, 38.4255], [-76.2287, 38.4254], [-76.2283, 38.4255], [-76.2278, 38.4253], [-76.2275, 38.4254], [-76.2272, 38.4254], [-76.227, 38.4253], [-76.2267, 38.4253], [-76.2261, 38.425], [-76.2258, 38.425], [-76.2254, 38.4252], [-76.2249, 38.4252], [-76.2246, 38.4254], [-76.2241, 38.4254], [-76.2237, 38.4251], [-76.2235, 38.4251], [-76.2229, 38.4253], [-76.2221, 38.4251], [-76.2217, 38.4252], [-76.2204, 38.4249], [-76.2202, 38.4247], [-76.2203, 38.4246], [-76.2201, 38.4246], [-76.2199, 38.4246], [-76.2193, 38.4243], [-76.2194, 38.424], [-76.2198, 38.4237], [-76.2199, 38.4236], [-76.2201, 38.4234], [-76.2198, 38.4233], [-76.2193, 38.4234], [-76.2193, 38.4231], [-76.2192, 38.423], [-76.2188, 38.4229], [-76.2188, 38.4227], [-76.2185, 38.4227], [-76.2182, 38.4227], [-76.2181, 38.4228], [-76.2183, 38.4226], [-76.2182, 38.4224], [-76.2183, 38.4224], [-76.2184, 38.4222], [-76.2185, 38.422], [-76.2183, 38.422], [-76.218, 38.422], [-76.218, 38.4219], [-76.2181, 38.4217], [-76.2179, 38.4215], [-76.2177, 38.4216], [-76.2176, 38.4215], [-76.2177, 38.4213], [-76.2175, 38.4213], [-76.2173, 38.4212], [-76.2173, 38.421], [-76.2173, 38.4208], [-76.217, 38.4209], [-76.2159, 38.4205], [-76.2156, 38.4206], [-76.2157, 38.4212], [-76.2149, 38.423], [-76.2157, 38.4244], [-76.217, 38.4249], [-76.2172, 38.4256], [-76.2177, 38.4262], [-76.2188, 38.4267], [-76.2195, 38.427], [-76.2204, 38.4272], [-76.2213, 38.4272], [-76.2218, 38.4281], [-76.2235, 38.4276], [-76.2234, 38.4286], [-76.2245, 38.4282], [-76.2261, 38.4277], [-76.2273, 38.428], [-76.2283, 38.4279], [-76.2291, 38.428], [-76.2304, 38.4279], [-76.2307, 38.4286], [-76.2314, 38.429], [-76.2322, 38.4289], [-76.2329, 38.4281], [-76.2339, 38.4284], [-76.2345, 38.429], [-76.2358, 38.4295], [-76.2356, 38.4301], [-76.2366, 38.4297], [-76.2376, 38.4294], [-76.2375, 38.4296], [-76.2373, 38.4298], [-76.237, 38.4302], [-76.2362, 38.4307], [-76.2364, 38.4309], [-76.2369, 38.4311], [-76.2373, 38.431], [-76.238, 38.4304], [-76.2383, 38.4303], [-76.2385, 38.4304], [-76.2386, 38.4305], [-76.239, 38.4305], [-76.2397, 38.4309], [-76.2399, 38.4312], [-76.2401, 38.4314], [-76.241, 38.4315], [-76.2418, 38.4319], [-76.242, 38.4322], [-76.242, 38.4326], [-76.2423, 38.433], [-76.2427, 38.433], [-76.2431, 38.4329], [-76.2432, 38.4331], [-76.2434, 38.4332], [-76.2438, 38.4335], [-76.2439, 38.4338], [-76.2439, 38.4343], [-76.2443, 38.4348], [-76.2446, 38.435], [-76.2451, 38.4346], [-76.2455, 38.4345], [-76.2458, 38.4347], [-76.2465, 38.4356], [-76.2467, 38.436], [-76.2465, 38.4366], [-76.2456, 38.4365], [-76.2455, 38.4362], [-76.2455, 38.4359], [-76.2452, 38.4358], [-76.2448, 38.4352], [-76.2444, 38.4353], [-76.2439, 38.4354], [-76.2435, 38.4355], [-76.2431, 38.4354], [-76.2428, 38.4354], [-76.2426, 38.4355], [-76.2429, 38.4361], [-76.2426, 38.4363], [-76.2422, 38.4361], [-76.2413, 38.4356], [-76.2404, 38.4352], [-76.2402, 38.4353], [-76.2398, 38.4361], [-76.2397, 38.4364], [-76.2407, 38.4364], [-76.2411, 38.4368], [-76.2415, 38.4369], [-76.2421, 38.437], [-76.2427, 38.4368], [-76.2432, 38.437], [-76.2436, 38.4372], [-76.2439, 38.4371], [-76.2444, 38.4369], [-76.2447, 38.4369], [-76.2447, 38.4366], [-76.2444, 38.4362], [-76.2447, 38.4363], [-76.2451, 38.4363], [-76.2453, 38.4367], [-76.2462, 38.4369], [-76.2453, 38.4373], [-76.2446, 38.4377], [-76.2447, 38.4386], [-76.2461, 38.4389], [-76.247, 38.4385], [-76.2475, 38.4384], [-76.2476, 38.4385], [-76.2474, 38.4389], [-76.247, 38.4398], [-76.2467, 38.4403], [-76.2462, 38.4409], [-76.2448, 38.4417], [-76.2444, 38.4416], [-76.244, 38.441], [-76.2448, 38.4406], [-76.2451, 38.4399], [-76.2449, 38.4397], [-76.2446, 38.4401], [-76.2438, 38.4407], [-76.2435, 38.4407], [-76.2431, 38.4401], [-76.2424, 38.4397], [-76.242, 38.4398], [-76.242, 38.4403], [-76.2422, 38.4409], [-76.2419, 38.4411], [-76.2401, 38.441], [-76.2396, 38.4408], [-76.2392, 38.4406], [-76.2387, 38.4408], [-76.2375, 38.4406], [-76.2373, 38.4407], [-76.2375, 38.4409], [-76.2394, 38.4413], [-76.2396, 38.4415], [-76.2396, 38.4418], [-76.2403, 38.4419], [-76.2408, 38.4419], [-76.2412, 38.4422], [-76.2418, 38.4425], [-76.2423, 38.4423], [-76.2423, 38.4425], [-76.242, 38.4428], [-76.2423, 38.443], [-76.2426, 38.4428], [-76.2428, 38.4424], [-76.2429, 38.442], [-76.244, 38.442], [-76.2445, 38.4424], [-76.2444, 38.4428], [-76.2444, 38.4433], [-76.2446, 38.4436], [-76.2442, 38.4438], [-76.2443, 38.444], [-76.2448, 38.444], [-76.2446, 38.4441], [-76.2443, 38.4442], [-76.2445, 38.4443], [-76.2442, 38.4446], [-76.2438, 38.4446], [-76.2437, 38.4447], [-76.2437, 38.4449], [-76.2434, 38.4449], [-76.243, 38.4449], [-76.2428, 38.445], [-76.243, 38.4452], [-76.2429, 38.4455], [-76.2422, 38.4457], [-76.2413, 38.4457], [-76.2411, 38.4457], [-76.2411, 38.4458], [-76.2412, 38.4459], [-76.2411, 38.446], [-76.2414, 38.446], [-76.2417, 38.4462], [-76.2417, 38.446], [-76.2423, 38.4459], [-76.2427, 38.4459], [-76.2429, 38.4459], [-76.2433, 38.4456], [-76.2437, 38.4456], [-76.2437, 38.4458], [-76.2439, 38.4457], [-76.2439, 38.4456], [-76.2445, 38.4454], [-76.2452, 38.4454], [-76.2451, 38.4456], [-76.2452, 38.4458], [-76.2455, 38.4459], [-76.2456, 38.4461], [-76.2458, 38.4461], [-76.2463, 38.4455], [-76.2466, 38.4454], [-76.2468, 38.4458], [-76.2472, 38.4458], [-76.2476, 38.4458], [-76.2478, 38.4459], [-76.2473, 38.4462], [-76.2467, 38.4463], [-76.2465, 38.4461], [-76.2464, 38.4463], [-76.2462, 38.4466], [-76.2464, 38.4468], [-76.2467, 38.4468], [-76.2469, 38.4467], [-76.2471, 38.4466], [-76.2474, 38.4467], [-76.2475, 38.4466], [-76.2478, 38.4461], [-76.2483, 38.446], [-76.2479, 38.4466], [-76.2479, 38.4474], [-76.248, 38.4482], [-76.2483, 38.4481], [-76.2486, 38.4482], [-76.249, 38.4484], [-76.2495, 38.4485], [-76.25, 38.4483], [-76.2502, 38.4484], [-76.2503, 38.4494], [-76.2507, 38.45], [-76.2512, 38.4501], [-76.2515, 38.4505], [-76.2521, 38.4506], [-76.2526, 38.4508], [-76.2527, 38.4512], [-76.2536, 38.4515], [-76.2533, 38.4517], [-76.2535, 38.4519], [-76.2535, 38.4522], [-76.2538, 38.4526], [-76.254, 38.4526], [-76.2542, 38.4522], [-76.254, 38.4519], [-76.254, 38.4517], [-76.2543, 38.4517], [-76.2549, 38.4521], [-76.2551, 38.4521], [-76.2551, 38.4517], [-76.2548, 38.4514], [-76.2551, 38.4511], [-76.2555, 38.4505], [-76.2557, 38.4506], [-76.2558, 38.4512], [-76.2559, 38.4516], [-76.2558, 38.4519], [-76.2561, 38.452], [-76.2565, 38.4523], [-76.2565, 38.452], [-76.2564, 38.4518], [-76.2562, 38.4518], [-76.2563, 38.4516], [-76.2565, 38.4516], [-76.2569, 38.452], [-76.2569, 38.4518], [-76.2569, 38.4515], [-76.2572, 38.4517], [-76.2573, 38.452], [-76.2576, 38.4521], [-76.2579, 38.4518], [-76.2581, 38.4518], [-76.2583, 38.4524], [-76.2582, 38.4528], [-76.2578, 38.4532], [-76.2577, 38.4535], [-76.2582, 38.4533], [-76.2586, 38.4533], [-76.2591, 38.4534], [-76.2593, 38.4529], [-76.259, 38.4527], [-76.2588, 38.4525], [-76.2592, 38.4523], [-76.2591, 38.4518], [-76.2588, 38.4513], [-76.259, 38.4511], [-76.2596, 38.4513], [-76.2601, 38.4518], [-76.2599, 38.4521], [-76.2604, 38.452], [-76.2606, 38.4518], [-76.2609, 38.4518], [-76.2609, 38.4515], [-76.2612, 38.4513], [-76.2614, 38.4511], [-76.2616, 38.4506], [-76.2616, 38.4501], [-76.2619, 38.4496], [-76.2622, 38.4495], [-76.2622, 38.45], [-76.2622, 38.4508], [-76.262, 38.4513], [-76.2621, 38.4515], [-76.2624, 38.4512], [-76.2626, 38.4512], [-76.2628, 38.4519], [-76.2635, 38.4528], [-76.2634, 38.453], [-76.2627, 38.4524], [-76.2622, 38.4523], [-76.2616, 38.4522], [-76.2612, 38.4523], [-76.261, 38.4525], [-76.2609, 38.4529], [-76.2611, 38.4534], [-76.2612, 38.4541], [-76.2607, 38.4539], [-76.2603, 38.4539], [-76.26, 38.4541], [-76.2598, 38.4545], [-76.2599, 38.4548], [-76.2605, 38.4551], [-76.2608, 38.4553], [-76.2615, 38.4554], [-76.2618, 38.4558], [-76.2619, 38.4561], [-76.2614, 38.4562], [-76.2611, 38.4564], [-76.2611, 38.4566], [-76.2615, 38.4566], [-76.2619, 38.4563], [-76.262, 38.4564], [-76.262, 38.4567], [-76.2623, 38.457], [-76.2627, 38.4579], [-76.2626, 38.4581], [-76.2623, 38.4583], [-76.2622, 38.4585], [-76.2627, 38.4589], [-76.2631, 38.4594], [-76.2635, 38.4601], [-76.264, 38.4601], [-76.2646, 38.4604], [-76.2651, 38.4611], [-76.2653, 38.4619], [-76.2663, 38.4624], [-76.2667, 38.4625], [-76.267, 38.4623], [-76.2673, 38.4621], [-76.2677, 38.4623], [-76.2679, 38.4621], [-76.2674, 38.462], [-76.2671, 38.462], [-76.2667, 38.4623], [-76.2658, 38.4617], [-76.2656, 38.4614], [-76.2655, 38.4605], [-76.2649, 38.4599], [-76.264, 38.4588], [-76.2637, 38.4579], [-76.2632, 38.456], [-76.2635, 38.4557], [-76.2651, 38.4564], [-76.2657, 38.4567], [-76.2666, 38.4572], [-76.2674, 38.4577], [-76.2681, 38.4578], [-76.268, 38.4577], [-76.2673, 38.4574], [-76.2665, 38.4566], [-76.266, 38.4564], [-76.2655, 38.4562], [-76.2648, 38.456], [-76.2634, 38.4553], [-76.2624, 38.4541], [-76.2616, 38.4532], [-76.2616, 38.4529], [-76.2619, 38.4529], [-76.2624, 38.4531], [-76.263, 38.4534], [-76.2634, 38.4533], [-76.2638, 38.4529], [-76.2638, 38.4523], [-76.2635, 38.4519], [-76.2641, 38.4518], [-76.2654, 38.4511], [-76.2656, 38.4507], [-76.2659, 38.4505], [-76.2663, 38.4508], [-76.2669, 38.4511], [-76.2677, 38.4515], [-76.2679, 38.4518], [-76.2684, 38.4521], [-76.269, 38.4519], [-76.2696, 38.4518], [-76.2702, 38.4516], [-76.2707, 38.4522], [-76.2712, 38.4526], [-76.2719, 38.4527], [-76.2726, 38.4532], [-76.2727, 38.4534], [-76.2724, 38.4537], [-76.2722, 38.4537], [-76.272, 38.4534], [-76.2717, 38.4535], [-76.2714, 38.4534], [-76.2712, 38.4534], [-76.2706, 38.4537], [-76.2696, 38.4539], [-76.2695, 38.4535], [-76.2696, 38.4531], [-76.2693, 38.4529], [-76.2689, 38.4529], [-76.2689, 38.4527], [-76.2685, 38.4529], [-76.2683, 38.4531], [-76.2687, 38.4531], [-76.2689, 38.4534], [-76.2693, 38.4535], [-76.2691, 38.4538], [-76.2689, 38.454], [-76.2691, 38.4541], [-76.2707, 38.454], [-76.271, 38.4538], [-76.2712, 38.4537], [-76.2718, 38.4538], [-76.2722, 38.4541], [-76.2725, 38.4541], [-76.2722, 38.4549], [-76.2723, 38.4553], [-76.2721, 38.4558], [-76.2719, 38.4561], [-76.2721, 38.4563], [-76.2723, 38.4563], [-76.2723, 38.4559], [-76.2724, 38.4555], [-76.2725, 38.4545], [-76.2728, 38.454], [-76.2729, 38.4535], [-76.2729, 38.4529], [-76.2726, 38.4528], [-76.2726, 38.4526], [-76.273, 38.4526], [-76.2736, 38.4528], [-76.2743, 38.4539], [-76.2744, 38.4543], [-76.2751, 38.4548], [-76.2751, 38.4554], [-76.2753, 38.456], [-76.2753, 38.4562], [-76.2748, 38.4564], [-76.275, 38.4566], [-76.2755, 38.4566], [-76.2759, 38.4566], [-76.2766, 38.4571], [-76.2773, 38.4569], [-76.2781, 38.4567], [-76.2784, 38.4568], [-76.2791, 38.457], [-76.2793, 38.457], [-76.2795, 38.457], [-76.2794, 38.4571], [-76.2791, 38.4572], [-76.2791, 38.4573], [-76.2792, 38.4576], [-76.2793, 38.4579], [-76.2794, 38.4581], [-76.2793, 38.4589], [-76.2793, 38.4592], [-76.2796, 38.4592], [-76.2798, 38.4593], [-76.2799, 38.4596], [-76.2802, 38.4597], [-76.2807, 38.4595], [-76.2813, 38.4591], [-76.2815, 38.459], [-76.2819, 38.459], [-76.2818, 38.4592], [-76.2819, 38.4595], [-76.2823, 38.46], [-76.2826, 38.4601], [-76.2824, 38.4604], [-76.2822, 38.4606], [-76.2819, 38.461], [-76.2817, 38.4613], [-76.2814, 38.4617], [-76.2796, 38.4624], [-76.279, 38.4627], [-76.279, 38.4629], [-76.2793, 38.4631], [-76.2795, 38.4631], [-76.2791, 38.4634], [-76.279, 38.4637], [-76.2791, 38.4639], [-76.2789, 38.4642], [-76.2786, 38.4643], [-76.2783, 38.4646], [-76.278, 38.4646], [-76.2777, 38.4646], [-76.2779, 38.4648], [-76.2777, 38.465], [-76.2774, 38.465], [-76.2772, 38.4649], [-76.2769, 38.4649], [-76.2766, 38.465], [-76.2769, 38.465], [-76.2772, 38.4651], [-76.2771, 38.4653], [-76.2773, 38.4653], [-76.2775, 38.4653], [-76.2776, 38.4654], [-76.2779, 38.4653], [-76.2782, 38.4654], [-76.2783, 38.4652], [-76.2783, 38.4649], [-76.2787, 38.4648], [-76.2791, 38.4645], [-76.2798, 38.4644], [-76.2799, 38.4642], [-76.2797, 38.4642], [-76.2799, 38.4638], [-76.2804, 38.4633], [-76.2808, 38.4628], [-76.281, 38.4627], [-76.2815, 38.4628], [-76.2819, 38.4629], [-76.2821, 38.4629], [-76.2821, 38.4631], [-76.2823, 38.4632], [-76.2829, 38.4637], [-76.2832, 38.4638], [-76.2836, 38.4639], [-76.2839, 38.4643], [-76.284, 38.4648], [-76.2841, 38.4651], [-76.2838, 38.4654], [-76.2835, 38.4655], [-76.2832, 38.4657], [-76.2829, 38.4657], [-76.2827, 38.4657], [-76.2825, 38.4658], [-76.2824, 38.466], [-76.2824, 38.4662], [-76.282, 38.4663], [-76.2818, 38.4666], [-76.2817, 38.467], [-76.2811, 38.4671], [-76.2803, 38.467], [-76.28, 38.4671], [-76.2794, 38.4672], [-76.2791, 38.4673], [-76.2788, 38.4674], [-76.2784, 38.4674], [-76.2783, 38.4676], [-76.2785, 38.4677], [-76.279, 38.4675], [-76.2795, 38.4674], [-76.2804, 38.4672], [-76.2815, 38.4673], [-76.282, 38.467], [-76.282, 38.4668], [-76.282, 38.4666], [-76.2822, 38.4665], [-76.2827, 38.4664], [-76.2827, 38.4662], [-76.2827, 38.466], [-76.2829, 38.4659], [-76.2832, 38.4661], [-76.2832, 38.4662], [-76.2835, 38.4662], [-76.2836, 38.4659], [-76.2837, 38.4658], [-76.2842, 38.4657], [-76.2845, 38.4653], [-76.2847, 38.4648], [-76.2846, 38.4644], [-76.2846, 38.4641], [-76.2841, 38.4633], [-76.2837, 38.4631], [-76.2835, 38.4628], [-76.2836, 38.4624], [-76.2838, 38.462], [-76.284, 38.462], [-76.2842, 38.4621], [-76.2848, 38.4619], [-76.285, 38.462], [-76.2852, 38.4625], [-76.2856, 38.4627], [-76.2864, 38.4628], [-76.2868, 38.4629], [-76.2867, 38.4633], [-76.2868, 38.4639], [-76.2876, 38.4653], [-76.2873, 38.4655], [-76.2874, 38.4662], [-76.2875, 38.4667], [-76.2876, 38.4672], [-76.2881, 38.4686], [-76.2889, 38.469], [-76.2894, 38.4694], [-76.2894, 38.4711], [-76.2891, 38.4728], [-76.2879, 38.4747], [-76.2872, 38.4756], [-76.2871, 38.4762], [-76.286, 38.4783], [-76.2858, 38.4806], [-76.2847, 38.4828], [-76.2833, 38.4847], [-76.281, 38.4859], [-76.281, 38.4873], [-76.2792, 38.4882], [-76.2789, 38.4894], [-76.2788, 38.4903], [-76.2774, 38.4913], [-76.2776, 38.4915], [-76.2769, 38.4919], [-76.2754, 38.4927], [-76.2745, 38.4945], [-76.2712, 38.4964], [-76.2684, 38.4981], [-76.2675, 38.4984], [-76.2652, 38.4974], [-76.2651, 38.4973], [-76.265, 38.4973], [-76.2649, 38.4972], [-76.2647, 38.497], [-76.2647, 38.4968], [-76.2649, 38.4959], [-76.2648, 38.4957], [-76.2648, 38.4954], [-76.2647, 38.4951], [-76.2644, 38.4948], [-76.264, 38.4946], [-76.2639, 38.4944], [-76.2641, 38.4942], [-76.2641, 38.494], [-76.2637, 38.4936], [-76.2638, 38.4933], [-76.2637, 38.4931], [-76.2632, 38.4928], [-76.262, 38.4928], [-76.2618, 38.4927], [-76.2618, 38.4923], [-76.262, 38.492], [-76.2624, 38.4914], [-76.2623, 38.4912], [-76.2619, 38.491], [-76.2618, 38.4905], [-76.2623, 38.4892], [-76.2618, 38.4898], [-76.2617, 38.4897], [-76.2617, 38.4895], [-76.2617, 38.4892], [-76.2617, 38.489], [-76.2619, 38.4887], [-76.2618, 38.4887], [-76.2616, 38.4888], [-76.2614, 38.489], [-76.2613, 38.4893], [-76.2612, 38.4895], [-76.2612, 38.4901], [-76.2611, 38.4903], [-76.2608, 38.4903], [-76.2606, 38.4902], [-76.2609, 38.4905], [-76.261, 38.4908], [-76.261, 38.4916], [-76.2604, 38.492], [-76.2599, 38.4922], [-76.2586, 38.4912], [-76.2583, 38.4913], [-76.2576, 38.4917], [-76.2575, 38.4919], [-76.2572, 38.4919], [-76.2567, 38.492], [-76.2565, 38.4922], [-76.2562, 38.4923], [-76.2559, 38.4921], [-76.2555, 38.4923], [-76.2552, 38.4922], [-76.2548, 38.4921], [-76.2545, 38.4922], [-76.2543, 38.4923], [-76.2542, 38.4924], [-76.2547, 38.4922], [-76.2549, 38.4923], [-76.2551, 38.4925], [-76.2554, 38.4926], [-76.2557, 38.4926], [-76.2562, 38.4927], [-76.2569, 38.4928], [-76.2577, 38.493], [-76.2575, 38.4932], [-76.2575, 38.4934], [-76.2578, 38.4937], [-76.2576, 38.4939], [-76.2572, 38.4945], [-76.2571, 38.4946], [-76.2574, 38.4948], [-76.2575, 38.495], [-76.2579, 38.4952], [-76.2582, 38.4951], [-76.2589, 38.4952], [-76.2593, 38.4954], [-76.2594, 38.4957], [-76.2595, 38.496], [-76.2594, 38.4963], [-76.2594, 38.4965], [-76.2586, 38.4974], [-76.2585, 38.4977], [-76.2589, 38.4982], [-76.259, 38.4985], [-76.2591, 38.4988], [-76.2592, 38.4992], [-76.259, 38.5002], [-76.2592, 38.5004], [-76.2595, 38.501], [-76.2598, 38.5011], [-76.2601, 38.5014], [-76.2609, 38.5016], [-76.262, 38.5017], [-76.2624, 38.502], [-76.2629, 38.5024], [-76.2632, 38.5028], [-76.263, 38.5033], [-76.2623, 38.5043], [-76.2621, 38.505], [-76.2607, 38.5065], [-76.2585, 38.509], [-76.2583, 38.5095], [-76.2586, 38.5098], [-76.2585, 38.5101], [-76.2545, 38.5157], [-76.2527, 38.5183], [-76.2515, 38.5195], [-76.2509, 38.52], [-76.2505, 38.5202], [-76.2482, 38.5227], [-76.2478, 38.5231], [-76.2471, 38.5231], [-76.246, 38.5236], [-76.2451, 38.524], [-76.2443, 38.524], [-76.2436, 38.5239], [-76.2434, 38.5236], [-76.2433, 38.5234], [-76.2429, 38.5231], [-76.2431, 38.5227], [-76.243, 38.5224], [-76.2428, 38.5221], [-76.2429, 38.5209], [-76.243, 38.5208], [-76.2432, 38.5216], [-76.2432, 38.522], [-76.2435, 38.5217], [-76.2439, 38.5215], [-76.2443, 38.5216], [-76.2451, 38.5215], [-76.2455, 38.5214], [-76.2459, 38.521], [-76.2463, 38.5207], [-76.2464, 38.5206], [-76.2466, 38.5203], [-76.2465, 38.5204], [-76.2462, 38.5206], [-76.2457, 38.5209], [-76.2451, 38.5211], [-76.2447, 38.5209], [-76.2445, 38.5204], [-76.2447, 38.5201], [-76.2448, 38.5199], [-76.2445, 38.5195], [-76.2438, 38.5194], [-76.2433, 38.5197], [-76.2427, 38.5195], [-76.2419, 38.5193], [-76.2423, 38.5192], [-76.2427, 38.5188], [-76.2428, 38.5187], [-76.2431, 38.5183], [-76.2441, 38.5177], [-76.2442, 38.5175], [-76.2439, 38.5168], [-76.243, 38.5165], [-76.2426, 38.5162], [-76.2422, 38.5159], [-76.242, 38.5156], [-76.2424, 38.5151], [-76.2424, 38.5147], [-76.242, 38.5143], [-76.2419, 38.5142], [-76.2423, 38.514], [-76.2428, 38.5137], [-76.2429, 38.5133], [-76.2428, 38.5131], [-76.2426, 38.5128], [-76.2423, 38.5124], [-76.242, 38.5122], [-76.2414, 38.5121], [-76.2413, 38.5119], [-76.2416, 38.5115], [-76.2419, 38.5113], [-76.2421, 38.5111], [-76.2421, 38.5109], [-76.2417, 38.5107], [-76.2411, 38.5107], [-76.2406, 38.5106], [-76.2396, 38.5106], [-76.2391, 38.5105], [-76.2389, 38.5101], [-76.2391, 38.5098], [-76.2392, 38.5096], [-76.239, 38.5094], [-76.2385, 38.509], [-76.2383, 38.5087], [-76.2385, 38.5086], [-76.2386, 38.5079], [-76.2388, 38.5078], [-76.2391, 38.5078], [-76.2389, 38.5075], [-76.2388, 38.5073], [-76.2388, 38.5069], [-76.2385, 38.5065], [-76.2383, 38.5062], [-76.238, 38.506], [-76.238, 38.5057], [-76.2377, 38.5056], [-76.2374, 38.5056], [-76.2371, 38.5054], [-76.2369, 38.5055], [-76.2372, 38.5056], [-76.2378, 38.5067], [-76.238, 38.5071], [-76.2378, 38.5074], [-76.2379, 38.5077], [-76.2377, 38.508], [-76.238, 38.5084], [-76.2378, 38.5086], [-76.2377, 38.5096], [-76.2374, 38.51], [-76.2374, 38.5104], [-76.2375, 38.5106], [-76.2378, 38.5113], [-76.2381, 38.5121], [-76.2381, 38.5123], [-76.2379, 38.5124], [-76.238, 38.5126], [-76.2384, 38.5126], [-76.2387, 38.5125], [-76.2386, 38.5124], [-76.2384, 38.5124], [-76.2386, 38.5121], [-76.2388, 38.5121], [-76.2388, 38.5125], [-76.2385, 38.5127], [-76.2379, 38.5133], [-76.2377, 38.5139], [-76.2377, 38.5142], [-76.2383, 38.5145], [-76.2387, 38.5153], [-76.2386, 38.5154], [-76.238, 38.5158], [-76.2378, 38.5161], [-76.2378, 38.5164], [-76.2377, 38.5167], [-76.2378, 38.5174], [-76.2381, 38.5176], [-76.2384, 38.5178], [-76.2383, 38.5183], [-76.2384, 38.5186], [-76.2384, 38.519], [-76.2382, 38.5193], [-76.2383, 38.5196], [-76.2382, 38.5198], [-76.2381, 38.5204], [-76.2382, 38.5206], [-76.2381, 38.5208], [-76.238, 38.5211], [-76.238, 38.5214], [-76.2377, 38.5216], [-76.2375, 38.5218], [-76.2358, 38.5228], [-76.2349, 38.5237], [-76.2349, 38.5238], [-76.2349, 38.5243], [-76.2345, 38.5248], [-76.2342, 38.5252], [-76.2338, 38.5258], [-76.2337, 38.526], [-76.233, 38.5264], [-76.2329, 38.5263], [-76.233, 38.5261], [-76.2327, 38.5258], [-76.2322, 38.5256], [-76.2312, 38.5254], [-76.2306, 38.5255], [-76.2293, 38.5261], [-76.2291, 38.5261], [-76.2288, 38.5256], [-76.2283, 38.5254], [-76.2276, 38.5254], [-76.2272, 38.5252], [-76.227, 38.5252], [-76.2269, 38.5249], [-76.2272, 38.524], [-76.2272, 38.5236], [-76.227, 38.5228], [-76.2269, 38.5221], [-76.2273, 38.5215], [-76.2274, 38.5213], [-76.2274, 38.5209], [-76.2276, 38.5206], [-76.2278, 38.5203], [-76.2279, 38.5201], [-76.2283, 38.52], [-76.2288, 38.52], [-76.229, 38.5198], [-76.2289, 38.5196], [-76.2288, 38.5194], [-76.2289, 38.5192], [-76.2289, 38.519], [-76.2287, 38.5189], [-76.2286, 38.5186], [-76.2288, 38.5183], [-76.2288, 38.5181], [-76.2287, 38.518], [-76.2283, 38.518], [-76.2281, 38.518], [-76.2279, 38.518], [-76.2278, 38.5178], [-76.228, 38.5176], [-76.2276, 38.5177], [-76.2273, 38.5178], [-76.2272, 38.5179], [-76.2272, 38.5181], [-76.227, 38.5182], [-76.2266, 38.518], [-76.2264, 38.518], [-76.2261, 38.5181], [-76.2259, 38.518], [-76.2253, 38.5177], [-76.2251, 38.5176], [-76.225, 38.5176], [-76.2253, 38.5173], [-76.2249, 38.517], [-76.2245, 38.5166], [-76.2242, 38.5165], [-76.2241, 38.5162], [-76.2241, 38.5156], [-76.2237, 38.5154], [-76.2241, 38.5153], [-76.2245, 38.515], [-76.2249, 38.5148], [-76.2246, 38.5147], [-76.2246, 38.5145], [-76.2248, 38.5141], [-76.2246, 38.514], [-76.2245, 38.5138], [-76.2245, 38.5135], [-76.2244, 38.5134], [-76.2243, 38.513], [-76.2245, 38.5124], [-76.2243, 38.512], [-76.2242, 38.5118], [-76.2245, 38.5118], [-76.2248, 38.5115], [-76.2248, 38.5113], [-76.2242, 38.5112], [-76.224, 38.511], [-76.2242, 38.51], [-76.2244, 38.5098], [-76.2244, 38.5095], [-76.2241, 38.5091], [-76.2238, 38.509], [-76.2236, 38.5087], [-76.223, 38.5083], [-76.2227, 38.5081], [-76.2225, 38.5077], [-76.2224, 38.5081], [-76.2223, 38.5085], [-76.2223, 38.5088], [-76.2227, 38.5091], [-76.223, 38.5094], [-76.2231, 38.5096], [-76.2231, 38.5097], [-76.2221, 38.5098], [-76.2215, 38.5099], [-76.2214, 38.5103], [-76.2212, 38.5105], [-76.2213, 38.5107], [-76.2215, 38.5108], [-76.2215, 38.5109], [-76.2212, 38.511], [-76.2212, 38.5113], [-76.2212, 38.5114], [-76.2209, 38.5117], [-76.221, 38.5119], [-76.2212, 38.5123], [-76.221, 38.5123], [-76.2202, 38.5129], [-76.2199, 38.5127], [-76.2196, 38.5128], [-76.2193, 38.5128], [-76.2181, 38.5131], [-76.2176, 38.5133], [-76.2169, 38.5136], [-76.2165, 38.5133], [-76.2153, 38.5135], [-76.2145, 38.5138], [-76.2133, 38.5131], [-76.2126, 38.513], [-76.2122, 38.5127], [-76.2116, 38.5126], [-76.2115, 38.5126], [-76.2116, 38.5128], [-76.2111, 38.5135], [-76.2109, 38.5136], [-76.2109, 38.5137], [-76.2112, 38.5138], [-76.2118, 38.5137], [-76.2125, 38.5139], [-76.2126, 38.5141], [-76.2126, 38.5143], [-76.2116, 38.5155], [-76.2113, 38.5159], [-76.2113, 38.5161], [-76.2115, 38.5163], [-76.2123, 38.5166], [-76.2128, 38.517], [-76.2125, 38.5174], [-76.2122, 38.5181], [-76.2122, 38.5185], [-76.2125, 38.5187], [-76.2128, 38.5192], [-76.2133, 38.5196], [-76.2138, 38.5197], [-76.2142, 38.5196], [-76.2145, 38.5197], [-76.2152, 38.5196], [-76.2153, 38.5197], [-76.2152, 38.52], [-76.215, 38.5203], [-76.2145, 38.521], [-76.2148, 38.5214], [-76.2148, 38.5216], [-76.2142, 38.5228], [-76.2142, 38.5236], [-76.2139, 38.5241], [-76.2134, 38.5253], [-76.2134, 38.526], [-76.2136, 38.5266], [-76.2139, 38.5274], [-76.2146, 38.5282], [-76.2156, 38.5286], [-76.2168, 38.529], [-76.2177, 38.5289], [-76.2181, 38.5288], [-76.2182, 38.5292], [-76.2183, 38.5303], [-76.2185, 38.5311], [-76.2189, 38.5315], [-76.2194, 38.5316], [-76.2199, 38.5316], [-76.2204, 38.5319], [-76.2208, 38.5326], [-76.2208, 38.5335], [-76.2209, 38.535], [-76.2213, 38.536], [-76.2219, 38.5368], [-76.2224, 38.5369], [-76.2228, 38.5368], [-76.223, 38.537], [-76.2227, 38.5376], [-76.2228, 38.5387], [-76.2229, 38.5395], [-76.2227, 38.5398], [-76.2224, 38.5397]], [[-76.2881, 38.5035], [-76.2877, 38.5036], [-76.2871, 38.5035], [-76.2868, 38.5035], [-76.2867, 38.5033], [-76.2864, 38.5031], [-76.286, 38.5032], [-76.2856, 38.5033], [-76.2854, 38.5032], [-76.2858, 38.5028], [-76.2859, 38.5025], [-76.2861, 38.5022], [-76.2864, 38.5022], [-76.2866, 38.5026], [-76.2867, 38.5027], [-76.287, 38.5028], [-76.2873, 38.5031], [-76.2873, 38.5033], [-76.2876, 38.5031], [-76.2875, 38.5029], [-76.2873, 38.5026], [-76.2875, 38.502], [-76.2878, 38.5016], [-76.2877, 38.5013], [-76.2882, 38.5009], [-76.2884, 38.5001], [-76.2887, 38.4998], [-76.2886, 38.4994], [-76.289, 38.4992], [-76.2893, 38.4989], [-76.2893, 38.4981], [-76.2891, 38.4977], [-76.2888, 38.4976], [-76.2886, 38.4974], [-76.2884, 38.4971], [-76.2886, 38.497], [-76.2887, 38.4967], [-76.2885, 38.4964], [-76.2885, 38.4963], [-76.2883, 38.4965], [-76.2883, 38.4967], [-76.2881, 38.4968], [-76.2878, 38.4968], [-76.2875, 38.4968], [-76.2874, 38.4969], [-76.2871, 38.497], [-76.2869, 38.497], [-76.2868, 38.4976], [-76.2866, 38.4976], [-76.2863, 38.4974], [-76.2858, 38.4974], [-76.2855, 38.4975], [-76.2851, 38.4978], [-76.285, 38.4976], [-76.285, 38.4974], [-76.2848, 38.4974], [-76.2844, 38.4974], [-76.2843, 38.4973], [-76.2842, 38.4972], [-76.284, 38.4973], [-76.2838, 38.4971], [-76.2834, 38.4969], [-76.2829, 38.4969], [-76.2826, 38.497], [-76.2824, 38.4972], [-76.2822, 38.4973], [-76.2821, 38.4972], [-76.2822, 38.4969], [-76.282, 38.4967], [-76.2818, 38.4964], [-76.2813, 38.4962], [-76.2805, 38.4961], [-76.2802, 38.4964], [-76.28, 38.4964], [-76.2799, 38.4962], [-76.28, 38.4961], [-76.2803, 38.496], [-76.2805, 38.4959], [-76.2807, 38.4958], [-76.281, 38.4959], [-76.2815, 38.4954], [-76.2818, 38.4953], [-76.2823, 38.4951], [-76.2825, 38.4948], [-76.2825, 38.4943], [-76.2828, 38.4942], [-76.2828, 38.4943], [-76.2831, 38.4945], [-76.2833, 38.4944], [-76.2833, 38.4942], [-76.2831, 38.494], [-76.2835, 38.4939], [-76.2837, 38.4938], [-76.2837, 38.4935], [-76.2837, 38.4933], [-76.2838, 38.493], [-76.2837, 38.4928], [-76.2836, 38.4926], [-76.2838, 38.4924], [-76.2839, 38.4922], [-76.2839, 38.4921], [-76.2837, 38.492], [-76.2838, 38.4917], [-76.2839, 38.4913], [-76.284, 38.4911], [-76.2841, 38.4909], [-76.284, 38.4906], [-76.2842, 38.4906], [-76.2849, 38.4905], [-76.2852, 38.4904], [-76.2857, 38.4897], [-76.2858, 38.4892], [-76.2858, 38.4887], [-76.2859, 38.4882], [-76.2857, 38.4879], [-76.2858, 38.4877], [-76.2859, 38.4875], [-76.2857, 38.4873], [-76.2861, 38.4865], [-76.2863, 38.4857], [-76.2866, 38.4849], [-76.2867, 38.4846], [-76.2869, 38.4845], [-76.2869, 38.4842], [-76.2871, 38.4841], [-76.2874, 38.4836], [-76.2876, 38.4834], [-76.2877, 38.4829], [-76.288, 38.4824], [-76.2885, 38.4822], [-76.2887, 38.4821], [-76.2884, 38.4824], [-76.2884, 38.4826], [-76.2887, 38.4825], [-76.2889, 38.4821], [-76.2893, 38.4818], [-76.2895, 38.4819], [-76.2897, 38.4817], [-76.2897, 38.4815], [-76.29, 38.4809], [-76.2904, 38.4805], [-76.2904, 38.4801], [-76.2905, 38.48], [-76.2907, 38.4799], [-76.2908, 38.4798], [-76.291, 38.4799], [-76.2912, 38.4803], [-76.2912, 38.4806], [-76.2912, 38.4809], [-76.291, 38.4815], [-76.291, 38.4818], [-76.2912, 38.4821], [-76.2912, 38.4823], [-76.2911, 38.4827], [-76.2909, 38.483], [-76.291, 38.4834], [-76.2912, 38.4837], [-76.2913, 38.4839], [-76.2911, 38.484], [-76.2912, 38.4846], [-76.291, 38.4848], [-76.291, 38.485], [-76.2912, 38.4851], [-76.2911, 38.4853], [-76.2913, 38.4856], [-76.2911, 38.4859], [-76.2912, 38.4862], [-76.2912, 38.4864], [-76.2913, 38.4865], [-76.2913, 38.4864], [-76.2913, 38.4861], [-76.2914, 38.4857], [-76.2913, 38.4854], [-76.2914, 38.4852], [-76.2913, 38.485], [-76.2913, 38.4848], [-76.2914, 38.4845], [-76.2915, 38.4842], [-76.2917, 38.4838], [-76.2916, 38.4834], [-76.2916, 38.4832], [-76.2918, 38.4826], [-76.2921, 38.4823], [-76.2924, 38.4823], [-76.2926, 38.4827], [-76.2927, 38.4825], [-76.2927, 38.4821], [-76.2927, 38.4819], [-76.2926, 38.4816], [-76.2924, 38.4815], [-76.2925, 38.4813], [-76.2926, 38.481], [-76.2928, 38.4806], [-76.2928, 38.48], [-76.2926, 38.4794], [-76.2926, 38.4792], [-76.2927, 38.4789], [-76.2929, 38.4781], [-76.2931, 38.4783], [-76.2934, 38.4785], [-76.2937, 38.4785], [-76.2937, 38.4783], [-76.2935, 38.478], [-76.2936, 38.4777], [-76.2935, 38.4774], [-76.2934, 38.4771], [-76.2933, 38.4767], [-76.2933, 38.4765], [-76.2929, 38.4763], [-76.2929, 38.4762], [-76.2928, 38.4762], [-76.2926, 38.4765], [-76.2921, 38.4762], [-76.2918, 38.476], [-76.292, 38.4759], [-76.2922, 38.4758], [-76.2921, 38.4756], [-76.2921, 38.4754], [-76.2922, 38.4751], [-76.2919, 38.475], [-76.2918, 38.4749], [-76.2919, 38.4745], [-76.292, 38.4742], [-76.2922, 38.4741], [-76.2928, 38.4743], [-76.2929, 38.4742], [-76.2926, 38.474], [-76.2924, 38.4739], [-76.2926, 38.4736], [-76.2926, 38.4735], [-76.2928, 38.4735], [-76.2931, 38.4736], [-76.2937, 38.4735], [-76.2942, 38.4732], [-76.2946, 38.473], [-76.2947, 38.4728], [-76.2947, 38.4724], [-76.2948, 38.4723], [-76.295, 38.4724], [-76.2952, 38.4723], [-76.2957, 38.472], [-76.2959, 38.472], [-76.2962, 38.4719], [-76.2962, 38.4721], [-76.2972, 38.4727], [-76.2976, 38.473], [-76.2975, 38.4732], [-76.2974, 38.4735], [-76.2974, 38.4737], [-76.2981, 38.4747], [-76.2984, 38.4752], [-76.2987, 38.4754], [-76.2988, 38.4756], [-76.2989, 38.4758], [-76.2993, 38.4759], [-76.2994, 38.476], [-76.2996, 38.4763], [-76.2999, 38.4764], [-76.3, 38.4765], [-76.3001, 38.4766], [-76.3004, 38.4767], [-76.3009, 38.477], [-76.3015, 38.4775], [-76.3017, 38.4778], [-76.3021, 38.4782], [-76.3024, 38.4782], [-76.3028, 38.4786], [-76.3027, 38.4789], [-76.3029, 38.4788], [-76.3031, 38.4789], [-76.3033, 38.479], [-76.3034, 38.4791], [-76.3038, 38.4791], [-76.304, 38.4792], [-76.3042, 38.4794], [-76.3044, 38.4797], [-76.3046, 38.4798], [-76.3048, 38.48], [-76.3049, 38.4802], [-76.3048, 38.4804], [-76.3048, 38.481], [-76.3049, 38.481], [-76.3051, 38.4809], [-76.3053, 38.4802], [-76.3052, 38.48], [-76.305, 38.4797], [-76.3051, 38.4794], [-76.3055, 38.4794], [-76.3056, 38.4791], [-76.3054, 38.4792], [-76.3046, 38.4792], [-76.3044, 38.479], [-76.3041, 38.4787], [-76.3042, 38.4786], [-76.304, 38.4786], [-76.3037, 38.4786], [-76.3033, 38.4783], [-76.3033, 38.4781], [-76.3029, 38.4775], [-76.3029, 38.4774], [-76.3028, 38.4772], [-76.3027, 38.4769], [-76.3026, 38.4768], [-76.3022, 38.4765], [-76.3021, 38.4763], [-76.3019, 38.4761], [-76.3016, 38.4759], [-76.3012, 38.4755], [-76.301, 38.4753], [-76.3007, 38.4753], [-76.3006, 38.475], [-76.3006, 38.4748], [-76.3003, 38.4747], [-76.3002, 38.4746], [-76.2998, 38.4742], [-76.2997, 38.474], [-76.2995, 38.4737], [-76.2994, 38.4734], [-76.2995, 38.4732], [-76.2995, 38.4728], [-76.299, 38.4724], [-76.299, 38.4721], [-76.2987, 38.4721], [-76.2984, 38.4719], [-76.2981, 38.4717], [-76.2982, 38.4715], [-76.2985, 38.4714], [-76.299, 38.4714], [-76.2992, 38.4713], [-76.2984, 38.4712], [-76.2984, 38.4709], [-76.2988, 38.4705], [-76.2991, 38.4702], [-76.2994, 38.4702], [-76.2997, 38.4702], [-76.2998, 38.4702], [-76.2996, 38.4701], [-76.2994, 38.47], [-76.2995, 38.4698], [-76.2996, 38.4697], [-76.2995, 38.4694], [-76.2993, 38.4697], [-76.2988, 38.4701], [-76.2982, 38.4704], [-76.2979, 38.4706], [-76.2978, 38.4699], [-76.2978, 38.4707], [-76.2974, 38.4707], [-76.2973, 38.4705], [-76.2971, 38.4698], [-76.2971, 38.4706], [-76.297, 38.4706], [-76.2968, 38.4702], [-76.2964, 38.4701], [-76.2963, 38.4699], [-76.2962, 38.4701], [-76.2961, 38.4697], [-76.2959, 38.4701], [-76.2958, 38.4703], [-76.2951, 38.4706], [-76.295, 38.4705], [-76.2948, 38.4706], [-76.2939, 38.4702], [-76.2934, 38.4702], [-76.2935, 38.47], [-76.2936, 38.4697], [-76.2938, 38.4693], [-76.2938, 38.469], [-76.2937, 38.4687], [-76.2937, 38.4683], [-76.2936, 38.4681], [-76.2934, 38.4679], [-76.2935, 38.4677], [-76.2935, 38.4675], [-76.2933, 38.4673], [-76.2927, 38.4674], [-76.2922, 38.4673], [-76.2922, 38.4668], [-76.2924, 38.4667], [-76.2922, 38.4666], [-76.2922, 38.4665], [-76.2925, 38.4663], [-76.2924, 38.4659], [-76.2927, 38.4654], [-76.2929, 38.4648], [-76.2927, 38.4643], [-76.2925, 38.4639], [-76.2927, 38.4636], [-76.2927, 38.4631], [-76.2924, 38.4625], [-76.2918, 38.4621], [-76.2916, 38.4618], [-76.2918, 38.4613], [-76.2916, 38.4611], [-76.2912, 38.4607], [-76.291, 38.4605], [-76.2913, 38.4599], [-76.2913, 38.4596], [-76.2916, 38.4597], [-76.2918, 38.4598], [-76.292, 38.4596], [-76.2919, 38.4592], [-76.2919, 38.459], [-76.2917, 38.4583], [-76.2916, 38.4581], [-76.2911, 38.458], [-76.2901, 38.4571], [-76.2896, 38.4563], [-76.2894, 38.4561], [-76.2891, 38.4562], [-76.2892, 38.4571], [-76.2893, 38.4577], [-76.289, 38.458], [-76.2881, 38.4581], [-76.2879, 38.4585], [-76.288, 38.4591], [-76.2877, 38.4593], [-76.2871, 38.4588], [-76.2862, 38.4581], [-76.2863, 38.4579], [-76.2863, 38.4577], [-76.286, 38.4573], [-76.2854, 38.4568], [-76.285, 38.4565], [-76.2841, 38.456], [-76.2836, 38.4555], [-76.2832, 38.4555], [-76.283, 38.4552], [-76.283, 38.4547], [-76.2828, 38.4544], [-76.2826, 38.4541], [-76.2816, 38.4539], [-76.2811, 38.4538], [-76.2806, 38.4534], [-76.2803, 38.4531], [-76.28, 38.4531], [-76.2798, 38.4534], [-76.2796, 38.4537], [-76.2791, 38.4536], [-76.2787, 38.4535], [-76.2784, 38.4536], [-76.2778, 38.4536], [-76.2781, 38.4533], [-76.2782, 38.4522], [-76.278, 38.4517], [-76.2771, 38.4515], [-76.276, 38.4518], [-76.2757, 38.452], [-76.2756, 38.4518], [-76.2751, 38.4522], [-76.2747, 38.4523], [-76.2739, 38.4519], [-76.2733, 38.4517], [-76.2728, 38.4516], [-76.2723, 38.4518], [-76.272, 38.4519], [-76.2719, 38.4517], [-76.2725, 38.4513], [-76.273, 38.4514], [-76.2735, 38.4512], [-76.2737, 38.4508], [-76.2733, 38.4507], [-76.2727, 38.4508], [-76.2728, 38.4506], [-76.2725, 38.4499], [-76.2727, 38.4492], [-76.2727, 38.4487], [-76.2725, 38.4485], [-76.2732, 38.448], [-76.2735, 38.4474], [-76.2739, 38.4471], [-76.2739, 38.4468], [-76.2745, 38.4467], [-76.2745, 38.4461], [-76.2749, 38.4454], [-76.2758, 38.4451], [-76.277, 38.4452], [-76.2783, 38.4451], [-76.2791, 38.4449], [-76.2792, 38.4447], [-76.279, 38.4441], [-76.2788, 38.4441], [-76.2789, 38.4445], [-76.2789, 38.4448], [-76.2767, 38.4444], [-76.2756, 38.4442], [-76.2754, 38.4444], [-76.275, 38.4446], [-76.2748, 38.4444], [-76.2743, 38.444], [-76.2741, 38.4443], [-76.2742, 38.445], [-76.2744, 38.4452], [-76.2737, 38.4453], [-76.2734, 38.4455], [-76.2734, 38.4458], [-76.2731, 38.4465], [-76.2728, 38.4467], [-76.2725, 38.4471], [-76.2716, 38.4477], [-76.2713, 38.4482], [-76.2713, 38.4485], [-76.2712, 38.449], [-76.2711, 38.4494], [-76.2712, 38.45], [-76.2708, 38.4506], [-76.2702, 38.4505], [-76.2698, 38.4503], [-76.2694, 38.4506], [-76.269, 38.451], [-76.2685, 38.4511], [-76.2679, 38.451], [-76.267, 38.4503], [-76.266, 38.45], [-76.2654, 38.45], [-76.265, 38.4499], [-76.2648, 38.4503], [-76.2646, 38.4506], [-76.264, 38.4512], [-76.2633, 38.4513], [-76.2631, 38.4508], [-76.2632, 38.4501], [-76.2631, 38.4494], [-76.2625, 38.4489], [-76.2618, 38.4489], [-76.2605, 38.4497], [-76.2599, 38.4497], [-76.2589, 38.4491], [-76.2583, 38.4489], [-76.2577, 38.4491], [-76.2574, 38.4487], [-76.256, 38.4476], [-76.2556, 38.4475], [-76.2552, 38.4476], [-76.2549, 38.447], [-76.254, 38.4467], [-76.2532, 38.4468], [-76.2527, 38.4471], [-76.2526, 38.4474], [-76.2523, 38.4475], [-76.252, 38.4473], [-76.2518, 38.4474], [-76.2517, 38.4476], [-76.2515, 38.4475], [-76.2509, 38.4478], [-76.2508, 38.4477], [-76.2514, 38.4473], [-76.2515, 38.4471], [-76.2511, 38.447], [-76.2514, 38.4468], [-76.2511, 38.4467], [-76.2507, 38.4469], [-76.2505, 38.4472], [-76.2504, 38.4474], [-76.2498, 38.4475], [-76.2497, 38.4474], [-76.2495, 38.4471], [-76.2495, 38.4474], [-76.2495, 38.4476], [-76.2489, 38.4478], [-76.2484, 38.4469], [-76.2487, 38.4466], [-76.2492, 38.4464], [-76.2494, 38.4467], [-76.2497, 38.4464], [-76.2501, 38.4459], [-76.25, 38.4458], [-76.2503, 38.4457], [-76.2504, 38.4452], [-76.2504, 38.4449], [-76.2502, 38.4448], [-76.2499, 38.445], [-76.2498, 38.4446], [-76.2504, 38.4443], [-76.2512, 38.4442], [-76.2515, 38.4438], [-76.2517, 38.4443], [-76.2518, 38.4447], [-76.2524, 38.4449], [-76.2526, 38.445], [-76.2532, 38.4454], [-76.2535, 38.4455], [-76.2535, 38.4453], [-76.254, 38.445], [-76.2542, 38.445], [-76.2546, 38.4449], [-76.2546, 38.4447], [-76.2554, 38.4443], [-76.2557, 38.4443], [-76.2561, 38.4444], [-76.2562, 38.4443], [-76.2557, 38.4438], [-76.2561, 38.4432], [-76.2564, 38.4431], [-76.2568, 38.4428], [-76.2566, 38.4425], [-76.2566, 38.4422], [-76.2567, 38.4414], [-76.2567, 38.4409], [-76.2573, 38.4405], [-76.2573, 38.4403], [-76.2566, 38.4405], [-76.2563, 38.4409], [-76.2563, 38.4416], [-76.2564, 38.4421], [-76.2557, 38.4432], [-76.2552, 38.4439], [-76.2549, 38.4442], [-76.2541, 38.4445], [-76.2537, 38.4447], [-76.2533, 38.445], [-76.2531, 38.4449], [-76.253, 38.4445], [-76.2527, 38.4444], [-76.2523, 38.4445], [-76.2521, 38.4446], [-76.252, 38.4445], [-76.2521, 38.4442], [-76.2519, 38.444], [-76.2519, 38.4438], [-76.2516, 38.4434], [-76.2516, 38.4433], [-76.2516, 38.4431], [-76.2514, 38.4433], [-76.2512, 38.4431], [-76.2514, 38.4428], [-76.2509, 38.4427], [-76.2507, 38.4422], [-76.2507, 38.442], [-76.2504, 38.4419], [-76.2497, 38.4411], [-76.2497, 38.4408], [-76.249, 38.4403], [-76.249, 38.44], [-76.2491, 38.4397], [-76.2487, 38.4395], [-76.2485, 38.4396], [-76.2487, 38.4397], [-76.2486, 38.4399], [-76.2486, 38.4401], [-76.2489, 38.4402], [-76.249, 38.4406], [-76.2493, 38.441], [-76.2494, 38.4414], [-76.2499, 38.4424], [-76.2503, 38.4427], [-76.2505, 38.4432], [-76.2504, 38.4435], [-76.25, 38.4435], [-76.25, 38.4437], [-76.2495, 38.4434], [-76.2493, 38.4433], [-76.2492, 38.4431], [-76.2492, 38.4429], [-76.2491, 38.4433], [-76.2487, 38.4435], [-76.2486, 38.4432], [-76.2487, 38.443], [-76.2489, 38.4426], [-76.2488, 38.4414], [-76.2486, 38.4412], [-76.2481, 38.4412], [-76.2477, 38.4411], [-76.2474, 38.441], [-76.2476, 38.4409], [-76.2475, 38.4405], [-76.2474, 38.4404], [-76.2479, 38.4395], [-76.2482, 38.4391], [-76.2487, 38.4393], [-76.2488, 38.4392], [-76.2484, 38.4391], [-76.2485, 38.4387], [-76.2485, 38.4385], [-76.248, 38.438], [-76.2472, 38.438], [-76.2462, 38.4383], [-76.2457, 38.4383], [-76.2452, 38.438], [-76.2457, 38.438], [-76.246, 38.4379], [-76.247, 38.437], [-76.2473, 38.4361], [-76.2472, 38.4354], [-76.2465, 38.4344], [-76.2467, 38.4335], [-76.2467, 38.4331], [-76.2471, 38.433], [-76.2478, 38.4328], [-76.248, 38.4324], [-76.2477, 38.4317], [-76.2478, 38.4315], [-76.2482, 38.4316], [-76.2486, 38.4316], [-76.2486, 38.4314], [-76.2481, 38.431], [-76.2482, 38.4306], [-76.2485, 38.4306], [-76.2486, 38.4304], [-76.2487, 38.4302], [-76.249, 38.4301], [-76.2491, 38.4305], [-76.2495, 38.4311], [-76.2497, 38.4313], [-76.2498, 38.4318], [-76.2499, 38.4324], [-76.2501, 38.4333], [-76.2505, 38.4337], [-76.251, 38.4337], [-76.2514, 38.4334], [-76.2517, 38.4328], [-76.2516, 38.4325], [-76.2511, 38.4326], [-76.251, 38.4324], [-76.251, 38.4317], [-76.2517, 38.4315], [-76.2527, 38.4314], [-76.2536, 38.4316], [-76.2539, 38.4315], [-76.2539, 38.4312], [-76.2532, 38.4309], [-76.2525, 38.4308], [-76.2523, 38.4305], [-76.2523, 38.4293], [-76.2521, 38.4288], [-76.2519, 38.4287], [-76.2512, 38.4291], [-76.2508, 38.4291], [-76.2506, 38.4287], [-76.2503, 38.4283], [-76.2501, 38.4283], [-76.2494, 38.4289], [-76.2491, 38.4291], [-76.249, 38.4288], [-76.2493, 38.4279], [-76.2498, 38.4274], [-76.2499, 38.427], [-76.2502, 38.4267], [-76.2501, 38.4263], [-76.2503, 38.4262], [-76.2506, 38.426], [-76.2507, 38.4256], [-76.2508, 38.4251], [-76.2515, 38.4245], [-76.2516, 38.4242], [-76.2515, 38.4241], [-76.2516, 38.4238], [-76.2519, 38.4236], [-76.2519, 38.4234], [-76.252, 38.4232], [-76.2524, 38.4227], [-76.2526, 38.4226], [-76.2529, 38.4224], [-76.2531, 38.4223], [-76.2534, 38.4219], [-76.2535, 38.4217], [-76.2536, 38.4213], [-76.2536, 38.421], [-76.2539, 38.4207], [-76.2538, 38.4202], [-76.254, 38.4201], [-76.2543, 38.4201], [-76.2543, 38.4199], [-76.2544, 38.4198], [-76.2545, 38.4197], [-76.2545, 38.4195], [-76.2547, 38.4195], [-76.2547, 38.4193], [-76.2545, 38.4192], [-76.2544, 38.4191], [-76.2545, 38.4193], [-76.2545, 38.4194], [-76.2543, 38.4193], [-76.2541, 38.4194], [-76.254, 38.4197], [-76.2539, 38.4199], [-76.2537, 38.4198], [-76.2535, 38.4199], [-76.2531, 38.4199], [-76.2531, 38.4193], [-76.2536, 38.4193], [-76.2538, 38.4191], [-76.2538, 38.4189], [-76.2541, 38.4189], [-76.254, 38.4188], [-76.2543, 38.4185], [-76.2549, 38.4183], [-76.2551, 38.418], [-76.2547, 38.418], [-76.2547, 38.4176], [-76.2553, 38.4174], [-76.2556, 38.4169], [-76.2559, 38.4163], [-76.2562, 38.4163], [-76.2564, 38.4162], [-76.2571, 38.4162], [-76.2583, 38.4167], [-76.2587, 38.4166], [-76.259, 38.4156], [-76.2592, 38.4152], [-76.2595, 38.4151], [-76.2597, 38.4152], [-76.2595, 38.4157], [-76.2595, 38.4162], [-76.2601, 38.4171], [-76.2602, 38.4174], [-76.2595, 38.418], [-76.2595, 38.4183], [-76.2604, 38.4194], [-76.2605, 38.4197], [-76.2595, 38.4206], [-76.2594, 38.4212], [-76.2596, 38.4216], [-76.2595, 38.4221], [-76.2589, 38.4231], [-76.2593, 38.4238], [-76.2593, 38.4241], [-76.2592, 38.4243], [-76.2591, 38.4249], [-76.2592, 38.4251], [-76.2589, 38.426], [-76.2589, 38.427], [-76.259, 38.4276], [-76.2588, 38.428], [-76.2582, 38.4282], [-76.2582, 38.4284], [-76.2585, 38.4286], [-76.2587, 38.4292], [-76.2586, 38.4296], [-76.2582, 38.43], [-76.2581, 38.4303], [-76.2585, 38.4309], [-76.2587, 38.4314], [-76.2589, 38.4317], [-76.259, 38.432], [-76.2589, 38.4324], [-76.2589, 38.4331], [-76.259, 38.4337], [-76.2588, 38.4346], [-76.259, 38.4352], [-76.2594, 38.4354], [-76.2596, 38.436], [-76.2595, 38.4365], [-76.2596, 38.4369], [-76.2602, 38.4375], [-76.2603, 38.4384], [-76.2609, 38.439], [-76.2618, 38.4401], [-76.262, 38.4405], [-76.2622, 38.4404], [-76.262, 38.4398], [-76.2616, 38.4393], [-76.2608, 38.4384], [-76.2606, 38.4378], [-76.2605, 38.4371], [-76.2601, 38.4364], [-76.2597, 38.4355], [-76.2593, 38.4345], [-76.2595, 38.4339], [-76.2595, 38.4334], [-76.2592, 38.4328], [-76.2593, 38.4325], [-76.2595, 38.4322], [-76.2591, 38.4313], [-76.2585, 38.4306], [-76.2583, 38.4302], [-76.2588, 38.4297], [-76.2589, 38.4291], [-76.2589, 38.4286], [-76.2592, 38.4281], [-76.2594, 38.4276], [-76.2594, 38.4268], [-76.2596, 38.4265], [-76.2597, 38.4263], [-76.2596, 38.4261], [-76.2595, 38.426], [-76.2595, 38.4257], [-76.2597, 38.4255], [-76.2596, 38.4251], [-76.2602, 38.4249], [-76.2607, 38.4259], [-76.2612, 38.4268], [-76.2614, 38.4273], [-76.2617, 38.4274], [-76.2622, 38.4272], [-76.2631, 38.4274], [-76.2634, 38.4272], [-76.2633, 38.427], [-76.2624, 38.4266], [-76.2621, 38.4267], [-76.2619, 38.4267], [-76.2612, 38.426], [-76.2613, 38.4255], [-76.2609, 38.4249], [-76.2605, 38.4247], [-76.2602, 38.4245], [-76.26, 38.4246], [-76.2598, 38.4247], [-76.2599, 38.4242], [-76.2599, 38.4239], [-76.2601, 38.4237], [-76.2603, 38.4234], [-76.2605, 38.423], [-76.2605, 38.4227], [-76.2601, 38.4221], [-76.2601, 38.4219], [-76.26, 38.4216], [-76.2598, 38.4213], [-76.2597, 38.4211], [-76.2598, 38.4208], [-76.2601, 38.4203], [-76.2603, 38.4201], [-76.261, 38.4201], [-76.2613, 38.4203], [-76.2616, 38.4205], [-76.2619, 38.4207], [-76.2621, 38.4208], [-76.2624, 38.4208], [-76.2627, 38.4207], [-76.2631, 38.4203], [-76.2626, 38.42], [-76.2624, 38.4199], [-76.2622, 38.42], [-76.2619, 38.4198], [-76.2615, 38.4199], [-76.2612, 38.4199], [-76.2609, 38.4197], [-76.2608, 38.4194], [-76.2606, 38.4191], [-76.2602, 38.4189], [-76.2597, 38.4184], [-76.2599, 38.418], [-76.2603, 38.4177], [-76.2606, 38.4177], [-76.2609, 38.4176], [-76.2612, 38.4173], [-76.2613, 38.4171], [-76.2611, 38.417], [-76.2608, 38.4169], [-76.2605, 38.417], [-76.2604, 38.417], [-76.2602, 38.4167], [-76.2598, 38.4164], [-76.2598, 38.4161], [-76.26, 38.416], [-76.2602, 38.416], [-76.2604, 38.4157], [-76.2608, 38.4156], [-76.261, 38.4156], [-76.2613, 38.4161], [-76.2621, 38.4162], [-76.2624, 38.4158], [-76.2633, 38.416], [-76.2637, 38.4164], [-76.264, 38.4171], [-76.2646, 38.4173], [-76.2654, 38.4165], [-76.2655, 38.4166], [-76.2662, 38.417], [-76.2665, 38.4169], [-76.2668, 38.4168], [-76.2667, 38.417], [-76.2669, 38.4176], [-76.2667, 38.4177], [-76.2669, 38.4179], [-76.2671, 38.418], [-76.2673, 38.4176], [-76.2674, 38.4179], [-76.2682, 38.4184], [-76.2681, 38.4186], [-76.2685, 38.4188], [-76.2691, 38.419], [-76.2692, 38.4188], [-76.2686, 38.4184], [-76.2686, 38.4181], [-76.2697, 38.4178], [-76.2706, 38.4179], [-76.2712, 38.4181], [-76.2715, 38.4182], [-76.2706, 38.4194], [-76.2698, 38.4203], [-76.2708, 38.421], [-76.2706, 38.4232], [-76.271, 38.425], [-76.2712, 38.425], [-76.271, 38.4248], [-76.2709, 38.4244], [-76.2709, 38.4242], [-76.2711, 38.4241], [-76.2713, 38.424], [-76.2716, 38.4238], [-76.2716, 38.4237], [-76.2714, 38.4235], [-76.2717, 38.4234], [-76.2721, 38.4232], [-76.2722, 38.4231], [-76.2727, 38.4232], [-76.2727, 38.4229], [-76.2726, 38.4228], [-76.2724, 38.4228], [-76.2722, 38.4227], [-76.2724, 38.4225], [-76.2727, 38.4222], [-76.2727, 38.422], [-76.2732, 38.422], [-76.2733, 38.4219], [-76.2731, 38.4217], [-76.2727, 38.4212], [-76.272, 38.4207], [-76.2719, 38.4204], [-76.272, 38.4201], [-76.272, 38.4199], [-76.272, 38.4197], [-76.272, 38.4194], [-76.2721, 38.4192], [-76.2723, 38.4191], [-76.2718, 38.4186], [-76.2718, 38.418], [-76.2725, 38.4181], [-76.2736, 38.4191], [-76.2739, 38.4195], [-76.2735, 38.4198], [-76.2746, 38.4203], [-76.2766, 38.4208], [-76.2782, 38.4207], [-76.2784, 38.4211], [-76.2783, 38.4216], [-76.2785, 38.4219], [-76.2791, 38.4223], [-76.2793, 38.4223], [-76.2793, 38.4225], [-76.2793, 38.4227], [-76.2792, 38.4228], [-76.2792, 38.423], [-76.2791, 38.4232], [-76.2795, 38.4232], [-76.2799, 38.4233], [-76.2802, 38.4233], [-76.2806, 38.4232], [-76.2807, 38.4226], [-76.2809, 38.4222], [-76.2812, 38.4223], [-76.2815, 38.4222], [-76.2818, 38.4223], [-76.2824, 38.4223], [-76.2824, 38.4225], [-76.2826, 38.4227], [-76.2829, 38.4226], [-76.2832, 38.4227], [-76.2835, 38.4229], [-76.2836, 38.423], [-76.2836, 38.4232], [-76.2838, 38.4232], [-76.2841, 38.4233], [-76.2843, 38.4235], [-76.2845, 38.4234], [-76.2851, 38.4237], [-76.2856, 38.4237], [-76.2859, 38.4237], [-76.286, 38.4238], [-76.2863, 38.4241], [-76.2866, 38.424], [-76.2864, 38.4238], [-76.2866, 38.4232], [-76.2866, 38.4229], [-76.2864, 38.4227], [-76.2862, 38.4224], [-76.2861, 38.4221], [-76.2861, 38.4219], [-76.2861, 38.4218], [-76.2857, 38.4215], [-76.2855, 38.4214], [-76.2851, 38.421], [-76.285, 38.4205], [-76.2848, 38.4205], [-76.2846, 38.4206], [-76.284, 38.4205], [-76.2835, 38.4207], [-76.2833, 38.4207], [-76.2832, 38.4209], [-76.2831, 38.4211], [-76.2829, 38.4213], [-76.2827, 38.4213], [-76.2827, 38.4211], [-76.2826, 38.421], [-76.2822, 38.4213], [-76.2817, 38.421], [-76.2816, 38.4209], [-76.2812, 38.4207], [-76.2811, 38.4206], [-76.2808, 38.4207], [-76.2806, 38.4206], [-76.2805, 38.4205], [-76.2802, 38.4205], [-76.2797, 38.4207], [-76.279, 38.4205], [-76.279, 38.4203], [-76.2792, 38.4201], [-76.2818, 38.4206], [-76.2832, 38.4204], [-76.2855, 38.42], [-76.2861, 38.4201], [-76.2864, 38.4205], [-76.2866, 38.4208], [-76.2867, 38.4211], [-76.287, 38.4214], [-76.2872, 38.4217], [-76.2869, 38.4219], [-76.2873, 38.4221], [-76.2872, 38.4222], [-76.2872, 38.4231], [-76.2879, 38.4238], [-76.2881, 38.4243], [-76.2885, 38.4251], [-76.2885, 38.4264], [-76.2887, 38.427], [-76.289, 38.4274], [-76.2886, 38.4274], [-76.2884, 38.4272], [-76.2883, 38.4272], [-76.288, 38.4273], [-76.2877, 38.4275], [-76.2874, 38.428], [-76.287, 38.4283], [-76.2867, 38.4284], [-76.2865, 38.4286], [-76.2862, 38.4292], [-76.2858, 38.4293], [-76.2856, 38.4294], [-76.2856, 38.4297], [-76.2858, 38.43], [-76.2863, 38.4304], [-76.2866, 38.4309], [-76.2865, 38.4312], [-76.2864, 38.4315], [-76.2863, 38.4317], [-76.2862, 38.4318], [-76.2862, 38.432], [-76.2868, 38.4322], [-76.2872, 38.4321], [-76.2876, 38.4317], [-76.2876, 38.4311], [-76.2875, 38.4303], [-76.2875, 38.43], [-76.2879, 38.43], [-76.2879, 38.4298], [-76.2879, 38.4295], [-76.2882, 38.4295], [-76.2886, 38.4295], [-76.2889, 38.4293], [-76.2894, 38.4294], [-76.2895, 38.4295], [-76.2896, 38.4298], [-76.2895, 38.4302], [-76.2898, 38.4308], [-76.2898, 38.4311], [-76.2899, 38.4313], [-76.29, 38.4317], [-76.2901, 38.4321], [-76.2902, 38.4323], [-76.2904, 38.4327], [-76.2903, 38.4329], [-76.2905, 38.4332], [-76.2907, 38.4334], [-76.2908, 38.4335], [-76.2908, 38.4338], [-76.291, 38.434], [-76.2908, 38.4343], [-76.2905, 38.4348], [-76.2901, 38.4356], [-76.2903, 38.4358], [-76.2906, 38.4358], [-76.291, 38.4359], [-76.2917, 38.4366], [-76.292, 38.437], [-76.2919, 38.4381], [-76.292, 38.4384], [-76.2922, 38.439], [-76.2924, 38.4394], [-76.2921, 38.4398], [-76.292, 38.4402], [-76.2921, 38.4406], [-76.2923, 38.4411], [-76.2926, 38.4414], [-76.2926, 38.4417], [-76.2924, 38.442], [-76.2921, 38.4426], [-76.2923, 38.4429], [-76.2926, 38.443], [-76.2928, 38.4433], [-76.2931, 38.4435], [-76.2931, 38.4439], [-76.293, 38.4442], [-76.2932, 38.4444], [-76.293, 38.4446], [-76.293, 38.4451], [-76.2932, 38.4454], [-76.2934, 38.4457], [-76.2939, 38.4463], [-76.2938, 38.4464], [-76.2941, 38.4471], [-76.2942, 38.4474], [-76.2941, 38.4477], [-76.2942, 38.4481], [-76.2944, 38.4483], [-76.2947, 38.4484], [-76.2951, 38.4488], [-76.2955, 38.4493], [-76.2955, 38.4494], [-76.2958, 38.4496], [-76.2959, 38.4499], [-76.2962, 38.4505], [-76.2963, 38.4507], [-76.2966, 38.4509], [-76.2969, 38.4511], [-76.2969, 38.4513], [-76.2972, 38.4518], [-76.2976, 38.4522], [-76.2978, 38.4525], [-76.2983, 38.4528], [-76.2986, 38.453], [-76.299, 38.4532], [-76.2992, 38.453], [-76.2989, 38.4527], [-76.2986, 38.4524], [-76.2984, 38.4523], [-76.2983, 38.452], [-76.2982, 38.4519], [-76.2976, 38.4514], [-76.2975, 38.4511], [-76.2973, 38.4506], [-76.2969, 38.4503], [-76.2965, 38.45], [-76.2964, 38.4499], [-76.2964, 38.4496], [-76.2963, 38.4493], [-76.2962, 38.449], [-76.2955, 38.4481], [-76.2954, 38.4479], [-76.2952, 38.4479], [-76.2954, 38.4476], [-76.296, 38.4473], [-76.2962, 38.4472], [-76.2956, 38.4472], [-76.2953, 38.4471], [-76.295, 38.4466], [-76.295, 38.4459], [-76.2949, 38.4456], [-76.2945, 38.4455], [-76.2944, 38.4452], [-76.2944, 38.4451], [-76.2943, 38.4449], [-76.2943, 38.4446], [-76.2945, 38.4441], [-76.2944, 38.4435], [-76.294, 38.4428], [-76.2938, 38.4425], [-76.2938, 38.4422], [-76.294, 38.442], [-76.2939, 38.4419], [-76.2939, 38.4417], [-76.2939, 38.4414], [-76.2938, 38.4411], [-76.2937, 38.4408], [-76.2937, 38.4404], [-76.2939, 38.4402], [-76.294, 38.44], [-76.2941, 38.4398], [-76.2941, 38.4397], [-76.2942, 38.4394], [-76.2943, 38.4391], [-76.2939, 38.4385], [-76.2941, 38.4383], [-76.2943, 38.4379], [-76.2946, 38.4375], [-76.2943, 38.4374], [-76.2942, 38.4372], [-76.2942, 38.4369], [-76.2941, 38.4364], [-76.2938, 38.4355], [-76.2936, 38.4353], [-76.2934, 38.4351], [-76.2933, 38.4345], [-76.2933, 38.4338], [-76.293, 38.4334], [-76.293, 38.433], [-76.2929, 38.4328], [-76.2927, 38.4326], [-76.2925, 38.4322], [-76.2925, 38.4319], [-76.2924, 38.4316], [-76.2922, 38.4309], [-76.2919, 38.4306], [-76.2917, 38.4303], [-76.2918, 38.4301], [-76.2923, 38.4298], [-76.2927, 38.4299], [-76.2932, 38.4297], [-76.2929, 38.4295], [-76.2927, 38.4293], [-76.2925, 38.429], [-76.2922, 38.4289], [-76.2918, 38.4288], [-76.2917, 38.4286], [-76.2913, 38.4284], [-76.2911, 38.4283], [-76.2908, 38.4283], [-76.2906, 38.4278], [-76.2905, 38.4276], [-76.2904, 38.4273], [-76.2906, 38.427], [-76.2906, 38.4266], [-76.2904, 38.4259], [-76.2903, 38.4256], [-76.2905, 38.4256], [-76.2905, 38.4254], [-76.2904, 38.4251], [-76.2901, 38.4248], [-76.2899, 38.4248], [-76.2897, 38.4249], [-76.2894, 38.4249], [-76.2893, 38.425], [-76.2894, 38.4254], [-76.2898, 38.4259], [-76.2897, 38.4262], [-76.2893, 38.4265], [-76.2891, 38.4268], [-76.2893, 38.4271], [-76.2895, 38.4273], [-76.2897, 38.4276], [-76.2899, 38.4275], [-76.2899, 38.4276], [-76.2892, 38.4271], [-76.2888, 38.4267], [-76.2888, 38.4262], [-76.2889, 38.426], [-76.2887, 38.4251], [-76.2883, 38.4241], [-76.2878, 38.4233], [-76.2876, 38.4228], [-76.2877, 38.4226], [-76.2879, 38.4229], [-76.2881, 38.4231], [-76.2885, 38.4231], [-76.2888, 38.4233], [-76.2891, 38.4235], [-76.2894, 38.4237], [-76.2897, 38.4238], [-76.2899, 38.4241], [-76.2902, 38.4242], [-76.2906, 38.4244], [-76.2916, 38.4249], [-76.2932, 38.4257], [-76.2937, 38.4261], [-76.2949, 38.428], [-76.2952, 38.428], [-76.2953, 38.4282], [-76.2956, 38.4284], [-76.2961, 38.4291], [-76.2959, 38.43], [-76.2956, 38.4301], [-76.2956, 38.4306], [-76.296, 38.4308], [-76.2961, 38.431], [-76.2962, 38.4312], [-76.2963, 38.4316], [-76.2964, 38.4318], [-76.2964, 38.432], [-76.2964, 38.4323], [-76.2965, 38.4325], [-76.2967, 38.4328], [-76.2969, 38.4331], [-76.2978, 38.4337], [-76.2982, 38.4342], [-76.2983, 38.4344], [-76.2985, 38.4348], [-76.2987, 38.435], [-76.2992, 38.4355], [-76.2998, 38.4358], [-76.3001, 38.4359], [-76.3003, 38.4361], [-76.3004, 38.4362], [-76.3002, 38.4365], [-76.3003, 38.4367], [-76.3006, 38.4371], [-76.3003, 38.4374], [-76.3002, 38.4377], [-76.3002, 38.438], [-76.3006, 38.4387], [-76.3015, 38.4401], [-76.3031, 38.4422], [-76.3036, 38.4429], [-76.3041, 38.444], [-76.3053, 38.4452], [-76.3062, 38.4466], [-76.3081, 38.449], [-76.3101, 38.4505], [-76.3107, 38.4506], [-76.3111, 38.4505], [-76.3111, 38.4503], [-76.3113, 38.4502], [-76.3117, 38.4503], [-76.3118, 38.4504], [-76.312, 38.4509], [-76.3119, 38.4515], [-76.312, 38.4523], [-76.312, 38.4527], [-76.3118, 38.453], [-76.3119, 38.4532], [-76.3123, 38.4537], [-76.3126, 38.4543], [-76.313, 38.4547], [-76.3133, 38.455], [-76.3132, 38.4554], [-76.3132, 38.4557], [-76.3134, 38.4558], [-76.3134, 38.4561], [-76.3136, 38.4563], [-76.3142, 38.4569], [-76.3152, 38.4575], [-76.3157, 38.4577], [-76.3164, 38.4582], [-76.3171, 38.4585], [-76.3176, 38.4585], [-76.3181, 38.4583], [-76.3184, 38.4584], [-76.3185, 38.4587], [-76.3186, 38.4591], [-76.3194, 38.4598], [-76.3196, 38.46], [-76.32, 38.4604], [-76.3203, 38.4604], [-76.3207, 38.4609], [-76.3208, 38.4611], [-76.3208, 38.4616], [-76.3212, 38.4618], [-76.3214, 38.4618], [-76.3215, 38.4617], [-76.3216, 38.4619], [-76.3221, 38.4626], [-76.3223, 38.4628], [-76.3225, 38.4631], [-76.3225, 38.4633], [-76.3227, 38.4636], [-76.323, 38.464], [-76.3232, 38.4643], [-76.3234, 38.4644], [-76.3235, 38.4646], [-76.3236, 38.4648], [-76.3239, 38.4651], [-76.3244, 38.4658], [-76.3245, 38.4661], [-76.3247, 38.4663], [-76.3249, 38.4664], [-76.3254, 38.4669], [-76.3254, 38.467], [-76.3257, 38.4673], [-76.3257, 38.4674], [-76.3257, 38.4677], [-76.3267, 38.4689], [-76.3277, 38.4698], [-76.3283, 38.4707], [-76.3295, 38.4725], [-76.33, 38.4732], [-76.3305, 38.4733], [-76.3316, 38.4734], [-76.3305, 38.4735], [-76.3303, 38.4735], [-76.3305, 38.4743], [-76.3306, 38.4741], [-76.3306, 38.4736], [-76.3313, 38.4735], [-76.3317, 38.4743], [-76.3319, 38.4745], [-76.3321, 38.4748], [-76.3318, 38.4752], [-76.3316, 38.4754], [-76.3315, 38.4758], [-76.3317, 38.476], [-76.3316, 38.4764], [-76.3314, 38.4766], [-76.3315, 38.4768], [-76.3313, 38.477], [-76.3313, 38.4772], [-76.3312, 38.4774], [-76.331, 38.4778], [-76.331, 38.4779], [-76.331, 38.4788], [-76.3312, 38.4792], [-76.3314, 38.4793], [-76.3316, 38.4794], [-76.3318, 38.4797], [-76.3319, 38.4799], [-76.3322, 38.48], [-76.3324, 38.4803], [-76.3325, 38.4804], [-76.3327, 38.4805], [-76.3329, 38.4807], [-76.3334, 38.4812], [-76.3335, 38.4816], [-76.3336, 38.4819], [-76.3333, 38.4827], [-76.333, 38.4832], [-76.3328, 38.4836], [-76.3327, 38.4837], [-76.3329, 38.4838], [-76.3331, 38.4838], [-76.3335, 38.4841], [-76.3336, 38.4843], [-76.3335, 38.4843], [-76.3334, 38.4846], [-76.3333, 38.4848], [-76.3332, 38.4849], [-76.3331, 38.485], [-76.3329, 38.485], [-76.3329, 38.4852], [-76.3328, 38.4854], [-76.3328, 38.4857], [-76.3331, 38.486], [-76.3333, 38.4861], [-76.3335, 38.4862], [-76.3337, 38.4865], [-76.3337, 38.4868], [-76.3339, 38.4869], [-76.3338, 38.4872], [-76.3335, 38.4874], [-76.3335, 38.4873], [-76.3334, 38.4871], [-76.3332, 38.4871], [-76.3329, 38.4873], [-76.3328, 38.4871], [-76.3325, 38.487], [-76.3322, 38.487], [-76.3317, 38.4868], [-76.3315, 38.4867], [-76.3313, 38.4866], [-76.3311, 38.4865], [-76.3311, 38.4863], [-76.3307, 38.4863], [-76.3304, 38.4861], [-76.3302, 38.486], [-76.3299, 38.486], [-76.3297, 38.4862], [-76.3295, 38.4861], [-76.3289, 38.4859], [-76.3289, 38.4857], [-76.3289, 38.4855], [-76.3288, 38.4851], [-76.3287, 38.4846], [-76.3286, 38.4844], [-76.3286, 38.4841], [-76.3284, 38.4839], [-76.3284, 38.4838], [-76.3284, 38.4836], [-76.328, 38.4833], [-76.3274, 38.4829], [-76.3268, 38.4827], [-76.3266, 38.4825], [-76.3264, 38.4821], [-76.3261, 38.4819], [-76.326, 38.4816], [-76.3258, 38.4813], [-76.3256, 38.4812], [-76.3253, 38.4811], [-76.3252, 38.481], [-76.3251, 38.4811], [-76.3248, 38.4813], [-76.3247, 38.4814], [-76.3246, 38.4816], [-76.3246, 38.4819], [-76.3246, 38.4823], [-76.3247, 38.4827], [-76.3247, 38.4829], [-76.3248, 38.4831], [-76.3247, 38.4833], [-76.3248, 38.4838], [-76.3252, 38.4842], [-76.3256, 38.4845], [-76.3257, 38.4846], [-76.3259, 38.4851], [-76.3255, 38.4854], [-76.3253, 38.4856], [-76.3256, 38.4859], [-76.3254, 38.4862], [-76.3256, 38.4866], [-76.3257, 38.4868], [-76.3251, 38.4868], [-76.3249, 38.4869], [-76.325, 38.4871], [-76.3251, 38.4872], [-76.3249, 38.4874], [-76.325, 38.4875], [-76.3253, 38.4877], [-76.3254, 38.488], [-76.3255, 38.488], [-76.3258, 38.4881], [-76.3258, 38.4884], [-76.3256, 38.4886], [-76.3258, 38.4887], [-76.326, 38.4887], [-76.3262, 38.4888], [-76.3267, 38.4887], [-76.3268, 38.4889], [-76.3267, 38.4892], [-76.3266, 38.4894], [-76.3265, 38.4895], [-76.3265, 38.4899], [-76.3263, 38.4899], [-76.3262, 38.4898], [-76.3256, 38.4896], [-76.3251, 38.4899], [-76.325, 38.4903], [-76.3251, 38.4905], [-76.3248, 38.4906], [-76.3246, 38.4904], [-76.3246, 38.4902], [-76.3245, 38.4901], [-76.3241, 38.49], [-76.3238, 38.49], [-76.3234, 38.4903], [-76.323, 38.4907], [-76.3231, 38.4908], [-76.3237, 38.4908], [-76.3239, 38.491], [-76.3238, 38.4911], [-76.3235, 38.4912], [-76.3233, 38.4912], [-76.3231, 38.4912], [-76.3231, 38.4915], [-76.3234, 38.4916], [-76.3236, 38.4916], [-76.3237, 38.492], [-76.3238, 38.4924], [-76.3237, 38.4928], [-76.3236, 38.493], [-76.3236, 38.4931], [-76.3238, 38.4933], [-76.3238, 38.4934], [-76.3237, 38.4936], [-76.324, 38.4938], [-76.3244, 38.494], [-76.3248, 38.4941], [-76.3251, 38.494], [-76.3253, 38.4941], [-76.3255, 38.494], [-76.3254, 38.4943], [-76.3256, 38.4944], [-76.326, 38.4948], [-76.3262, 38.4948], [-76.3264, 38.4948], [-76.3265, 38.495], [-76.3267, 38.495], [-76.3271, 38.495], [-76.327, 38.4954], [-76.327, 38.4961], [-76.3272, 38.4965], [-76.3279, 38.4969], [-76.3282, 38.497], [-76.3285, 38.4974], [-76.3283, 38.4979], [-76.3284, 38.4982], [-76.3283, 38.4985], [-76.3283, 38.4989], [-76.3281, 38.4992], [-76.3277, 38.4991], [-76.3274, 38.4991], [-76.3267, 38.499], [-76.326, 38.4988], [-76.3248, 38.4987], [-76.3238, 38.4988], [-76.3235, 38.499], [-76.3233, 38.4988], [-76.3231, 38.4987], [-76.323, 38.4988], [-76.3228, 38.499], [-76.3221, 38.4988], [-76.3222, 38.4979], [-76.322, 38.4978], [-76.3212, 38.4977], [-76.3207, 38.4975], [-76.3202, 38.4974], [-76.3193, 38.4974], [-76.3188, 38.4974], [-76.3187, 38.4975], [-76.3183, 38.4976], [-76.3181, 38.4976], [-76.3175, 38.4977], [-76.3173, 38.4979], [-76.3171, 38.4979], [-76.3167, 38.4975], [-76.3166, 38.4972], [-76.3165, 38.497], [-76.3163, 38.497], [-76.3162, 38.4971], [-76.316, 38.497], [-76.3158, 38.4967], [-76.3157, 38.4964], [-76.3155, 38.4962], [-76.3152, 38.4961], [-76.315, 38.496], [-76.315, 38.4957], [-76.3148, 38.4957], [-76.3147, 38.4956], [-76.3147, 38.4952], [-76.3145, 38.495], [-76.3145, 38.4949], [-76.3143, 38.4949], [-76.3141, 38.495], [-76.314, 38.4949], [-76.314, 38.4947], [-76.3141, 38.4943], [-76.3138, 38.4941], [-76.3136, 38.4938], [-76.3134, 38.4939], [-76.313, 38.4939], [-76.3128, 38.494], [-76.3126, 38.4938], [-76.3122, 38.4933], [-76.3122, 38.4931], [-76.3118, 38.4927], [-76.3114, 38.4925], [-76.3101, 38.4929], [-76.3099, 38.493], [-76.3098, 38.4931], [-76.3095, 38.4933], [-76.3096, 38.4935], [-76.3093, 38.4938], [-76.309, 38.4943], [-76.3092, 38.4947], [-76.3093, 38.4948], [-76.3096, 38.495], [-76.3099, 38.4951], [-76.3104, 38.4952], [-76.3106, 38.4954], [-76.3108, 38.4956], [-76.3107, 38.4957], [-76.3106, 38.496], [-76.3108, 38.4962], [-76.3108, 38.4964], [-76.3106, 38.4963], [-76.31, 38.4965], [-76.3095, 38.4965], [-76.3091, 38.4966], [-76.3086, 38.4968], [-76.3083, 38.4968], [-76.3077, 38.497], [-76.3074, 38.4971], [-76.3073, 38.4973], [-76.3071, 38.4972], [-76.307, 38.4974], [-76.3071, 38.4976], [-76.3072, 38.4978], [-76.307, 38.4979], [-76.3067, 38.4977], [-76.3063, 38.497], [-76.3061, 38.4969], [-76.3059, 38.4966], [-76.3057, 38.4965], [-76.3054, 38.4967], [-76.3054, 38.4969], [-76.3055, 38.4971], [-76.3056, 38.4974], [-76.3056, 38.4975], [-76.3056, 38.4979], [-76.3054, 38.498], [-76.3052, 38.4978], [-76.3047, 38.498], [-76.3043, 38.4979], [-76.3042, 38.4977], [-76.3039, 38.4977], [-76.304, 38.498], [-76.3038, 38.4982], [-76.3039, 38.4984], [-76.3041, 38.4985], [-76.3041, 38.499], [-76.3041, 38.4993], [-76.3037, 38.4995], [-76.3034, 38.4994], [-76.3032, 38.4991], [-76.303, 38.4989], [-76.3027, 38.499], [-76.3026, 38.499], [-76.3019, 38.4992], [-76.3016, 38.4994], [-76.3017, 38.4997], [-76.3017, 38.4999], [-76.3015, 38.5001], [-76.3012, 38.5001], [-76.3009, 38.5002], [-76.3009, 38.5004], [-76.301, 38.5007], [-76.3007, 38.5008], [-76.3007, 38.5009], [-76.3002, 38.5012], [-76.2997, 38.5013], [-76.2995, 38.5012], [-76.2995, 38.501], [-76.2993, 38.5009], [-76.2982, 38.5012], [-76.2967, 38.5013], [-76.2951, 38.5015], [-76.2945, 38.5017], [-76.2938, 38.5017], [-76.2934, 38.5017], [-76.2915, 38.5023], [-76.2916, 38.5025], [-76.2913, 38.5028], [-76.2905, 38.5029], [-76.2904, 38.5028], [-76.2893, 38.503], [-76.2881, 38.5035]], [[-76.2496, 38.3957], [-76.2485, 38.3953], [-76.2481, 38.3952], [-76.2478, 38.3952], [-76.2477, 38.3954], [-76.2474, 38.3954], [-76.247, 38.3954], [-76.2468, 38.3954], [-76.2466, 38.3956], [-76.2461, 38.3957], [-76.2457, 38.3956], [-76.245, 38.3958], [-76.2444, 38.3961], [-76.244, 38.3969], [-76.2441, 38.3973], [-76.2446, 38.3975], [-76.2456, 38.3974], [-76.2457, 38.3977], [-76.2452, 38.3979], [-76.2447, 38.398], [-76.2443, 38.3979], [-76.2441, 38.3975], [-76.2437, 38.397], [-76.2434, 38.3968], [-76.2437, 38.3964], [-76.2433, 38.3967], [-76.2424, 38.3967], [-76.2419, 38.3967], [-76.241, 38.3971], [-76.2401, 38.3975], [-76.2397, 38.3981], [-76.2399, 38.3985], [-76.2399, 38.3986], [-76.2391, 38.3985], [-76.2382, 38.3985], [-76.2364, 38.398], [-76.2327, 38.3968], [-76.2316, 38.396], [-76.2302, 38.3946], [-76.23, 38.3942], [-76.2301, 38.3939], [-76.2304, 38.3936], [-76.2306, 38.3936], [-76.2307, 38.3935], [-76.2307, 38.3933], [-76.231, 38.3932], [-76.2312, 38.3931], [-76.2314, 38.3929], [-76.2313, 38.3927], [-76.2318, 38.3925], [-76.2319, 38.3922], [-76.2317, 38.3921], [-76.2319, 38.3918], [-76.232, 38.3917], [-76.232, 38.3915], [-76.2321, 38.3913], [-76.2319, 38.3912], [-76.232, 38.3909], [-76.2322, 38.3909], [-76.2329, 38.3913], [-76.2332, 38.3913], [-76.2334, 38.3912], [-76.2342, 38.3913], [-76.2342, 38.3912], [-76.2335, 38.391], [-76.2332, 38.391], [-76.2326, 38.3907], [-76.2327, 38.3906], [-76.2327, 38.3904], [-76.2325, 38.3903], [-76.2325, 38.3901], [-76.2325, 38.3898], [-76.2324, 38.3895], [-76.2323, 38.3892], [-76.2326, 38.3891], [-76.2327, 38.3889], [-76.2325, 38.3887], [-76.2324, 38.3886], [-76.2322, 38.3884], [-76.2321, 38.3882], [-76.232, 38.388], [-76.232, 38.3878], [-76.2318, 38.3877], [-76.2319, 38.3875], [-76.2318, 38.3872], [-76.232, 38.387], [-76.2319, 38.3869], [-76.2317, 38.3869], [-76.2311, 38.3859], [-76.2308, 38.3858], [-76.2306, 38.3856], [-76.2302, 38.3852], [-76.229, 38.3848], [-76.2289, 38.3847], [-76.2288, 38.3844], [-76.2286, 38.3842], [-76.2284, 38.3839], [-76.2285, 38.3838], [-76.2283, 38.3836], [-76.2281, 38.3832], [-76.2281, 38.383], [-76.2278, 38.3829], [-76.2277, 38.3826], [-76.2274, 38.3822], [-76.227, 38.382], [-76.227, 38.3817], [-76.2272, 38.3816], [-76.2271, 38.3814], [-76.2269, 38.3808], [-76.227, 38.3807], [-76.2272, 38.3807], [-76.2273, 38.3809], [-76.2279, 38.3809], [-76.2281, 38.3808], [-76.2282, 38.3806], [-76.2283, 38.3805], [-76.2287, 38.3805], [-76.2289, 38.3805], [-76.2293, 38.3803], [-76.2294, 38.3803], [-76.2296, 38.38], [-76.2298, 38.3801], [-76.2302, 38.3801], [-76.2305, 38.3802], [-76.2309, 38.3804], [-76.2312, 38.3802], [-76.2313, 38.3799], [-76.2313, 38.3797], [-76.2311, 38.3796], [-76.2309, 38.3793], [-76.2309, 38.3791], [-76.2311, 38.3789], [-76.2313, 38.379], [-76.2313, 38.3787], [-76.2316, 38.3787], [-76.2318, 38.3789], [-76.232, 38.3788], [-76.2318, 38.3786], [-76.2314, 38.3784], [-76.2313, 38.3781], [-76.2315, 38.3782], [-76.2316, 38.3781], [-76.2317, 38.378], [-76.2319, 38.3778], [-76.2319, 38.3775], [-76.2321, 38.3778], [-76.2324, 38.3778], [-76.2327, 38.3777], [-76.233, 38.377], [-76.2328, 38.3767], [-76.2328, 38.3764], [-76.2328, 38.3757], [-76.2329, 38.3752], [-76.2325, 38.3747], [-76.2326, 38.3746], [-76.2328, 38.3737], [-76.2327, 38.3736], [-76.2325, 38.3733], [-76.2323, 38.3729], [-76.2321, 38.3728], [-76.2322, 38.3726], [-76.2324, 38.3722], [-76.2322, 38.372], [-76.2318, 38.3717], [-76.2316, 38.3716], [-76.2316, 38.3714], [-76.2319, 38.3713], [-76.232, 38.3712], [-76.2319, 38.3711], [-76.2321, 38.3709], [-76.2319, 38.3705], [-76.2316, 38.3703], [-76.2315, 38.3703], [-76.2313, 38.3704], [-76.2312, 38.3703], [-76.231, 38.3701], [-76.2312, 38.3699], [-76.2313, 38.3696], [-76.2314, 38.3685], [-76.2315, 38.3682], [-76.2313, 38.3682], [-76.2312, 38.368], [-76.2313, 38.368], [-76.2314, 38.3677], [-76.2316, 38.3678], [-76.2316, 38.3676], [-76.2313, 38.3674], [-76.2317, 38.3671], [-76.2319, 38.3673], [-76.2323, 38.3674], [-76.2324, 38.3673], [-76.2326, 38.3673], [-76.2329, 38.3673], [-76.2332, 38.3669], [-76.233, 38.3666], [-76.2332, 38.3665], [-76.2333, 38.3666], [-76.2335, 38.3665], [-76.2341, 38.3666], [-76.2342, 38.3668], [-76.2342, 38.3671], [-76.2341, 38.3674], [-76.2343, 38.3676], [-76.2345, 38.3677], [-76.2349, 38.3681], [-76.2352, 38.3683], [-76.2359, 38.3682], [-76.2362, 38.3684], [-76.2363, 38.3688], [-76.2367, 38.3691], [-76.2373, 38.3692], [-76.2375, 38.3695], [-76.2376, 38.3703], [-76.2379, 38.3706], [-76.2378, 38.3708], [-76.2381, 38.371], [-76.2386, 38.3714], [-76.2388, 38.3716], [-76.2383, 38.3722], [-76.2384, 38.3723], [-76.2387, 38.3725], [-76.239, 38.3726], [-76.2395, 38.373], [-76.2398, 38.3731], [-76.2399, 38.3734], [-76.2401, 38.3735], [-76.2399, 38.3739], [-76.2398, 38.3743], [-76.2401, 38.3745], [-76.2405, 38.3746], [-76.2406, 38.3748], [-76.241, 38.375], [-76.2413, 38.3751], [-76.2415, 38.3748], [-76.2414, 38.3746], [-76.2412, 38.3747], [-76.2409, 38.3747], [-76.2407, 38.3745], [-76.24, 38.3742], [-76.2401, 38.374], [-76.2404, 38.3738], [-76.2404, 38.3735], [-76.2402, 38.3734], [-76.2401, 38.3732], [-76.2401, 38.3729], [-76.2398, 38.3728], [-76.2395, 38.3724], [-76.239, 38.3722], [-76.2389, 38.372], [-76.2391, 38.3718], [-76.239, 38.3712], [-76.2386, 38.371], [-76.2383, 38.3706], [-76.238, 38.3701], [-76.2379, 38.3693], [-76.2374, 38.3688], [-76.237, 38.3686], [-76.2372, 38.3684], [-76.2371, 38.3683], [-76.237, 38.3681], [-76.2371, 38.3678], [-76.2375, 38.3675], [-76.2373, 38.3675], [-76.2369, 38.3678], [-76.2367, 38.3679], [-76.2363, 38.3677], [-76.2359, 38.3675], [-76.2355, 38.3676], [-76.2349, 38.3675], [-76.2346, 38.3671], [-76.2347, 38.367], [-76.2349, 38.367], [-76.2351, 38.367], [-76.2352, 38.3668], [-76.2354, 38.3667], [-76.2356, 38.3664], [-76.2353, 38.3662], [-76.2351, 38.366], [-76.2349, 38.3658], [-76.2347, 38.3658], [-76.234, 38.3654], [-76.2341, 38.3653], [-76.2341, 38.3651], [-76.2339, 38.365], [-76.2336, 38.3645], [-76.2334, 38.3644], [-76.2332, 38.3641], [-76.2333, 38.364], [-76.2332, 38.3638], [-76.233, 38.3636], [-76.2332, 38.363], [-76.2331, 38.3628], [-76.233, 38.3626], [-76.2325, 38.3624], [-76.2325, 38.3621], [-76.2324, 38.3618], [-76.2321, 38.3615], [-76.2317, 38.3612], [-76.2315, 38.3612], [-76.2316, 38.3611], [-76.2316, 38.3609], [-76.2312, 38.3605], [-76.231, 38.3606], [-76.2309, 38.3605], [-76.231, 38.3603], [-76.2309, 38.3601], [-76.2308, 38.3598], [-76.2306, 38.3595], [-76.2308, 38.3594], [-76.2308, 38.3591], [-76.231, 38.359], [-76.2314, 38.359], [-76.2318, 38.3592], [-76.232, 38.3593], [-76.2324, 38.3592], [-76.2326, 38.3595], [-76.2333, 38.3599], [-76.2335, 38.36], [-76.2339, 38.3601], [-76.2345, 38.3603], [-76.2347, 38.3604], [-76.2349, 38.3608], [-76.2352, 38.3609], [-76.2354, 38.3609], [-76.2354, 38.3613], [-76.2356, 38.3615], [-76.2359, 38.3617], [-76.2361, 38.3615], [-76.236, 38.3612], [-76.2358, 38.3611], [-76.2357, 38.361], [-76.2358, 38.3609], [-76.2355, 38.3607], [-76.2353, 38.3607], [-76.2351, 38.3606], [-76.2351, 38.3603], [-76.2349, 38.3601], [-76.2344, 38.3601], [-76.2342, 38.36], [-76.2339, 38.36], [-76.2336, 38.3598], [-76.2333, 38.3595], [-76.2331, 38.3593], [-76.2328, 38.3592], [-76.2327, 38.359], [-76.2323, 38.359], [-76.2318, 38.3588], [-76.2316, 38.3586], [-76.2314, 38.3585], [-76.2312, 38.3586], [-76.2311, 38.3584], [-76.2307, 38.3583], [-76.2304, 38.3583], [-76.2302, 38.3583], [-76.2298, 38.3583], [-76.2301, 38.3582], [-76.23, 38.358], [-76.23, 38.3578], [-76.2302, 38.3578], [-76.2302, 38.3576], [-76.23, 38.3575], [-76.2299, 38.3574], [-76.2298, 38.3573], [-76.2299, 38.357], [-76.2297, 38.3569], [-76.2293, 38.357], [-76.2297, 38.3568], [-76.2297, 38.3567], [-76.2297, 38.3565], [-76.2294, 38.3564], [-76.229, 38.3563], [-76.2288, 38.3564], [-76.2286, 38.3565], [-76.2285, 38.3563], [-76.2287, 38.3564], [-76.2287, 38.3563], [-76.2287, 38.3561], [-76.229, 38.3561], [-76.2291, 38.3559], [-76.2292, 38.3558], [-76.2294, 38.3558], [-76.2297, 38.3556], [-76.2298, 38.3554], [-76.2296, 38.3553], [-76.2297, 38.3551], [-76.2298, 38.3548], [-76.2297, 38.3546], [-76.2295, 38.3543], [-76.2293, 38.3542], [-76.2293, 38.3539], [-76.2291, 38.3537], [-76.2293, 38.3536], [-76.2292, 38.3534], [-76.2291, 38.3532], [-76.2292, 38.3531], [-76.2288, 38.3528], [-76.2286, 38.3527], [-76.2288, 38.3526], [-76.2289, 38.3523], [-76.2288, 38.3519], [-76.2285, 38.3516], [-76.2277, 38.3514], [-76.2273, 38.3513], [-76.2276, 38.3508], [-76.2278, 38.3508], [-76.2278, 38.3502], [-76.2279, 38.35], [-76.2281, 38.3498], [-76.2287, 38.3498], [-76.2287, 38.35], [-76.229, 38.35], [-76.2291, 38.3502], [-76.2287, 38.3503], [-76.2286, 38.3505], [-76.2288, 38.3507], [-76.229, 38.3507], [-76.2295, 38.3515], [-76.2301, 38.3514], [-76.2301, 38.3517], [-76.2298, 38.3518], [-76.2296, 38.3519], [-76.2302, 38.3518], [-76.2305, 38.3523], [-76.2308, 38.3525], [-76.231, 38.3527], [-76.2311, 38.3529], [-76.2309, 38.3531], [-76.2309, 38.3532], [-76.2311, 38.3531], [-76.2312, 38.3529], [-76.2311, 38.3526], [-76.2309, 38.3523], [-76.2307, 38.3523], [-76.2307, 38.352], [-76.2306, 38.3517], [-76.2307, 38.3513], [-76.2306, 38.3511], [-76.2308, 38.351], [-76.2306, 38.3508], [-76.2304, 38.3503], [-76.2303, 38.35], [-76.2308, 38.3496], [-76.2317, 38.349], [-76.2322, 38.3488], [-76.2327, 38.3487], [-76.2332, 38.3486], [-76.2333, 38.3487], [-76.2335, 38.3489], [-76.2343, 38.3488], [-76.2347, 38.3487], [-76.2347, 38.3485], [-76.2345, 38.3485], [-76.234, 38.3485], [-76.2335, 38.3484], [-76.2325, 38.3484], [-76.2324, 38.3481], [-76.2325, 38.3481], [-76.2329, 38.3481], [-76.2343, 38.3477], [-76.235, 38.3476], [-76.2356, 38.3472], [-76.2357, 38.347], [-76.2361, 38.347], [-76.2365, 38.347], [-76.2367, 38.3471], [-76.2369, 38.347], [-76.2372, 38.3472], [-76.2373, 38.3473], [-76.2374, 38.3478], [-76.2381, 38.348], [-76.2384, 38.3483], [-76.2386, 38.3484], [-76.2388, 38.3486], [-76.2388, 38.3488], [-76.2388, 38.3489], [-76.2387, 38.3491], [-76.2387, 38.3492], [-76.2385, 38.3494], [-76.2384, 38.3495], [-76.2384, 38.3498], [-76.2383, 38.3499], [-76.2385, 38.3506], [-76.2388, 38.3508], [-76.2391, 38.3508], [-76.2389, 38.351], [-76.2389, 38.3512], [-76.2391, 38.3514], [-76.2395, 38.3515], [-76.24, 38.3518], [-76.2399, 38.3519], [-76.24, 38.3521], [-76.2401, 38.3522], [-76.2404, 38.3523], [-76.2407, 38.3524], [-76.2407, 38.3526], [-76.2403, 38.3525], [-76.2402, 38.3526], [-76.2401, 38.3528], [-76.2403, 38.353], [-76.2407, 38.3538], [-76.2409, 38.3544], [-76.2418, 38.3551], [-76.2425, 38.3561], [-76.243, 38.3567], [-76.243, 38.3574], [-76.2437, 38.3579], [-76.2441, 38.3586], [-76.2445, 38.3591], [-76.2447, 38.3594], [-76.2459, 38.36], [-76.2462, 38.3603], [-76.2467, 38.3606], [-76.2473, 38.3613], [-76.2476, 38.3614], [-76.2478, 38.3614], [-76.248, 38.3613], [-76.2486, 38.3613], [-76.2492, 38.3611], [-76.2498, 38.3618], [-76.2497, 38.3629], [-76.2494, 38.363], [-76.2494, 38.3629], [-76.2491, 38.3629], [-76.2486, 38.3634], [-76.2488, 38.3638], [-76.2489, 38.3642], [-76.2491, 38.3643], [-76.2494, 38.3645], [-76.2498, 38.3647], [-76.2501, 38.3651], [-76.25, 38.3652], [-76.2497, 38.3652], [-76.2492, 38.365], [-76.2492, 38.3651], [-76.2492, 38.3653], [-76.2496, 38.3657], [-76.2494, 38.3659], [-76.2497, 38.3661], [-76.2498, 38.3666], [-76.2495, 38.3666], [-76.2497, 38.3667], [-76.2498, 38.3669], [-76.2496, 38.3669], [-76.2497, 38.3671], [-76.2497, 38.3674], [-76.2495, 38.3673], [-76.2495, 38.3671], [-76.2493, 38.3672], [-76.2493, 38.3676], [-76.2492, 38.3679], [-76.2487, 38.3677], [-76.2483, 38.3678], [-76.2481, 38.3677], [-76.2479, 38.3678], [-76.2477, 38.3678], [-76.2472, 38.3675], [-76.2472, 38.3677], [-76.2475, 38.3679], [-76.2478, 38.368], [-76.248, 38.368], [-76.2483, 38.368], [-76.2487, 38.368], [-76.2489, 38.3684], [-76.2489, 38.3686], [-76.2491, 38.3689], [-76.2493, 38.3689], [-76.2492, 38.3688], [-76.2491, 38.3686], [-76.2494, 38.3684], [-76.2497, 38.3682], [-76.2499, 38.3681], [-76.25, 38.368], [-76.2514, 38.3686], [-76.2517, 38.3688], [-76.2522, 38.3688], [-76.2527, 38.3692], [-76.2531, 38.3693], [-76.2538, 38.3693], [-76.2537, 38.3695], [-76.2533, 38.3697], [-76.2531, 38.37], [-76.2532, 38.3701], [-76.2533, 38.3702], [-76.2534, 38.3705], [-76.2534, 38.3708], [-76.2535, 38.3709], [-76.2534, 38.3712], [-76.2537, 38.3712], [-76.2536, 38.3711], [-76.2537, 38.3709], [-76.2536, 38.3705], [-76.2537, 38.3703], [-76.2536, 38.3701], [-76.2537, 38.3699], [-76.2544, 38.3696], [-76.2543, 38.3691], [-76.254, 38.3687], [-76.2525, 38.3677], [-76.2526, 38.3675], [-76.2533, 38.3673], [-76.2534, 38.367], [-76.2535, 38.3668], [-76.2533, 38.3665], [-76.2534, 38.3661], [-76.2539, 38.366], [-76.2541, 38.366], [-76.2552, 38.3666], [-76.2561, 38.367], [-76.2569, 38.3672], [-76.2573, 38.367], [-76.2575, 38.3666], [-76.2578, 38.3666], [-76.258, 38.3668], [-76.2578, 38.3669], [-76.2577, 38.3669], [-76.2572, 38.3671], [-76.257, 38.3672], [-76.2569, 38.3675], [-76.257, 38.3679], [-76.2572, 38.3681], [-76.2575, 38.3686], [-76.2583, 38.3694], [-76.2578, 38.3694], [-76.2568, 38.3692], [-76.2563, 38.3692], [-76.2565, 38.3695], [-76.2566, 38.3697], [-76.2569, 38.3698], [-76.2571, 38.3699], [-76.2572, 38.3701], [-76.259, 38.3709], [-76.2594, 38.371], [-76.2596, 38.3709], [-76.26, 38.3708], [-76.2605, 38.3709], [-76.2608, 38.371], [-76.2609, 38.3713], [-76.2608, 38.3714], [-76.2611, 38.3717], [-76.2614, 38.3718], [-76.2616, 38.372], [-76.2617, 38.3722], [-76.2618, 38.3724], [-76.262, 38.3724], [-76.2622, 38.3725], [-76.2621, 38.3728], [-76.2625, 38.3732], [-76.263, 38.3736], [-76.2632, 38.3739], [-76.2635, 38.374], [-76.2638, 38.374], [-76.264, 38.3739], [-76.2641, 38.374], [-76.2644, 38.3741], [-76.2648, 38.3743], [-76.2651, 38.3748], [-76.2656, 38.3751], [-76.266, 38.3752], [-76.2665, 38.3754], [-76.2662, 38.3756], [-76.2661, 38.3758], [-76.2661, 38.3761], [-76.2664, 38.3763], [-76.2672, 38.3766], [-76.2677, 38.377], [-76.2677, 38.3772], [-76.267, 38.3774], [-76.2669, 38.3775], [-76.2673, 38.3775], [-76.268, 38.3773], [-76.2684, 38.3774], [-76.2685, 38.3776], [-76.268, 38.3787], [-76.2679, 38.3789], [-76.2684, 38.3794], [-76.2692, 38.3799], [-76.2701, 38.3802], [-76.2714, 38.3816], [-76.2717, 38.3829], [-76.2701, 38.3823], [-76.2697, 38.3822], [-76.2693, 38.3827], [-76.2683, 38.3838], [-76.2675, 38.383], [-76.2663, 38.3824], [-76.2642, 38.3814], [-76.2656, 38.3823], [-76.2657, 38.3835], [-76.2638, 38.3843], [-76.2642, 38.3848], [-76.2649, 38.384], [-76.2669, 38.3832], [-76.2685, 38.3846], [-76.2688, 38.3844], [-76.2697, 38.3837], [-76.2721, 38.3829], [-76.2719, 38.3815], [-76.2714, 38.3808], [-76.2714, 38.3805], [-76.2713, 38.3804], [-76.2712, 38.3802], [-76.2715, 38.3803], [-76.2718, 38.3805], [-76.2719, 38.3806], [-76.2726, 38.3807], [-76.2734, 38.3811], [-76.2737, 38.3813], [-76.2738, 38.3812], [-76.2739, 38.381], [-76.2739, 38.3807], [-76.2733, 38.3806], [-76.2731, 38.3803], [-76.2727, 38.3802], [-76.2721, 38.3799], [-76.2721, 38.3797], [-76.2723, 38.3796], [-76.2725, 38.3796], [-76.2725, 38.3793], [-76.2722, 38.3792], [-76.2716, 38.3795], [-76.2713, 38.3795], [-76.271, 38.3796], [-76.2712, 38.3799], [-76.2712, 38.3801], [-76.2709, 38.38], [-76.2709, 38.3793], [-76.2717, 38.3787], [-76.2722, 38.3787], [-76.2722, 38.3783], [-76.272, 38.3783], [-76.2708, 38.3791], [-76.2706, 38.3797], [-76.2705, 38.3798], [-76.2696, 38.3795], [-76.2693, 38.3795], [-76.2687, 38.379], [-76.2687, 38.3785], [-76.269, 38.3784], [-76.2693, 38.3785], [-76.2693, 38.3783], [-76.2691, 38.3782], [-76.2694, 38.3783], [-76.2696, 38.3784], [-76.2695, 38.378], [-76.2695, 38.3776], [-76.2693, 38.3764], [-76.2692, 38.3763], [-76.2694, 38.3762], [-76.2693, 38.376], [-76.2691, 38.3759], [-76.2689, 38.3759], [-76.2684, 38.3754], [-76.2682, 38.3754], [-76.2679, 38.3751], [-76.2678, 38.3749], [-76.2677, 38.3745], [-76.2673, 38.3742], [-76.2669, 38.374], [-76.2661, 38.3737], [-76.266, 38.3734], [-76.2663, 38.3734], [-76.2668, 38.3736], [-76.2678, 38.3744], [-76.2695, 38.3752], [-76.2701, 38.3752], [-76.2709, 38.3754], [-76.2713, 38.3758], [-76.2715, 38.3759], [-76.2716, 38.3756], [-76.271, 38.3752], [-76.2696, 38.3749], [-76.2694, 38.3747], [-76.2696, 38.3746], [-76.2699, 38.3745], [-76.2702, 38.3746], [-76.2707, 38.3745], [-76.271, 38.3746], [-76.2719, 38.3765], [-76.2721, 38.377], [-76.2722, 38.3773], [-76.2724, 38.3778], [-76.2726, 38.3783], [-76.2735, 38.3796], [-76.2742, 38.3802], [-76.2747, 38.3806], [-76.2748, 38.3809], [-76.2754, 38.3815], [-76.2759, 38.3815], [-76.2769, 38.3821], [-76.2777, 38.3819], [-76.278, 38.3818], [-76.278, 38.3823], [-76.2784, 38.3828], [-76.2788, 38.3831], [-76.2787, 38.3834], [-76.2782, 38.3833], [-76.2777, 38.3833], [-76.2776, 38.3835], [-76.2775, 38.3841], [-76.2777, 38.3843], [-76.2777, 38.3846], [-76.2779, 38.3849], [-76.2779, 38.3851], [-76.2778, 38.3852], [-76.2775, 38.3852], [-76.2773, 38.3853], [-76.2772, 38.3856], [-76.2769, 38.3859], [-76.2771, 38.3862], [-76.2773, 38.3862], [-76.2776, 38.3864], [-76.2778, 38.3865], [-76.2781, 38.3864], [-76.2785, 38.3864], [-76.2783, 38.3866], [-76.2783, 38.3868], [-76.2783, 38.3871], [-76.2784, 38.3873], [-76.2787, 38.3874], [-76.2789, 38.3875], [-76.2791, 38.3874], [-76.2794, 38.3873], [-76.2797, 38.3871], [-76.2796, 38.3874], [-76.2797, 38.3879], [-76.2798, 38.3883], [-76.2797, 38.3885], [-76.2796, 38.3886], [-76.28, 38.3888], [-76.2802, 38.3887], [-76.2804, 38.3888], [-76.2805, 38.3889], [-76.2808, 38.3887], [-76.2811, 38.3887], [-76.2816, 38.389], [-76.2818, 38.3891], [-76.2819, 38.3893], [-76.2817, 38.3896], [-76.2818, 38.3898], [-76.2816, 38.39], [-76.2812, 38.3902], [-76.2814, 38.3905], [-76.2813, 38.3906], [-76.2808, 38.3907], [-76.2806, 38.3909], [-76.2806, 38.3911], [-76.2808, 38.3913], [-76.2814, 38.3913], [-76.2817, 38.3915], [-76.282, 38.3918], [-76.2825, 38.3919], [-76.2826, 38.3922], [-76.2823, 38.3924], [-76.2822, 38.3927], [-76.2817, 38.3931], [-76.2813, 38.3938], [-76.2808, 38.3948], [-76.2804, 38.3957], [-76.28, 38.3958], [-76.2799, 38.3963], [-76.28, 38.3966], [-76.2802, 38.3967], [-76.2803, 38.397], [-76.2804, 38.3971], [-76.2803, 38.3973], [-76.2806, 38.3976], [-76.281, 38.3978], [-76.281, 38.398], [-76.2806, 38.3978], [-76.2804, 38.398], [-76.2802, 38.3981], [-76.2795, 38.4003], [-76.2793, 38.4018], [-76.2792, 38.4025], [-76.2792, 38.4032], [-76.2792, 38.4035], [-76.2793, 38.4038], [-76.2793, 38.4041], [-76.2792, 38.4044], [-76.2792, 38.405], [-76.2794, 38.4052], [-76.2794, 38.4055], [-76.2797, 38.4065], [-76.2799, 38.4075], [-76.2803, 38.408], [-76.2806, 38.4083], [-76.2806, 38.4085], [-76.2807, 38.4088], [-76.2809, 38.4092], [-76.2805, 38.4098], [-76.2804, 38.4101], [-76.2805, 38.4103], [-76.2811, 38.4107], [-76.2815, 38.4112], [-76.2816, 38.4115], [-76.2818, 38.4118], [-76.2818, 38.4119], [-76.2817, 38.4122], [-76.2815, 38.4127], [-76.2818, 38.4138], [-76.2821, 38.4143], [-76.2824, 38.4147], [-76.2822, 38.4148], [-76.2822, 38.415], [-76.2825, 38.4153], [-76.2823, 38.4155], [-76.2824, 38.4158], [-76.2828, 38.4157], [-76.2829, 38.4159], [-76.2826, 38.4159], [-76.2828, 38.4165], [-76.2833, 38.417], [-76.2838, 38.4171], [-76.2843, 38.4168], [-76.2844, 38.4166], [-76.2848, 38.4168], [-76.285, 38.417], [-76.2849, 38.4171], [-76.2845, 38.4172], [-76.2844, 38.4173], [-76.2845, 38.4179], [-76.2849, 38.4181], [-76.2852, 38.4183], [-76.2854, 38.4185], [-76.2857, 38.4186], [-76.2861, 38.4189], [-76.2859, 38.419], [-76.2861, 38.4191], [-76.2863, 38.4193], [-76.2862, 38.4195], [-76.2855, 38.4196], [-76.2831, 38.42], [-76.282, 38.4201], [-76.2802, 38.4198], [-76.2788, 38.4197], [-76.2775, 38.4199], [-76.2759, 38.4194], [-76.2756, 38.4191], [-76.2756, 38.4189], [-76.2755, 38.4188], [-76.2752, 38.4188], [-76.275, 38.4189], [-76.2745, 38.4188], [-76.2743, 38.4187], [-76.274, 38.4186], [-76.2738, 38.4184], [-76.2738, 38.4182], [-76.2739, 38.4181], [-76.2744, 38.4179], [-76.2747, 38.4177], [-76.2743, 38.4176], [-76.2741, 38.4178], [-76.274, 38.418], [-76.2738, 38.4178], [-76.2738, 38.4176], [-76.2739, 38.4174], [-76.2739, 38.4172], [-76.2738, 38.417], [-76.2742, 38.4164], [-76.2744, 38.4163], [-76.2746, 38.4162], [-76.2748, 38.4161], [-76.2746, 38.416], [-76.2743, 38.4161], [-76.2742, 38.4162], [-76.274, 38.4162], [-76.2738, 38.4163], [-76.2736, 38.4162], [-76.2736, 38.416], [-76.2735, 38.4158], [-76.2735, 38.4156], [-76.2734, 38.4159], [-76.2734, 38.4161], [-76.2736, 38.4165], [-76.2737, 38.4168], [-76.2734, 38.4171], [-76.2733, 38.4174], [-76.273, 38.4173], [-76.273, 38.4169], [-76.2729, 38.4166], [-76.2727, 38.4164], [-76.2725, 38.4161], [-76.2726, 38.4158], [-76.2724, 38.4154], [-76.2723, 38.4151], [-76.2723, 38.4148], [-76.2721, 38.4151], [-76.272, 38.4152], [-76.2716, 38.4152], [-76.2714, 38.415], [-76.2718, 38.4146], [-76.2719, 38.4142], [-76.2722, 38.4138], [-76.2725, 38.4137], [-76.272, 38.4137], [-76.2719, 38.4135], [-76.2718, 38.4135], [-76.2713, 38.4132], [-76.2713, 38.4128], [-76.271, 38.4126], [-76.2702, 38.4122], [-76.2702, 38.4119], [-76.2702, 38.4116], [-76.2705, 38.4114], [-76.2705, 38.4109], [-76.2701, 38.4106], [-76.2696, 38.4102], [-76.2694, 38.4099], [-76.2698, 38.4095], [-76.27, 38.4094], [-76.2704, 38.4095], [-76.27, 38.4092], [-76.2697, 38.4092], [-76.2696, 38.4088], [-76.2688, 38.4085], [-76.2685, 38.4085], [-76.2684, 38.408], [-76.2682, 38.4078], [-76.2684, 38.4076], [-76.2682, 38.4076], [-76.2679, 38.4073], [-76.2676, 38.4072], [-76.2672, 38.4068], [-76.2672, 38.4066], [-76.2668, 38.406], [-76.2665, 38.406], [-76.2661, 38.4057], [-76.2662, 38.4054], [-76.2665, 38.4051], [-76.2662, 38.4051], [-76.2658, 38.4051], [-76.2654, 38.4046], [-76.2645, 38.4044], [-76.2633, 38.4041], [-76.2627, 38.404], [-76.2626, 38.4037], [-76.2627, 38.4035], [-76.2635, 38.4027], [-76.2639, 38.4029], [-76.2641, 38.4026], [-76.264, 38.4025], [-76.2639, 38.4024], [-76.2637, 38.4023], [-76.2635, 38.4025], [-76.2637, 38.4018], [-76.2638, 38.4014], [-76.2636, 38.4013], [-76.2636, 38.4011], [-76.2641, 38.4009], [-76.2644, 38.4009], [-76.265, 38.4008], [-76.2658, 38.4009], [-76.2659, 38.4006], [-76.2662, 38.4001], [-76.266, 38.3999], [-76.266, 38.3997], [-76.2657, 38.3995], [-76.2659, 38.399], [-76.2663, 38.3989], [-76.2669, 38.3985], [-76.2668, 38.3983], [-76.2661, 38.398], [-76.2654, 38.3984], [-76.2651, 38.3983], [-76.2648, 38.3984], [-76.2645, 38.3989], [-76.2643, 38.3996], [-76.2642, 38.3999], [-76.2641, 38.4002], [-76.2638, 38.4003], [-76.2635, 38.4004], [-76.2633, 38.4005], [-76.2632, 38.4001], [-76.2635, 38.3998], [-76.2635, 38.3996], [-76.2632, 38.3988], [-76.2631, 38.3985], [-76.2626, 38.3981], [-76.2628, 38.3979], [-76.2628, 38.3975], [-76.2627, 38.3971], [-76.2629, 38.397], [-76.2638, 38.3969], [-76.2638, 38.3966], [-76.2632, 38.3963], [-76.2628, 38.3963], [-76.2629, 38.3961], [-76.2636, 38.3957], [-76.2635, 38.3952], [-76.2628, 38.3953], [-76.2621, 38.3956], [-76.2612, 38.3957], [-76.2611, 38.3958], [-76.2611, 38.3961], [-76.2606, 38.3963], [-76.2605, 38.3965], [-76.2603, 38.3969], [-76.26, 38.3975], [-76.2593, 38.398], [-76.2592, 38.3986], [-76.2587, 38.3993], [-76.2594, 38.3993], [-76.2601, 38.4004], [-76.2609, 38.4007], [-76.2623, 38.4012], [-76.2626, 38.4014], [-76.2625, 38.4017], [-76.2619, 38.402], [-76.2616, 38.4021], [-76.2613, 38.4022], [-76.2598, 38.401], [-76.2589, 38.4005], [-76.2588, 38.4004], [-76.2587, 38.4004], [-76.2584, 38.4004], [-76.2583, 38.4003], [-76.2582, 38.4003], [-76.2578, 38.4003], [-76.2578, 38.4001], [-76.2576, 38.4], [-76.2574, 38.3999], [-76.257, 38.3995], [-76.2567, 38.3994], [-76.2565, 38.3993], [-76.2566, 38.399], [-76.2566, 38.3988], [-76.2564, 38.3989], [-76.2563, 38.399], [-76.2558, 38.3991], [-76.2554, 38.399], [-76.2555, 38.3991], [-76.2556, 38.3993], [-76.2552, 38.3995], [-76.2548, 38.3994], [-76.2545, 38.3987], [-76.254, 38.3978], [-76.2532, 38.398], [-76.2528, 38.3983], [-76.2524, 38.3988], [-76.2521, 38.3992], [-76.2518, 38.3994], [-76.2518, 38.3991], [-76.2527, 38.3977], [-76.2524, 38.3974], [-76.2516, 38.3971], [-76.2516, 38.397], [-76.252, 38.3967], [-76.2528, 38.3966], [-76.2534, 38.3971], [-76.2539, 38.3974], [-76.2541, 38.3971], [-76.2537, 38.3961], [-76.2535, 38.396], [-76.2537, 38.3959], [-76.2542, 38.3956], [-76.2551, 38.3956], [-76.2556, 38.3958], [-76.256, 38.3961], [-76.2565, 38.3962], [-76.2572, 38.3961], [-76.2572, 38.3963], [-76.257, 38.3965], [-76.2573, 38.3966], [-76.2575, 38.3963], [-76.2579, 38.3959], [-76.2579, 38.3957], [-76.258, 38.3954], [-76.2584, 38.395], [-76.2587, 38.3948], [-76.2587, 38.395], [-76.2591, 38.3949], [-76.2593, 38.3946], [-76.2597, 38.394], [-76.2596, 38.3937], [-76.2591, 38.3938], [-76.2584, 38.3945], [-76.2581, 38.3945], [-76.2582, 38.3939], [-76.2584, 38.3936], [-76.2588, 38.3936], [-76.2588, 38.3934], [-76.2584, 38.3929], [-76.2586, 38.3924], [-76.258, 38.3927], [-76.2579, 38.393], [-76.2575, 38.3932], [-76.2575, 38.3937], [-76.2571, 38.3942], [-76.2573, 38.3946], [-76.2577, 38.3949], [-76.2576, 38.3954], [-76.2576, 38.3957], [-76.2571, 38.3959], [-76.2565, 38.396], [-76.2562, 38.3958], [-76.256, 38.3956], [-76.2557, 38.3954], [-76.2557, 38.3952], [-76.256, 38.3953], [-76.256, 38.3952], [-76.2563, 38.3949], [-76.2564, 38.3946], [-76.2562, 38.3945], [-76.2559, 38.3947], [-76.2557, 38.3944], [-76.2555, 38.3944], [-76.2559, 38.3948], [-76.2559, 38.3951], [-76.2556, 38.3951], [-76.2554, 38.3951], [-76.2551, 38.395], [-76.2547, 38.395], [-76.2547, 38.3948], [-76.2545, 38.3946], [-76.254, 38.3947], [-76.2539, 38.3944], [-76.2539, 38.3941], [-76.2538, 38.3937], [-76.2533, 38.3938], [-76.2533, 38.3939], [-76.253, 38.3943], [-76.2531, 38.3946], [-76.2534, 38.3947], [-76.2533, 38.395], [-76.2535, 38.3954], [-76.2536, 38.3957], [-76.2533, 38.3958], [-76.253, 38.3954], [-76.252, 38.3951], [-76.2511, 38.3946], [-76.2507, 38.3944], [-76.2503, 38.3944], [-76.2501, 38.3944], [-76.25, 38.3941], [-76.2496, 38.3939], [-76.2493, 38.3941], [-76.2495, 38.3943], [-76.2498, 38.3946], [-76.2495, 38.3949], [-76.2496, 38.3957]], [[-76.2283, 38.3488], [-76.228, 38.3487], [-76.2279, 38.3485], [-76.2274, 38.3486], [-76.227, 38.3484], [-76.2267, 38.3484], [-76.2263, 38.3485], [-76.2261, 38.3484], [-76.2257, 38.3482], [-76.2254, 38.348], [-76.2252, 38.3479], [-76.225, 38.3479], [-76.2252, 38.3476], [-76.225, 38.3473], [-76.225, 38.3472], [-76.225, 38.3469], [-76.225, 38.3468], [-76.2248, 38.3467], [-76.2243, 38.3465], [-76.224, 38.3464], [-76.2239, 38.3462], [-76.2236, 38.346], [-76.2235, 38.3459], [-76.223, 38.3455], [-76.2228, 38.3456], [-76.2226, 38.3456], [-76.2226, 38.3453], [-76.2227, 38.345], [-76.2228, 38.3448], [-76.2228, 38.3446], [-76.2224, 38.3444], [-76.2224, 38.344], [-76.2222, 38.3436], [-76.2217, 38.3433], [-76.2216, 38.343], [-76.2213, 38.3428], [-76.2208, 38.3427], [-76.2205, 38.3427], [-76.2204, 38.3424], [-76.2204, 38.3419], [-76.2197, 38.3413], [-76.2189, 38.3413], [-76.2186, 38.3414], [-76.2184, 38.3414], [-76.2183, 38.3412], [-76.2181, 38.3411], [-76.2175, 38.3407], [-76.2172, 38.3407], [-76.2167, 38.3405], [-76.2165, 38.3403], [-76.2162, 38.34], [-76.2159, 38.3399], [-76.2157, 38.3399], [-76.2152, 38.3395], [-76.2149, 38.3388], [-76.2146, 38.3386], [-76.2144, 38.3384], [-76.2135, 38.3382], [-76.213, 38.3382], [-76.2127, 38.3385], [-76.212, 38.338], [-76.2122, 38.3378], [-76.2125, 38.3374], [-76.2125, 38.3372], [-76.2128, 38.3372], [-76.2131, 38.3372], [-76.2134, 38.3376], [-76.2136, 38.3378], [-76.2141, 38.338], [-76.2143, 38.338], [-76.2146, 38.3381], [-76.215, 38.3383], [-76.2155, 38.3384], [-76.2158, 38.3387], [-76.2163, 38.3389], [-76.2165, 38.3388], [-76.2168, 38.3388], [-76.2172, 38.3389], [-76.2174, 38.3391], [-76.2177, 38.3391], [-76.2181, 38.3392], [-76.2187, 38.3392], [-76.2188, 38.3391], [-76.219, 38.3392], [-76.2191, 38.3391], [-76.2189, 38.3388], [-76.2188, 38.3386], [-76.2186, 38.3384], [-76.2185, 38.3381], [-76.2183, 38.3378], [-76.2181, 38.3375], [-76.2179, 38.3372], [-76.2174, 38.3366], [-76.2172, 38.3366], [-76.2169, 38.3365], [-76.2167, 38.3364], [-76.2167, 38.3362], [-76.2165, 38.336], [-76.216, 38.3356], [-76.2155, 38.3356], [-76.2153, 38.3353], [-76.2143, 38.334], [-76.2143, 38.3338], [-76.214, 38.3336], [-76.2138, 38.3333], [-76.2138, 38.3332], [-76.2138, 38.333], [-76.2137, 38.3326], [-76.2133, 38.3322], [-76.2129, 38.3321], [-76.2126, 38.3321], [-76.212, 38.3316], [-76.2117, 38.3313], [-76.2115, 38.331], [-76.2116, 38.3308], [-76.2114, 38.3307], [-76.2111, 38.3305], [-76.2113, 38.3303], [-76.2112, 38.3297], [-76.2112, 38.3296], [-76.2111, 38.3294], [-76.2111, 38.3292], [-76.211, 38.3289], [-76.2113, 38.3288], [-76.2116, 38.3291], [-76.2117, 38.3292], [-76.2119, 38.3292], [-76.2123, 38.3291], [-76.2126, 38.3293], [-76.2129, 38.3294], [-76.2132, 38.3294], [-76.2132, 38.3296], [-76.2131, 38.3298], [-76.213, 38.3301], [-76.2129, 38.3303], [-76.2128, 38.3306], [-76.2129, 38.3308], [-76.2131, 38.331], [-76.2132, 38.3312], [-76.2132, 38.3314], [-76.2133, 38.3318], [-76.2137, 38.332], [-76.214, 38.3321], [-76.2146, 38.3322], [-76.2147, 38.3325], [-76.215, 38.3326], [-76.2152, 38.3328], [-76.2155, 38.3327], [-76.2158, 38.3328], [-76.2162, 38.3333], [-76.2163, 38.3338], [-76.2168, 38.3345], [-76.217, 38.3346], [-76.2172, 38.3346], [-76.2174, 38.335], [-76.2177, 38.3352], [-76.2182, 38.3351], [-76.2185, 38.335], [-76.2191, 38.3351], [-76.2198, 38.3352], [-76.2209, 38.3344], [-76.2211, 38.3346], [-76.2213, 38.3347], [-76.2216, 38.3348], [-76.2223, 38.3352], [-76.2225, 38.3356], [-76.2225, 38.3358], [-76.2223, 38.3359], [-76.2224, 38.3361], [-76.2229, 38.3361], [-76.2232, 38.3362], [-76.2234, 38.3363], [-76.2238, 38.3362], [-76.2241, 38.3362], [-76.2243, 38.3361], [-76.2246, 38.336], [-76.2247, 38.3359], [-76.2249, 38.336], [-76.2251, 38.3363], [-76.2254, 38.3363], [-76.2258, 38.3361], [-76.226, 38.3361], [-76.2262, 38.3362], [-76.2261, 38.3364], [-76.226, 38.3366], [-76.226, 38.337], [-76.2262, 38.3375], [-76.2265, 38.3376], [-76.2268, 38.3376], [-76.2267, 38.3375], [-76.2264, 38.3375], [-76.2264, 38.3373], [-76.2266, 38.3372], [-76.2263, 38.3372], [-76.2263, 38.3369], [-76.2262, 38.3367], [-76.2264, 38.3364], [-76.2265, 38.3363], [-76.226, 38.3359], [-76.2257, 38.3359], [-76.2254, 38.3361], [-76.2252, 38.336], [-76.225, 38.3356], [-76.2246, 38.3355], [-76.2244, 38.3357], [-76.2241, 38.3356], [-76.224, 38.3354], [-76.2239, 38.3352], [-76.2242, 38.3352], [-76.2243, 38.3352], [-76.2246, 38.3348], [-76.2246, 38.3345], [-76.2247, 38.3343], [-76.2243, 38.3342], [-76.2238, 38.3339], [-76.2235, 38.3337], [-76.2236, 38.3335], [-76.2238, 38.333], [-76.2237, 38.3327], [-76.2237, 38.3325], [-76.2234, 38.3322], [-76.223, 38.332], [-76.2227, 38.3319], [-76.2226, 38.3318], [-76.2222, 38.3318], [-76.2219, 38.3317], [-76.221, 38.3306], [-76.2206, 38.3303], [-76.2205, 38.33], [-76.2204, 38.3298], [-76.2201, 38.3299], [-76.2197, 38.3297], [-76.2195, 38.3295], [-76.2197, 38.3294], [-76.2198, 38.3289], [-76.2197, 38.3286], [-76.2195, 38.3275], [-76.2193, 38.3273], [-76.2188, 38.327], [-76.2186, 38.3268], [-76.2187, 38.3266], [-76.2189, 38.3266], [-76.219, 38.3265], [-76.2191, 38.3265], [-76.2194, 38.3265], [-76.2198, 38.3265], [-76.22, 38.3263], [-76.22, 38.3261], [-76.2197, 38.3258], [-76.2198, 38.3256], [-76.22, 38.3255], [-76.2204, 38.3252], [-76.2206, 38.3249], [-76.2208, 38.3248], [-76.2209, 38.3247], [-76.2208, 38.3245], [-76.2209, 38.3244], [-76.2212, 38.3244], [-76.2212, 38.3242], [-76.2213, 38.3241], [-76.2215, 38.324], [-76.2217, 38.3242], [-76.2216, 38.3244], [-76.2215, 38.3245], [-76.2217, 38.3245], [-76.2219, 38.3245], [-76.222, 38.3247], [-76.2222, 38.3248], [-76.2224, 38.325], [-76.2228, 38.3251], [-76.2229, 38.3249], [-76.223, 38.3246], [-76.223, 38.3243], [-76.2228, 38.3238], [-76.2226, 38.3237], [-76.2223, 38.3234], [-76.2223, 38.3232], [-76.2222, 38.3229], [-76.2222, 38.3227], [-76.222, 38.3225], [-76.2216, 38.3219], [-76.2214, 38.3219], [-76.2211, 38.3218], [-76.2208, 38.3218], [-76.2208, 38.3216], [-76.2204, 38.3209], [-76.2198, 38.3204], [-76.2199, 38.3203], [-76.2198, 38.32], [-76.22, 38.3198], [-76.22, 38.3195], [-76.2201, 38.3193], [-76.2197, 38.3189], [-76.2197, 38.3187], [-76.2196, 38.3185], [-76.2198, 38.3183], [-76.2199, 38.318], [-76.2201, 38.3177], [-76.2204, 38.3174], [-76.2208, 38.3175], [-76.2209, 38.3175], [-76.2211, 38.3174], [-76.2208, 38.3171], [-76.2211, 38.317], [-76.2214, 38.3171], [-76.2216, 38.317], [-76.2218, 38.3171], [-76.2222, 38.317], [-76.2225, 38.317], [-76.2227, 38.3173], [-76.223, 38.3175], [-76.2232, 38.3178], [-76.2234, 38.3181], [-76.2235, 38.3184], [-76.2238, 38.3186], [-76.2246, 38.3187], [-76.2253, 38.3194], [-76.2256, 38.3198], [-76.2261, 38.3203], [-76.2264, 38.3205], [-76.2267, 38.3207], [-76.2269, 38.3211], [-76.2269, 38.3213], [-76.2271, 38.3215], [-76.2272, 38.3219], [-76.2271, 38.3221], [-76.2274, 38.3225], [-76.2276, 38.3228], [-76.2277, 38.323], [-76.228, 38.323], [-76.228, 38.3231], [-76.2281, 38.3233], [-76.2283, 38.3233], [-76.2284, 38.3236], [-76.2286, 38.3238], [-76.2287, 38.3236], [-76.2291, 38.3235], [-76.2293, 38.3235], [-76.2293, 38.3238], [-76.2291, 38.3239], [-76.2289, 38.324], [-76.2289, 38.3241], [-76.2292, 38.324], [-76.2294, 38.3241], [-76.2298, 38.3244], [-76.23, 38.3247], [-76.2302, 38.3249], [-76.2305, 38.3247], [-76.2304, 38.3244], [-76.2302, 38.3245], [-76.23, 38.3244], [-76.2297, 38.3241], [-76.2295, 38.3241], [-76.2295, 38.3239], [-76.2295, 38.3237], [-76.2295, 38.3236], [-76.2297, 38.323], [-76.2294, 38.3225], [-76.2291, 38.3218], [-76.229, 38.3215], [-76.2289, 38.3213], [-76.229, 38.3209], [-76.229, 38.3205], [-76.2289, 38.32], [-76.2283, 38.3193], [-76.2282, 38.319], [-76.2281, 38.3186], [-76.2278, 38.3183], [-76.2275, 38.3181], [-76.2275, 38.3179], [-76.2278, 38.3177], [-76.228, 38.3177], [-76.2281, 38.3178], [-76.2283, 38.318], [-76.2284, 38.3177], [-76.2283, 38.3175], [-76.2279, 38.3172], [-76.2272, 38.3171], [-76.2268, 38.3169], [-76.2261, 38.3167], [-76.226, 38.3166], [-76.2259, 38.3164], [-76.2262, 38.3163], [-76.2263, 38.3158], [-76.2262, 38.3151], [-76.226, 38.315], [-76.2257, 38.3145], [-76.2249, 38.3137], [-76.2244, 38.3136], [-76.2241, 38.3138], [-76.2237, 38.3139], [-76.2234, 38.3137], [-76.2231, 38.3138], [-76.2225, 38.3139], [-76.2222, 38.3139], [-76.2221, 38.3138], [-76.2222, 38.3135], [-76.2221, 38.3135], [-76.222, 38.3134], [-76.2218, 38.3133], [-76.2216, 38.3129], [-76.2218, 38.3128], [-76.2217, 38.3124], [-76.2216, 38.3121], [-76.2214, 38.3118], [-76.2211, 38.3118], [-76.2211, 38.3117], [-76.2213, 38.3116], [-76.2213, 38.3113], [-76.2207, 38.3101], [-76.2204, 38.3098], [-76.22, 38.3093], [-76.2199, 38.3092], [-76.2199, 38.309], [-76.2197, 38.309], [-76.2194, 38.3089], [-76.2192, 38.3085], [-76.219, 38.3083], [-76.2186, 38.3081], [-76.2178, 38.3075], [-76.2177, 38.3073], [-76.2175, 38.3072], [-76.2174, 38.3068], [-76.2172, 38.3065], [-76.217, 38.3063], [-76.2166, 38.3059], [-76.2163, 38.3059], [-76.2163, 38.3058], [-76.2164, 38.3056], [-76.216, 38.3052], [-76.2155, 38.305], [-76.2142, 38.3044], [-76.2119, 38.3033], [-76.2113, 38.3032], [-76.2108, 38.3033], [-76.2106, 38.3035], [-76.2105, 38.3037], [-76.2104, 38.3037], [-76.2102, 38.3038], [-76.21, 38.3038], [-76.21, 38.3036], [-76.2098, 38.3035], [-76.21, 38.3033], [-76.2098, 38.303], [-76.2098, 38.3027], [-76.2095, 38.3024], [-76.2095, 38.3022], [-76.2096, 38.3019], [-76.2094, 38.3019], [-76.2097, 38.3017], [-76.2097, 38.3015], [-76.2097, 38.3013], [-76.2092, 38.3008], [-76.2078, 38.3], [-76.2072, 38.2998], [-76.207, 38.2999], [-76.2066, 38.2998], [-76.2067, 38.2996], [-76.2065, 38.2991], [-76.2066, 38.2989], [-76.2057, 38.2974], [-76.2047, 38.2961], [-76.2044, 38.2956], [-76.2039, 38.2941], [-76.2035, 38.2937], [-76.2033, 38.2933], [-76.2034, 38.2927], [-76.203, 38.2923], [-76.2019, 38.2919], [-76.2018, 38.2918], [-76.2018, 38.2913], [-76.2017, 38.2908], [-76.2008, 38.2898], [-76.2005, 38.2897], [-76.1996, 38.2895], [-76.1991, 38.2895], [-76.1989, 38.2896], [-76.1985, 38.2897], [-76.1983, 38.2896], [-76.1981, 38.2897], [-76.1978, 38.2897], [-76.1969, 38.2902], [-76.1965, 38.2904], [-76.1961, 38.2908], [-76.196, 38.2911], [-76.1959, 38.2912], [-76.1963, 38.2915], [-76.1962, 38.2916], [-76.1963, 38.2923], [-76.1966, 38.2925], [-76.1969, 38.2928], [-76.1968, 38.2929], [-76.1968, 38.2932], [-76.1966, 38.293], [-76.1964, 38.293], [-76.1964, 38.2933], [-76.1962, 38.2934], [-76.1958, 38.2932], [-76.1956, 38.2932], [-76.1956, 38.2933], [-76.1956, 38.2937], [-76.1956, 38.2938], [-76.1953, 38.2938], [-76.1955, 38.2943], [-76.1955, 38.2945], [-76.1951, 38.2945], [-76.195, 38.2947], [-76.1948, 38.2947], [-76.1946, 38.2946], [-76.1945, 38.2944], [-76.1943, 38.2943], [-76.1939, 38.2941], [-76.1935, 38.294], [-76.1919, 38.2945], [-76.1917, 38.2943], [-76.1912, 38.2945], [-76.1905, 38.2948], [-76.1903, 38.2949], [-76.1901, 38.2949], [-76.1898, 38.2948], [-76.1894, 38.2949], [-76.1891, 38.295], [-76.1889, 38.2949], [-76.1885, 38.2949], [-76.1882, 38.2947], [-76.1882, 38.2945], [-76.1882, 38.2944], [-76.1879, 38.2944], [-76.1875, 38.2944], [-76.1872, 38.2944], [-76.1869, 38.2945], [-76.187, 38.2948], [-76.187, 38.295], [-76.1868, 38.2951], [-76.1866, 38.2949], [-76.1864, 38.2946], [-76.1863, 38.2945], [-76.1857, 38.2942], [-76.1853, 38.2941], [-76.1851, 38.294], [-76.185, 38.2938], [-76.1847, 38.2937], [-76.1844, 38.2934], [-76.1844, 38.2933], [-76.1844, 38.2932], [-76.184, 38.2929], [-76.1839, 38.2931], [-76.1836, 38.2929], [-76.1837, 38.2927], [-76.1835, 38.2925], [-76.1833, 38.2927], [-76.1832, 38.2928], [-76.183, 38.2927], [-76.1828, 38.2927], [-76.1826, 38.2927], [-76.1824, 38.2928], [-76.1823, 38.2926], [-76.1816, 38.2921], [-76.1811, 38.2921], [-76.1807, 38.292], [-76.1805, 38.2918], [-76.1803, 38.2919], [-76.1801, 38.2919], [-76.1799, 38.292], [-76.1797, 38.2921], [-76.1794, 38.2921], [-76.1791, 38.2923], [-76.1788, 38.2922], [-76.1778, 38.2926], [-76.1771, 38.293], [-76.1771, 38.2932], [-76.1771, 38.2935], [-76.1772, 38.2938], [-76.1765, 38.294], [-76.1755, 38.2948], [-76.1756, 38.295], [-76.1758, 38.2954], [-76.1761, 38.2958], [-76.1761, 38.296], [-76.1759, 38.296], [-76.1755, 38.2963], [-76.1754, 38.2964], [-76.1751, 38.2966], [-76.1752, 38.2964], [-76.1749, 38.2959], [-76.1743, 38.2956], [-76.1741, 38.2954], [-76.174, 38.2956], [-76.1739, 38.2958], [-76.1737, 38.296], [-76.1736, 38.2964], [-76.1732, 38.2969], [-76.1725, 38.2973], [-76.1719, 38.2965], [-76.1716, 38.2961], [-76.1711, 38.2961], [-76.1707, 38.296], [-76.171, 38.2958], [-76.1707, 38.2955], [-76.1703, 38.2954], [-76.17, 38.2951], [-76.1697, 38.2944], [-76.1691, 38.2941], [-76.1687, 38.2935], [-76.1682, 38.2932], [-76.1676, 38.2931], [-76.1668, 38.2929], [-76.1665, 38.293], [-76.1664, 38.2928], [-76.1659, 38.2925], [-76.1651, 38.2925], [-76.1644, 38.2925], [-76.1642, 38.2922], [-76.1637, 38.2922], [-76.1632, 38.2923], [-76.163, 38.2921], [-76.1627, 38.2918], [-76.1624, 38.2919], [-76.1621, 38.2916], [-76.1615, 38.2918], [-76.1609, 38.2918], [-76.161, 38.2915], [-76.1609, 38.2912], [-76.1605, 38.2911], [-76.161, 38.2909], [-76.1618, 38.291], [-76.1626, 38.2909], [-76.1628, 38.291], [-76.1632, 38.291], [-76.1632, 38.2911], [-76.1634, 38.2911], [-76.1636, 38.2911], [-76.1637, 38.2909], [-76.1639, 38.2908], [-76.1644, 38.2909], [-76.1646, 38.2909], [-76.1646, 38.2911], [-76.1652, 38.2911], [-76.1658, 38.291], [-76.166, 38.291], [-76.1659, 38.2906], [-76.1669, 38.2913], [-76.1676, 38.2914], [-76.1682, 38.2913], [-76.1685, 38.2912], [-76.1686, 38.2913], [-76.1685, 38.2915], [-76.1684, 38.2919], [-76.1683, 38.2921], [-76.1683, 38.2922], [-76.1686, 38.2924], [-76.1686, 38.2926], [-76.1689, 38.2929], [-76.169, 38.2931], [-76.1692, 38.2932], [-76.1693, 38.2932], [-76.1696, 38.2934], [-76.1702, 38.2935], [-76.1705, 38.2935], [-76.1706, 38.2939], [-76.1709, 38.2939], [-76.1713, 38.2941], [-76.1715, 38.294], [-76.1717, 38.2936], [-76.1719, 38.2936], [-76.172, 38.2934], [-76.1722, 38.2935], [-76.1722, 38.2933], [-76.1722, 38.2932], [-76.1724, 38.2932], [-76.1726, 38.2931], [-76.1725, 38.293], [-76.1724, 38.2928], [-76.1725, 38.2925], [-76.1729, 38.2926], [-76.173, 38.2922], [-76.1732, 38.2921], [-76.1734, 38.2922], [-76.1735, 38.292], [-76.1736, 38.2921], [-76.1737, 38.292], [-76.1737, 38.2918], [-76.1742, 38.2917], [-76.1744, 38.2917], [-76.1746, 38.2918], [-76.1748, 38.2914], [-76.175, 38.2912], [-76.1754, 38.2913], [-76.1756, 38.2911], [-76.1758, 38.2912], [-76.176, 38.2912], [-76.176, 38.291], [-76.1763, 38.2909], [-76.1764, 38.2912], [-76.1767, 38.2912], [-76.1768, 38.2912], [-76.1769, 38.2912], [-76.1769, 38.2911], [-76.1768, 38.2909], [-76.177, 38.2907], [-76.1771, 38.2907], [-76.1773, 38.2906], [-76.1776, 38.2907], [-76.1776, 38.2905], [-76.1777, 38.2903], [-76.1782, 38.2901], [-76.1783, 38.2898], [-76.1783, 38.2895], [-76.1783, 38.2892], [-76.1778, 38.2888], [-76.1777, 38.2885], [-76.1778, 38.2884], [-76.1776, 38.2882], [-76.1775, 38.2879], [-76.1772, 38.2878], [-76.1771, 38.2877], [-76.1771, 38.2874], [-76.1773, 38.2872], [-76.1769, 38.2871], [-76.1767, 38.2871], [-76.1766, 38.2874], [-76.1764, 38.2875], [-76.1762, 38.2876], [-76.176, 38.2874], [-76.1756, 38.2872], [-76.1756, 38.287], [-76.1754, 38.2868], [-76.1752, 38.2866], [-76.1749, 38.2864], [-76.1751, 38.2864], [-76.1755, 38.2864], [-76.1744, 38.2857], [-76.1742, 38.2854], [-76.1737, 38.2854], [-76.1733, 38.2852], [-76.1736, 38.2849], [-76.1739, 38.2849], [-76.174, 38.2847], [-76.1741, 38.2846], [-76.1743, 38.2843], [-76.1743, 38.2842], [-76.1746, 38.2841], [-76.1748, 38.2838], [-76.1751, 38.2839], [-76.1759, 38.2842], [-76.176, 38.2842], [-76.1758, 38.284], [-76.1757, 38.2837], [-76.1753, 38.2836], [-76.1753, 38.2835], [-76.1754, 38.2834], [-76.1754, 38.2831], [-76.1758, 38.283], [-76.1761, 38.283], [-76.1763, 38.2831], [-76.1764, 38.2829], [-76.1763, 38.2827], [-76.1768, 38.2829], [-76.177, 38.2829], [-76.1773, 38.2828], [-76.1773, 38.2826], [-76.1776, 38.2829], [-76.1779, 38.283], [-76.1781, 38.2827], [-76.1783, 38.2826], [-76.1789, 38.2826], [-76.1788, 38.2824], [-76.1791, 38.2824], [-76.1791, 38.2825], [-76.1794, 38.2824], [-76.1797, 38.2823], [-76.1799, 38.2821], [-76.1801, 38.2817], [-76.1805, 38.2818], [-76.1811, 38.2819], [-76.1811, 38.2817], [-76.1808, 38.2816], [-76.181, 38.2815], [-76.1808, 38.2814], [-76.1809, 38.2813], [-76.181, 38.2812], [-76.1811, 38.281], [-76.1814, 38.2809], [-76.1817, 38.2807], [-76.1822, 38.2805], [-76.1823, 38.2802], [-76.1822, 38.28], [-76.182, 38.2797], [-76.182, 38.2796], [-76.1816, 38.2795], [-76.1818, 38.2794], [-76.1819, 38.2792], [-76.1818, 38.279], [-76.1819, 38.2787], [-76.1818, 38.2785], [-76.1817, 38.2782], [-76.1818, 38.2779], [-76.1815, 38.2776], [-76.1812, 38.2776], [-76.1813, 38.2774], [-76.1812, 38.2773], [-76.1809, 38.2773], [-76.1809, 38.277], [-76.1804, 38.277], [-76.1801, 38.277], [-76.1799, 38.2768], [-76.1802, 38.2768], [-76.1805, 38.2766], [-76.1809, 38.2759], [-76.1807, 38.2758], [-76.1808, 38.2757], [-76.1809, 38.2755], [-76.1809, 38.275], [-76.1806, 38.2746], [-76.1802, 38.2744], [-76.18, 38.2739], [-76.1796, 38.2736], [-76.179, 38.2733], [-76.1787, 38.2731], [-76.1786, 38.2729], [-76.1782, 38.2728], [-76.1778, 38.2723], [-76.1778, 38.2717], [-76.1775, 38.2716], [-76.1755, 38.2709], [-76.1753, 38.2708], [-76.1748, 38.2706], [-76.1749, 38.2705], [-76.1747, 38.2704], [-76.175, 38.2696], [-76.1749, 38.2692], [-76.1748, 38.2687], [-76.1746, 38.2684], [-76.1742, 38.2682], [-76.1733, 38.2678], [-76.173, 38.2677], [-76.1729, 38.2676], [-76.173, 38.2674], [-76.1734, 38.2673], [-76.1734, 38.2677], [-76.1741, 38.2681], [-76.1751, 38.2682], [-76.1754, 38.2683], [-76.1754, 38.2693], [-76.1754, 38.2697], [-76.1753, 38.2699], [-76.1755, 38.27], [-76.1756, 38.27], [-76.1757, 38.2702], [-76.1761, 38.2703], [-76.1765, 38.2703], [-76.1769, 38.2704], [-76.1777, 38.2704], [-76.1779, 38.2703], [-76.1781, 38.2704], [-76.1785, 38.2704], [-76.1792, 38.2713], [-76.1798, 38.2715], [-76.1803, 38.2715], [-76.1804, 38.2716], [-76.1807, 38.2717], [-76.181, 38.2716], [-76.1813, 38.2717], [-76.1814, 38.2715], [-76.1813, 38.2713], [-76.1815, 38.2711], [-76.1815, 38.271], [-76.1812, 38.2707], [-76.181, 38.2704], [-76.1812, 38.2703], [-76.1812, 38.2701], [-76.1813, 38.2699], [-76.1812, 38.2696], [-76.1811, 38.2695], [-76.181, 38.2693], [-76.1807, 38.2692], [-76.1808, 38.2688], [-76.1806, 38.2684], [-76.1801, 38.268], [-76.1799, 38.2679], [-76.1801, 38.2677], [-76.1801, 38.2676], [-76.1799, 38.2673], [-76.1801, 38.2669], [-76.18, 38.2668], [-76.1797, 38.2666], [-76.1798, 38.2664], [-76.1799, 38.2663], [-76.1798, 38.2659], [-76.1796, 38.2657], [-76.1792, 38.2656], [-76.1791, 38.2656], [-76.1789, 38.2656], [-76.1787, 38.2656], [-76.1788, 38.2654], [-76.1787, 38.2652], [-76.1784, 38.265], [-76.1779, 38.2652], [-76.1778, 38.2652], [-76.1778, 38.265], [-76.1778, 38.2647], [-76.1777, 38.2646], [-76.1775, 38.2645], [-76.1775, 38.2644], [-76.1773, 38.2643], [-76.1771, 38.2641], [-76.1765, 38.2634], [-76.1763, 38.263], [-76.1766, 38.2627], [-76.1767, 38.2625], [-76.1765, 38.2621], [-76.1764, 38.262], [-76.1761, 38.2619], [-76.176, 38.2618], [-76.1759, 38.2616], [-76.1762, 38.2615], [-76.1765, 38.2616], [-76.1769, 38.2613], [-76.1775, 38.2609], [-76.1777, 38.2605], [-76.1785, 38.26], [-76.1797, 38.261], [-76.1797, 38.2608], [-76.1794, 38.2603], [-76.1789, 38.26], [-76.1791, 38.2599], [-76.1792, 38.2598], [-76.1789, 38.2597], [-76.1788, 38.2595], [-76.179, 38.2594], [-76.1788, 38.2589], [-76.1786, 38.2587], [-76.1783, 38.2587], [-76.1781, 38.2586], [-76.1778, 38.2587], [-76.1777, 38.2589], [-76.1774, 38.2588], [-76.1774, 38.2586], [-76.1777, 38.2586], [-76.1779, 38.2586], [-76.178, 38.2584], [-76.1782, 38.2581], [-76.1787, 38.258], [-76.1787, 38.2578], [-76.1779, 38.2578], [-76.1775, 38.2575], [-76.1773, 38.2575], [-76.1771, 38.2575], [-76.1771, 38.2573], [-76.1769, 38.2573], [-76.1769, 38.257], [-76.1768, 38.2569], [-76.1766, 38.257], [-76.1763, 38.2569], [-76.1759, 38.2568], [-76.1757, 38.257], [-76.1758, 38.2572], [-76.176, 38.2575], [-76.1762, 38.2578], [-76.1764, 38.2579], [-76.1764, 38.2581], [-76.1761, 38.2582], [-76.1759, 38.258], [-76.1756, 38.2577], [-76.1753, 38.2574], [-76.1754, 38.2571], [-76.1752, 38.2568], [-76.1747, 38.2564], [-76.1743, 38.2562], [-76.1741, 38.2562], [-76.1742, 38.256], [-76.1742, 38.2558], [-76.174, 38.2555], [-76.1738, 38.2553], [-76.1734, 38.2552], [-76.1732, 38.2553], [-76.173, 38.2553], [-76.1725, 38.2552], [-76.1718, 38.2554], [-76.1715, 38.2555], [-76.1715, 38.2557], [-76.1716, 38.256], [-76.1715, 38.2563], [-76.1717, 38.2567], [-76.1716, 38.2567], [-76.1713, 38.2568], [-76.1712, 38.2571], [-76.171, 38.257], [-76.1707, 38.2569], [-76.1704, 38.2568], [-76.1699, 38.2568], [-76.1697, 38.2571], [-76.1695, 38.2574], [-76.1692, 38.2574], [-76.1692, 38.2569], [-76.169, 38.2566], [-76.1687, 38.2565], [-76.1684, 38.2563], [-76.1681, 38.2563], [-76.168, 38.2561], [-76.1676, 38.2557], [-76.1673, 38.2554], [-76.1673, 38.2552], [-76.167, 38.2548], [-76.1666, 38.2546], [-76.1662, 38.2544], [-76.1659, 38.2543], [-76.1655, 38.254], [-76.1653, 38.2539], [-76.1653, 38.2537], [-76.1654, 38.2533], [-76.165, 38.2529], [-76.1648, 38.253], [-76.1648, 38.2527], [-76.165, 38.2524], [-76.1644, 38.2518], [-76.1641, 38.2516], [-76.164, 38.2514], [-76.1641, 38.2512], [-76.164, 38.251], [-76.164, 38.2508], [-76.1645, 38.2504], [-76.1644, 38.25], [-76.1644, 38.2498], [-76.1643, 38.2496], [-76.164, 38.2494], [-76.1639, 38.249], [-76.1637, 38.2489], [-76.1634, 38.2485], [-76.163, 38.2484], [-76.1626, 38.2483], [-76.1623, 38.2484], [-76.162, 38.2486], [-76.1618, 38.2484], [-76.1615, 38.2484], [-76.1613, 38.2487], [-76.1609, 38.2484], [-76.1605, 38.2486], [-76.16, 38.2486], [-76.1596, 38.2485], [-76.1587, 38.2484], [-76.158, 38.2484], [-76.156, 38.2485], [-76.1547, 38.2483], [-76.1545, 38.248], [-76.1537, 38.2476], [-76.1534, 38.2477], [-76.1532, 38.2474], [-76.1526, 38.2467], [-76.152, 38.2455], [-76.1522, 38.2453], [-76.1518, 38.2451], [-76.1518, 38.2443], [-76.1522, 38.2437], [-76.1525, 38.2425], [-76.1527, 38.2423], [-76.1529, 38.2421], [-76.153, 38.2416], [-76.1531, 38.2413], [-76.1531, 38.2412], [-76.1532, 38.2407], [-76.1533, 38.2406], [-76.1534, 38.2402], [-76.1537, 38.2402], [-76.1539, 38.2401], [-76.1542, 38.2399], [-76.1543, 38.2401], [-76.1541, 38.2402], [-76.1541, 38.2404], [-76.1541, 38.2407], [-76.1542, 38.2409], [-76.1544, 38.2409], [-76.1543, 38.2407], [-76.1545, 38.2405], [-76.1545, 38.2403], [-76.1548, 38.2403], [-76.1552, 38.2405], [-76.1555, 38.2408], [-76.1557, 38.241], [-76.1558, 38.2413], [-76.1557, 38.2417], [-76.1558, 38.2418], [-76.1559, 38.2419], [-76.156, 38.2421], [-76.1561, 38.2423], [-76.1564, 38.2429], [-76.1566, 38.243], [-76.1569, 38.243], [-76.1573, 38.2429], [-76.1578, 38.2431], [-76.1584, 38.243], [-76.1585, 38.2432], [-76.1584, 38.2434], [-76.1586, 38.2436], [-76.1589, 38.2437], [-76.1591, 38.2443], [-76.159, 38.2445], [-76.1595, 38.2452], [-76.1599, 38.2451], [-76.1602, 38.2452], [-76.1607, 38.2455], [-76.1609, 38.2453], [-76.1612, 38.2452], [-76.1616, 38.2452], [-76.1619, 38.245], [-76.1623, 38.2449], [-76.1629, 38.2447], [-76.1629, 38.2446], [-76.1631, 38.2444], [-76.1635, 38.2443], [-76.1638, 38.2442], [-76.1641, 38.244], [-76.1643, 38.2436], [-76.1649, 38.2434], [-76.1652, 38.2432], [-76.1651, 38.243], [-76.165, 38.2428], [-76.1653, 38.2426], [-76.1654, 38.2427], [-76.1656, 38.2429], [-76.1657, 38.243], [-76.166, 38.2433], [-76.1662, 38.2433], [-76.1664, 38.2435], [-76.1664, 38.2438], [-76.1667, 38.244], [-76.1669, 38.2446], [-76.1669, 38.2447], [-76.1672, 38.2452], [-76.1669, 38.2458], [-76.1668, 38.2463], [-76.167, 38.2468], [-76.1676, 38.2471], [-76.1682, 38.2475], [-76.1706, 38.2482], [-76.1715, 38.248], [-76.1717, 38.2478], [-76.1718, 38.2475], [-76.1722, 38.2475], [-76.1724, 38.2478], [-76.1725, 38.248], [-76.1725, 38.2484], [-76.1728, 38.2485], [-76.1732, 38.2486], [-76.1733, 38.249], [-76.1735, 38.2492], [-76.1737, 38.2492], [-76.1738, 38.2496], [-76.1739, 38.2497], [-76.1739, 38.25], [-76.1741, 38.2503], [-76.1744, 38.2503], [-76.1746, 38.2507], [-76.1747, 38.2511], [-76.175, 38.2513], [-76.1756, 38.2516], [-76.1755, 38.2518], [-76.1751, 38.2523], [-76.175, 38.2528], [-76.1751, 38.2535], [-76.1753, 38.254], [-76.1758, 38.2546], [-76.1768, 38.2554], [-76.1774, 38.2558], [-76.1774, 38.256], [-76.1776, 38.2562], [-76.1779, 38.2561], [-76.1783, 38.2568], [-76.1785, 38.2569], [-76.1791, 38.2579], [-76.1791, 38.2586], [-76.1793, 38.2589], [-76.1801, 38.2594], [-76.1805, 38.2597], [-76.1812, 38.2601], [-76.1814, 38.2605], [-76.1817, 38.2608], [-76.1824, 38.2611], [-76.1828, 38.261], [-76.183, 38.2613], [-76.1832, 38.2616], [-76.1835, 38.2618], [-76.1836, 38.2621], [-76.1834, 38.2622], [-76.1834, 38.2623], [-76.1835, 38.2626], [-76.1835, 38.2628], [-76.184, 38.2632], [-76.1849, 38.2637], [-76.1855, 38.2639], [-76.1859, 38.2641], [-76.1859, 38.2643], [-76.1863, 38.2648], [-76.1863, 38.265], [-76.1864, 38.2651], [-76.1863, 38.2653], [-76.1864, 38.2655], [-76.1862, 38.2658], [-76.1866, 38.2661], [-76.1869, 38.2665], [-76.1876, 38.2674], [-76.1878, 38.2682], [-76.1877, 38.2683], [-76.1876, 38.2687], [-76.1878, 38.2693], [-76.1879, 38.2696], [-76.1882, 38.2701], [-76.1888, 38.2718], [-76.1891, 38.2723], [-76.1895, 38.2725], [-76.1897, 38.2726], [-76.1895, 38.2728], [-76.1893, 38.2729], [-76.1892, 38.2731], [-76.189, 38.2737], [-76.1892, 38.274], [-76.1895, 38.2742], [-76.1897, 38.2745], [-76.1897, 38.2747], [-76.1899, 38.2747], [-76.1897, 38.275], [-76.1894, 38.275], [-76.1895, 38.2751], [-76.1898, 38.2753], [-76.1903, 38.2764], [-76.1899, 38.2767], [-76.1898, 38.2767], [-76.1896, 38.2769], [-76.1895, 38.277], [-76.1896, 38.2772], [-76.1897, 38.2776], [-76.1898, 38.2781], [-76.1899, 38.2786], [-76.1907, 38.2788], [-76.191, 38.2792], [-76.1911, 38.2798], [-76.1911, 38.2805], [-76.1912, 38.2811], [-76.1914, 38.2819], [-76.1917, 38.2829], [-76.1917, 38.2839], [-76.1919, 38.2846], [-76.1919, 38.2854], [-76.192, 38.2863], [-76.1922, 38.2877], [-76.1922, 38.288], [-76.1925, 38.2886], [-76.1925, 38.2887], [-76.1927, 38.2891], [-76.1933, 38.2899], [-76.1934, 38.2902], [-76.1937, 38.2907], [-76.1942, 38.2911], [-76.1939, 38.2906], [-76.1937, 38.2901], [-76.1926, 38.2882], [-76.192, 38.2855], [-76.192, 38.2847], [-76.1919, 38.2841], [-76.1918, 38.2827], [-76.1915, 38.2813], [-76.1913, 38.28], [-76.1912, 38.2797], [-76.1911, 38.2791], [-76.1908, 38.2787], [-76.1901, 38.2786], [-76.1899, 38.2778], [-76.19, 38.2772], [-76.1904, 38.2774], [-76.1907, 38.2776], [-76.1907, 38.2778], [-76.1908, 38.278], [-76.1911, 38.2782], [-76.1912, 38.2785], [-76.1916, 38.2791], [-76.1918, 38.2792], [-76.192, 38.2792], [-76.1922, 38.2792], [-76.1923, 38.2795], [-76.192, 38.2795], [-76.1919, 38.2797], [-76.1921, 38.2798], [-76.1924, 38.2798], [-76.1926, 38.2803], [-76.1928, 38.2804], [-76.193, 38.2806], [-76.1931, 38.281], [-76.1932, 38.281], [-76.1933, 38.2809], [-76.1935, 38.2815], [-76.1937, 38.2816], [-76.1937, 38.2818], [-76.1938, 38.2819], [-76.194, 38.2819], [-76.1941, 38.282], [-76.1941, 38.2822], [-76.1943, 38.2824], [-76.1945, 38.2828], [-76.1947, 38.2831], [-76.1947, 38.2834], [-76.1947, 38.2835], [-76.1948, 38.2838], [-76.1949, 38.284], [-76.1953, 38.2842], [-76.1951, 38.2845], [-76.1954, 38.2847], [-76.1956, 38.2846], [-76.1955, 38.2843], [-76.1957, 38.2843], [-76.1964, 38.2848], [-76.1966, 38.285], [-76.1971, 38.2852], [-76.1974, 38.2855], [-76.1978, 38.286], [-76.198, 38.2862], [-76.1983, 38.2863], [-76.1987, 38.2864], [-76.1991, 38.2865], [-76.1994, 38.2863], [-76.1995, 38.2862], [-76.1998, 38.2863], [-76.2001, 38.2868], [-76.2002, 38.2869], [-76.2009, 38.2874], [-76.2009, 38.2877], [-76.2009, 38.2878], [-76.2009, 38.2881], [-76.2009, 38.2885], [-76.2014, 38.2893], [-76.2016, 38.2896], [-76.2019, 38.2904], [-76.202, 38.2909], [-76.2023, 38.2913], [-76.2023, 38.2916], [-76.2025, 38.2918], [-76.2034, 38.2924], [-76.2038, 38.2931], [-76.2046, 38.2954], [-76.205, 38.2961], [-76.2051, 38.2963], [-76.2067, 38.2988], [-76.2074, 38.2995], [-76.2082, 38.3], [-76.209, 38.3005], [-76.2094, 38.3008], [-76.2106, 38.3022], [-76.2111, 38.3028], [-76.2117, 38.3031], [-76.2149, 38.3045], [-76.2156, 38.3049], [-76.2166, 38.3051], [-76.2171, 38.3052], [-76.2179, 38.3059], [-76.2183, 38.3059], [-76.2191, 38.3062], [-76.2202, 38.3064], [-76.2206, 38.3066], [-76.2207, 38.3065], [-76.2209, 38.3066], [-76.221, 38.3066], [-76.2212, 38.3064], [-76.2215, 38.3065], [-76.2222, 38.3067], [-76.2222, 38.3069], [-76.2222, 38.307], [-76.2226, 38.307], [-76.2229, 38.307], [-76.2232, 38.3072], [-76.2234, 38.3073], [-76.2237, 38.3074], [-76.2239, 38.3072], [-76.224, 38.3075], [-76.2243, 38.3077], [-76.2244, 38.3079], [-76.2249, 38.3082], [-76.2251, 38.3081], [-76.2254, 38.3087], [-76.2257, 38.3091], [-76.2263, 38.3097], [-76.2265, 38.3102], [-76.2263, 38.3106], [-76.2261, 38.3108], [-76.226, 38.3109], [-76.2261, 38.3111], [-76.2263, 38.3114], [-76.2266, 38.3119], [-76.2268, 38.3124], [-76.2272, 38.3129], [-76.2275, 38.3132], [-76.228, 38.3133], [-76.2288, 38.3136], [-76.2292, 38.3138], [-76.2295, 38.314], [-76.2296, 38.3141], [-76.2296, 38.3144], [-76.2295, 38.3147], [-76.2293, 38.3149], [-76.2289, 38.3157], [-76.229, 38.316], [-76.229, 38.3163], [-76.2291, 38.3169], [-76.2293, 38.3175], [-76.2292, 38.3177], [-76.2291, 38.3179], [-76.2294, 38.3187], [-76.2293, 38.3188], [-76.2297, 38.3195], [-76.2299, 38.3197], [-76.2301, 38.3198], [-76.2301, 38.3201], [-76.23, 38.3206], [-76.23, 38.3213], [-76.2302, 38.3215], [-76.2309, 38.3223], [-76.2327, 38.3231], [-76.2334, 38.3231], [-76.2334, 38.3234], [-76.2326, 38.3243], [-76.2324, 38.3244], [-76.2322, 38.3247], [-76.2321, 38.3251], [-76.2319, 38.3254], [-76.2318, 38.3259], [-76.2316, 38.3262], [-76.2315, 38.3265], [-76.2312, 38.3273], [-76.2307, 38.3281], [-76.2304, 38.3282], [-76.2302, 38.3286], [-76.2304, 38.3295], [-76.2303, 38.3298], [-76.2305, 38.3299], [-76.2307, 38.3301], [-76.2308, 38.3304], [-76.2311, 38.3306], [-76.2312, 38.3307], [-76.2315, 38.3309], [-76.2317, 38.331], [-76.2319, 38.331], [-76.2322, 38.3311], [-76.2325, 38.3311], [-76.2327, 38.3313], [-76.2329, 38.3315], [-76.2327, 38.3317], [-76.2326, 38.3322], [-76.2324, 38.3325], [-76.2326, 38.3328], [-76.2328, 38.3333], [-76.2331, 38.3334], [-76.2334, 38.3335], [-76.2334, 38.3337], [-76.2334, 38.3339], [-76.2336, 38.3343], [-76.2337, 38.3345], [-76.2338, 38.3348], [-76.2337, 38.335], [-76.2339, 38.3353], [-76.234, 38.3357], [-76.2335, 38.3364], [-76.2332, 38.3366], [-76.2335, 38.3372], [-76.2335, 38.3375], [-76.2336, 38.3378], [-76.2335, 38.3386], [-76.2336, 38.3388], [-76.2334, 38.3401], [-76.2334, 38.3406], [-76.2336, 38.3407], [-76.2335, 38.3412], [-76.2334, 38.3415], [-76.2332, 38.3417], [-76.2331, 38.3429], [-76.2331, 38.3431], [-76.2329, 38.3435], [-76.233, 38.344], [-76.2329, 38.3444], [-76.2329, 38.3448], [-76.233, 38.3451], [-76.2329, 38.3453], [-76.2328, 38.3455], [-76.2327, 38.3458], [-76.2325, 38.3464], [-76.2319, 38.3464], [-76.2317, 38.3464], [-76.2313, 38.3471], [-76.2308, 38.3476], [-76.2303, 38.3481], [-76.2293, 38.3486], [-76.2289, 38.3486], [-76.2286, 38.3487], [-76.2283, 38.3488]], [[-76.1466, 38.2495], [-76.1463, 38.2494], [-76.1461, 38.2489], [-76.146, 38.2487], [-76.1459, 38.2485], [-76.1457, 38.2484], [-76.1454, 38.2482], [-76.1452, 38.2481], [-76.1446, 38.248], [-76.1443, 38.2481], [-76.144, 38.248], [-76.1438, 38.248], [-76.1435, 38.248], [-76.1428, 38.248], [-76.1424, 38.248], [-76.1422, 38.2482], [-76.1418, 38.2479], [-76.1414, 38.2477], [-76.1412, 38.2472], [-76.141, 38.2471], [-76.1403, 38.2471], [-76.1399, 38.247], [-76.1393, 38.2469], [-76.1392, 38.2467], [-76.1388, 38.2466], [-76.1381, 38.2467], [-76.1378, 38.2467], [-76.1374, 38.2466], [-76.1371, 38.2462], [-76.1366, 38.2459], [-76.1355, 38.2458], [-76.135, 38.2459], [-76.1349, 38.2457], [-76.1344, 38.2455], [-76.1339, 38.2454], [-76.1335, 38.2452], [-76.133, 38.2451], [-76.1324, 38.245], [-76.132, 38.2448], [-76.131, 38.2448], [-76.1305, 38.2447], [-76.13, 38.2446], [-76.1301, 38.2444], [-76.1302, 38.2443], [-76.1308, 38.2444], [-76.1313, 38.2444], [-76.1315, 38.2444], [-76.1317, 38.2443], [-76.1319, 38.2444], [-76.1319, 38.2443], [-76.1319, 38.2441], [-76.1319, 38.244], [-76.1318, 38.2436], [-76.1316, 38.2435], [-76.1313, 38.2436], [-76.1304, 38.2435], [-76.1298, 38.2434], [-76.1296, 38.243], [-76.1295, 38.2425], [-76.1285, 38.2422], [-76.1283, 38.2424], [-76.128, 38.2424], [-76.1279, 38.2426], [-76.1275, 38.2426], [-76.1273, 38.2424], [-76.1274, 38.2423], [-76.1274, 38.2421], [-76.1272, 38.2415], [-76.1268, 38.2413], [-76.1264, 38.2414], [-76.1264, 38.2419], [-76.1266, 38.242], [-76.1265, 38.2421], [-76.1262, 38.2418], [-76.126, 38.2415], [-76.1259, 38.241], [-76.1258, 38.2406], [-76.1258, 38.2404], [-76.1256, 38.2397], [-76.1256, 38.2393], [-76.1257, 38.239], [-76.1262, 38.239], [-76.1266, 38.2392], [-76.127, 38.239], [-76.1273, 38.2386], [-76.1274, 38.2382], [-76.1274, 38.2379], [-76.1275, 38.2375], [-76.1273, 38.2372], [-76.1274, 38.2371], [-76.1276, 38.2372], [-76.1278, 38.237], [-76.128, 38.2368], [-76.1282, 38.2365], [-76.1286, 38.2362], [-76.1289, 38.2359], [-76.1297, 38.2357], [-76.1288, 38.2357], [-76.1282, 38.2357], [-76.1282, 38.2356], [-76.1286, 38.2354], [-76.129, 38.2352], [-76.1295, 38.235], [-76.1297, 38.2347], [-76.1301, 38.2346], [-76.1307, 38.2345], [-76.131, 38.2342], [-76.1315, 38.234], [-76.1318, 38.2339], [-76.1321, 38.2338], [-76.1323, 38.2334], [-76.1332, 38.2331], [-76.1336, 38.2332], [-76.134, 38.2331], [-76.1345, 38.2327], [-76.1349, 38.2324], [-76.1354, 38.2322], [-76.1358, 38.2322], [-76.1366, 38.2322], [-76.1379, 38.2322], [-76.1387, 38.2321], [-76.139, 38.232], [-76.1398, 38.232], [-76.14, 38.2318], [-76.1403, 38.2317], [-76.1406, 38.2318], [-76.141, 38.2324], [-76.1412, 38.2327], [-76.1418, 38.2329], [-76.142, 38.2328], [-76.1423, 38.2329], [-76.1425, 38.2335], [-76.1431, 38.2336], [-76.1433, 38.2334], [-76.1438, 38.2334], [-76.1439, 38.2337], [-76.1442, 38.2338], [-76.1443, 38.2337], [-76.1444, 38.2336], [-76.1446, 38.2334], [-76.1449, 38.2334], [-76.1453, 38.2333], [-76.1456, 38.2331], [-76.1459, 38.2332], [-76.1462, 38.2331], [-76.1467, 38.2333], [-76.1469, 38.2334], [-76.1474, 38.2336], [-76.1475, 38.2337], [-76.1477, 38.2338], [-76.1477, 38.234], [-76.1478, 38.2341], [-76.1482, 38.2342], [-76.1484, 38.2343], [-76.1488, 38.2344], [-76.1491, 38.2344], [-76.1494, 38.2342], [-76.1496, 38.2344], [-76.15, 38.2346], [-76.1507, 38.2346], [-76.1508, 38.2345], [-76.151, 38.2345], [-76.1511, 38.2347], [-76.151, 38.2352], [-76.1511, 38.2354], [-76.1514, 38.2354], [-76.1514, 38.2359], [-76.1514, 38.2363], [-76.1514, 38.2366], [-76.1513, 38.2368], [-76.1514, 38.237], [-76.1516, 38.2372], [-76.1516, 38.2375], [-76.1512, 38.2378], [-76.151, 38.2377], [-76.1508, 38.2374], [-76.1509, 38.2371], [-76.1509, 38.2366], [-76.1507, 38.2364], [-76.1507, 38.2362], [-76.1507, 38.2359], [-76.1505, 38.2358], [-76.1505, 38.2354], [-76.1505, 38.235], [-76.1503, 38.2349], [-76.15, 38.2349], [-76.1497, 38.2355], [-76.1496, 38.2359], [-76.1496, 38.2363], [-76.1494, 38.2365], [-76.1491, 38.2366], [-76.1489, 38.2368], [-76.1487, 38.2372], [-76.1486, 38.2374], [-76.1486, 38.2378], [-76.1486, 38.2384], [-76.1483, 38.2386], [-76.1481, 38.2388], [-76.1481, 38.239], [-76.1481, 38.2393], [-76.1478, 38.2394], [-76.1475, 38.2397], [-76.1473, 38.2398], [-76.1474, 38.24], [-76.1471, 38.2403], [-76.1464, 38.2405], [-76.1453, 38.2411], [-76.1447, 38.2418], [-76.1443, 38.242], [-76.1441, 38.2423], [-76.144, 38.2424], [-76.144, 38.2426], [-76.1438, 38.2424], [-76.1437, 38.2424], [-76.1437, 38.2427], [-76.1435, 38.2429], [-76.1434, 38.2432], [-76.1431, 38.2436], [-76.1428, 38.2439], [-76.143, 38.244], [-76.1431, 38.2442], [-76.1431, 38.2445], [-76.143, 38.2446], [-76.1433, 38.2449], [-76.1438, 38.2451], [-76.1439, 38.2452], [-76.1443, 38.2455], [-76.1446, 38.2455], [-76.1449, 38.2454], [-76.1452, 38.2454], [-76.1457, 38.2451], [-76.1461, 38.2451], [-76.1464, 38.2451], [-76.1464, 38.2449], [-76.1466, 38.2451], [-76.1467, 38.2454], [-76.1468, 38.2456], [-76.1469, 38.2459], [-76.1468, 38.246], [-76.1471, 38.2462], [-76.1469, 38.2465], [-76.147, 38.2467], [-76.1472, 38.2464], [-76.1476, 38.2462], [-76.1481, 38.2461], [-76.1482, 38.246], [-76.1488, 38.246], [-76.149, 38.246], [-76.1492, 38.246], [-76.1494, 38.246], [-76.1495, 38.246], [-76.1497, 38.2459], [-76.1499, 38.246], [-76.1504, 38.2455], [-76.1504, 38.2451], [-76.1504, 38.2448], [-76.1506, 38.2449], [-76.1506, 38.2453], [-76.1507, 38.2456], [-76.1506, 38.2457], [-76.1508, 38.2458], [-76.1511, 38.2458], [-76.1515, 38.2462], [-76.1518, 38.2464], [-76.1518, 38.2465], [-76.1519, 38.247], [-76.1519, 38.2473], [-76.1522, 38.2478], [-76.1525, 38.2481], [-76.1528, 38.2483], [-76.1528, 38.2486], [-76.1527, 38.2487], [-76.1525, 38.2486], [-76.1518, 38.2487], [-76.1505, 38.249], [-76.1504, 38.2491], [-76.1499, 38.2488], [-76.1497, 38.2488], [-76.1483, 38.2491], [-76.1478, 38.2493], [-76.1477, 38.2494], [-76.1475, 38.2493], [-76.1473, 38.2493], [-76.1471, 38.2493], [-76.1469, 38.2494], [-76.1468, 38.2493], [-76.1466, 38.2495]], [[-76.2728, 38.4176], [-76.2725, 38.4176], [-76.2705, 38.4172], [-76.2701, 38.4171], [-76.2702, 38.4169], [-76.2702, 38.4167], [-76.27, 38.4167], [-76.2697, 38.4169], [-76.2692, 38.4171], [-76.2686, 38.4173], [-76.2681, 38.4172], [-76.2682, 38.4168], [-76.2683, 38.4167], [-76.2685, 38.4167], [-76.2682, 38.4163], [-76.2685, 38.4161], [-76.2684, 38.4162], [-76.2686, 38.4163], [-76.2687, 38.4161], [-76.2685, 38.4159], [-76.2684, 38.4157], [-76.2686, 38.4154], [-76.2689, 38.4152], [-76.2689, 38.415], [-76.2684, 38.4153], [-76.2682, 38.4155], [-76.2682, 38.4156], [-76.2681, 38.4158], [-76.2681, 38.4161], [-76.2678, 38.4162], [-76.2676, 38.4161], [-76.2671, 38.4162], [-76.2666, 38.4161], [-76.2658, 38.416], [-76.2648, 38.4161], [-76.2643, 38.4161], [-76.2638, 38.4158], [-76.2631, 38.4154], [-76.263, 38.4149], [-76.2628, 38.415], [-76.2627, 38.415], [-76.2625, 38.4148], [-76.2621, 38.415], [-76.2617, 38.4152], [-76.2614, 38.415], [-76.2611, 38.4147], [-76.2605, 38.4148], [-76.2604, 38.4147], [-76.2607, 38.4145], [-76.2606, 38.4143], [-76.2604, 38.4142], [-76.2599, 38.4143], [-76.2597, 38.4142], [-76.2592, 38.4144], [-76.2589, 38.4148], [-76.2585, 38.415], [-76.2566, 38.4145], [-76.2559, 38.4128], [-76.2556, 38.4125], [-76.2548, 38.4119], [-76.2542, 38.4113], [-76.2544, 38.4108], [-76.2545, 38.4105], [-76.2546, 38.4099], [-76.2555, 38.4094], [-76.2558, 38.4098], [-76.256, 38.4102], [-76.2565, 38.4104], [-76.2567, 38.4106], [-76.2561, 38.4111], [-76.2564, 38.4116], [-76.2568, 38.4122], [-76.2573, 38.4124], [-76.2579, 38.412], [-76.2581, 38.4116], [-76.2587, 38.4113], [-76.2581, 38.411], [-76.2573, 38.4105], [-76.2577, 38.4103], [-76.2586, 38.4104], [-76.2589, 38.411], [-76.2596, 38.411], [-76.2603, 38.411], [-76.2604, 38.4105], [-76.261, 38.41], [-76.2616, 38.4102], [-76.2623, 38.4108], [-76.2629, 38.4109], [-76.2628, 38.4104], [-76.2616, 38.41], [-76.2619, 38.4093], [-76.262, 38.4089], [-76.2621, 38.4085], [-76.2622, 38.4074], [-76.2619, 38.4071], [-76.2618, 38.4068], [-76.262, 38.4065], [-76.2619, 38.4063], [-76.2616, 38.4063], [-76.2615, 38.4058], [-76.262, 38.4056], [-76.2622, 38.4052], [-76.2624, 38.4053], [-76.2623, 38.4056], [-76.2625, 38.4058], [-76.2631, 38.4049], [-76.263, 38.4047], [-76.2628, 38.4047], [-76.2633, 38.4044], [-76.2654, 38.405], [-76.2656, 38.4058], [-76.2665, 38.4065], [-76.2669, 38.4072], [-76.2675, 38.4077], [-76.2679, 38.4086], [-76.2686, 38.409], [-76.269, 38.409], [-76.2691, 38.4093], [-76.2687, 38.4098], [-76.269, 38.4102], [-76.269, 38.4107], [-76.2698, 38.4109], [-76.2697, 38.4123], [-76.27, 38.4127], [-76.2704, 38.4129], [-76.2706, 38.4132], [-76.2709, 38.4136], [-76.2713, 38.4138], [-76.2712, 38.414], [-76.2714, 38.4141], [-76.2711, 38.4144], [-76.2707, 38.4148], [-76.2707, 38.415], [-76.2709, 38.4154], [-76.2715, 38.4157], [-76.2718, 38.416], [-76.2719, 38.4161], [-76.2721, 38.4165], [-76.2721, 38.4171], [-76.2722, 38.4172], [-76.2727, 38.4174], [-76.2728, 38.4176]], [[-76.2612, 38.3424], [-76.2605, 38.342], [-76.2594, 38.3417], [-76.2589, 38.3416], [-76.2587, 38.3416], [-76.2591, 38.3407], [-76.2592, 38.3404], [-76.2593, 38.3401], [-76.2594, 38.3399], [-76.2593, 38.3395], [-76.2593, 38.3393], [-76.2591, 38.3389], [-76.2588, 38.3384], [-76.2589, 38.3383], [-76.2592, 38.3381], [-76.2592, 38.3377], [-76.2589, 38.3371], [-76.2586, 38.3367], [-76.2585, 38.3366], [-76.2582, 38.3362], [-76.2582, 38.3361], [-76.2583, 38.3362], [-76.2585, 38.3362], [-76.2588, 38.3364], [-76.2593, 38.3364], [-76.2596, 38.3367], [-76.2596, 38.3367], [-76.2594, 38.3363], [-76.2595, 38.3361], [-76.2593, 38.336], [-76.2582, 38.3356], [-76.2583, 38.3355], [-76.2592, 38.3356], [-76.2591, 38.3355], [-76.2582, 38.3353], [-76.2583, 38.3351], [-76.2582, 38.335], [-76.2582, 38.3347], [-76.258, 38.3345], [-76.258, 38.3343], [-76.2582, 38.3341], [-76.258, 38.334], [-76.2582, 38.3336], [-76.2583, 38.3334], [-76.2582, 38.3329], [-76.2581, 38.3327], [-76.2576, 38.3327], [-76.2573, 38.3329], [-76.2573, 38.3332], [-76.2572, 38.3334], [-76.257, 38.3335], [-76.257, 38.3331], [-76.2568, 38.3329], [-76.2563, 38.3327], [-76.2561, 38.3326], [-76.2562, 38.3324], [-76.2561, 38.3322], [-76.256, 38.3321], [-76.2558, 38.332], [-76.2557, 38.3318], [-76.2551, 38.3315], [-76.2548, 38.3315], [-76.2546, 38.3313], [-76.2545, 38.331], [-76.2541, 38.3306], [-76.2533, 38.3299], [-76.2529, 38.3296], [-76.2528, 38.3294], [-76.2526, 38.329], [-76.252, 38.328], [-76.2518, 38.3277], [-76.2519, 38.3275], [-76.252, 38.3274], [-76.2523, 38.3273], [-76.2525, 38.3274], [-76.2528, 38.3273], [-76.2529, 38.3272], [-76.253, 38.327], [-76.2533, 38.327], [-76.2536, 38.3268], [-76.2538, 38.3263], [-76.2538, 38.3259], [-76.2542, 38.3257], [-76.2543, 38.3255], [-76.254, 38.3251], [-76.254, 38.3248], [-76.2543, 38.3249], [-76.2548, 38.3251], [-76.2555, 38.3253], [-76.2559, 38.3251], [-76.2562, 38.3251], [-76.2568, 38.3246], [-76.257, 38.3245], [-76.2577, 38.3249], [-76.2579, 38.3253], [-76.2577, 38.3255], [-76.2575, 38.3262], [-76.2578, 38.3266], [-76.2579, 38.3275], [-76.258, 38.3279], [-76.2575, 38.3297], [-76.2575, 38.3306], [-76.2576, 38.3311], [-76.2578, 38.3314], [-76.2574, 38.3322], [-76.2579, 38.3326], [-76.2584, 38.3329], [-76.2588, 38.3336], [-76.2587, 38.3339], [-76.2588, 38.3343], [-76.2593, 38.3348], [-76.2593, 38.3352], [-76.2594, 38.3353], [-76.2598, 38.3354], [-76.2601, 38.3357], [-76.26, 38.3359], [-76.2604, 38.3363], [-76.2608, 38.3365], [-76.261, 38.3364], [-76.2611, 38.3366], [-76.2613, 38.3371], [-76.2617, 38.3376], [-76.2614, 38.3377], [-76.2612, 38.3377], [-76.2614, 38.3381], [-76.2618, 38.3383], [-76.262, 38.3384], [-76.2622, 38.3383], [-76.2624, 38.3385], [-76.2626, 38.3385], [-76.2629, 38.3386], [-76.2632, 38.3387], [-76.2634, 38.3386], [-76.2637, 38.3388], [-76.2639, 38.3389], [-76.2641, 38.339], [-76.2642, 38.3392], [-76.2641, 38.3394], [-76.264, 38.3397], [-76.2642, 38.3399], [-76.2648, 38.3405], [-76.2656, 38.341], [-76.2654, 38.3411], [-76.2652, 38.3411], [-76.2651, 38.3412], [-76.2651, 38.3414], [-76.2644, 38.342], [-76.2643, 38.3419], [-76.2641, 38.3418], [-76.2639, 38.3418], [-76.2636, 38.3422], [-76.2634, 38.3424], [-76.263, 38.343], [-76.263, 38.3432], [-76.263, 38.3436], [-76.263, 38.3438], [-76.2627, 38.3438], [-76.2621, 38.3433], [-76.2612, 38.3424]], [[-76.3383, 38.5028], [-76.3385, 38.5028], [-76.3389, 38.5032], [-76.3391, 38.5035], [-76.3393, 38.5039], [-76.3394, 38.5041], [-76.3396, 38.5046], [-76.3402, 38.5051], [-76.3404, 38.5057], [-76.3404, 38.5065], [-76.3402, 38.5094], [-76.3396, 38.5123], [-76.3393, 38.5125], [-76.3381, 38.5107], [-76.337, 38.5091], [-76.3369, 38.5082], [-76.338, 38.5072], [-76.3381, 38.5062], [-76.3379, 38.5059], [-76.3383, 38.5055], [-76.3384, 38.5053], [-76.3382, 38.5047], [-76.3379, 38.5047], [-76.3377, 38.5046], [-76.3378, 38.5044], [-76.3377, 38.504], [-76.3376, 38.5038], [-76.3378, 38.5037], [-76.3378, 38.5033], [-76.3379, 38.5032], [-76.338, 38.503], [-76.3381, 38.5028], [-76.3383, 38.5028]], [[-76.256, 38.4096], [-76.2559, 38.4093], [-76.2555, 38.4092], [-76.2547, 38.4092], [-76.2545, 38.4088], [-76.2548, 38.4079], [-76.2548, 38.4075], [-76.2551, 38.4068], [-76.256, 38.4067], [-76.2572, 38.4071], [-76.2583, 38.4067], [-76.2604, 38.4056], [-76.2607, 38.4053], [-76.2608, 38.4051], [-76.261, 38.4049], [-76.2608, 38.405], [-76.2603, 38.4046], [-76.26, 38.4045], [-76.2598, 38.4044], [-76.2595, 38.4045], [-76.2591, 38.4042], [-76.2591, 38.4039], [-76.2594, 38.4037], [-76.2598, 38.4039], [-76.2609, 38.4038], [-76.2614, 38.4033], [-76.2619, 38.4023], [-76.2628, 38.4019], [-76.2629, 38.4021], [-76.2627, 38.4023], [-76.2622, 38.4026], [-76.262, 38.4033], [-76.2626, 38.4039], [-76.2625, 38.4044], [-76.262, 38.4049], [-76.2619, 38.4052], [-76.2615, 38.4054], [-76.2611, 38.4061], [-76.2607, 38.4064], [-76.2609, 38.4066], [-76.261, 38.4071], [-76.2608, 38.4072], [-76.2606, 38.4075], [-76.2609, 38.4076], [-76.2615, 38.4075], [-76.2614, 38.4078], [-76.2613, 38.4082], [-76.2612, 38.4085], [-76.2613, 38.4087], [-76.2613, 38.4089], [-76.2611, 38.4088], [-76.2606, 38.4088], [-76.2603, 38.409], [-76.26, 38.409], [-76.2596, 38.4087], [-76.2595, 38.4083], [-76.2599, 38.408], [-76.2595, 38.4079], [-76.2591, 38.4081], [-76.2579, 38.408], [-76.2572, 38.408], [-76.2571, 38.4081], [-76.2572, 38.4083], [-76.257, 38.4082], [-76.2567, 38.4083], [-76.257, 38.4085], [-76.2575, 38.4084], [-76.2576, 38.4082], [-76.2584, 38.4083], [-76.2586, 38.4085], [-76.2587, 38.4089], [-76.2589, 38.409], [-76.2588, 38.4092], [-76.2569, 38.409], [-76.2567, 38.4088], [-76.2566, 38.4092], [-76.2563, 38.4097], [-76.256, 38.4096]], [[-76.3362, 38.5129], [-76.3386, 38.5136], [-76.3394, 38.5143], [-76.3412, 38.5163], [-76.3398, 38.5175], [-76.3386, 38.5168], [-76.3379, 38.5157], [-76.3359, 38.5135], [-76.3362, 38.5129]], [[-76.2507, 38.3979], [-76.2502, 38.3981], [-76.2495, 38.3975], [-76.2497, 38.3972], [-76.2495, 38.3969], [-76.2496, 38.3965], [-76.2502, 38.3965], [-76.2504, 38.3967], [-76.2501, 38.3974], [-76.2502, 38.3975], [-76.2504, 38.3974], [-76.2505, 38.3971], [-76.2507, 38.3968], [-76.2511, 38.3968], [-76.251, 38.3966], [-76.2509, 38.3964], [-76.2512, 38.3961], [-76.2513, 38.396], [-76.2516, 38.396], [-76.2522, 38.396], [-76.2523, 38.3957], [-76.2525, 38.396], [-76.2528, 38.396], [-76.2528, 38.3961], [-76.2525, 38.3962], [-76.252, 38.3962], [-76.2518, 38.3968], [-76.2515, 38.3969], [-76.2511, 38.3972], [-76.2514, 38.3974], [-76.2515, 38.3977], [-76.2512, 38.3979], [-76.2507, 38.3979]], [[-76.2496, 38.3957], [-76.2498, 38.396], [-76.249, 38.3964], [-76.2486, 38.3967], [-76.2481, 38.3967], [-76.2479, 38.3966], [-76.2477, 38.3964], [-76.2482, 38.3961], [-76.2488, 38.3961], [-76.2493, 38.396], [-76.2494, 38.3958], [-76.2496, 38.3957]]]}, "properties": {"GEOID20": "24019970804", "JURSCODE": "DORC", "F2024_Child_Poverty_Rate__2026_": 34.2, "F2024_Child_Poverty_Rate_Margin_Of_Error": 23.2, "SCHOOL_BND_INT_CPG_TOTAL": 2, "SCHOOL_NAME": "Maces Lane Middle, Maple Elementary", "Eligibility_Status": "Eligible", "Qualifying_Criteria1_CPR_30": "Yes", "Qualifying_Criteria2_CPR_30MOE": "Yes", "grantee_name": "Moving Dorchester Forward, INC"}}, {"type": "Feature", "geometry": {"type": "Polygon", "coordinates": [[[-77.4346, 39.4324], [-77.4322, 39.4285], [-77.432, 39.4282], [-77.4309, 39.427], [-77.4303, 39.4265], [-77.4291, 39.4258], [-77.4281, 39.4251], [-77.429, 39.4233], [-77.43, 39.4227], [-77.4313, 39.4216], [-77.4332, 39.4193], [-77.4343, 39.4171], [-77.4353, 39.4154], [-77.437, 39.4158], [-77.4398, 39.4164], [-77.4482, 39.4179], [-77.4499, 39.4181], [-77.4495, 39.421], [-77.448, 39.4238], [-77.4478, 39.4245], [-77.4479, 39.4249], [-77.4486, 39.4256], [-77.449, 39.4263], [-77.4493, 39.4272], [-77.4491, 39.4277], [-77.4486, 39.4283], [-77.4483, 39.4287], [-77.4483, 39.429], [-77.4478, 39.4305], [-77.446, 39.4307], [-77.4452, 39.4312], [-77.4434, 39.432], [-77.442, 39.4319], [-77.4396, 39.4323], [-77.4346, 39.4324]]]}, "properties": {"GEOID20": "24021750504", "JURSCODE": "FRED", "F2024_Child_Poverty_Rate__2026_": 32.7, "F2024_Child_Poverty_Rate_Margin_Of_Error": 17.7, "SCHOOL_BND_INT_CPG_TOTAL": 3, "SCHOOL_NAME": "Lincoln Elementary, Hillcrest Elementary, Waverley Elementary", "Eligibility_Status": "Eligible", "Qualifying_Criteria1_CPR_30": "Yes", "Qualifying_Criteria2_CPR_30MOE": "Yes", "grantee_name": "Local Management Board Frederick County"}}, {"type": "Feature", "geometry": {"type": "Polygon", "coordinates": [[[-77.4487, 39.4304], [-77.4483, 39.4288], [-77.4484, 39.4284], [-77.449, 39.4279], [-77.4493, 39.4273], [-77.4491, 39.4264], [-77.4487, 39.4258], [-77.448, 39.425], [-77.4478, 39.4246], [-77.4479, 39.424], [-77.4482, 39.4233], [-77.4509, 39.4182], [-77.4577, 39.4189], [-77.4606, 39.4193], [-77.4608, 39.4204], [-77.4595, 39.4234], [-77.4594, 39.4241], [-77.4598, 39.4253], [-77.4598, 39.4256], [-77.46, 39.426], [-77.4607, 39.4281], [-77.4595, 39.43], [-77.4587, 39.4298], [-77.4538, 39.4294], [-77.4528, 39.4295], [-77.4505, 39.4302], [-77.4497, 39.4304], [-77.4487, 39.4304]]]}, "properties": {"GEOID20": "24021750508", "JURSCODE": "FRED", "F2024_Child_Poverty_Rate__2026_": 20.2, "F2024_Child_Poverty_Rate_Margin_Of_Error": 15.9, "SCHOOL_BND_INT_CPG_TOTAL": 1, "SCHOOL_NAME": "Waverley Elementary", "Eligibility_Status": "Ineligible", "Qualifying_Criteria1_CPR_30": "No", "Qualifying_Criteria2_CPR_30MOE": "No", "grantee_name": "Local Management Board Frederick County"}}, {"type": "Feature", "geometry": {"type": "Polygon", "coordinates": [[[-77.4605, 39.4275], [-77.4597, 39.4257], [-77.4598, 39.4254], [-77.4595, 39.4242], [-77.4594, 39.4237], [-77.4597, 39.4227], [-77.4613, 39.4195], [-77.4637, 39.4205], [-77.4696, 39.4237], [-77.4719, 39.4248], [-77.4736, 39.4253], [-77.4789, 39.426], [-77.4787, 39.4265], [-77.4784, 39.4266], [-77.4776, 39.4266], [-77.4762, 39.4268], [-77.4761, 39.4276], [-77.4756, 39.4283], [-77.474, 39.4294], [-77.4683, 39.4308], [-77.4661, 39.4314], [-77.4649, 39.4325], [-77.4639, 39.4334], [-77.4605, 39.4308], [-77.4597, 39.4302], [-77.4607, 39.4279], [-77.4605, 39.4275]]]}, "properties": {"GEOID20": "24021750507", "JURSCODE": "FRED", "F2024_Child_Poverty_Rate__2026_": 0.0, "F2024_Child_Poverty_Rate_Margin_Of_Error": 4.1, "SCHOOL_BND_INT_CPG_TOTAL": 1, "SCHOOL_NAME": "Waverley Elementary", "Eligibility_Status": "Ineligible", "Qualifying_Criteria1_CPR_30": "No", "Qualifying_Criteria2_CPR_30MOE": "No", "grantee_name": "Local Management Board Frederick County"}}, {"type": "Feature", "geometry": {"type": "Polygon", "coordinates": [[[-77.4736, 39.4253], [-77.4719, 39.4248], [-77.4696, 39.4237], [-77.4637, 39.4205], [-77.4613, 39.4195], [-77.4581, 39.419], [-77.4539, 39.4175], [-77.4539, 39.4168], [-77.4536, 39.4162], [-77.4528, 39.4156], [-77.4519, 39.4148], [-77.4509, 39.4135], [-77.4507, 39.4129], [-77.451, 39.4122], [-77.4516, 39.4118], [-77.4529, 39.4108], [-77.4534, 39.4101], [-77.4533, 39.4092], [-77.4498, 39.408], [-77.4476, 39.4068], [-77.4411, 39.4031], [-77.4403, 39.4031], [-77.4395, 39.4029], [-77.4389, 39.4027], [-77.4382, 39.4023], [-77.4394, 39.4004], [-77.4407, 39.3996], [-77.4447, 39.4013], [-77.447, 39.4021], [-77.4508, 39.4029], [-77.4548, 39.4033], [-77.4618, 39.4041], [-77.4649, 39.4049], [-77.4683, 39.4066], [-77.4712, 39.4088], [-77.4726, 39.4106], [-77.4748, 39.4139], [-77.4765, 39.4157], [-77.4796, 39.418], [-77.4836, 39.4204], [-77.4857, 39.4222], [-77.4866, 39.4233], [-77.4879, 39.4252], [-77.4872, 39.4252], [-77.482, 39.4262], [-77.4801, 39.4262], [-77.4744, 39.4255], [-77.4736, 39.4253]]]}, "properties": {"GEOID20": "24021750506", "JURSCODE": "FRED", "F2024_Child_Poverty_Rate__2026_": 3.1, "F2024_Child_Poverty_Rate_Margin_Of_Error": 3.3, "SCHOOL_BND_INT_CPG_TOTAL": 3, "SCHOOL_NAME": "Lincoln Elementary, Hillcrest Elementary, Waverley Elementary", "Eligibility_Status": "Ineligible", "Qualifying_Criteria1_CPR_30": "No", "Qualifying_Criteria2_CPR_30MOE": "No", "grantee_name": "Local Management Board Frederick County"}}, {"type": "Feature", "geometry": {"type": "Polygon", "coordinates": [[[-77.437, 39.4158], [-77.4353, 39.4154], [-77.4358, 39.4124], [-77.4359, 39.4112], [-77.4358, 39.41], [-77.435, 39.4083], [-77.4342, 39.4074], [-77.4328, 39.4061], [-77.4338, 39.4056], [-77.4352, 39.4049], [-77.4364, 39.4039], [-77.4385, 39.4025], [-77.4393, 39.4029], [-77.4397, 39.403], [-77.4406, 39.4031], [-77.4412, 39.4033], [-77.4488, 39.4075], [-77.4514, 39.4086], [-77.4538, 39.4093], [-77.4532, 39.4104], [-77.4526, 39.4111], [-77.4513, 39.412], [-77.4508, 39.4124], [-77.4507, 39.413], [-77.4512, 39.414], [-77.4522, 39.4151], [-77.4532, 39.4158], [-77.4537, 39.4164], [-77.4539, 39.417], [-77.4535, 39.4185], [-77.4499, 39.4181], [-77.4482, 39.4179], [-77.4398, 39.4164], [-77.437, 39.4158]]]}, "properties": {"GEOID20": "24021750505", "JURSCODE": "FRED", "F2024_Child_Poverty_Rate__2026_": 10.8, "F2024_Child_Poverty_Rate_Margin_Of_Error": 15.0, "SCHOOL_BND_INT_CPG_TOTAL": 3, "SCHOOL_NAME": "Lincoln Elementary, Hillcrest Elementary, Waverley Elementary", "Eligibility_Status": "Ineligible", "Qualifying_Criteria1_CPR_30": "No", "Qualifying_Criteria2_CPR_30MOE": "No", "grantee_name": "Local Management Board Frederick County"}}, {"type": "Feature", "geometry": {"type": "Polygon", "coordinates": [[[-76.2996, 39.4422], [-76.3001, 39.4412], [-76.3035, 39.4369], [-76.3125, 39.4356], [-76.3171, 39.4349], [-76.3271, 39.4334], [-76.3318, 39.4327], [-76.3364, 39.4319], [-76.336, 39.4304], [-76.3352, 39.4298], [-76.3322, 39.4283], [-76.331, 39.4273], [-76.3299, 39.4258], [-76.3289, 39.424], [-76.3287, 39.4229], [-76.3286, 39.4198], [-76.3279, 39.417], [-76.327, 39.4149], [-76.3273, 39.4142], [-76.3302, 39.4122], [-76.331, 39.4119], [-76.3334, 39.4118], [-76.3344, 39.4116], [-76.3378, 39.4104], [-76.3394, 39.41], [-76.3409, 39.4098], [-76.3419, 39.41], [-76.3427, 39.4104], [-76.3439, 39.4115], [-76.345, 39.4121], [-76.346, 39.4137], [-76.3461, 39.4152], [-76.3465, 39.4171], [-76.3471, 39.4185], [-76.3477, 39.4187], [-76.3483, 39.4187], [-76.3501, 39.4187], [-76.3508, 39.4191], [-76.352, 39.4207], [-76.3531, 39.4213], [-76.3533, 39.4222], [-76.3535, 39.4225], [-76.354, 39.4236], [-76.3538, 39.4242], [-76.3541, 39.4264], [-76.3557, 39.429], [-76.3608, 39.4282], [-76.3633, 39.4277], [-76.3652, 39.4271], [-76.3667, 39.4264], [-76.3678, 39.4257], [-76.3711, 39.4232], [-76.3724, 39.4222], [-76.3736, 39.4215], [-76.3739, 39.4216], [-76.374, 39.4217], [-76.374, 39.4221], [-76.374, 39.4223], [-76.3742, 39.4224], [-76.3748, 39.4226], [-76.3751, 39.4229], [-76.3751, 39.4232], [-76.3754, 39.4234], [-76.3756, 39.4236], [-76.3759, 39.4237], [-76.3761, 39.4238], [-76.3765, 39.4238], [-76.3768, 39.424], [-76.3771, 39.424], [-76.3773, 39.4242], [-76.3776, 39.4243], [-76.3786, 39.4246], [-76.3792, 39.4247], [-76.3795, 39.4247], [-76.3799, 39.4246], [-76.3801, 39.4246], [-76.3804, 39.425], [-76.3804, 39.4256], [-76.3804, 39.4259], [-76.3801, 39.4269], [-76.3801, 39.4277], [-76.3802, 39.4282], [-76.3803, 39.4289], [-76.3807, 39.4291], [-76.381, 39.4294], [-76.3807, 39.4299], [-76.3792, 39.4317], [-76.3784, 39.4324], [-76.378, 39.4336], [-76.3776, 39.4344], [-76.3773, 39.435], [-76.3772, 39.4353], [-76.3773, 39.4354], [-76.3775, 39.436], [-76.3775, 39.4362], [-76.3766, 39.4369], [-76.373, 39.4395], [-76.3708, 39.4408], [-76.3688, 39.4415], [-76.3672, 39.4419], [-76.3659, 39.4421], [-76.362, 39.4422], [-76.3544, 39.4422], [-76.3487, 39.4421], [-76.3446, 39.4422], [-76.3428, 39.4425], [-76.3408, 39.443], [-76.3388, 39.4437], [-76.3345, 39.4454], [-76.3302, 39.447], [-76.3254, 39.449], [-76.3171, 39.4535], [-76.3145, 39.4548], [-76.3102, 39.457], [-76.3088, 39.455], [-76.3058, 39.4516], [-76.3009, 39.4473], [-76.3003, 39.4466], [-76.2996, 39.4453], [-76.2994, 39.4446], [-76.2994, 39.4433], [-76.2996, 39.4422]]]}, "properties": {"GEOID20": "24025301301", "JURSCODE": "HARF", "F2024_Child_Poverty_Rate__2026_": 0.0, "F2024_Child_Poverty_Rate_Margin_Of_Error": 4.5, "SCHOOL_BND_INT_CPG_TOTAL": 3, "SCHOOL_NAME": "Magnolia Elementary, Old Post Road Elementary, Magnolia Middle", "Eligibility_Status": "Ineligible", "Qualifying_Criteria1_CPR_30": "No", "Qualifying_Criteria2_CPR_30MOE": "No", "grantee_name": "Boys & Girls Clubs of Harford and Cecil Counties"}}, {"type": "Feature", "geometry": {"type": "Polygon", "coordinates": [[[-76.3531, 39.4213], [-76.352, 39.4207], [-76.3508, 39.4191], [-76.3501, 39.4187], [-76.3483, 39.4187], [-76.3477, 39.4187], [-76.3471, 39.4185], [-76.3465, 39.4171], [-76.3461, 39.4152], [-76.346, 39.4137], [-76.345, 39.4121], [-76.3439, 39.4115], [-76.3427, 39.4104], [-76.3424, 39.41], [-76.3426, 39.4077], [-76.3431, 39.407], [-76.3438, 39.4066], [-76.3449, 39.4058], [-76.3449, 39.4056], [-76.3453, 39.4052], [-76.3457, 39.4049], [-76.3464, 39.4033], [-76.3462, 39.4028], [-76.3461, 39.4022], [-76.3478, 39.4006], [-76.3485, 39.3991], [-76.3483, 39.3982], [-76.3481, 39.3974], [-76.3483, 39.3966], [-76.3485, 39.396], [-76.3492, 39.3956], [-76.3502, 39.3963], [-76.3505, 39.3981], [-76.351, 39.3998], [-76.3514, 39.4015], [-76.3515, 39.4024], [-76.3523, 39.4035], [-76.3519, 39.4044], [-76.351, 39.4059], [-76.351, 39.4062], [-76.3514, 39.4065], [-76.3514, 39.4066], [-76.3515, 39.407], [-76.3513, 39.4077], [-76.3537, 39.4088], [-76.3545, 39.4093], [-76.3581, 39.4106], [-76.3652, 39.4119], [-76.3645, 39.4112], [-76.3639, 39.4112], [-76.3637, 39.4106], [-76.363, 39.4108], [-76.3623, 39.4109], [-76.362, 39.4104], [-76.3621, 39.4097], [-76.361, 39.4106], [-76.3603, 39.4105], [-76.3603, 39.41], [-76.3606, 39.4089], [-76.3586, 39.4095], [-76.3591, 39.4093], [-76.3591, 39.4087], [-76.3584, 39.4087], [-76.3583, 39.4093], [-76.3579, 39.4097], [-76.357, 39.4093], [-76.358, 39.4077], [-76.3566, 39.4087], [-76.3559, 39.4086], [-76.3559, 39.408], [-76.3562, 39.4069], [-76.355, 39.4081], [-76.3544, 39.4079], [-76.3552, 39.4065], [-76.3543, 39.4067], [-76.3539, 39.4069], [-76.3536, 39.4067], [-76.3534, 39.4065], [-76.3539, 39.4052], [-76.3531, 39.4046], [-76.3539, 39.4037], [-76.3568, 39.4047], [-76.3598, 39.4061], [-76.36, 39.4042], [-76.358, 39.4048], [-76.3571, 39.4043], [-76.3574, 39.4037], [-76.3597, 39.403], [-76.3643, 39.4032], [-76.3643, 39.4029], [-76.36, 39.4025], [-76.3587, 39.403], [-76.3612, 39.4026], [-76.3635, 39.4029], [-76.3586, 39.4031], [-76.357, 39.4033], [-76.3542, 39.4027], [-76.3523, 39.4014], [-76.3517, 39.3996], [-76.3521, 39.4011], [-76.352, 39.4006], [-76.3509, 39.3966], [-76.3491, 39.3948], [-76.3485, 39.3944], [-76.3497, 39.3941], [-76.3504, 39.3939], [-76.3506, 39.3928], [-76.351, 39.3925], [-76.3516, 39.3942], [-76.3516, 39.395], [-76.3514, 39.3963], [-76.352, 39.397], [-76.3522, 39.3962], [-76.3517, 39.396], [-76.352, 39.3955], [-76.3523, 39.3947], [-76.3524, 39.3946], [-76.3526, 39.3955], [-76.3528, 39.3949], [-76.3534, 39.3951], [-76.3533, 39.3956], [-76.3535, 39.3964], [-76.3539, 39.3972], [-76.3539, 39.3979], [-76.3542, 39.3987], [-76.3545, 39.399], [-76.3544, 39.3981], [-76.3541, 39.3973], [-76.3545, 39.3972], [-76.3549, 39.3966], [-76.3552, 39.3965], [-76.3546, 39.3965], [-76.3546, 39.3961], [-76.3542, 39.3958], [-76.3541, 39.3958], [-76.3538, 39.3956], [-76.3543, 39.3956], [-76.355, 39.3958], [-76.3548, 39.3956], [-76.355, 39.3956], [-76.3557, 39.3957], [-76.3553, 39.3955], [-76.3558, 39.3956], [-76.3564, 39.3956], [-76.3567, 39.3955], [-76.3567, 39.3952], [-76.3568, 39.395], [-76.3568, 39.3944], [-76.357, 39.3944], [-76.3573, 39.3947], [-76.3576, 39.3948], [-76.3579, 39.395], [-76.358, 39.3948], [-76.3577, 39.3942], [-76.3575, 39.3937], [-76.3582, 39.3931], [-76.3584, 39.3909], [-76.3584, 39.3907], [-76.3583, 39.3904], [-76.3579, 39.3902], [-76.3576, 39.3899], [-76.3593, 39.3941], [-76.3597, 39.3948], [-76.3597, 39.3962], [-76.3594, 39.3963], [-76.3581, 39.3959], [-76.3571, 39.396], [-76.3579, 39.396], [-76.3588, 39.3963], [-76.3597, 39.3969], [-76.3601, 39.3985], [-76.3606, 39.4006], [-76.3624, 39.4016], [-76.3648, 39.4022], [-76.3656, 39.4031], [-76.3655, 39.4032], [-76.3661, 39.4041], [-76.3663, 39.4042], [-76.3675, 39.4044], [-76.3689, 39.4046], [-76.3703, 39.4048], [-76.3713, 39.4048], [-76.3719, 39.4051], [-76.3723, 39.4057], [-76.3721, 39.4062], [-76.3722, 39.4066], [-76.3717, 39.4075], [-76.3714, 39.4085], [-76.3714, 39.4088], [-76.3715, 39.4095], [-76.3713, 39.4101], [-76.3711, 39.4105], [-76.3713, 39.4111], [-76.3716, 39.4116], [-76.3716, 39.4119], [-76.3712, 39.4123], [-76.3707, 39.4125], [-76.3706, 39.4127], [-76.3702, 39.4133], [-76.3703, 39.4136], [-76.3704, 39.4141], [-76.3704, 39.4144], [-76.3702, 39.4149], [-76.3703, 39.4153], [-76.3704, 39.4158], [-76.3707, 39.4162], [-76.3706, 39.4164], [-76.3707, 39.4167], [-76.3715, 39.417], [-76.3718, 39.4174], [-76.3718, 39.4179], [-76.3716, 39.4182], [-76.372, 39.4184], [-76.3722, 39.4191], [-76.3725, 39.4193], [-76.3723, 39.4196], [-76.3724, 39.4198], [-76.3724, 39.4202], [-76.3727, 39.4205], [-76.3727, 39.4209], [-76.3729, 39.4212], [-76.3732, 39.4212], [-76.3724, 39.4222], [-76.3711, 39.4232], [-76.3678, 39.4257], [-76.3667, 39.4264], [-76.3652, 39.4271], [-76.3633, 39.4277], [-76.3608, 39.4282], [-76.3557, 39.429], [-76.3541, 39.4264], [-76.3538, 39.4242], [-76.354, 39.4236], [-76.3535, 39.4225], [-76.3533, 39.4222], [-76.3531, 39.4213]]]}, "properties": {"GEOID20": "24025301401", "JURSCODE": "HARF", "F2024_Child_Poverty_Rate__2026_": 3.5, "F2024_Child_Poverty_Rate_Margin_Of_Error": 4.9, "SCHOOL_BND_INT_CPG_TOTAL": 1, "SCHOOL_NAME": "Magnolia Middle", "Eligibility_Status": "Ineligible", "Qualifying_Criteria1_CPR_30": "No", "Qualifying_Criteria2_CPR_30MOE": "No", "grantee_name": "Boys & Girls Clubs of Harford and Cecil Counties"}}, {"type": "Feature", "geometry": {"type": "Polygon", "coordinates": [[[-76.3048, 39.4344], [-76.3062, 39.4327], [-76.3093, 39.4286], [-76.31, 39.4273], [-76.3104, 39.426], [-76.3111, 39.4251], [-76.314, 39.4245], [-76.3165, 39.4241], [-76.3225, 39.4229], [-76.3241, 39.4227], [-76.3259, 39.4229], [-76.3287, 39.4229], [-76.3289, 39.424], [-76.3299, 39.4258], [-76.331, 39.4273], [-76.3322, 39.4283], [-76.3352, 39.4298], [-76.336, 39.4304], [-76.3364, 39.4319], [-76.3318, 39.4327], [-76.3271, 39.4334], [-76.3171, 39.4349], [-76.3125, 39.4356], [-76.3035, 39.4369], [-76.3046, 39.4346], [-76.3048, 39.4344]]]}, "properties": {"GEOID20": "24025301302", "JURSCODE": "HARF", "F2024_Child_Poverty_Rate__2026_": 29.0, "F2024_Child_Poverty_Rate_Margin_Of_Error": 19.3, "SCHOOL_BND_INT_CPG_TOTAL": 4, "SCHOOL_NAME": "Edgewood Elementary, Magnolia Elementary, Old Post Road Elementary, Magnolia Middle", "Eligibility_Status": "Ineligible", "Qualifying_Criteria1_CPR_30": "No", "Qualifying_Criteria2_CPR_30MOE": "No", "grantee_name": "Boys & Girls Clubs of Harford and Cecil Counties"}}, {"type": "Feature", "geometry": {"type": "Polygon", "coordinates": [[[-76.295, 39.4228], [-76.2947, 39.421], [-76.2943, 39.4191], [-76.2939, 39.4185], [-76.2931, 39.4178], [-76.2925, 39.4171], [-76.2941, 39.4154], [-76.2972, 39.414], [-76.3026, 39.4118], [-76.3165, 39.4059], [-76.3202, 39.4045], [-76.3224, 39.4065], [-76.3232, 39.4076], [-76.3237, 39.4088], [-76.3238, 39.4108], [-76.3243, 39.412], [-76.3256, 39.4134], [-76.327, 39.4149], [-76.3279, 39.417], [-76.3286, 39.4198], [-76.3287, 39.4229], [-76.3259, 39.4229], [-76.3241, 39.4227], [-76.3225, 39.4229], [-76.3165, 39.4241], [-76.314, 39.4245], [-76.3111, 39.4251], [-76.3104, 39.426], [-76.31, 39.4273], [-76.3093, 39.4286], [-76.3062, 39.4327], [-76.3054, 39.4322], [-76.3045, 39.431], [-76.3029, 39.4295], [-76.301, 39.4282], [-76.298, 39.4258], [-76.2958, 39.424], [-76.2952, 39.4233], [-76.295, 39.4228]]]}, "properties": {"GEOID20": "24025301601", "JURSCODE": "HARF", "F2024_Child_Poverty_Rate__2026_": 9.5, "F2024_Child_Poverty_Rate_Margin_Of_Error": 11.3, "SCHOOL_BND_INT_CPG_TOTAL": 5, "SCHOOL_NAME": "Edgewood Elementary, Deerfield Elementary, Magnolia Elementary, Old Post Road Elementary, Magnolia Middle", "Eligibility_Status": "Ineligible", "Qualifying_Criteria1_CPR_30": "No", "Qualifying_Criteria2_CPR_30MOE": "No", "grantee_name": "Boys & Girls Clubs of Harford and Cecil Counties"}}, {"type": "Feature", "geometry": {"type": "Polygon", "coordinates": [[[-76.3238, 39.4105], [-76.3237, 39.4086], [-76.323, 39.4072], [-76.3217, 39.4058], [-76.32, 39.4044], [-76.3275, 39.4013], [-76.3319, 39.3994], [-76.3382, 39.3966], [-76.3403, 39.3955], [-76.3423, 39.394], [-76.3444, 39.3917], [-76.3448, 39.3925], [-76.3451, 39.3932], [-76.3458, 39.3941], [-76.3462, 39.3948], [-76.3465, 39.3962], [-76.3469, 39.3968], [-76.3466, 39.3982], [-76.3469, 39.3985], [-76.3472, 39.3993], [-76.3472, 39.3987], [-76.3471, 39.3981], [-76.3474, 39.3981], [-76.3479, 39.3981], [-76.3483, 39.3985], [-76.3483, 39.3988], [-76.3479, 39.3998], [-76.3477, 39.4004], [-76.3471, 39.4009], [-76.3467, 39.4013], [-76.3463, 39.4016], [-76.3461, 39.4018], [-76.3459, 39.4022], [-76.3459, 39.4023], [-76.3464, 39.4033], [-76.3457, 39.4049], [-76.3453, 39.4052], [-76.3449, 39.4056], [-76.3449, 39.4058], [-76.3438, 39.4066], [-76.3431, 39.407], [-76.3426, 39.4077], [-76.3424, 39.41], [-76.3418, 39.4099], [-76.3407, 39.4097], [-76.3391, 39.41], [-76.3372, 39.4106], [-76.3341, 39.4117], [-76.3329, 39.4119], [-76.3307, 39.412], [-76.3299, 39.4123], [-76.3271, 39.4143], [-76.3256, 39.4134], [-76.3243, 39.412], [-76.3238, 39.4108], [-76.3238, 39.4105]]]}, "properties": {"GEOID20": "24025301402", "JURSCODE": "HARF", "F2024_Child_Poverty_Rate__2026_": 23.5, "F2024_Child_Poverty_Rate_Margin_Of_Error": 17.0, "SCHOOL_BND_INT_CPG_TOTAL": 2, "SCHOOL_NAME": "Magnolia Elementary, Magnolia Middle", "Eligibility_Status": "Ineligible", "Qualifying_Criteria1_CPR_30": "No", "Qualifying_Criteria2_CPR_30MOE": "No", "grantee_name": "Boys & Girls Clubs of Harford and Cecil Counties"}}, {"type": "Feature", "geometry": {"type": "Polygon", "coordinates": [[[-77.1908, 39.1563], [-77.1905, 39.1564], [-77.1901, 39.1562], [-77.1897, 39.1563], [-77.1896, 39.1561], [-77.1894, 39.156], [-77.1892, 39.156], [-77.189, 39.1557], [-77.1892, 39.1556], [-77.1891, 39.1554], [-77.1887, 39.1553], [-77.1884, 39.1551], [-77.1882, 39.1546], [-77.1879, 39.1545], [-77.188, 39.1543], [-77.1879, 39.1541], [-77.1877, 39.1538], [-77.1879, 39.1534], [-77.1877, 39.1532], [-77.1874, 39.153], [-77.1871, 39.1529], [-77.187, 39.1526], [-77.1869, 39.1524], [-77.1866, 39.1523], [-77.1866, 39.1522], [-77.1863, 39.1518], [-77.1863, 39.1515], [-77.186, 39.1514], [-77.1858, 39.151], [-77.1855, 39.1508], [-77.1851, 39.1507], [-77.1848, 39.1503], [-77.1845, 39.1501], [-77.1843, 39.1499], [-77.1839, 39.1493], [-77.1838, 39.149], [-77.1838, 39.1486], [-77.1838, 39.1484], [-77.1837, 39.1477], [-77.1835, 39.1471], [-77.1833, 39.1467], [-77.1829, 39.1464], [-77.1815, 39.1461], [-77.1808, 39.1459], [-77.1805, 39.1456], [-77.1802, 39.145], [-77.1792, 39.1446], [-77.1794, 39.1398], [-77.1803, 39.1391], [-77.1803, 39.1385], [-77.1811, 39.1389], [-77.1836, 39.14], [-77.1827, 39.142], [-77.1827, 39.1429], [-77.1831, 39.1439], [-77.1837, 39.1446], [-77.1846, 39.1457], [-77.1854, 39.1473], [-77.1869, 39.1491], [-77.1878, 39.1496], [-77.1911, 39.1505], [-77.1926, 39.1512], [-77.1924, 39.1525], [-77.1922, 39.154], [-77.1921, 39.1548], [-77.192, 39.1573], [-77.1912, 39.1572], [-77.1909, 39.157], [-77.1908, 39.1564], [-77.1908, 39.1563]]]}, "properties": {"GEOID20": "24031700726", "JURSCODE": "MONT", "F2024_Child_Poverty_Rate__2026_": 15.0, "F2024_Child_Poverty_Rate_Margin_Of_Error": 21.8, "SCHOOL_BND_INT_CPG_TOTAL": 3, "SCHOOL_NAME": "Gaithersburg Elementary, South Lake Elementary, Harriet R Tubman Elementary", "Eligibility_Status": "Ineligible", "Qualifying_Criteria1_CPR_30": "No", "Qualifying_Criteria2_CPR_30MOE": "No", "grantee_name": "Identity, Inc."}}, {"type": "Feature", "geometry": {"type": "Polygon", "coordinates": [[[-77.1992, 39.1416], [-77.1989, 39.1413], [-77.2008, 39.141], [-77.202, 39.1406], [-77.2022, 39.1397], [-77.203, 39.138], [-77.2043, 39.1368], [-77.2056, 39.135], [-77.206, 39.1336], [-77.2065, 39.1316], [-77.2081, 39.1333], [-77.2095, 39.1351], [-77.2108, 39.1371], [-77.2122, 39.1397], [-77.2133, 39.1425], [-77.2145, 39.1452], [-77.2144, 39.1456], [-77.2067, 39.1433], [-77.2018, 39.1418], [-77.2003, 39.1416], [-77.1992, 39.1416]]]}, "properties": {"GEOID20": "24031700724", "JURSCODE": "MONT", "F2024_Child_Poverty_Rate__2026_": 15.3, "F2024_Child_Poverty_Rate_Margin_Of_Error": 17.1, "SCHOOL_BND_INT_CPG_TOTAL": 2, "SCHOOL_NAME": "Summit Hall Elementary, Harriet R Tubman Elementary", "Eligibility_Status": "Ineligible", "Qualifying_Criteria1_CPR_30": "No", "Qualifying_Criteria2_CPR_30MOE": "No", "grantee_name": "Identity, Inc."}}, {"type": "Feature", "geometry": {"type": "Polygon", "coordinates": [[[-77.1836, 39.14], [-77.1811, 39.1389], [-77.1798, 39.1381], [-77.1793, 39.1375], [-77.1807, 39.137], [-77.1857, 39.1342], [-77.1888, 39.1322], [-77.1929, 39.1367], [-77.1941, 39.138], [-77.1935, 39.1415], [-77.1896, 39.1414], [-77.1866, 39.1409], [-77.1836, 39.14]]]}, "properties": {"GEOID20": "24031700727", "JURSCODE": "MONT", "F2024_Child_Poverty_Rate__2026_": 28.8, "F2024_Child_Poverty_Rate_Margin_Of_Error": 25.9, "SCHOOL_BND_INT_CPG_TOTAL": 1, "SCHOOL_NAME": "Harriet R Tubman Elementary", "Eligibility_Status": "Ineligible", "Qualifying_Criteria1_CPR_30": "No", "Qualifying_Criteria2_CPR_30MOE": "No", "grantee_name": "Identity, Inc."}}, {"type": "Feature", "geometry": {"type": "Polygon", "coordinates": [[[-76.9842, 39.0014], [-76.986, 38.9994], [-76.9886, 38.996], [-76.9907, 38.993], [-76.9918, 38.9926], [-76.9921, 38.992], [-76.9923, 38.9909], [-76.9924, 38.9901], [-76.9923, 38.9894], [-76.9929, 38.9885], [-76.9933, 38.9882], [-76.9944, 38.9879], [-76.9952, 38.9876], [-76.9965, 38.9883], [-76.9969, 38.9887], [-76.9972, 38.9889], [-76.9976, 38.9897], [-76.9978, 38.9903], [-76.9978, 38.9905], [-76.9981, 38.9907], [-76.9982, 38.9909], [-76.998, 38.9913], [-76.9981, 38.9915], [-76.9985, 38.9918], [-76.9989, 38.9925], [-76.9987, 38.993], [-76.9985, 38.9938], [-76.9987, 38.9942], [-76.9989, 38.9948], [-76.9988, 38.9952], [-76.9982, 38.9965], [-76.998, 38.9971], [-76.998, 38.9976], [-76.9981, 38.9981], [-76.9981, 38.9985], [-76.9974, 38.9991], [-76.995, 38.9997], [-76.9912, 38.9999], [-76.9902, 39.0002], [-76.9887, 39.001], [-76.988, 39.0012], [-76.9867, 39.0013], [-76.9856, 39.0012], [-76.9846, 39.0013], [-76.9842, 39.0014]]]}, "properties": {"GEOID20": "24031702000", "JURSCODE": "MONT", "F2024_Child_Poverty_Rate__2026_": 18.0, "F2024_Child_Poverty_Rate_Margin_Of_Error": 13.7, "SCHOOL_BND_INT_CPG_TOTAL": 3, "SCHOOL_NAME": "Joann Leleck Elementary At Broad Acres, Rolling Terrace Elementary, New Hampshire Estates Elem", "Eligibility_Status": "Ineligible", "Qualifying_Criteria1_CPR_30": "No", "Qualifying_Criteria2_CPR_30MOE": "No", "grantee_name": "CHEER (Community Health and Empowerment through Education and Research)"}}, {"type": "Feature", "geometry": {"type": "Polygon", "coordinates": [[[-76.9951, 38.9875], [-76.9958, 38.9866], [-76.9989, 38.9868], [-77.0005, 38.9875], [-77.0011, 38.9888], [-77.0021, 38.9915], [-77.0023, 38.9926], [-77.0023, 38.994], [-77.0031, 38.9961], [-77.0035, 38.9977], [-77.0033, 38.9983], [-77.0006, 38.9985], [-76.9982, 38.9989], [-76.9982, 38.9983], [-76.9981, 38.998], [-76.998, 38.9973], [-76.9981, 38.9968], [-76.9982, 38.9963], [-76.9988, 38.995], [-76.999, 38.9947], [-76.9986, 38.9941], [-76.9985, 38.9937], [-76.9987, 38.9927], [-76.9989, 38.9924], [-76.9983, 38.9916], [-76.998, 38.9915], [-76.998, 38.9911], [-76.9982, 38.9909], [-76.998, 38.9907], [-76.9978, 38.9905], [-76.9977, 38.9902], [-76.9975, 38.9892], [-76.9972, 38.9888], [-76.9969, 38.9886], [-76.9961, 38.9881], [-76.9951, 38.9875]]]}, "properties": {"GEOID20": "24031701900", "JURSCODE": "MONT", "F2024_Child_Poverty_Rate__2026_": 59.3, "F2024_Child_Poverty_Rate_Margin_Of_Error": 24.0, "SCHOOL_BND_INT_CPG_TOTAL": 2, "SCHOOL_NAME": "Rolling Terrace Elementary, New Hampshire Estates Elem", "Eligibility_Status": "Eligible", "Qualifying_Criteria1_CPR_30": "Yes", "Qualifying_Criteria2_CPR_30MOE": "Yes", "grantee_name": "CHEER (Community Health and Empowerment through Education and Research)"}}, {"type": "Feature", "geometry": {"type": "Polygon", "coordinates": [[[-76.9994, 39.0027], [-76.9998, 38.9986], [-77.0023, 38.9984], [-77.0036, 38.9982], [-77.0045, 38.9978], [-77.0052, 38.9969], [-77.006, 38.9959], [-77.0082, 38.9962], [-77.0089, 38.9964], [-77.0092, 38.9968], [-77.0095, 38.9981], [-77.0099, 38.9986], [-77.0106, 38.9996], [-77.0101, 38.9996], [-77.0094, 38.9998], [-77.0087, 39.0007], [-77.007, 39.0024], [-77.0055, 39.003], [-77.0034, 39.0036], [-77.0018, 39.0039], [-76.9998, 39.0049], [-76.9994, 39.0047], [-76.9994, 39.0044], [-76.9994, 39.0037], [-76.9993, 39.0034], [-76.9992, 39.0031], [-76.9994, 39.0028], [-76.9994, 39.0027]]]}, "properties": {"GEOID20": "24031702301", "JURSCODE": "MONT", "F2024_Child_Poverty_Rate__2026_": 17.9, "F2024_Child_Poverty_Rate_Margin_Of_Error": 13.3, "SCHOOL_BND_INT_CPG_TOTAL": 2, "SCHOOL_NAME": "Rolling Terrace Elementary, New Hampshire Estates Elem", "Eligibility_Status": "Ineligible", "Qualifying_Criteria1_CPR_30": "No", "Qualifying_Criteria2_CPR_30MOE": "No", "grantee_name": "CHEER (Community Health and Empowerment through Education and Research)"}}, {"type": "Feature", "geometry": {"type": "Polygon", "coordinates": [[[-77.2011, 39.1644], [-77.2003, 39.1645], [-77.1999, 39.1647], [-77.1996, 39.1646], [-77.1992, 39.1643], [-77.1986, 39.1637], [-77.1981, 39.1635], [-77.1979, 39.1631], [-77.1978, 39.1628], [-77.1977, 39.1626], [-77.1979, 39.1623], [-77.1977, 39.1617], [-77.1977, 39.1613], [-77.1975, 39.1611], [-77.1975, 39.161], [-77.1977, 39.1609], [-77.1977, 39.1606], [-77.1973, 39.1603], [-77.1973, 39.1602], [-77.1973, 39.1601], [-77.197, 39.1601], [-77.1969, 39.1598], [-77.1962, 39.1596], [-77.1958, 39.1596], [-77.1955, 39.1596], [-77.1953, 39.1594], [-77.1953, 39.1592], [-77.1947, 39.1592], [-77.1941, 39.1585], [-77.1937, 39.158], [-77.1934, 39.1576], [-77.1924, 39.1573], [-77.1921, 39.1553], [-77.1922, 39.1543], [-77.1923, 39.1528], [-77.1949, 39.1524], [-77.1989, 39.1523], [-77.2045, 39.1502], [-77.2067, 39.1482], [-77.2091, 39.15], [-77.2114, 39.1532], [-77.2095, 39.1545], [-77.2075, 39.1559], [-77.2045, 39.1581], [-77.203, 39.1593], [-77.2023, 39.1602], [-77.2021, 39.1611], [-77.2022, 39.1619], [-77.2029, 39.1628], [-77.2045, 39.1648], [-77.2051, 39.1662], [-77.2046, 39.1667], [-77.2039, 39.1667], [-77.2033, 39.1666], [-77.203, 39.1664], [-77.2026, 39.1659], [-77.2017, 39.1648], [-77.2011, 39.1644]]]}, "properties": {"GEOID20": "24031700713", "JURSCODE": "MONT", "F2024_Child_Poverty_Rate__2026_": 46.6, "F2024_Child_Poverty_Rate_Margin_Of_Error": 17.8, "SCHOOL_BND_INT_CPG_TOTAL": 5, "SCHOOL_NAME": "Gaithersburg Elementary, Montgomery Village Middle, Whetstone Elementary, Watkins Mill Elementary, South Lake Elementary", "Eligibility_Status": "Eligible", "Qualifying_Criteria1_CPR_30": "Yes", "Qualifying_Criteria2_CPR_30MOE": "Yes", "grantee_name": "Identity, Inc."}}, {"type": "Feature", "geometry": {"type": "Polygon", "coordinates": [[[-77.1834, 39.1403], [-77.1859, 39.1407], [-77.1887, 39.1413], [-77.1915, 39.1415], [-77.1934, 39.1422], [-77.1928, 39.1443], [-77.1925, 39.1454], [-77.1926, 39.1464], [-77.1929, 39.1475], [-77.1931, 39.1483], [-77.1926, 39.1508], [-77.1889, 39.1498], [-77.1876, 39.1495], [-77.1861, 39.1482], [-77.1852, 39.147], [-77.1843, 39.1453], [-77.1835, 39.1444], [-77.1829, 39.1435], [-77.1826, 39.1426], [-77.1828, 39.1416], [-77.1834, 39.1403]]]}, "properties": {"GEOID20": "24031700725", "JURSCODE": "MONT", "F2024_Child_Poverty_Rate__2026_": 5.9, "F2024_Child_Poverty_Rate_Margin_Of_Error": 9.5, "SCHOOL_BND_INT_CPG_TOTAL": 2, "SCHOOL_NAME": "Gaithersburg Elementary, Harriet R Tubman Elementary", "Eligibility_Status": "Ineligible", "Qualifying_Criteria1_CPR_30": "No", "Qualifying_Criteria2_CPR_30MOE": "No", "grantee_name": "Identity, Inc."}}, {"type": "Feature", "geometry": {"type": "Polygon", "coordinates": [[[-77.1935, 39.1415], [-77.1941, 39.138], [-77.1929, 39.1367], [-77.1888, 39.1322], [-77.1908, 39.1307], [-77.1924, 39.1289], [-77.1939, 39.1283], [-77.1983, 39.1275], [-77.1994, 39.128], [-77.2004, 39.1286], [-77.201, 39.1293], [-77.2016, 39.1304], [-77.2026, 39.1327], [-77.2033, 39.1336], [-77.2022, 39.1355], [-77.2047, 39.1364], [-77.2031, 39.1379], [-77.2026, 39.1388], [-77.202, 39.1404], [-77.2013, 39.1409], [-77.1991, 39.1413], [-77.1991, 39.1415], [-77.1985, 39.1416], [-77.1935, 39.1415]]]}, "properties": {"GEOID20": "24031700731", "JURSCODE": "MONT", "F2024_Child_Poverty_Rate__2026_": 43.6, "F2024_Child_Poverty_Rate_Margin_Of_Error": 27.0, "SCHOOL_BND_INT_CPG_TOTAL": 2, "SCHOOL_NAME": "Summit Hall Elementary, Harriet R Tubman Elementary", "Eligibility_Status": "Eligible", "Qualifying_Criteria1_CPR_30": "Yes", "Qualifying_Criteria2_CPR_30MOE": "Yes", "grantee_name": "Identity, Inc."}}, {"type": "Feature", "geometry": {"type": "Polygon", "coordinates": [[[-77.0031, 38.9961], [-77.0023, 38.994], [-77.0023, 38.9926], [-77.0021, 38.9915], [-77.0011, 38.9888], [-77.0005, 38.9875], [-76.9989, 38.9868], [-76.997, 38.9855], [-76.9986, 38.9848], [-76.9993, 38.9843], [-77.0003, 38.9834], [-77.0011, 38.9838], [-77.0023, 38.9842], [-77.0026, 38.9846], [-77.0029, 38.9852], [-77.0034, 38.9856], [-77.0037, 38.986], [-77.0042, 38.9861], [-77.0047, 38.9865], [-77.0049, 38.9869], [-77.0048, 38.9876], [-77.0051, 38.9881], [-77.0055, 38.9881], [-77.006, 38.9885], [-77.0063, 38.9889], [-77.0068, 38.9897], [-77.0062, 38.9902], [-77.0061, 38.9906], [-77.0064, 38.9912], [-77.0063, 38.9917], [-77.0058, 38.9923], [-77.0052, 38.9928], [-77.0054, 38.9935], [-77.0054, 38.994], [-77.0052, 38.9943], [-77.0043, 38.9944], [-77.0043, 38.9946], [-77.0052, 38.9955], [-77.0057, 38.9956], [-77.006, 38.9955], [-77.006, 38.9959], [-77.0052, 38.9969], [-77.0045, 38.9978], [-77.0036, 38.9982], [-77.0032, 38.9964], [-77.0031, 38.9961]]]}, "properties": {"GEOID20": "24031701702", "JURSCODE": "MONT", "F2024_Child_Poverty_Rate__2026_": 4.8, "F2024_Child_Poverty_Rate_Margin_Of_Error": 4.6, "SCHOOL_BND_INT_CPG_TOTAL": 2, "SCHOOL_NAME": "Rolling Terrace Elementary, New Hampshire Estates Elem", "Eligibility_Status": "Ineligible", "Qualifying_Criteria1_CPR_30": "No", "Qualifying_Criteria2_CPR_30MOE": "No", "grantee_name": "CHEER (Community Health and Empowerment through Education and Research)"}}, {"type": "Feature", "geometry": {"type": "Polygon", "coordinates": [[[-76.9541, 38.8496], [-76.9524, 38.8474], [-76.9484, 38.8421], [-76.9489, 38.8415], [-76.9497, 38.8406], [-76.9538, 38.8383], [-76.9558, 38.8365], [-76.9564, 38.8353], [-76.9576, 38.8345], [-76.9579, 38.8352], [-76.958, 38.8355], [-76.9587, 38.836], [-76.96, 38.8363], [-76.9603, 38.8364], [-76.9608, 38.8367], [-76.9602, 38.8382], [-76.9603, 38.8384], [-76.9607, 38.839], [-76.9611, 38.8396], [-76.9619, 38.8403], [-76.9628, 38.8413], [-76.9631, 38.8415], [-76.9638, 38.8419], [-76.9647, 38.8423], [-76.9659, 38.843], [-76.9666, 38.8435], [-76.9666, 38.8436], [-76.9652, 38.8444], [-76.9639, 38.8452], [-76.9625, 38.8468], [-76.9618, 38.8476], [-76.9608, 38.8484], [-76.9602, 38.8487], [-76.9598, 38.8487], [-76.9596, 38.8488], [-76.9581, 38.8499], [-76.9581, 38.8505], [-76.9583, 38.8511], [-76.959, 38.8516], [-76.9575, 38.8522], [-76.956, 38.8523], [-76.9555, 38.8515], [-76.9541, 38.8496]]]}, "properties": {"GEOID20": "24033801809", "JURSCODE": "PRIN", "F2024_Child_Poverty_Rate__2026_": 15.4, "F2024_Child_Poverty_Rate_Margin_Of_Error": 17.9, "SCHOOL_BND_INT_CPG_TOTAL": 3, "SCHOOL_NAME": "Benjamin Stoddert Middle, Drew Freeman Middle, Suitland Elementary", "Eligibility_Status": "Eligible", "Qualifying_Criteria1_CPR_30": "No", "Qualifying_Criteria2_CPR_30MOE": "Yes", "grantee_name": "Prince George's County Department of Social Services"}}, {"type": "Feature", "geometry": {"type": "Polygon", "coordinates": [[[-76.9454, 38.8382], [-76.944, 38.8365], [-76.9426, 38.8346], [-76.9417, 38.8336], [-76.9409, 38.8318], [-76.9417, 38.8313], [-76.9443, 38.8315], [-76.945, 38.8317], [-76.9456, 38.832], [-76.9462, 38.8327], [-76.9471, 38.834], [-76.9476, 38.8341], [-76.9489, 38.8333], [-76.9495, 38.833], [-76.9509, 38.8332], [-76.9519, 38.833], [-76.952, 38.8322], [-76.9519, 38.8315], [-76.952, 38.8311], [-76.9524, 38.8306], [-76.9529, 38.8301], [-76.9531, 38.8297], [-76.9551, 38.8285], [-76.9553, 38.8286], [-76.9556, 38.8288], [-76.9574, 38.8308], [-76.9588, 38.8323], [-76.9596, 38.8329], [-76.9562, 38.8351], [-76.9565, 38.8354], [-76.9554, 38.8369], [-76.9536, 38.8384], [-76.9496, 38.8407], [-76.9488, 38.8417], [-76.9468, 38.84], [-76.9459, 38.8389], [-76.9454, 38.8382]]]}, "properties": {"GEOID20": "24033801802", "JURSCODE": "PRIN", "F2024_Child_Poverty_Rate__2026_": 0.0, "F2024_Child_Poverty_Rate_Margin_Of_Error": 6.9, "SCHOOL_BND_INT_CPG_TOTAL": 4, "SCHOOL_NAME": "Hillcrest Heights Elementary, Benjamin Stoddert Middle, Drew Freeman Middle, Suitland Elementary", "Eligibility_Status": "Ineligible", "Qualifying_Criteria1_CPR_30": "No", "Qualifying_Criteria2_CPR_30MOE": "No", "grantee_name": "Prince George's County Department of Social Services"}}, {"type": "Feature", "geometry": {"type": "Polygon", "coordinates": [[[-76.8556, 38.9375], [-76.8554, 38.9359], [-76.8553, 38.9329], [-76.8559, 38.9327], [-76.8567, 38.9324], [-76.8569, 38.9324], [-76.8582, 38.9324], [-76.8592, 38.9322], [-76.8601, 38.9319], [-76.8605, 38.9317], [-76.8608, 38.9322], [-76.8621, 38.9336], [-76.8633, 38.9342], [-76.864, 38.9345], [-76.8669, 38.9326], [-76.8679, 38.9325], [-76.8686, 38.9331], [-76.8697, 38.9342], [-76.8697, 38.9351], [-76.8705, 38.9355], [-76.8717, 38.9366], [-76.8724, 38.9369], [-76.8772, 38.9365], [-76.8824, 38.9359], [-76.8829, 38.9358], [-76.8834, 38.936], [-76.8847, 38.9366], [-76.8852, 38.9369], [-76.8851, 38.9373], [-76.8842, 38.9381], [-76.8829, 38.9389], [-76.8826, 38.9393], [-76.8808, 38.941], [-76.8793, 38.9419], [-76.8772, 38.9437], [-76.8758, 38.9449], [-76.8703, 38.95], [-76.8691, 38.9511], [-76.8656, 38.9558], [-76.8646, 38.9564], [-76.8634, 38.9544], [-76.8621, 38.9521], [-76.8585, 38.9456], [-76.8572, 38.9429], [-76.8564, 38.9405], [-76.8557, 38.9381], [-76.8556, 38.9375]]]}, "properties": {"GEOID20": "24033803602", "JURSCODE": "PRIN", "F2024_Child_Poverty_Rate__2026_": 42.1, "F2024_Child_Poverty_Rate_Margin_Of_Error": 26.1, "SCHOOL_BND_INT_CPG_TOTAL": 7, "SCHOOL_NAME": "Dodge Park Elementary, Judge Sylvania Woods Elementar, Parkdale High, Glenridge Elementary, Thomas Johnson Middle School, Charles Carroll Middle, James Mchenry Elementary", "Eligibility_Status": "Eligible", "Qualifying_Criteria1_CPR_30": "Yes", "Qualifying_Criteria2_CPR_30MOE": "Yes", "grantee_name": "Good Intentions Foundation Inc."}}, {"type": "Feature", "geometry": {"type": "Polygon", "coordinates": [[[-76.8712, 38.9129], [-76.8725, 38.9127], [-76.8788, 38.9128], [-76.8839, 38.9129], [-76.8848, 38.9128], [-76.8854, 38.9126], [-76.886, 38.9124], [-76.8896, 38.9104], [-76.8904, 38.91], [-76.8911, 38.9098], [-76.8895, 38.912], [-76.888, 38.9131], [-76.8821, 38.917], [-76.8803, 38.9184], [-76.8792, 38.9195], [-76.8783, 38.9206], [-76.8773, 38.9219], [-76.8762, 38.9237], [-76.8745, 38.9261], [-76.8735, 38.9259], [-76.8692, 38.9238], [-76.8673, 38.9225], [-76.8664, 38.9219], [-76.8647, 38.9208], [-76.8635, 38.9201], [-76.8602, 38.9181], [-76.8604, 38.9173], [-76.8605, 38.9161], [-76.8608, 38.9152], [-76.8617, 38.9146], [-76.8684, 38.9135], [-76.8712, 38.9129]]]}, "properties": {"GEOID20": "24033803403", "JURSCODE": "PRIN", "F2024_Child_Poverty_Rate__2026_": 40.4, "F2024_Child_Poverty_Rate_Margin_Of_Error": 24.4, "SCHOOL_BND_INT_CPG_TOTAL": 6, "SCHOOL_NAME": "Columbia Park Elementary, Highland Park Elementary, William Paca Elementary, Dodge Park Elementary, G James Ghoulson Middle, Fairmont Heights High", "Eligibility_Status": "Eligible", "Qualifying_Criteria1_CPR_30": "Yes", "Qualifying_Criteria2_CPR_30MOE": "No", "grantee_name": "Good Intentions Foundation Inc."}}, {"type": "Feature", "geometry": {"type": "Polygon", "coordinates": [[[-76.9784, 38.9968], [-76.9775, 38.9956], [-76.9772, 38.9953], [-76.977, 38.995], [-76.9771, 38.9942], [-76.977, 38.994], [-76.9765, 38.9938], [-76.9761, 38.9936], [-76.9754, 38.9928], [-76.9748, 38.9927], [-76.9739, 38.9928], [-76.9733, 38.9928], [-76.9725, 38.9925], [-76.9716, 38.9921], [-76.9706, 38.9916], [-76.9699, 38.991], [-76.9694, 38.9905], [-76.9688, 38.9902], [-76.9684, 38.99], [-76.9712, 38.9861], [-76.9771, 38.9836], [-76.9781, 38.9836], [-76.9789, 38.9838], [-76.9793, 38.9841], [-76.979, 38.9844], [-76.9787, 38.9846], [-76.9775, 38.9853], [-76.9766, 38.9857], [-76.9764, 38.986], [-76.9764, 38.9873], [-76.9768, 38.9875], [-76.9789, 38.9894], [-76.9795, 38.9899], [-76.9796, 38.9903], [-76.9796, 38.9908], [-76.9798, 38.9921], [-76.9813, 38.9924], [-76.9818, 38.9925], [-76.9823, 38.9931], [-76.9822, 38.9936], [-76.9819, 38.9941], [-76.9811, 38.9948], [-76.9821, 38.9955], [-76.9829, 38.9958], [-76.9849, 38.9965], [-76.9867, 38.9931], [-76.9881, 38.9934], [-76.9888, 38.9934], [-76.9899, 38.994], [-76.9883, 38.9963], [-76.9857, 39.0], [-76.9837, 39.0022], [-76.983, 39.0015], [-76.9824, 39.0011], [-76.9805, 38.9999], [-76.9796, 38.999], [-76.9793, 38.9981], [-76.9784, 38.9968]]]}, "properties": {"GEOID20": "24033805700", "JURSCODE": "PRIN", "F2024_Child_Poverty_Rate__2026_": 16.2, "F2024_Child_Poverty_Rate_Margin_Of_Error": 10.4, "SCHOOL_BND_INT_CPG_TOTAL": 8, "SCHOOL_NAME": "High Point High, Carole Highlands Elementary, Langley Pk/Mccormick Elem, Cool Spring Elementary, Mary Harris \"Mother\" Jones Elementary, Sonia Sotomayor Middle At Adelphi, Buck Lodge Middle, Cherokee Lane Elementary", "Eligibility_Status": "Ineligible", "Qualifying_Criteria1_CPR_30": "No", "Qualifying_Criteria2_CPR_30MOE": "No", "grantee_name": "CASA, Inc."}}, {"type": "Feature", "geometry": {"type": "Polygon", "coordinates": [[[-76.8852, 38.9371], [-76.8851, 38.9368], [-76.8841, 38.9363], [-76.8832, 38.9359], [-76.8828, 38.9358], [-76.8817, 38.9359], [-76.8759, 38.9366], [-76.8721, 38.9369], [-76.871, 38.936], [-76.8702, 38.9353], [-76.8697, 38.9346], [-76.8697, 38.9342], [-76.868, 38.9325], [-76.8678, 38.9325], [-76.87, 38.9307], [-76.8727, 38.9283], [-76.8743, 38.9264], [-76.8769, 38.9271], [-76.8779, 38.9273], [-76.8796, 38.9275], [-76.881, 38.9274], [-76.8833, 38.9271], [-76.8847, 38.9269], [-76.8871, 38.9267], [-76.888, 38.9267], [-76.8889, 38.9268], [-76.8897, 38.9271], [-76.8922, 38.9282], [-76.8941, 38.929], [-76.8963, 38.93], [-76.8976, 38.9306], [-76.8957, 38.9318], [-76.8894, 38.936], [-76.887, 38.9371], [-76.8851, 38.9383], [-76.885, 38.939], [-76.8843, 38.9399], [-76.8837, 38.9411], [-76.8826, 38.9424], [-76.8818, 38.943], [-76.8808, 38.9434], [-76.8803, 38.9419], [-76.8808, 38.941], [-76.8826, 38.9393], [-76.8829, 38.9389], [-76.8842, 38.9381], [-76.8851, 38.9373], [-76.8852, 38.9371]]]}, "properties": {"GEOID20": "24033803509", "JURSCODE": "PRIN", "F2024_Child_Poverty_Rate__2026_": 36.9, "F2024_Child_Poverty_Rate_Margin_Of_Error": 18.7, "SCHOOL_BND_INT_CPG_TOTAL": 5, "SCHOOL_NAME": "Bladensburg High, Cooper Lane Elementary, Dodge Park Elementary, Judge Sylvania Woods Elementar, Parkdale High", "Eligibility_Status": "Eligible", "Qualifying_Criteria1_CPR_30": "Yes", "Qualifying_Criteria2_CPR_30MOE": "No", "grantee_name": "Good Intentions Foundation Inc."}}, {"type": "Feature", "geometry": {"type": "Polygon", "coordinates": [[[-76.9009, 38.8625], [-76.9003, 38.8628], [-76.8996, 38.8631], [-76.8977, 38.8631], [-76.8977, 38.8628], [-76.898, 38.8623], [-76.8985, 38.8611], [-76.8988, 38.86], [-76.8945, 38.8593], [-76.8916, 38.8602], [-76.8908, 38.8603], [-76.8893, 38.8605], [-76.8878, 38.8609], [-76.8878, 38.8606], [-76.8876, 38.8608], [-76.8874, 38.8608], [-76.8865, 38.8611], [-76.8861, 38.8612], [-76.8859, 38.8613], [-76.884, 38.8619], [-76.8837, 38.8619], [-76.8835, 38.862], [-76.8832, 38.8622], [-76.8831, 38.8623], [-76.883, 38.8625], [-76.8829, 38.8624], [-76.8829, 38.8621], [-76.8827, 38.8618], [-76.8825, 38.8615], [-76.8822, 38.8612], [-76.8818, 38.8608], [-76.8814, 38.8604], [-76.8811, 38.8602], [-76.881, 38.86], [-76.8809, 38.8599], [-76.8794, 38.8589], [-76.8789, 38.8567], [-76.8811, 38.854], [-76.8833, 38.8544], [-76.8844, 38.8533], [-76.8866, 38.8525], [-76.8872, 38.8524], [-76.8891, 38.8528], [-76.8905, 38.8515], [-76.8916, 38.8518], [-76.8941, 38.8523], [-76.8959, 38.8528], [-76.8992, 38.8544], [-76.9001, 38.855], [-76.9021, 38.8589], [-76.9024, 38.8595], [-76.9023, 38.8598], [-76.9021, 38.8607], [-76.9026, 38.8611], [-76.9029, 38.8616], [-76.9037, 38.864], [-76.9036, 38.8642], [-76.9009, 38.8625]]]}, "properties": {"GEOID20": "24033802301", "JURSCODE": "PRIN", "F2024_Child_Poverty_Rate__2026_": 35.2, "F2024_Child_Poverty_Rate_Margin_Of_Error": 26.1, "SCHOOL_BND_INT_CPG_TOTAL": 5, "SCHOOL_NAME": "District Heights Elementary, Frances Scott Key Elem, Longfields Elementary, Drew Freeman Middle, Doswell E Brooks Elementary", "Eligibility_Status": "Eligible", "Qualifying_Criteria1_CPR_30": "Yes", "Qualifying_Criteria2_CPR_30MOE": "No", "grantee_name": "United Communities Against Poverty"}}, {"type": "Feature", "geometry": {"type": "Polygon", "coordinates": [[[-76.9576, 38.8345], [-76.9594, 38.8327], [-76.9586, 38.8322], [-76.9567, 38.83], [-76.9555, 38.8287], [-76.9552, 38.8286], [-76.9547, 38.8285], [-76.9514, 38.8285], [-76.951, 38.8282], [-76.9511, 38.8279], [-76.9523, 38.8279], [-76.9536, 38.8281], [-76.9539, 38.828], [-76.954, 38.828], [-76.9552, 38.828], [-76.9562, 38.8278], [-76.9565, 38.8276], [-76.9569, 38.8273], [-76.9573, 38.8271], [-76.9577, 38.8271], [-76.9579, 38.8271], [-76.958, 38.8269], [-76.9581, 38.8267], [-76.9587, 38.8267], [-76.959, 38.8266], [-76.9594, 38.8267], [-76.9595, 38.8268], [-76.96, 38.8269], [-76.961, 38.8268], [-76.9612, 38.8268], [-76.9613, 38.827], [-76.9617, 38.8269], [-76.9618, 38.8269], [-76.9621, 38.8269], [-76.9624, 38.8266], [-76.9626, 38.8264], [-76.9629, 38.8263], [-76.9632, 38.8262], [-76.9634, 38.8263], [-76.9638, 38.8264], [-76.9641, 38.8263], [-76.9644, 38.8263], [-76.9648, 38.8264], [-76.965, 38.8265], [-76.9652, 38.8266], [-76.9656, 38.8265], [-76.9658, 38.8266], [-76.966, 38.8266], [-76.9662, 38.8266], [-76.9662, 38.8268], [-76.9665, 38.8272], [-76.9674, 38.8279], [-76.9676, 38.8279], [-76.9675, 38.8284], [-76.9677, 38.8288], [-76.968, 38.8291], [-76.9686, 38.8293], [-76.9696, 38.8303], [-76.9691, 38.8309], [-76.9684, 38.8316], [-76.9671, 38.8322], [-76.9649, 38.8329], [-76.9656, 38.8334], [-76.9657, 38.8334], [-76.9671, 38.8348], [-76.9661, 38.8362], [-76.9663, 38.8364], [-76.9658, 38.8366], [-76.9643, 38.837], [-76.9637, 38.8372], [-76.9634, 38.8376], [-76.9641, 38.8377], [-76.9647, 38.838], [-76.9652, 38.8383], [-76.9659, 38.84], [-76.9668, 38.8409], [-76.9671, 38.8413], [-76.967, 38.8417], [-76.9662, 38.8427], [-76.9655, 38.8428], [-76.9644, 38.8422], [-76.9636, 38.8418], [-76.963, 38.8415], [-76.9626, 38.8412], [-76.9618, 38.8402], [-76.961, 38.8394], [-76.9606, 38.8388], [-76.9602, 38.8383], [-76.9602, 38.838], [-76.9605, 38.8365], [-76.9602, 38.8364], [-76.9598, 38.8363], [-76.9586, 38.8359], [-76.958, 38.8354], [-76.9579, 38.835], [-76.9576, 38.8345]]]}, "properties": {"GEOID20": "24033801808", "JURSCODE": "PRIN", "F2024_Child_Poverty_Rate__2026_": 26.8, "F2024_Child_Poverty_Rate_Margin_Of_Error": 25.4, "SCHOOL_BND_INT_CPG_TOTAL": 3, "SCHOOL_NAME": "Hillcrest Heights Elementary, Benjamin Stoddert Middle, Barnaby Manor Elementary", "Eligibility_Status": "Ineligible", "Qualifying_Criteria1_CPR_30": "No", "Qualifying_Criteria2_CPR_30MOE": "No", "grantee_name": "Prince George's County Department of Social Services"}}, {"type": "Feature", "geometry": {"type": "Polygon", "coordinates": [[[-76.8884, 38.9267], [-76.8879, 38.926], [-76.8873, 38.9254], [-76.8871, 38.9253], [-76.887, 38.925], [-76.8864, 38.9243], [-76.8881, 38.9234], [-76.8884, 38.9229], [-76.8898, 38.9208], [-76.8901, 38.9206], [-76.8924, 38.9207], [-76.8924, 38.9205], [-76.8917, 38.9179], [-76.8969, 38.9184], [-76.8977, 38.9184], [-76.8986, 38.9184], [-76.9063, 38.917], [-76.9085, 38.9166], [-76.9101, 38.9165], [-76.9113, 38.9164], [-76.9126, 38.916], [-76.9131, 38.9159], [-76.9135, 38.9159], [-76.914, 38.916], [-76.9145, 38.9162], [-76.9148, 38.9165], [-76.9109, 38.9186], [-76.9088, 38.9194], [-76.9063, 38.9208], [-76.9049, 38.9217], [-76.9026, 38.9234], [-76.9011, 38.9246], [-76.8998, 38.9257], [-76.8986, 38.9271], [-76.8969, 38.9289], [-76.8941, 38.929], [-76.8922, 38.9282], [-76.8897, 38.9271], [-76.8889, 38.9268], [-76.8884, 38.9267]]]}, "properties": {"GEOID20": "24033803200", "JURSCODE": "PRIN", "F2024_Child_Poverty_Rate__2026_": 21.9, "F2024_Child_Poverty_Rate_Margin_Of_Error": 17.0, "SCHOOL_BND_INT_CPG_TOTAL": 5, "SCHOOL_NAME": "Columbia Park Elementary, Dodge Park Elementary, G James Ghoulson Middle, Fairmont Heights High, Robert R Gray Elementary", "Eligibility_Status": "Ineligible", "Qualifying_Criteria1_CPR_30": "No", "Qualifying_Criteria2_CPR_30MOE": "No", "grantee_name": "Good Intentions Foundation Inc."}}, {"type": "Feature", "geometry": {"type": "Polygon", "coordinates": [[[-76.9508, 39.0187], [-76.9514, 39.0176], [-76.954, 39.0112], [-76.9548, 39.01], [-76.9584, 39.0044], [-76.9578, 39.0031], [-76.9591, 39.0032], [-76.9601, 39.0031], [-76.9627, 39.0027], [-76.9644, 39.0025], [-76.9654, 39.0024], [-76.9679, 39.0043], [-76.9693, 39.0054], [-76.9698, 39.0059], [-76.9706, 39.0066], [-76.9736, 39.0086], [-76.9758, 39.0096], [-76.9762, 39.0099], [-76.977, 39.0107], [-76.9761, 39.0126], [-76.9738, 39.0157], [-76.9717, 39.0186], [-76.97, 39.0185], [-76.965, 39.0189], [-76.9628, 39.0193], [-76.9592, 39.02], [-76.9539, 39.0212], [-76.9505, 39.0219], [-76.9501, 39.0208], [-76.9508, 39.0189], [-76.9508, 39.0187]]]}, "properties": {"GEOID20": "24033807305", "JURSCODE": "PRIN", "F2024_Child_Poverty_Rate__2026_": 41.7, "F2024_Child_Poverty_Rate_Margin_Of_Error": 33.9, "SCHOOL_BND_INT_CPG_TOTAL": 8, "SCHOOL_NAME": "High Point High, Beltsville Elementary, Adelphi Elementary, Mary Harris \"Mother\" Jones Elementary, Sonia Sotomayor Middle At Adelphi, Buck Lodge Middle, Cherokee Lane Elementary, Paint Branch Elementary", "Eligibility_Status": "Eligible", "Qualifying_Criteria1_CPR_30": "Yes", "Qualifying_Criteria2_CPR_30MOE": "Yes", "grantee_name": "Latin American Youth Center"}}, {"type": "Feature", "geometry": {"type": "Polygon", "coordinates": [[[-76.8463, 38.9798], [-76.8446, 38.9773], [-76.8438, 38.9767], [-76.8423, 38.9756], [-76.8406, 38.9755], [-76.8387, 38.9756], [-76.8406, 38.9746], [-76.8443, 38.9726], [-76.8509, 38.9692], [-76.8534, 38.9678], [-76.8554, 38.9663], [-76.8585, 38.9636], [-76.86, 38.9635], [-76.8611, 38.963], [-76.8621, 38.9623], [-76.8629, 38.9615], [-76.8655, 38.96], [-76.8666, 38.9614], [-76.8674, 38.9645], [-76.8684, 38.9684], [-76.8689, 38.9707], [-76.8695, 38.9724], [-76.8708, 38.9749], [-76.872, 38.9765], [-76.872, 38.9792], [-76.8713, 38.9795], [-76.8691, 38.9798], [-76.8678, 38.9801], [-76.8655, 38.9804], [-76.8648, 38.9804], [-76.8639, 38.9803], [-76.8633, 38.98], [-76.8625, 38.9792], [-76.862, 38.9788], [-76.8616, 38.9785], [-76.8603, 38.9782], [-76.8591, 38.978], [-76.8581, 38.9779], [-76.8551, 38.978], [-76.854, 38.978], [-76.8534, 38.9781], [-76.8494, 38.9797], [-76.8471, 38.9806], [-76.8463, 38.9798]]]}, "properties": {"GEOID20": "24033803606", "JURSCODE": "PRIN", "F2024_Child_Poverty_Rate__2026_": 17.9, "F2024_Child_Poverty_Rate_Margin_Of_Error": 24.0, "SCHOOL_BND_INT_CPG_TOTAL": 6, "SCHOOL_NAME": "Gaywood Elementary, Catherine T Reed Elementary, Seabrook Elementary, Thomas Johnson Middle School, Charles Carroll Middle, Robert Frost Elementary", "Eligibility_Status": "Ineligible", "Qualifying_Criteria1_CPR_30": "No", "Qualifying_Criteria2_CPR_30MOE": "No", "grantee_name": "Good Intentions Foundation Inc."}}, {"type": "Feature", "geometry": {"type": "Polygon", "coordinates": [[[-76.9377, 39.0516], [-76.9367, 39.0512], [-76.9382, 39.0493], [-76.9385, 39.0487], [-76.9384, 39.048], [-76.9377, 39.0471], [-76.9419, 39.0446], [-76.9451, 39.0427], [-76.9463, 39.0418], [-76.9469, 39.0411], [-76.9471, 39.0407], [-76.9477, 39.0397], [-76.9482, 39.04], [-76.9483, 39.04], [-76.9504, 39.0396], [-76.9523, 39.0393], [-76.9524, 39.0392], [-76.9525, 39.0391], [-76.9529, 39.039], [-76.9538, 39.0391], [-76.9547, 39.0395], [-76.9537, 39.0425], [-76.9518, 39.0453], [-76.9481, 39.0502], [-76.9474, 39.051], [-76.9463, 39.0524], [-76.9443, 39.0515], [-76.9439, 39.0515], [-76.9422, 39.052], [-76.9409, 39.0525], [-76.9402, 39.0525], [-76.9397, 39.0522], [-76.9387, 39.0519], [-76.9377, 39.0516]]]}, "properties": {"GEOID20": "24033807410", "JURSCODE": "PRIN", "F2024_Child_Poverty_Rate__2026_": 41.5, "F2024_Child_Poverty_Rate_Margin_Of_Error": 20.5, "SCHOOL_BND_INT_CPG_TOTAL": 4, "SCHOOL_NAME": "High Point High, Calverton Elementary, Buck Lodge Middle, Cherokee Lane Elementary", "Eligibility_Status": "Eligible", "Qualifying_Criteria1_CPR_30": "Yes", "Qualifying_Criteria2_CPR_30MOE": "Yes", "grantee_name": "Latin American Youth Center"}}, {"type": "Feature", "geometry": {"type": "Polygon", "coordinates": [[[-76.9781, 38.9836], [-76.9771, 38.9836], [-76.9743, 38.9825], [-76.9786, 38.9787], [-76.9784, 38.9766], [-76.9785, 38.9759], [-76.9787, 38.9756], [-76.9791, 38.975], [-76.9794, 38.9744], [-76.9795, 38.974], [-76.9795, 38.9728], [-76.9812, 38.9731], [-76.9828, 38.974], [-76.9841, 38.9744], [-76.9857, 38.9748], [-76.9876, 38.9752], [-76.9905, 38.9757], [-76.9869, 38.9769], [-76.9867, 38.9792], [-76.9854, 38.9839], [-76.9848, 38.9872], [-76.9806, 38.9847], [-76.9789, 38.9838], [-76.9781, 38.9836]]]}, "properties": {"GEOID20": "24033805500", "JURSCODE": "PRIN", "F2024_Child_Poverty_Rate__2026_": 24.0, "F2024_Child_Poverty_Rate_Margin_Of_Error": 16.5, "SCHOOL_BND_INT_CPG_TOTAL": 10, "SCHOOL_NAME": "High Point High, Ridgecrest Elementary, Carole Highlands Elementary, Lewisdale Elementary, Nicholas Orem Middle School, Cool Spring Elementary, Mary Harris \"Mother\" Jones Elementary, Rosa L Parks Elementary, Sonia Sotomayor Middle At Adelphi, Buck Lodge Middle", "Eligibility_Status": "Ineligible", "Qualifying_Criteria1_CPR_30": "No", "Qualifying_Criteria2_CPR_30MOE": "No", "grantee_name": "CASA, Inc."}}, {"type": "Feature", "geometry": {"type": "Polygon", "coordinates": [[[-76.8991, 38.9725], [-76.9, 38.971], [-76.901, 38.9695], [-76.9028, 38.9671], [-76.9043, 38.9653], [-76.9055, 38.9626], [-76.9055, 38.9612], [-76.9077, 38.9612], [-76.9102, 38.9611], [-76.911, 38.961], [-76.912, 38.9608], [-76.9134, 38.9604], [-76.9158, 38.9601], [-76.9171, 38.9601], [-76.9186, 38.9603], [-76.9199, 38.9605], [-76.9194, 38.9623], [-76.9189, 38.9635], [-76.9189, 38.9641], [-76.9188, 38.9658], [-76.9186, 38.9663], [-76.9181, 38.9672], [-76.9153, 38.9718], [-76.9151, 38.9722], [-76.9139, 38.9721], [-76.9101, 38.9719], [-76.9086, 38.972], [-76.9075, 38.972], [-76.9041, 38.9719], [-76.9031, 38.972], [-76.9014, 38.9723], [-76.8991, 38.9725]]]}, "properties": {"GEOID20": "24033806602", "JURSCODE": "PRIN", "F2024_Child_Poverty_Rate__2026_": 37.8, "F2024_Child_Poverty_Rate_Margin_Of_Error": 18.0, "SCHOOL_BND_INT_CPG_TOTAL": 5, "SCHOOL_NAME": "Roger Heights Elementary, Templeton Elementary, William Wirt Middle School, Parkdale High, Berwyn Heights Elementary", "Eligibility_Status": "Eligible", "Qualifying_Criteria1_CPR_30": "Yes", "Qualifying_Criteria2_CPR_30MOE": "Yes", "grantee_name": "Latin American Youth Center"}}, {"type": "Feature", "geometry": {"type": "Polygon", "coordinates": [[[-76.9266, 39.0184], [-76.927, 39.017], [-76.9274, 39.0158], [-76.9278, 39.0143], [-76.9285, 39.0148], [-76.9292, 39.0153], [-76.9307, 39.0162], [-76.9336, 39.0171], [-76.935, 39.0166], [-76.9354, 39.0164], [-76.9358, 39.0161], [-76.9357, 39.0157], [-76.9358, 39.0155], [-76.9359, 39.0151], [-76.9359, 39.015], [-76.9358, 39.0147], [-76.9359, 39.014], [-76.9359, 39.0134], [-76.936, 39.0125], [-76.9361, 39.0117], [-76.9359, 39.011], [-76.9357, 39.0104], [-76.9354, 39.0099], [-76.934, 39.0084], [-76.9338, 39.0065], [-76.9342, 39.0029], [-76.934, 39.0013], [-76.933, 38.9997], [-76.9326, 38.9987], [-76.9356, 38.9994], [-76.9366, 38.9996], [-76.9407, 39.0003], [-76.941, 39.0004], [-76.9412, 39.0007], [-76.9396, 39.0013], [-76.9385, 39.0013], [-76.9419, 39.0055], [-76.9425, 39.0048], [-76.9426, 39.0046], [-76.9428, 39.0041], [-76.9431, 39.0035], [-76.9437, 39.0017], [-76.9445, 39.0012], [-76.9447, 39.0009], [-76.9473, 39.0014], [-76.9496, 39.0018], [-76.9518, 39.0049], [-76.9501, 39.0067], [-76.9518, 39.0064], [-76.9554, 39.0052], [-76.9575, 39.0031], [-76.958, 39.0049], [-76.9546, 39.0103], [-76.9534, 39.0109], [-76.951, 39.0182], [-76.9508, 39.0189], [-76.9501, 39.0208], [-76.9493, 39.0222], [-76.9471, 39.0227], [-76.9451, 39.0229], [-76.9425, 39.0228], [-76.9401, 39.0226], [-76.9384, 39.0222], [-76.9369, 39.0217], [-76.9328, 39.0201], [-76.9305, 39.0192], [-76.9285, 39.0187], [-76.9266, 39.0184]]]}, "properties": {"GEOID20": "24033807301", "JURSCODE": "PRIN", "F2024_Child_Poverty_Rate__2026_": 40.1, "F2024_Child_Poverty_Rate_Margin_Of_Error": 19.5, "SCHOOL_BND_INT_CPG_TOTAL": 6, "SCHOOL_NAME": "High Point High, Beltsville Elementary, Parkdale High, Buck Lodge Middle, Cherokee Lane Elementary, Paint Branch Elementary", "Eligibility_Status": "Eligible", "Qualifying_Criteria1_CPR_30": "Yes", "Qualifying_Criteria2_CPR_30MOE": "No", "grantee_name": "Latin American Youth Center"}}, {"type": "Feature", "geometry": {"type": "Polygon", "coordinates": [[[-76.9173, 38.859], [-76.9157, 38.8575], [-76.9132, 38.8553], [-76.9109, 38.8535], [-76.9106, 38.8531], [-76.9121, 38.8527], [-76.9137, 38.8524], [-76.9168, 38.8522], [-76.9181, 38.8521], [-76.92, 38.8517], [-76.9205, 38.8533], [-76.9216, 38.8531], [-76.9234, 38.8543], [-76.9295, 38.8529], [-76.9299, 38.8526], [-76.9303, 38.8524], [-76.9306, 38.8535], [-76.9313, 38.8538], [-76.9315, 38.8545], [-76.9319, 38.8562], [-76.9301, 38.8565], [-76.9255, 38.8576], [-76.9224, 38.8584], [-76.9208, 38.8588], [-76.9205, 38.8588], [-76.9197, 38.8596], [-76.9188, 38.8602], [-76.9173, 38.859]]]}, "properties": {"GEOID20": "24033802406", "JURSCODE": "PRIN", "F2024_Child_Poverty_Rate__2026_": 20.3, "F2024_Child_Poverty_Rate_Margin_Of_Error": 27.0, "SCHOOL_BND_INT_CPG_TOTAL": 4, "SCHOOL_NAME": "Bradbury Heights Elementary, Frances Scott Key Elem, Drew Freeman Middle, Suitland Elementary", "Eligibility_Status": "Ineligible", "Qualifying_Criteria1_CPR_30": "No", "Qualifying_Criteria2_CPR_30MOE": "No", "grantee_name": "United Communities Against Poverty"}}, {"type": "Feature", "geometry": {"type": "Polygon", "coordinates": [[[-76.9047, 38.8648], [-76.9037, 38.864], [-76.9034, 38.8631], [-76.9027, 38.8611], [-76.9022, 38.8608], [-76.9021, 38.8599], [-76.9024, 38.8598], [-76.9022, 38.8591], [-76.9002, 38.8552], [-76.9003, 38.855], [-76.9042, 38.8544], [-76.9066, 38.8536], [-76.9074, 38.8536], [-76.908, 38.8538], [-76.9091, 38.8537], [-76.9106, 38.8533], [-76.9126, 38.8548], [-76.9142, 38.8562], [-76.917, 38.8587], [-76.9184, 38.8599], [-76.9187, 38.8603], [-76.9176, 38.8611], [-76.917, 38.8616], [-76.9149, 38.8606], [-76.9146, 38.8606], [-76.9152, 38.8622], [-76.9156, 38.8622], [-76.9158, 38.8625], [-76.916, 38.8628], [-76.9165, 38.864], [-76.9164, 38.8643], [-76.9162, 38.8647], [-76.9149, 38.8642], [-76.9128, 38.8649], [-76.9121, 38.865], [-76.9113, 38.8649], [-76.9103, 38.8646], [-76.9098, 38.8646], [-76.9093, 38.8647], [-76.9082, 38.8652], [-76.9079, 38.8653], [-76.9073, 38.8654], [-76.9058, 38.8653], [-76.9051, 38.8651], [-76.9047, 38.8648]]]}, "properties": {"GEOID20": "24033802407", "JURSCODE": "PRIN", "F2024_Child_Poverty_Rate__2026_": 0.0, "F2024_Child_Poverty_Rate_Margin_Of_Error": 11.0, "SCHOOL_BND_INT_CPG_TOTAL": 6, "SCHOOL_NAME": "Bradbury Heights Elementary, District Heights Elementary, Frances Scott Key Elem, Drew Freeman Middle, Suitland Elementary, Doswell E Brooks Elementary", "Eligibility_Status": "Ineligible", "Qualifying_Criteria1_CPR_30": "No", "Qualifying_Criteria2_CPR_30MOE": "No", "grantee_name": "United Communities Against Poverty"}}, {"type": "Feature", "geometry": {"type": "Polygon", "coordinates": [[[-76.9823, 38.9931], [-76.9826, 38.9924], [-76.9836, 38.9924], [-76.9845, 38.9919], [-76.9845, 38.991], [-76.9843, 38.9897], [-76.984, 38.9887], [-76.9838, 38.9884], [-76.9834, 38.9882], [-76.983, 38.988], [-76.9801, 38.9877], [-76.9791, 38.9876], [-76.9791, 38.9869], [-76.9792, 38.9861], [-76.9784, 38.986], [-76.9779, 38.9858], [-76.9775, 38.9853], [-76.9787, 38.9846], [-76.979, 38.9844], [-76.9793, 38.9841], [-76.981, 38.9849], [-76.9849, 38.9872], [-76.9868, 38.9884], [-76.9878, 38.9891], [-76.9911, 38.9924], [-76.9888, 38.9934], [-76.9881, 38.9934], [-76.9867, 38.9931], [-76.9849, 38.9965], [-76.9829, 38.9958], [-76.9821, 38.9955], [-76.9811, 38.9948], [-76.9819, 38.9941], [-76.9822, 38.9936], [-76.9823, 38.9931]]]}, "properties": {"GEOID20": "24033805601", "JURSCODE": "PRIN", "F2024_Child_Poverty_Rate__2026_": 52.1, "F2024_Child_Poverty_Rate_Margin_Of_Error": 17.2, "SCHOOL_BND_INT_CPG_TOTAL": 8, "SCHOOL_NAME": "High Point High, Carole Highlands Elementary, Langley Pk/Mccormick Elem, Cool Spring Elementary, Mary Harris \"Mother\" Jones Elementary, Sonia Sotomayor Middle At Adelphi, Buck Lodge Middle, Cherokee Lane Elementary", "Eligibility_Status": "Eligible", "Qualifying_Criteria1_CPR_30": "Yes", "Qualifying_Criteria2_CPR_30MOE": "Yes", "grantee_name": "CASA, Inc."}}, {"type": "Feature", "geometry": {"type": "Polygon", "coordinates": [[[-76.8637, 38.9343], [-76.8627, 38.9339], [-76.861, 38.9332], [-76.8612, 38.9316], [-76.8604, 38.9317], [-76.8601, 38.932], [-76.8584, 38.9324], [-76.8575, 38.9324], [-76.8568, 38.9324], [-76.8565, 38.9325], [-76.8558, 38.9327], [-76.855, 38.9331], [-76.8549, 38.9318], [-76.8546, 38.9297], [-76.854, 38.9251], [-76.8533, 38.9222], [-76.8526, 38.9198], [-76.8518, 38.9172], [-76.8538, 38.9171], [-76.856, 38.9171], [-76.8575, 38.9173], [-76.8588, 38.9176], [-76.8602, 38.9181], [-76.8635, 38.9201], [-76.8647, 38.9208], [-76.8664, 38.9219], [-76.8673, 38.9225], [-76.8692, 38.9238], [-76.8735, 38.9259], [-76.8743, 38.9264], [-76.8727, 38.9283], [-76.87, 38.9307], [-76.8669, 38.9326], [-76.864, 38.9345], [-76.8637, 38.9343]]]}, "properties": {"GEOID20": "24033803508", "JURSCODE": "PRIN", "F2024_Child_Poverty_Rate__2026_": 36.4, "F2024_Child_Poverty_Rate_Margin_Of_Error": 15.0, "SCHOOL_BND_INT_CPG_TOTAL": 3, "SCHOOL_NAME": "William Paca Elementary, Dodge Park Elementary, Judge Sylvania Woods Elementar", "Eligibility_Status": "Eligible", "Qualifying_Criteria1_CPR_30": "Yes", "Qualifying_Criteria2_CPR_30MOE": "Yes", "grantee_name": "Good Intentions Foundation Inc."}}, {"type": "Feature", "geometry": {"type": "Polygon", "coordinates": [[[-76.9811, 38.9924], [-76.9791, 38.9919], [-76.9796, 38.9906], [-76.9796, 38.9902], [-76.9793, 38.9897], [-76.9776, 38.9882], [-76.9766, 38.9874], [-76.9757, 38.987], [-76.9764, 38.9859], [-76.9767, 38.9856], [-76.9778, 38.9856], [-76.9781, 38.9859], [-76.9787, 38.9861], [-76.9792, 38.9865], [-76.9789, 38.9871], [-76.9792, 38.9876], [-76.9812, 38.9879], [-76.9832, 38.9881], [-76.9835, 38.9882], [-76.9839, 38.9885], [-76.9841, 38.9889], [-76.9844, 38.9901], [-76.9845, 38.9913], [-76.9844, 38.9924], [-76.9833, 38.9924], [-76.9823, 38.9924], [-76.9815, 38.9925], [-76.9811, 38.9924]]]}, "properties": {"GEOID20": "24033805602", "JURSCODE": "PRIN", "F2024_Child_Poverty_Rate__2026_": 48.3, "F2024_Child_Poverty_Rate_Margin_Of_Error": 18.0, "SCHOOL_BND_INT_CPG_TOTAL": 7, "SCHOOL_NAME": "High Point High, Carole Highlands Elementary, Langley Pk/Mccormick Elem, Cool Spring Elementary, Mary Harris \"Mother\" Jones Elementary, Sonia Sotomayor Middle At Adelphi, Buck Lodge Middle", "Eligibility_Status": "Eligible", "Qualifying_Criteria1_CPR_30": "Yes", "Qualifying_Criteria2_CPR_30MOE": "Yes", "grantee_name": "CASA, Inc."}}, {"type": "Feature", "geometry": {"type": "Polygon", "coordinates": [[[-76.8945, 38.8593], [-76.8988, 38.86], [-76.8985, 38.8611], [-76.898, 38.8623], [-76.8977, 38.8628], [-76.8977, 38.8631], [-76.8965, 38.8637], [-76.8954, 38.8641], [-76.8945, 38.8644], [-76.8932, 38.8653], [-76.8927, 38.8658], [-76.8922, 38.867], [-76.8917, 38.8679], [-76.8914, 38.8685], [-76.8902, 38.8696], [-76.8897, 38.8699], [-76.889, 38.8702], [-76.8878, 38.8705], [-76.8863, 38.8709], [-76.8859, 38.8676], [-76.8866, 38.8629], [-76.8883, 38.8607], [-76.8897, 38.8604], [-76.8912, 38.8603], [-76.892, 38.8601], [-76.8945, 38.8593]]]}, "properties": {"GEOID20": "24033802404", "JURSCODE": "PRIN", "F2024_Child_Poverty_Rate__2026_": 27.1, "F2024_Child_Poverty_Rate_Margin_Of_Error": 30.5, "SCHOOL_BND_INT_CPG_TOTAL": 4, "SCHOOL_NAME": "District Heights Elementary, Drew Freeman Middle, Doswell E Brooks Elementary, John H Bayne Elementary", "Eligibility_Status": "Eligible", "Qualifying_Criteria1_CPR_30": "No", "Qualifying_Criteria2_CPR_30MOE": "Yes", "grantee_name": "United Communities Against Poverty"}}, {"type": "Feature", "geometry": {"type": "Polygon", "coordinates": [[[-76.9465, 38.8331], [-76.9458, 38.8322], [-76.9454, 38.8319], [-76.9446, 38.8316], [-76.942, 38.8314], [-76.9413, 38.8309], [-76.9423, 38.8295], [-76.9434, 38.8283], [-76.9447, 38.8271], [-76.9465, 38.8255], [-76.9485, 38.8239], [-76.9492, 38.8236], [-76.9501, 38.8237], [-76.9503, 38.8239], [-76.9509, 38.8243], [-76.9511, 38.8245], [-76.9511, 38.8248], [-76.9509, 38.8279], [-76.9511, 38.8285], [-76.9516, 38.8285], [-76.9531, 38.8298], [-76.9528, 38.8302], [-76.9522, 38.8309], [-76.9519, 38.8311], [-76.9519, 38.8317], [-76.952, 38.8325], [-76.9518, 38.8333], [-76.9499, 38.833], [-76.9494, 38.833], [-76.9481, 38.8338], [-76.9475, 38.8343], [-76.9468, 38.8336], [-76.9465, 38.8331]]]}, "properties": {"GEOID20": "24033801801", "JURSCODE": "PRIN", "F2024_Child_Poverty_Rate__2026_": 46.8, "F2024_Child_Poverty_Rate_Margin_Of_Error": 30.3, "SCHOOL_BND_INT_CPG_TOTAL": 2, "SCHOOL_NAME": "Hillcrest Heights Elementary, Benjamin Stoddert Middle", "Eligibility_Status": "Eligible", "Qualifying_Criteria1_CPR_30": "Yes", "Qualifying_Criteria2_CPR_30MOE": "Yes", "grantee_name": "Prince George's County Department of Social Services"}}, {"type": "Feature", "geometry": {"type": "Polygon", "coordinates": [[[-77.7076, 39.6497], [-77.7056, 39.6498], [-77.7005, 39.6516], [-77.6964, 39.6515], [-77.6907, 39.6514], [-77.6888, 39.6513], [-77.691, 39.6498], [-77.6917, 39.6486], [-77.6924, 39.6443], [-77.6933, 39.6423], [-77.6981, 39.6422], [-77.7033, 39.6421], [-77.7052, 39.6421], [-77.7069, 39.6422], [-77.7137, 39.6431], [-77.7142, 39.6427], [-77.7163, 39.6401], [-77.7179, 39.6409], [-77.7201, 39.6419], [-77.7196, 39.6429], [-77.7149, 39.6488], [-77.7131, 39.6511], [-77.7126, 39.6517], [-77.7112, 39.6512], [-77.7085, 39.6501], [-77.7076, 39.6497]]]}, "properties": {"GEOID20": "24043000500", "JURSCODE": "WASH", "F2024_Child_Poverty_Rate__2026_": 43.0, "F2024_Child_Poverty_Rate_Margin_Of_Error": 23.7, "SCHOOL_BND_INT_CPG_TOTAL": 3, "SCHOOL_NAME": "Ruth Ann Monroe Primary, Eastern Elementary, Pangborn Elementary", "Eligibility_Status": "Eligible", "Qualifying_Criteria1_CPR_30": "Yes", "Qualifying_Criteria2_CPR_30MOE": "Yes", "grantee_name": "San Mar Family & Community Services: Bester Community of Hope"}}, {"type": "Feature", "geometry": {"type": "Polygon", "coordinates": [[[-77.7059, 39.6421], [-77.7042, 39.6421], [-77.7003, 39.6422], [-77.6952, 39.6423], [-77.6904, 39.6423], [-77.6851, 39.6426], [-77.6836, 39.6426], [-77.6855, 39.6416], [-77.6877, 39.6408], [-77.6869, 39.6396], [-77.686, 39.6387], [-77.6867, 39.638], [-77.6871, 39.6378], [-77.6879, 39.6382], [-77.69, 39.6387], [-77.6906, 39.6382], [-77.6901, 39.6365], [-77.6903, 39.6361], [-77.6907, 39.6347], [-77.6909, 39.6344], [-77.693, 39.6337], [-77.6934, 39.6334], [-77.6958, 39.632], [-77.6976, 39.6325], [-77.6995, 39.6324], [-77.7013, 39.6312], [-77.7026, 39.6332], [-77.7039, 39.6344], [-77.7055, 39.6355], [-77.7122, 39.639], [-77.7146, 39.6394], [-77.7156, 39.6398], [-77.7148, 39.6421], [-77.7139, 39.6431], [-77.7081, 39.6424], [-77.7059, 39.6421]]]}, "properties": {"GEOID20": "24043000601", "JURSCODE": "WASH", "F2024_Child_Poverty_Rate__2026_": 19.0, "F2024_Child_Poverty_Rate_Margin_Of_Error": 17.0, "SCHOOL_BND_INT_CPG_TOTAL": 3, "SCHOOL_NAME": "Ruth Ann Monroe Primary, Eastern Elementary, Pangborn Elementary", "Eligibility_Status": "Ineligible", "Qualifying_Criteria1_CPR_30": "No", "Qualifying_Criteria2_CPR_30MOE": "No", "grantee_name": "San Mar Family & Community Services: Bester Community of Hope"}}, {"type": "Feature", "geometry": {"type": "Polygon", "coordinates": [[[-77.7195, 39.6242], [-77.7236, 39.6231], [-77.725, 39.6233], [-77.7268, 39.6237], [-77.7278, 39.6245], [-77.7266, 39.6274], [-77.7259, 39.6282], [-77.724, 39.6307], [-77.7231, 39.6319], [-77.7228, 39.6353], [-77.7223, 39.639], [-77.7203, 39.642], [-77.7193, 39.6415], [-77.7166, 39.6402], [-77.715, 39.6395], [-77.715, 39.6389], [-77.7153, 39.637], [-77.7158, 39.6336], [-77.7167, 39.6333], [-77.717, 39.6326], [-77.7168, 39.6321], [-77.7195, 39.6242]]]}, "properties": {"GEOID20": "24043000700", "JURSCODE": "WASH", "F2024_Child_Poverty_Rate__2026_": 45.3, "F2024_Child_Poverty_Rate_Margin_Of_Error": 23.3, "SCHOOL_BND_INT_CPG_TOTAL": 3, "SCHOOL_NAME": "Ruth Ann Monroe Primary, Eastern Elementary, Bester Elementary", "Eligibility_Status": "Eligible", "Qualifying_Criteria1_CPR_30": "Yes", "Qualifying_Criteria2_CPR_30MOE": "Yes", "grantee_name": "San Mar Family & Community Services: Bester Community of Hope"}}, {"type": "Feature", "geometry": {"type": "Polygon", "coordinates": [[[-77.7306, 39.6463], [-77.7294, 39.6461], [-77.7289, 39.6461], [-77.727, 39.6452], [-77.7254, 39.6444], [-77.7264, 39.6433], [-77.7272, 39.6423], [-77.7278, 39.6409], [-77.7285, 39.639], [-77.7284, 39.6378], [-77.7288, 39.6374], [-77.7292, 39.6368], [-77.7312, 39.634], [-77.7323, 39.6325], [-77.7337, 39.6312], [-77.7348, 39.6297], [-77.7357, 39.6285], [-77.7371, 39.6292], [-77.7382, 39.6299], [-77.7385, 39.6307], [-77.7385, 39.6316], [-77.7383, 39.6324], [-77.7369, 39.6344], [-77.7363, 39.6354], [-77.7368, 39.6366], [-77.7402, 39.6355], [-77.7429, 39.6348], [-77.75, 39.6329], [-77.7597, 39.6299], [-77.7615, 39.6286], [-77.7635, 39.6265], [-77.765, 39.6248], [-77.7671, 39.6223], [-77.7691, 39.6199], [-77.7705, 39.6184], [-77.7706, 39.6188], [-77.7704, 39.6192], [-77.7704, 39.6196], [-77.7713, 39.6199], [-77.7728, 39.6203], [-77.7737, 39.6205], [-77.7738, 39.6211], [-77.7734, 39.6213], [-77.7734, 39.6219], [-77.7739, 39.6225], [-77.7743, 39.6234], [-77.7746, 39.6237], [-77.7765, 39.624], [-77.7767, 39.6244], [-77.7752, 39.6277], [-77.7747, 39.6286], [-77.7735, 39.6307], [-77.7724, 39.6322], [-77.7709, 39.6339], [-77.7672, 39.6372], [-77.7635, 39.6404], [-77.7605, 39.6431], [-77.7561, 39.6472], [-77.7512, 39.6489], [-77.7501, 39.6488], [-77.7451, 39.6484], [-77.7411, 39.6481], [-77.7389, 39.6477], [-77.7361, 39.6473], [-77.7313, 39.6464], [-77.7306, 39.6463]]]}, "properties": {"GEOID20": "24043000900", "JURSCODE": "WASH", "F2024_Child_Poverty_Rate__2026_": 56.5, "F2024_Child_Poverty_Rate_Margin_Of_Error": 25.6, "SCHOOL_BND_INT_CPG_TOTAL": 6, "SCHOOL_NAME": "Ruth Ann Monroe Primary, Eastern Elementary, Bester Elementary, Salem Avenue Elementary, Lincolnshire Elementary, Hickory Elementary", "Eligibility_Status": "Eligible", "Qualifying_Criteria1_CPR_30": "Yes", "Qualifying_Criteria2_CPR_30MOE": "Yes", "grantee_name": "San Mar Family & Community Services: Bester Community of Hope"}}, {"type": "Feature", "geometry": {"type": "Polygon", "coordinates": [[[-77.7278, 39.6245], [-77.7288, 39.6245], [-77.731, 39.6254], [-77.7338, 39.6267], [-77.7346, 39.6277], [-77.7351, 39.6281], [-77.7352, 39.6292], [-77.7341, 39.6309], [-77.7326, 39.6322], [-77.7317, 39.6332], [-77.7301, 39.6357], [-77.7288, 39.6373], [-77.7285, 39.6377], [-77.7285, 39.6386], [-77.728, 39.6405], [-77.7258, 39.6399], [-77.725, 39.6397], [-77.7239, 39.6394], [-77.7223, 39.639], [-77.7228, 39.6353], [-77.7231, 39.6319], [-77.724, 39.6307], [-77.7259, 39.6282], [-77.7266, 39.6274], [-77.7278, 39.6245]]]}, "properties": {"GEOID20": "24043000800", "JURSCODE": "WASH", "F2024_Child_Poverty_Rate__2026_": 66.1, "F2024_Child_Poverty_Rate_Margin_Of_Error": 16.5, "SCHOOL_BND_INT_CPG_TOTAL": 1, "SCHOOL_NAME": "Bester Elementary", "Eligibility_Status": "Eligible", "Qualifying_Criteria1_CPR_30": "Yes", "Qualifying_Criteria2_CPR_30MOE": "Yes", "grantee_name": "San Mar Family & Community Services: Bester Community of Hope"}}, {"type": "Feature", "geometry": {"type": "Polygon", "coordinates": [[[-76.6829, 39.3414], [-76.6894, 39.3408], [-76.6894, 39.3387], [-76.6893, 39.3366], [-76.6894, 39.334], [-76.6901, 39.3326], [-76.6898, 39.3307], [-76.6886, 39.3292], [-76.6913, 39.33], [-76.6964, 39.3317], [-76.7017, 39.3333], [-76.7054, 39.3345], [-76.7087, 39.3356], [-76.711, 39.3363], [-76.7112, 39.3424], [-76.7113, 39.3483], [-76.7096, 39.3508], [-76.7074, 39.3524], [-76.7057, 39.3528], [-76.7034, 39.3516], [-76.7024, 39.3512], [-76.6998, 39.3497], [-76.6969, 39.3482], [-76.695, 39.3471], [-76.6944, 39.3466], [-76.691, 39.3448], [-76.6883, 39.3432], [-76.6847, 39.3419], [-76.6829, 39.3414]]]}, "properties": {"GEOID20": "24510280102", "JURSCODE": "BACI", "F2024_Child_Poverty_Rate__2026_": 62.2, "F2024_Child_Poverty_Rate_Margin_Of_Error": 38.3, "SCHOOL_BND_INT_CPG_TOTAL": 5, "SCHOOL_NAME": "Liberty Elementary, Arlington Elementary/Middle, Cross Country Elementary, Callaway Elementary, Calvin M Rodwell Elementary", "Eligibility_Status": "Eligible", "Qualifying_Criteria1_CPR_30": "Yes", "Qualifying_Criteria2_CPR_30MOE": "Yes", "grantee_name": "Park Heights Renaissance, Inc."}}, {"type": "Feature", "geometry": {"type": "Polygon", "coordinates": [[[-76.673, 39.3432], [-76.6749, 39.3413], [-76.677, 39.3419], [-76.6782, 39.3422], [-76.6786, 39.3422], [-76.6794, 39.342], [-76.6804, 39.3417], [-76.681, 39.3417], [-76.6818, 39.3419], [-76.6827, 39.3423], [-76.6835, 39.3431], [-76.6829, 39.3438], [-76.6814, 39.3453], [-76.6807, 39.346], [-76.6794, 39.3469], [-76.6762, 39.3489], [-76.6755, 39.3488], [-76.6743, 39.3481], [-76.6735, 39.3474], [-76.6727, 39.3466], [-76.6724, 39.3447], [-76.673, 39.3432]]]}, "properties": {"GEOID20": "24510271802", "JURSCODE": "BACI", "F2024_Child_Poverty_Rate__2026_": 46.1, "F2024_Child_Poverty_Rate_Margin_Of_Error": 30.0, "SCHOOL_BND_INT_CPG_TOTAL": 3, "SCHOOL_NAME": "Park Heights Academy, Pimlico Elementary/Middle, Arlington Elementary/Middle", "Eligibility_Status": "Eligible", "Qualifying_Criteria1_CPR_30": "Yes", "Qualifying_Criteria2_CPR_30MOE": "Yes", "grantee_name": "Park Heights Renaissance, Inc."}}, {"type": "Feature", "geometry": {"type": "Polygon", "coordinates": [[[-76.6095, 39.3112], [-76.6092, 39.3091], [-76.6082, 39.3048], [-76.6111, 39.3047], [-76.6115, 39.3051], [-76.6119, 39.3056], [-76.6126, 39.3059], [-76.6135, 39.306], [-76.6147, 39.306], [-76.6155, 39.3063], [-76.6175, 39.3075], [-76.6194, 39.3086], [-76.6211, 39.3096], [-76.6233, 39.3109], [-76.6216, 39.3109], [-76.6198, 39.311], [-76.6179, 39.311], [-76.615, 39.3111], [-76.6125, 39.3112], [-76.6097, 39.3113], [-76.6095, 39.3114], [-76.6095, 39.3112]]]}, "properties": {"GEOID20": "24510120500", "JURSCODE": "BACI", "F2024_Child_Poverty_Rate__2026_": 6.6, "F2024_Child_Poverty_Rate_Margin_Of_Error": 10.8, "SCHOOL_BND_INT_CPG_TOTAL": 3, "SCHOOL_NAME": "Dallas F Nicholas Sr Elem, Mount Royal Elementary/Middle, Dr Bernard Harris Elementary", "Eligibility_Status": "Ineligible", "Qualifying_Criteria1_CPR_30": "No", "Qualifying_Criteria2_CPR_30MOE": "No", "grantee_name": "The Central Baltimore Partnership, Inc."}}, {"type": "Feature", "geometry": {"type": "Polygon", "coordinates": [[[-76.654, 39.3303], [-76.6546, 39.3299], [-76.6555, 39.329], [-76.6566, 39.3264], [-76.6575, 39.3255], [-76.6578, 39.3257], [-76.6582, 39.3262], [-76.6585, 39.3266], [-76.6598, 39.3266], [-76.6633, 39.3273], [-76.6651, 39.3304], [-76.6651, 39.3334], [-76.6627, 39.3345], [-76.6598, 39.3357], [-76.6569, 39.3364], [-76.6563, 39.3355], [-76.656, 39.3349], [-76.6559, 39.3345], [-76.656, 39.3335], [-76.6558, 39.3332], [-76.6554, 39.3327], [-76.6546, 39.3313], [-76.654, 39.3303]]]}, "properties": {"GEOID20": "24510151200", "JURSCODE": "BACI", "F2024_Child_Poverty_Rate__2026_": 4.0, "F2024_Child_Poverty_Rate_Margin_Of_Error": 7.3, "SCHOOL_BND_INT_CPG_TOTAL": 3, "SCHOOL_NAME": "Dr Nathan A Pitts-Ashburton Elementary/Middle, Gwynns Falls Elementary, Park Heights Academy", "Eligibility_Status": "Ineligible", "Qualifying_Criteria1_CPR_30": "No", "Qualifying_Criteria2_CPR_30MOE": "No", "grantee_name": "Park Heights Renaissance, Inc."}}, {"type": "Feature", "geometry": {"type": "Polygon", "coordinates": [[[-76.5728, 39.3003], [-76.5726, 39.2981], [-76.5744, 39.2971], [-76.5758, 39.297], [-76.578, 39.2969], [-76.5782, 39.3001], [-76.5783, 39.3026], [-76.5728, 39.3027], [-76.5728, 39.3007], [-76.5728, 39.3003]]]}, "properties": {"GEOID20": "24510070100", "JURSCODE": "BACI", "F2024_Child_Poverty_Rate__2026_": 44.0, "F2024_Child_Poverty_Rate_Margin_Of_Error": 30.4, "SCHOOL_BND_INT_CPG_TOTAL": 3, "SCHOOL_NAME": "William Paca Elementary, Lakewood Elementary, Armistead Gardens Elementary/Middle", "Eligibility_Status": "Eligible", "Qualifying_Criteria1_CPR_30": "Yes", "Qualifying_Criteria2_CPR_30MOE": "Yes", "grantee_name": "Tendea Family INC."}}, {"type": "Feature", "geometry": {"type": "Polygon", "coordinates": [[[-76.6493, 39.3157], [-76.6476, 39.3143], [-76.6459, 39.3129], [-76.6434, 39.3108], [-76.6444, 39.31], [-76.649, 39.3098], [-76.6541, 39.3096], [-76.656, 39.3095], [-76.6596, 39.3094], [-76.6599, 39.3104], [-76.6596, 39.3145], [-76.6598, 39.3152], [-76.6579, 39.3158], [-76.6573, 39.3159], [-76.6564, 39.3159], [-76.6556, 39.3157], [-76.6544, 39.3155], [-76.6536, 39.3154], [-76.6529, 39.3155], [-76.6522, 39.3156], [-76.6505, 39.3167], [-76.6493, 39.3157]]]}, "properties": {"GEOID20": "24510150400", "JURSCODE": "BACI", "F2024_Child_Poverty_Rate__2026_": 46.5, "F2024_Child_Poverty_Rate_Margin_Of_Error": 40.4, "SCHOOL_BND_INT_CPG_TOTAL": 5, "SCHOOL_NAME": "Matthew A Henson Elementary, Gwynns Falls Elementary, Dorothy I. Height Elementary School , Rosemont Elementary/Middle, Robert W Coleman Elementary", "Eligibility_Status": "Eligible", "Qualifying_Criteria1_CPR_30": "Yes", "Qualifying_Criteria2_CPR_30MOE": "Yes", "grantee_name": "Greater Mondawmin Coordinating Council"}}, {"type": "Feature", "geometry": {"type": "Polygon", "coordinates": [[[-76.6138, 39.3111], [-76.6151, 39.3123], [-76.6153, 39.3154], [-76.6142, 39.3165], [-76.6121, 39.3165], [-76.6095, 39.3162], [-76.6095, 39.3145], [-76.6095, 39.3127], [-76.6095, 39.3114], [-76.6099, 39.3113], [-76.6138, 39.3111], [-76.6138, 39.3111]]]}, "properties": {"GEOID20": "24510120400", "JURSCODE": "BACI", "F2024_Child_Poverty_Rate__2026_": 6.7, "F2024_Child_Poverty_Rate_Margin_Of_Error": 11.1, "SCHOOL_BND_INT_CPG_TOTAL": 2, "SCHOOL_NAME": "Dallas F Nicholas Sr Elem, Margaret Brent Elementary/Middle", "Eligibility_Status": "Ineligible", "Qualifying_Criteria1_CPR_30": "No", "Qualifying_Criteria2_CPR_30MOE": "No", "grantee_name": "The Central Baltimore Partnership, Inc."}}, {"type": "Feature", "geometry": {"type": "Polygon", "coordinates": [[[-76.5793, 39.34], [-76.578, 39.3394], [-76.5774, 39.3385], [-76.5777, 39.3382], [-76.5781, 39.3371], [-76.5784, 39.3352], [-76.5779, 39.3344], [-76.5772, 39.334], [-76.5773, 39.3332], [-76.579, 39.3318], [-76.5806, 39.3307], [-76.5827, 39.3289], [-76.5839, 39.3279], [-76.5846, 39.3271], [-76.5852, 39.3273], [-76.5872, 39.3273], [-76.5881, 39.3273], [-76.5893, 39.3275], [-76.5907, 39.3284], [-76.5951, 39.3285], [-76.5951, 39.3325], [-76.5954, 39.334], [-76.596, 39.3348], [-76.598, 39.3365], [-76.5992, 39.3377], [-76.5996, 39.3383], [-76.6, 39.339], [-76.6002, 39.3398], [-76.5998, 39.34], [-76.5988, 39.3395], [-76.5981, 39.3393], [-76.5974, 39.3391], [-76.5968, 39.3391], [-76.5953, 39.3394], [-76.5933, 39.34], [-76.5914, 39.3402], [-76.59, 39.3402], [-76.5878, 39.34], [-76.5861, 39.3399], [-76.5855, 39.34], [-76.5843, 39.3403], [-76.5834, 39.3405], [-76.5816, 39.3404], [-76.5806, 39.3403], [-76.5796, 39.34], [-76.5793, 39.34]]]}, "properties": {"GEOID20": "24510090200", "JURSCODE": "BACI", "F2024_Child_Poverty_Rate__2026_": 27.4, "F2024_Child_Poverty_Rate_Margin_Of_Error": 19.7, "SCHOOL_BND_INT_CPG_TOTAL": 5, "SCHOOL_NAME": "Montebello Elementary/Middle, Waverly Elementary/Middle, Walter P Carter Elementary/Middle, Garrett Heights Elementary/Middle, Northwood Elementary", "Eligibility_Status": "Ineligible", "Qualifying_Criteria1_CPR_30": "No", "Qualifying_Criteria2_CPR_30MOE": "No", "grantee_name": "The Y in Central Maryland"}}, {"type": "Feature", "geometry": {"type": "Polygon", "coordinates": [[[-76.5854, 39.3023], [-76.5847, 39.3019], [-76.5839, 39.3018], [-76.5837, 39.2982], [-76.585, 39.2966], [-76.5877, 39.2965], [-76.5879, 39.2997], [-76.5881, 39.3025], [-76.5875, 39.3029], [-76.5865, 39.3025], [-76.5855, 39.3023], [-76.5854, 39.3023]]]}, "properties": {"GEOID20": "24510070300", "JURSCODE": "BACI", "F2024_Child_Poverty_Rate__2026_": 29.3, "F2024_Child_Poverty_Rate_Margin_Of_Error": 22.1, "SCHOOL_BND_INT_CPG_TOTAL": 2, "SCHOOL_NAME": "Tench Tilghman Elementary/Middle, Lakewood Elementary", "Eligibility_Status": "Ineligible", "Qualifying_Criteria1_CPR_30": "No", "Qualifying_Criteria2_CPR_30MOE": "No", "grantee_name": "Tendea Family INC."}}, {"type": "Feature", "geometry": {"type": "Polygon", "coordinates": [[[-76.6653, 39.357], [-76.6641, 39.3558], [-76.6635, 39.3554], [-76.6622, 39.355], [-76.6614, 39.355], [-76.6608, 39.3551], [-76.6604, 39.3551], [-76.6596, 39.3509], [-76.6591, 39.3479], [-76.6614, 39.3467], [-76.6644, 39.3467], [-76.6688, 39.3466], [-76.6693, 39.3464], [-76.6727, 39.3466], [-76.6735, 39.3474], [-76.6743, 39.3481], [-76.6755, 39.3488], [-76.6762, 39.3491], [-76.6789, 39.3499], [-76.6813, 39.3506], [-76.6826, 39.3513], [-76.6823, 39.3524], [-76.6794, 39.3539], [-76.6763, 39.3552], [-76.673, 39.3566], [-76.6708, 39.3565], [-76.6681, 39.3573], [-76.6656, 39.3573], [-76.6653, 39.357]]]}, "properties": {"GEOID20": "24510271700", "JURSCODE": "BACI", "F2024_Child_Poverty_Rate__2026_": 34.9, "F2024_Child_Poverty_Rate_Margin_Of_Error": 26.8, "SCHOOL_BND_INT_CPG_TOTAL": 3, "SCHOOL_NAME": "The Mount Washington School, Pimlico Elementary/Middle, Arlington Elementary/Middle", "Eligibility_Status": "Eligible", "Qualifying_Criteria1_CPR_30": "Yes", "Qualifying_Criteria2_CPR_30MOE": "Yes", "grantee_name": "Park Heights Renaissance, Inc."}}, {"type": "Feature", "geometry": {"type": "Polygon", "coordinates": [[[-76.6739, 39.341], [-76.6689, 39.3396], [-76.6683, 39.3394], [-76.6671, 39.3393], [-76.6655, 39.3401], [-76.6651, 39.3403], [-76.6646, 39.3407], [-76.6638, 39.341], [-76.6632, 39.3409], [-76.6626, 39.3408], [-76.6622, 39.3407], [-76.6587, 39.3408], [-76.6581, 39.3406], [-76.6579, 39.3394], [-76.6569, 39.3382], [-76.6566, 39.3379], [-76.6564, 39.3373], [-76.6585, 39.336], [-76.6602, 39.3355], [-76.664, 39.3339], [-76.6659, 39.333], [-76.6663, 39.3336], [-76.6669, 39.3341], [-76.6675, 39.3345], [-76.6682, 39.3348], [-76.6708, 39.3357], [-76.6719, 39.3362], [-76.6762, 39.3391], [-76.6772, 39.3397], [-76.6777, 39.3404], [-76.6771, 39.3411], [-76.6749, 39.3413], [-76.6739, 39.341]]]}, "properties": {"GEOID20": "24510151300", "JURSCODE": "BACI", "F2024_Child_Poverty_Rate__2026_": 27.5, "F2024_Child_Poverty_Rate_Margin_Of_Error": 23.3, "SCHOOL_BND_INT_CPG_TOTAL": 4, "SCHOOL_NAME": "Dr Nathan A Pitts-Ashburton Elementary/Middle, Park Heights Academy, Pimlico Elementary/Middle, Callaway Elementary", "Eligibility_Status": "Ineligible", "Qualifying_Criteria1_CPR_30": "No", "Qualifying_Criteria2_CPR_30MOE": "No", "grantee_name": "Park Heights Renaissance, Inc."}}, {"type": "Feature", "geometry": {"type": "Polygon", "coordinates": [[[-76.6252, 39.3033], [-76.6244, 39.3037], [-76.6229, 39.3042], [-76.6221, 39.3043], [-76.6207, 39.3037], [-76.6204, 39.3016], [-76.6213, 39.3009], [-76.6231, 39.2993], [-76.6262, 39.2967], [-76.6286, 39.2987], [-76.6297, 39.2995], [-76.6317, 39.3012], [-76.6306, 39.302], [-76.6288, 39.3034], [-76.6269, 39.3048], [-76.6252, 39.3034], [-76.6252, 39.3033]]]}, "properties": {"GEOID20": "24510170200", "JURSCODE": "BACI", "F2024_Child_Poverty_Rate__2026_": 59.3, "F2024_Child_Poverty_Rate_Margin_Of_Error": 27.7, "SCHOOL_BND_INT_CPG_TOTAL": 3, "SCHOOL_NAME": "Mount Royal Elementary/Middle, The Historic Samuel Coleridge-Taylor Elementary, Furman L Templeton Elementary", "Eligibility_Status": "Eligible", "Qualifying_Criteria1_CPR_30": "Yes", "Qualifying_Criteria2_CPR_30MOE": "Yes", "grantee_name": "Child First Authority"}}, {"type": "Feature", "geometry": {"type": "Polygon", "coordinates": [[[-76.643, 39.3152], [-76.6403, 39.3151], [-76.6378, 39.3126], [-76.6341, 39.3105], [-76.635, 39.3103], [-76.6368, 39.3103], [-76.638, 39.3103], [-76.6384, 39.3102], [-76.6425, 39.3101], [-76.6454, 39.3125], [-76.6456, 39.3139], [-76.6443, 39.3151], [-76.6433, 39.3155], [-76.643, 39.3152]]]}, "properties": {"GEOID20": "24510130300", "JURSCODE": "BACI", "F2024_Child_Poverty_Rate__2026_": 56.2, "F2024_Child_Poverty_Rate_Margin_Of_Error": 27.7, "SCHOOL_BND_INT_CPG_TOTAL": 3, "SCHOOL_NAME": "Sandtown-Winchester Achievement Academy, Dorothy I. Height Elementary School , Mount Royal Elementary/Middle", "Eligibility_Status": "Eligible", "Qualifying_Criteria1_CPR_30": "Yes", "Qualifying_Criteria2_CPR_30MOE": "Yes", "grantee_name": "Elev8 Baltimore, Inc."}}, {"type": "Feature", "geometry": {"type": "Polygon", "coordinates": [[[-76.6083, 39.3115], [-76.6095, 39.3127], [-76.6095, 39.3145], [-76.6095, 39.3162], [-76.6095, 39.3181], [-76.6095, 39.3195], [-76.6079, 39.3196], [-76.6058, 39.3195], [-76.6042, 39.3193], [-76.6015, 39.3188], [-76.5949, 39.3173], [-76.5959, 39.3162], [-76.5971, 39.315], [-76.5987, 39.3134], [-76.5994, 39.3119], [-76.6041, 39.3117], [-76.6076, 39.3115], [-76.6083, 39.3115]]]}, "properties": {"GEOID20": "24510090800", "JURSCODE": "BACI", "F2024_Child_Poverty_Rate__2026_": 5.5, "F2024_Child_Poverty_Rate_Margin_Of_Error": 10.1, "SCHOOL_BND_INT_CPG_TOTAL": 7, "SCHOOL_NAME": "Cecil Elementary, Harford Heights Elementary, Dallas F Nicholas Sr Elem, Abbottston Elementary, Margaret Brent Elementary/Middle, Barclay Elementary/Middle, Dr Bernard Harris Elementary", "Eligibility_Status": "Ineligible", "Qualifying_Criteria1_CPR_30": "No", "Qualifying_Criteria2_CPR_30MOE": "No", "grantee_name": "The Central Baltimore Partnership, Inc."}}, {"type": "Feature", "geometry": {"type": "Polygon", "coordinates": [[[-76.6012, 39.3405], [-76.6007, 39.3402], [-76.6002, 39.3398], [-76.6, 39.339], [-76.5996, 39.3383], [-76.5992, 39.3377], [-76.598, 39.3365], [-76.596, 39.3348], [-76.5954, 39.334], [-76.5984, 39.334], [-76.6002, 39.334], [-76.602, 39.334], [-76.6046, 39.3343], [-76.6071, 39.3341], [-76.6095, 39.3345], [-76.6095, 39.3368], [-76.6096, 39.3394], [-76.6077, 39.3402], [-76.6064, 39.3401], [-76.6063, 39.3402], [-76.6055, 39.3405], [-76.605, 39.3405], [-76.6025, 39.3406], [-76.6013, 39.3405], [-76.6012, 39.3405]]]}, "properties": {"GEOID20": "24510090100", "JURSCODE": "BACI", "F2024_Child_Poverty_Rate__2026_": 24.0, "F2024_Child_Poverty_Rate_Margin_Of_Error": 30.7, "SCHOOL_BND_INT_CPG_TOTAL": 3, "SCHOOL_NAME": "Montebello Elementary/Middle, Waverly Elementary/Middle, Walter P Carter Elementary/Middle", "Eligibility_Status": "Ineligible", "Qualifying_Criteria1_CPR_30": "No", "Qualifying_Criteria2_CPR_30MOE": "No", "grantee_name": "The Y in Central Maryland"}}, {"type": "Feature", "geometry": {"type": "Polygon", "coordinates": [[[-76.6371, 39.2943], [-76.6386, 39.2967], [-76.6388, 39.2994], [-76.6389, 39.3012], [-76.6382, 39.3034], [-76.6367, 39.3031], [-76.6359, 39.3017], [-76.6351, 39.3003], [-76.6339, 39.298], [-76.6326, 39.2957], [-76.6319, 39.2945], [-76.6356, 39.2943], [-76.6371, 39.2943]]]}, "properties": {"GEOID20": "24510160100", "JURSCODE": "BACI", "F2024_Child_Poverty_Rate__2026_": 26.4, "F2024_Child_Poverty_Rate_Margin_Of_Error": 30.3, "SCHOOL_BND_INT_CPG_TOTAL": 4, "SCHOOL_NAME": "Sandtown-Winchester Achievement Academy, Harlem Park Elementary/Middle, Franklin Square Elementary/Middle, Furman L Templeton Elementary", "Eligibility_Status": "Eligible", "Qualifying_Criteria1_CPR_30": "No", "Qualifying_Criteria2_CPR_30MOE": "Yes", "grantee_name": "Elev8 Baltimore, Inc."}}, {"type": "Feature", "geometry": {"type": "Polygon", "coordinates": [[[-76.6981, 39.3532], [-76.6954, 39.3513], [-76.6924, 39.3492], [-76.6917, 39.3487], [-76.689, 39.3468], [-76.688, 39.3461], [-76.6861, 39.3447], [-76.6828, 39.3425], [-76.6823, 39.3421], [-76.6811, 39.3417], [-76.6807, 39.3417], [-76.6802, 39.3418], [-76.679, 39.3421], [-76.6784, 39.3422], [-76.6777, 39.3421], [-76.6771, 39.3411], [-76.6777, 39.3404], [-76.6829, 39.3414], [-76.6878, 39.343], [-76.6904, 39.3444], [-76.6941, 39.3464], [-76.6947, 39.3468], [-76.6957, 39.3475], [-76.6995, 39.3496], [-76.7023, 39.3511], [-76.7029, 39.3514], [-76.7052, 39.3525], [-76.7071, 39.3526], [-76.7088, 39.3513], [-76.7114, 39.3495], [-76.7114, 39.3517], [-76.7112, 39.3537], [-76.7112, 39.3553], [-76.7112, 39.3562], [-76.7112, 39.3587], [-76.7113, 39.3612], [-76.7091, 39.3614], [-76.7085, 39.3609], [-76.7078, 39.3603], [-76.7051, 39.3583], [-76.7024, 39.3563], [-76.7006, 39.3549], [-76.6981, 39.3532]]]}, "properties": {"GEOID20": "24510280101", "JURSCODE": "BACI", "F2024_Child_Poverty_Rate__2026_": 28.9, "F2024_Child_Poverty_Rate_Margin_Of_Error": 25.6, "SCHOOL_BND_INT_CPG_TOTAL": 7, "SCHOOL_NAME": "Park Heights Academy, Pimlico Elementary/Middle, Arlington Elementary/Middle, Fallstaff Elementary/Middle, Cross Country Elementary, Callaway Elementary, Calvin M Rodwell Elementary", "Eligibility_Status": "Ineligible", "Qualifying_Criteria1_CPR_30": "No", "Qualifying_Criteria2_CPR_30MOE": "No", "grantee_name": "Park Heights Renaissance, Inc."}}, {"type": "Feature", "geometry": {"type": "Polygon", "coordinates": [[[-76.6304, 39.2945], [-76.6324, 39.2954], [-76.6338, 39.2979], [-76.6336, 39.2998], [-76.632, 39.301], [-76.6302, 39.2999], [-76.6289, 39.2989], [-76.6277, 39.2979], [-76.6272, 39.2958], [-76.6275, 39.2953], [-76.6277, 39.2946], [-76.6304, 39.2945]]]}, "properties": {"GEOID20": "24510170300", "JURSCODE": "BACI", "F2024_Child_Poverty_Rate__2026_": 35.3, "F2024_Child_Poverty_Rate_Margin_Of_Error": 22.6, "SCHOOL_BND_INT_CPG_TOTAL": 2, "SCHOOL_NAME": "The Historic Samuel Coleridge-Taylor Elementary, Furman L Templeton Elementary", "Eligibility_Status": "Eligible", "Qualifying_Criteria1_CPR_30": "Yes", "Qualifying_Criteria2_CPR_30MOE": "Yes", "grantee_name": "Child First Authority"}}, {"type": "Feature", "geometry": {"type": "Polygon", "coordinates": [[[-76.6711, 39.3111], [-76.6744, 39.3131], [-76.6727, 39.3142], [-76.6661, 39.3145], [-76.6635, 39.3146], [-76.6617, 39.3147], [-76.6614, 39.3133], [-76.6613, 39.3115], [-76.6659, 39.3113], [-76.6711, 39.3111]]]}, "properties": {"GEOID20": "24510150702", "JURSCODE": "BACI", "F2024_Child_Poverty_Rate__2026_": 54.6, "F2024_Child_Poverty_Rate_Margin_Of_Error": 29.3, "SCHOOL_BND_INT_CPG_TOTAL": 2, "SCHOOL_NAME": "Hilton Elementary, Gwynns Falls Elementary", "Eligibility_Status": "Eligible", "Qualifying_Criteria1_CPR_30": "Yes", "Qualifying_Criteria2_CPR_30MOE": "Yes", "grantee_name": "Greater Mondawmin Coordinating Council"}}, {"type": "Feature", "geometry": {"type": "Polygon", "coordinates": [[[-76.5653, 39.3252], [-76.5642, 39.3251], [-76.5627, 39.3247], [-76.5614, 39.3235], [-76.5607, 39.3228], [-76.5606, 39.3224], [-76.5606, 39.3219], [-76.5606, 39.3215], [-76.5604, 39.3211], [-76.5599, 39.321], [-76.5602, 39.3204], [-76.5612, 39.3201], [-76.5633, 39.3197], [-76.5665, 39.3192], [-76.5675, 39.3191], [-76.5704, 39.3187], [-76.571, 39.3195], [-76.5715, 39.32], [-76.5728, 39.321], [-76.5737, 39.3216], [-76.5729, 39.3223], [-76.5707, 39.3239], [-76.5694, 39.3249], [-76.5675, 39.3264], [-76.5658, 39.3253], [-76.5653, 39.3252]]]}, "properties": {"GEOID20": "24510260301", "JURSCODE": "BACI", "F2024_Child_Poverty_Rate__2026_": 21.6, "F2024_Child_Poverty_Rate_Margin_Of_Error": 15.2, "SCHOOL_BND_INT_CPG_TOTAL": 4, "SCHOOL_NAME": "Furley Elementary, Gardenville Elementary, The Belair-Edison School, Sinclair Lane Elementary", "Eligibility_Status": "Eligible", "Qualifying_Criteria1_CPR_30": "No", "Qualifying_Criteria2_CPR_30MOE": "Yes", "grantee_name": "Leaders Breeders Inc."}}, {"type": "Feature", "geometry": {"type": "Polygon", "coordinates": [[[-76.6285, 39.2502], [-76.6279, 39.2503], [-76.6267, 39.2514], [-76.6264, 39.2518], [-76.6261, 39.2517], [-76.6251, 39.2501], [-76.6262, 39.2503], [-76.6267, 39.2505], [-76.627, 39.2504], [-76.6272, 39.2503], [-76.6275, 39.2498], [-76.6261, 39.2493], [-76.6249, 39.2489], [-76.624, 39.2486], [-76.6232, 39.2482], [-76.6225, 39.2478], [-76.6201, 39.2463], [-76.6195, 39.2446], [-76.6215, 39.2419], [-76.6243, 39.2419], [-76.626, 39.2422], [-76.6267, 39.2424], [-76.6277, 39.2428], [-76.6287, 39.2435], [-76.6298, 39.2446], [-76.6345, 39.2504], [-76.6349, 39.2513], [-76.6351, 39.252], [-76.6351, 39.2529], [-76.635, 39.2535], [-76.6348, 39.255], [-76.6342, 39.2573], [-76.6337, 39.2586], [-76.6331, 39.2579], [-76.6331, 39.2572], [-76.6339, 39.2563], [-76.6343, 39.2556], [-76.6343, 39.2551], [-76.6341, 39.2541], [-76.6337, 39.253], [-76.6334, 39.2524], [-76.6329, 39.2518], [-76.6321, 39.2512], [-76.6314, 39.2509], [-76.6294, 39.2504], [-76.6285, 39.2502]]]}, "properties": {"GEOID20": "24510250204", "JURSCODE": "BACI", "F2024_Child_Poverty_Rate__2026_": 49.2, "F2024_Child_Poverty_Rate_Margin_Of_Error": 18.0, "SCHOOL_BND_INT_CPG_TOTAL": 3, "SCHOOL_NAME": "Lakeland Elementary/Middle, Arundel Elementary/Middle, Westport Academy", "Eligibility_Status": "Eligible", "Qualifying_Criteria1_CPR_30": "Yes", "Qualifying_Criteria2_CPR_30MOE": "Yes", "grantee_name": "Cherry Hill Strong"}}, {"type": "Feature", "geometry": {"type": "Polygon", "coordinates": [[[-76.6095, 39.3166], [-76.6113, 39.3166], [-76.6135, 39.3165], [-76.6154, 39.3172], [-76.6155, 39.3194], [-76.6157, 39.3233], [-76.6132, 39.3234], [-76.6095, 39.3235], [-76.6095, 39.3215], [-76.6095, 39.3203], [-76.6095, 39.319], [-76.6095, 39.3171], [-76.6095, 39.3166]]]}, "properties": {"GEOID20": "24510120300", "JURSCODE": "BACI", "F2024_Child_Poverty_Rate__2026_": 36.9, "F2024_Child_Poverty_Rate_Margin_Of_Error": 39.8, "SCHOOL_BND_INT_CPG_TOTAL": 3, "SCHOOL_NAME": "Dallas F Nicholas Sr Elem, Margaret Brent Elementary/Middle, Barclay Elementary/Middle", "Eligibility_Status": "Eligible", "Qualifying_Criteria1_CPR_30": "Yes", "Qualifying_Criteria2_CPR_30MOE": "Yes", "grantee_name": "The Central Baltimore Partnership, Inc."}}, {"type": "Feature", "geometry": {"type": "Polygon", "coordinates": [[[-76.6373, 39.3043], [-76.6382, 39.3034], [-76.6404, 39.3033], [-76.6432, 39.3033], [-76.6446, 39.3032], [-76.6447, 39.3048], [-76.6448, 39.3063], [-76.6449, 39.3076], [-76.645, 39.31], [-76.6425, 39.3101], [-76.6404, 39.3083], [-76.6388, 39.307], [-76.6381, 39.3058], [-76.6375, 39.3046], [-76.6373, 39.3043]]]}, "properties": {"GEOID20": "24510150100", "JURSCODE": "BACI", "F2024_Child_Poverty_Rate__2026_": 57.3, "F2024_Child_Poverty_Rate_Margin_Of_Error": 31.7, "SCHOOL_BND_INT_CPG_TOTAL": 3, "SCHOOL_NAME": "Sandtown-Winchester Achievement Academy, Matthew A Henson Elementary, Dorothy I. Height Elementary School ", "Eligibility_Status": "Eligible", "Qualifying_Criteria1_CPR_30": "Yes", "Qualifying_Criteria2_CPR_30MOE": "Yes", "grantee_name": "Elev8 Baltimore, Inc."}}, {"type": "Feature", "geometry": {"type": "Polygon", "coordinates": [[[-76.6075, 39.3345], [-76.6068, 39.3341], [-76.6045, 39.334], [-76.6011, 39.334], [-76.5998, 39.334], [-76.5979, 39.334], [-76.5953, 39.3336], [-76.5951, 39.3301], [-76.5951, 39.3284], [-76.5979, 39.3283], [-76.6036, 39.3283], [-76.607, 39.3283], [-76.6094, 39.3283], [-76.6095, 39.3298], [-76.6095, 39.3325], [-76.6075, 39.3345]]]}, "properties": {"GEOID20": "24510090300", "JURSCODE": "BACI", "F2024_Child_Poverty_Rate__2026_": 40.7, "F2024_Child_Poverty_Rate_Margin_Of_Error": 25.1, "SCHOOL_BND_INT_CPG_TOTAL": 4, "SCHOOL_NAME": "Montebello Elementary/Middle, Abbottston Elementary, Waverly Elementary/Middle, Barclay Elementary/Middle", "Eligibility_Status": "Eligible", "Qualifying_Criteria1_CPR_30": "Yes", "Qualifying_Criteria2_CPR_30MOE": "Yes", "grantee_name": "The Y in Central Maryland"}}, {"type": "Feature", "geometry": {"type": "Polygon", "coordinates": [[[-76.648, 39.3302], [-76.6449, 39.3309], [-76.6439, 39.3296], [-76.6425, 39.3292], [-76.6418, 39.328], [-76.6409, 39.3274], [-76.6403, 39.327], [-76.6393, 39.3264], [-76.6384, 39.3262], [-76.6363, 39.3258], [-76.6343, 39.3247], [-76.6331, 39.3239], [-76.6324, 39.323], [-76.6309, 39.3207], [-76.6304, 39.3199], [-76.6299, 39.3182], [-76.6294, 39.3171], [-76.6301, 39.3169], [-76.6306, 39.3168], [-76.6324, 39.3169], [-76.6346, 39.317], [-76.6367, 39.317], [-76.6371, 39.3169], [-76.6394, 39.3158], [-76.6395, 39.3156], [-76.6411, 39.3145], [-76.6433, 39.3155], [-76.6443, 39.3151], [-76.6456, 39.3139], [-76.6476, 39.3143], [-76.6493, 39.3157], [-76.6506, 39.3168], [-76.6512, 39.3174], [-76.6522, 39.3182], [-76.6543, 39.321], [-76.6571, 39.3248], [-76.6573, 39.3256], [-76.6563, 39.3269], [-76.6553, 39.3293], [-76.6543, 39.3301], [-76.6519, 39.3311], [-76.648, 39.3302]]]}, "properties": {"GEOID20": "24510130400", "JURSCODE": "BACI", "F2024_Child_Poverty_Rate__2026_": 31.3, "F2024_Child_Poverty_Rate_Margin_Of_Error": 25.8, "SCHOOL_BND_INT_CPG_TOTAL": 7, "SCHOOL_NAME": "Hampden Elementary/Middle, Gwynns Falls Elementary, Dorothy I. Height Elementary School , Park Heights Academy, Mount Royal Elementary/Middle, Robert W Coleman Elementary, Medfield Heights Elementary", "Eligibility_Status": "Eligible", "Qualifying_Criteria1_CPR_30": "Yes", "Qualifying_Criteria2_CPR_30MOE": "No", "grantee_name": "Greater Mondawmin Coordinating Council"}}, {"type": "Feature", "geometry": {"type": "Polygon", "coordinates": [[[-76.6835, 39.3431], [-76.6861, 39.3447], [-76.688, 39.3461], [-76.689, 39.3468], [-76.688, 39.3492], [-76.6867, 39.3499], [-76.6839, 39.3515], [-76.6817, 39.3508], [-76.6812, 39.3506], [-76.6768, 39.3494], [-76.676, 39.349], [-76.6785, 39.3475], [-76.6803, 39.3463], [-76.6809, 39.3458], [-76.6824, 39.3443], [-76.6833, 39.3434], [-76.6835, 39.3431]]]}, "properties": {"GEOID20": "24510271801", "JURSCODE": "BACI", "F2024_Child_Poverty_Rate__2026_": 20.5, "F2024_Child_Poverty_Rate_Margin_Of_Error": 27.2, "SCHOOL_BND_INT_CPG_TOTAL": 1, "SCHOOL_NAME": "Arlington Elementary/Middle", "Eligibility_Status": "Ineligible", "Qualifying_Criteria1_CPR_30": "No", "Qualifying_Criteria2_CPR_30MOE": "No", "grantee_name": "Park Heights Renaissance, Inc."}}, {"type": "Feature", "geometry": {"type": "Polygon", "coordinates": [[[-76.5965, 39.2329], [-76.598, 39.2301], [-76.5994, 39.2275], [-76.5999, 39.2264], [-76.6001, 39.2244], [-76.6018, 39.2249], [-76.6047, 39.2279], [-76.6069, 39.2298], [-76.6078, 39.2313], [-76.6051, 39.2324], [-76.6039, 39.2332], [-76.6034, 39.2342], [-76.601, 39.2359], [-76.5977, 39.2349], [-76.5959, 39.2344], [-76.5965, 39.2329]]]}, "properties": {"GEOID20": "24510250402", "JURSCODE": "BACI", "F2024_Child_Poverty_Rate__2026_": 59.9, "F2024_Child_Poverty_Rate_Margin_Of_Error": 20.7, "SCHOOL_BND_INT_CPG_TOTAL": 3, "SCHOOL_NAME": "Bay-Brook Elementary/Middle, Maree G. Farring Elementary/Middle, Curtis Bay Elementary/Middle", "Eligibility_Status": "Eligible", "Qualifying_Criteria1_CPR_30": "Yes", "Qualifying_Criteria2_CPR_30MOE": "Yes", "grantee_name": "South Baltimore Community Land Trust"}}, {"type": "Feature", "geometry": {"type": "Polygon", "coordinates": [[[-76.6336, 39.2998], [-76.6351, 39.3003], [-76.6359, 39.3017], [-76.6367, 39.3031], [-76.6356, 39.3043], [-76.634, 39.3056], [-76.6331, 39.3062], [-76.6319, 39.3071], [-76.6298, 39.3072], [-76.6279, 39.3056], [-76.6269, 39.3048], [-76.6288, 39.3034], [-76.6306, 39.302], [-76.6317, 39.3012], [-76.6326, 39.3005], [-76.6336, 39.2998]]]}, "properties": {"GEOID20": "24510140200", "JURSCODE": "BACI", "F2024_Child_Poverty_Rate__2026_": 37.2, "F2024_Child_Poverty_Rate_Margin_Of_Error": 37.9, "SCHOOL_BND_INT_CPG_TOTAL": 5, "SCHOOL_NAME": "Sandtown-Winchester Achievement Academy, Dorothy I. Height Elementary School , Mount Royal Elementary/Middle, The Historic Samuel Coleridge-Taylor Elementary, Furman L Templeton Elementary", "Eligibility_Status": "Eligible", "Qualifying_Criteria1_CPR_30": "Yes", "Qualifying_Criteria2_CPR_30MOE": "Yes", "grantee_name": "Child First Authority"}}, {"type": "Feature", "geometry": {"type": "Polygon", "coordinates": [[[-76.5944, 39.3176], [-76.5977, 39.3179], [-76.6006, 39.3197], [-76.5979, 39.3224], [-76.5968, 39.3235], [-76.5939, 39.3262], [-76.5932, 39.3239], [-76.5925, 39.3228], [-76.5909, 39.3215], [-76.5907, 39.3212], [-76.5918, 39.3201], [-76.593, 39.319], [-76.5944, 39.3176]]]}, "properties": {"GEOID20": "24510090700", "JURSCODE": "BACI", "F2024_Child_Poverty_Rate__2026_": 50.8, "F2024_Child_Poverty_Rate_Margin_Of_Error": 39.7, "SCHOOL_BND_INT_CPG_TOTAL": 2, "SCHOOL_NAME": "Montebello Elementary/Middle, Abbottston Elementary", "Eligibility_Status": "Eligible", "Qualifying_Criteria1_CPR_30": "Yes", "Qualifying_Criteria2_CPR_30MOE": "Yes", "grantee_name": "The Y in Central Maryland"}}, {"type": "Feature", "geometry": {"type": "Polygon", "coordinates": [[[-76.639, 39.3034], [-76.6388, 39.3001], [-76.6388, 39.2991], [-76.6386, 39.2955], [-76.6413, 39.2941], [-76.6427, 39.2948], [-76.6429, 39.2967], [-76.643, 39.3], [-76.6431, 39.3017], [-76.6432, 39.3033], [-76.6404, 39.3033], [-76.639, 39.3034]]]}, "properties": {"GEOID20": "24510160200", "JURSCODE": "BACI", "F2024_Child_Poverty_Rate__2026_": 18.9, "F2024_Child_Poverty_Rate_Margin_Of_Error": 24.9, "SCHOOL_BND_INT_CPG_TOTAL": 2, "SCHOOL_NAME": "Sandtown-Winchester Achievement Academy, Harlem Park Elementary/Middle", "Eligibility_Status": "Eligible", "Qualifying_Criteria1_CPR_30": "No", "Qualifying_Criteria2_CPR_30MOE": "Yes", "grantee_name": "Elev8 Baltimore, Inc."}}, {"type": "Feature", "geometry": {"type": "Polygon", "coordinates": [[[-76.6594, 39.3465], [-76.6596, 39.3457], [-76.6593, 39.345], [-76.6587, 39.3442], [-76.6576, 39.3433], [-76.6572, 39.3429], [-76.6572, 39.3424], [-76.6573, 39.3421], [-76.6578, 39.3414], [-76.6581, 39.341], [-76.6587, 39.3408], [-76.6622, 39.3407], [-76.6626, 39.3408], [-76.6632, 39.3409], [-76.6638, 39.341], [-76.6646, 39.3407], [-76.6651, 39.3403], [-76.6655, 39.3401], [-76.6671, 39.3393], [-76.6683, 39.3394], [-76.6689, 39.3396], [-76.6739, 39.341], [-76.6726, 39.3443], [-76.6693, 39.3464], [-76.6688, 39.3466], [-76.6644, 39.3467], [-76.6614, 39.3467], [-76.6594, 39.3465]]]}, "properties": {"GEOID20": "24510271600", "JURSCODE": "BACI", "F2024_Child_Poverty_Rate__2026_": 31.1, "F2024_Child_Poverty_Rate_Margin_Of_Error": 23.0, "SCHOOL_BND_INT_CPG_TOTAL": 3, "SCHOOL_NAME": "Park Heights Academy, The Mount Washington School, Pimlico Elementary/Middle", "Eligibility_Status": "Eligible", "Qualifying_Criteria1_CPR_30": "Yes", "Qualifying_Criteria2_CPR_30MOE": "No", "grantee_name": "Park Heights Renaissance, Inc."}}, {"type": "Feature", "geometry": {"type": "Polygon", "coordinates": [[[-76.6337, 39.3103], [-76.6308, 39.308], [-76.6323, 39.3068], [-76.6334, 39.306], [-76.6345, 39.3052], [-76.6363, 39.3038], [-76.6375, 39.3046], [-76.6381, 39.3058], [-76.6388, 39.307], [-76.6404, 39.3083], [-76.6425, 39.3101], [-76.6384, 39.3102], [-76.638, 39.3103], [-76.6368, 39.3103], [-76.635, 39.3103], [-76.6337, 39.3103]]]}, "properties": {"GEOID20": "24510140300", "JURSCODE": "BACI", "F2024_Child_Poverty_Rate__2026_": 89.3, "F2024_Child_Poverty_Rate_Margin_Of_Error": 14.9, "SCHOOL_BND_INT_CPG_TOTAL": 3, "SCHOOL_NAME": "Sandtown-Winchester Achievement Academy, Dorothy I. Height Elementary School , Mount Royal Elementary/Middle", "Eligibility_Status": "Eligible", "Qualifying_Criteria1_CPR_30": "Yes", "Qualifying_Criteria2_CPR_30MOE": "Yes", "grantee_name": "Child First Authority"}}, {"type": "Feature", "geometry": {"type": "Polygon", "coordinates": [[[-76.5987, 39.2854], [-76.5993, 39.2864], [-76.5994, 39.2884], [-76.5996, 39.2902], [-76.5997, 39.2925], [-76.5959, 39.2936], [-76.5948, 39.294], [-76.594, 39.2926], [-76.5939, 39.2911], [-76.5937, 39.2877], [-76.5936, 39.2856], [-76.5983, 39.2854], [-76.5987, 39.2854]]]}, "properties": {"GEOID20": "24510030100", "JURSCODE": "BACI", "F2024_Child_Poverty_Rate__2026_": 94.0, "F2024_Child_Poverty_Rate_Margin_Of_Error": 8.6, "SCHOOL_BND_INT_CPG_TOTAL": 1, "SCHOOL_NAME": "City Springs Elementary/Middle", "Eligibility_Status": "Eligible", "Qualifying_Criteria1_CPR_30": "Yes", "Qualifying_Criteria2_CPR_30MOE": "Yes", "grantee_name": "Urban Strategies Inc"}}, {"type": "Feature", "geometry": {"type": "Polygon", "coordinates": [[[-76.6598, 39.3073], [-76.6593, 39.3065], [-76.6602, 39.3062], [-76.6638, 39.3061], [-76.6665, 39.3059], [-76.6675, 39.3062], [-76.6684, 39.3071], [-76.6733, 39.3067], [-76.6754, 39.306], [-76.6757, 39.306], [-76.6761, 39.3063], [-76.6765, 39.3067], [-76.6771, 39.3068], [-76.6783, 39.3067], [-76.6789, 39.3067], [-76.6793, 39.3069], [-76.6797, 39.3085], [-76.6799, 39.3093], [-76.6804, 39.3104], [-76.6806, 39.3108], [-76.6778, 39.3109], [-76.676, 39.3109], [-76.6742, 39.311], [-76.6668, 39.3113], [-76.6633, 39.3114], [-76.6614, 39.313], [-76.6617, 39.3144], [-76.6612, 39.3148], [-76.6598, 39.3152], [-76.6596, 39.3145], [-76.6599, 39.3104], [-76.66, 39.3091], [-76.66, 39.308], [-76.6598, 39.3074], [-76.6598, 39.3073]]]}, "properties": {"GEOID20": "24510150600", "JURSCODE": "BACI", "F2024_Child_Poverty_Rate__2026_": 54.0, "F2024_Child_Poverty_Rate_Margin_Of_Error": 31.8, "SCHOOL_BND_INT_CPG_TOTAL": 4, "SCHOOL_NAME": "Gwynns Falls Elementary, Rosemont Elementary/Middle, Windsor Hills Elementary/Middle, Belmont Elementary", "Eligibility_Status": "Eligible", "Qualifying_Criteria1_CPR_30": "Yes", "Qualifying_Criteria2_CPR_30MOE": "Yes", "grantee_name": "Greater Mondawmin Coordinating Council"}}, {"type": "Feature", "geometry": {"type": "Polygon", "coordinates": [[[-76.6, 39.3417], [-76.6007, 39.3402], [-76.6012, 39.3405], [-76.6018, 39.3406], [-76.6037, 39.3405], [-76.6054, 39.3405], [-76.6058, 39.3404], [-76.6064, 39.3401], [-76.6077, 39.3397], [-76.6097, 39.3404], [-76.6097, 39.343], [-76.6097, 39.3462], [-76.6072, 39.3461], [-76.6054, 39.3459], [-76.6044, 39.3456], [-76.6033, 39.3455], [-76.6007, 39.3452], [-76.5998, 39.344], [-76.6, 39.3417]]]}, "properties": {"GEOID20": "24510271001", "JURSCODE": "BACI", "F2024_Child_Poverty_Rate__2026_": 40.1, "F2024_Child_Poverty_Rate_Margin_Of_Error": 29.0, "SCHOOL_BND_INT_CPG_TOTAL": 3, "SCHOOL_NAME": "Walter P Carter Elementary/Middle, Roland Park Elementary/Middle, Northwood Elementary", "Eligibility_Status": "Eligible", "Qualifying_Criteria1_CPR_30": "Yes", "Qualifying_Criteria2_CPR_30MOE": "Yes", "grantee_name": "The Y in Central Maryland"}}, {"type": "Feature", "geometry": {"type": "Polygon", "coordinates": [[[-76.6279, 39.3148], [-76.6239, 39.3112], [-76.6241, 39.3109], [-76.6274, 39.3106], [-76.6322, 39.3104], [-76.6337, 39.3103], [-76.6353, 39.3118], [-76.6356, 39.3139], [-76.6347, 39.3144], [-76.6343, 39.3144], [-76.6314, 39.3144], [-76.6302, 39.3137], [-76.6297, 39.3137], [-76.628, 39.3147], [-76.6279, 39.3148]]]}, "properties": {"GEOID20": "24510130200", "JURSCODE": "BACI", "F2024_Child_Poverty_Rate__2026_": 22.5, "F2024_Child_Poverty_Rate_Margin_Of_Error": 31.7, "SCHOOL_BND_INT_CPG_TOTAL": 2, "SCHOOL_NAME": "Dorothy I. Height Elementary School , Mount Royal Elementary/Middle", "Eligibility_Status": "Ineligible", "Qualifying_Criteria1_CPR_30": "No", "Qualifying_Criteria2_CPR_30MOE": "No", "grantee_name": "Child First Authority"}}, {"type": "Feature", "geometry": {"type": "Polygon", "coordinates": [[[-76.6118, 39.2492], [-76.6119, 39.2488], [-76.612, 39.2486], [-76.6118, 39.2483], [-76.6116, 39.2481], [-76.6117, 39.2479], [-76.612, 39.2478], [-76.6128, 39.2473], [-76.6131, 39.2471], [-76.6133, 39.2468], [-76.6134, 39.2466], [-76.6135, 39.2463], [-76.6137, 39.2461], [-76.6137, 39.2459], [-76.6138, 39.2457], [-76.6139, 39.2453], [-76.614, 39.2452], [-76.614, 39.245], [-76.6141, 39.2447], [-76.6143, 39.2445], [-76.6143, 39.2442], [-76.6144, 39.2439], [-76.6147, 39.2434], [-76.6148, 39.2432], [-76.615, 39.2423], [-76.6151, 39.242], [-76.6152, 39.2417], [-76.6153, 39.2412], [-76.6193, 39.2415], [-76.6215, 39.2419], [-76.6195, 39.2446], [-76.6201, 39.2463], [-76.6225, 39.2478], [-76.6232, 39.2482], [-76.624, 39.2486], [-76.6249, 39.2489], [-76.6252, 39.2491], [-76.6245, 39.2493], [-76.6201, 39.2512], [-76.6174, 39.2524], [-76.6177, 39.2529], [-76.6179, 39.2537], [-76.6178, 39.2545], [-76.6172, 39.2555], [-76.6169, 39.2561], [-76.6167, 39.256], [-76.6163, 39.2558], [-76.6154, 39.2554], [-76.6153, 39.2549], [-76.615, 39.2544], [-76.6146, 39.2539], [-76.614, 39.2537], [-76.6136, 39.2532], [-76.6129, 39.2521], [-76.6123, 39.2511], [-76.6117, 39.2499], [-76.6118, 39.2492]]]}, "properties": {"GEOID20": "24510250203", "JURSCODE": "BACI", "F2024_Child_Poverty_Rate__2026_": 20.5, "F2024_Child_Poverty_Rate_Margin_Of_Error": 20.6, "SCHOOL_BND_INT_CPG_TOTAL": 1, "SCHOOL_NAME": "Arundel Elementary/Middle", "Eligibility_Status": "Eligible", "Qualifying_Criteria1_CPR_30": "No", "Qualifying_Criteria2_CPR_30MOE": "Yes", "grantee_name": "Cherry Hill Strong"}}, {"type": "Feature", "geometry": {"type": "Polygon", "coordinates": [[[-76.5944, 39.2984], [-76.5942, 39.2953], [-76.5951, 39.2939], [-76.5973, 39.2932], [-76.6016, 39.292], [-76.6047, 39.2912], [-76.6067, 39.2907], [-76.6079, 39.2918], [-76.6089, 39.2924], [-76.6098, 39.2929], [-76.6104, 39.2933], [-76.6108, 39.294], [-76.611, 39.2946], [-76.6112, 39.2956], [-76.6113, 39.2977], [-76.6089, 39.2978], [-76.6063, 39.2979], [-76.6042, 39.298], [-76.6019, 39.2981], [-76.5991, 39.2982], [-76.5945, 39.2984], [-76.5944, 39.2984]]]}, "properties": {"GEOID20": "24510280500", "JURSCODE": "BACI", "F2024_Child_Poverty_Rate__2026_": 91.7, "F2024_Child_Poverty_Rate_Margin_Of_Error": 8.5, "SCHOOL_BND_INT_CPG_TOTAL": 3, "SCHOOL_NAME": "City Springs Elementary/Middle, Johnston Square Elementary, The Historic Samuel Coleridge-Taylor Elementary", "Eligibility_Status": "Eligible", "Qualifying_Criteria1_CPR_30": "Yes", "Qualifying_Criteria2_CPR_30MOE": "Yes", "grantee_name": "Urban Strategies Inc"}}, {"type": "Feature", "geometry": {"type": "Polygon", "coordinates": [[[-76.6641, 39.3265], [-76.6645, 39.3238], [-76.6648, 39.3224], [-76.6685, 39.3234], [-76.6713, 39.3242], [-76.6741, 39.325], [-76.6787, 39.3263], [-76.6789, 39.3263], [-76.6797, 39.3298], [-76.6786, 39.332], [-76.6787, 39.3334], [-76.679, 39.3362], [-76.6792, 39.3382], [-76.6791, 39.3384], [-76.6782, 39.3396], [-76.6772, 39.3397], [-76.6762, 39.3391], [-76.6719, 39.3362], [-76.6708, 39.3357], [-76.6682, 39.3348], [-76.6675, 39.3345], [-76.6669, 39.3341], [-76.6663, 39.3336], [-76.6659, 39.333], [-76.6643, 39.3275], [-76.6641, 39.3265]]]}, "properties": {"GEOID20": "24510151100", "JURSCODE": "BACI", "F2024_Child_Poverty_Rate__2026_": 0.0, "F2024_Child_Poverty_Rate_Margin_Of_Error": 5.2, "SCHOOL_BND_INT_CPG_TOTAL": 6, "SCHOOL_NAME": "Hilton Elementary, Dr Nathan A Pitts-Ashburton Elementary/Middle, Gwynns Falls Elementary, Park Heights Academy, Liberty Elementary, Callaway Elementary", "Eligibility_Status": "Ineligible", "Qualifying_Criteria1_CPR_30": "No", "Qualifying_Criteria2_CPR_30MOE": "No", "grantee_name": "Park Heights Renaissance, Inc."}}, {"type": "Feature", "geometry": {"type": "Polygon", "coordinates": [[[-76.6608, 39.3267], [-76.6587, 39.3268], [-76.6583, 39.3262], [-76.6581, 39.326], [-76.6576, 39.3254], [-76.6571, 39.3248], [-76.6543, 39.321], [-76.6522, 39.3182], [-76.6512, 39.3174], [-76.6506, 39.3168], [-76.652, 39.3158], [-76.6527, 39.3155], [-76.6534, 39.3154], [-76.6542, 39.3154], [-76.6549, 39.3155], [-76.656, 39.3158], [-76.6571, 39.3159], [-76.6577, 39.3158], [-76.6589, 39.3155], [-76.6604, 39.3163], [-76.6615, 39.3175], [-76.6642, 39.3203], [-76.6646, 39.3211], [-76.6648, 39.3222], [-76.6647, 39.3227], [-76.6641, 39.326], [-76.6642, 39.327], [-76.6633, 39.3273], [-76.6608, 39.3267]]]}, "properties": {"GEOID20": "24510150500", "JURSCODE": "BACI", "F2024_Child_Poverty_Rate__2026_": 73.3, "F2024_Child_Poverty_Rate_Margin_Of_Error": 23.5, "SCHOOL_BND_INT_CPG_TOTAL": 4, "SCHOOL_NAME": "Dr Nathan A Pitts-Ashburton Elementary/Middle, Gwynns Falls Elementary, Dorothy I. Height Elementary School , Park Heights Academy", "Eligibility_Status": "Eligible", "Qualifying_Criteria1_CPR_30": "Yes", "Qualifying_Criteria2_CPR_30MOE": "Yes", "grantee_name": "Greater Mondawmin Coordinating Council"}}, {"type": "Feature", "geometry": {"type": "Polygon", "coordinates": [[[-76.5893, 39.3284], [-76.5893, 39.3274], [-76.5878, 39.3273], [-76.5856, 39.3273], [-76.5849, 39.3272], [-76.5855, 39.326], [-76.5873, 39.3237], [-76.5879, 39.3233], [-76.5894, 39.3223], [-76.5907, 39.3212], [-76.5909, 39.3215], [-76.5925, 39.3228], [-76.5932, 39.3239], [-76.5939, 39.3262], [-76.5946, 39.3274], [-76.5951, 39.3279], [-76.5951, 39.3284], [-76.5893, 39.3284]]]}, "properties": {"GEOID20": "24510090600", "JURSCODE": "BACI", "F2024_Child_Poverty_Rate__2026_": 42.9, "F2024_Child_Poverty_Rate_Margin_Of_Error": 32.8, "SCHOOL_BND_INT_CPG_TOTAL": 4, "SCHOOL_NAME": "Montebello Elementary/Middle, Abbottston Elementary, Waverly Elementary/Middle, Northwood Elementary", "Eligibility_Status": "Eligible", "Qualifying_Criteria1_CPR_30": "Yes", "Qualifying_Criteria2_CPR_30MOE": "Yes", "grantee_name": "The Y in Central Maryland"}}, {"type": "Feature", "geometry": {"type": "Polygon", "coordinates": [[[-76.6449, 39.2939], [-76.6456, 39.2952], [-76.6457, 39.2965], [-76.6459, 39.2985], [-76.6459, 39.2997], [-76.6461, 39.3024], [-76.6454, 39.3031], [-76.6432, 39.3032], [-76.6431, 39.3011], [-76.643, 39.2996], [-76.6428, 39.2966], [-76.6427, 39.294], [-76.6449, 39.2939]]]}, "properties": {"GEOID20": "24510160300", "JURSCODE": "BACI", "F2024_Child_Poverty_Rate__2026_": 48.7, "F2024_Child_Poverty_Rate_Margin_Of_Error": 34.7, "SCHOOL_BND_INT_CPG_TOTAL": 3, "SCHOOL_NAME": "Sandtown-Winchester Achievement Academy, Harlem Park Elementary/Middle, Franklin Square Elementary/Middle", "Eligibility_Status": "Eligible", "Qualifying_Criteria1_CPR_30": "Yes", "Qualifying_Criteria2_CPR_30MOE": "No", "grantee_name": "Elev8 Baltimore, Inc."}}, {"type": "Feature", "geometry": {"type": "Polygon", "coordinates": [[[-76.6284, 39.2576], [-76.6281, 39.2577], [-76.6277, 39.2578], [-76.6274, 39.2577], [-76.6272, 39.2573], [-76.6271, 39.2569], [-76.6267, 39.2568], [-76.6255, 39.256], [-76.6256, 39.2558], [-76.6252, 39.2557], [-76.6247, 39.2555], [-76.624, 39.2552], [-76.6233, 39.2552], [-76.6225, 39.2554], [-76.6212, 39.2555], [-76.6196, 39.2556], [-76.6191, 39.2558], [-76.6179, 39.256], [-76.6171, 39.2561], [-76.6171, 39.2556], [-76.6176, 39.2549], [-76.6179, 39.2539], [-76.6178, 39.2532], [-76.6174, 39.2525], [-76.6198, 39.2514], [-76.6209, 39.2509], [-76.6251, 39.2491], [-76.6254, 39.2491], [-76.6264, 39.2494], [-76.6275, 39.2499], [-76.6272, 39.2503], [-76.6269, 39.2505], [-76.6266, 39.2505], [-76.6254, 39.2501], [-76.6258, 39.2513], [-76.6262, 39.2518], [-76.6265, 39.2518], [-76.6274, 39.2516], [-76.628, 39.2501], [-76.6294, 39.2504], [-76.6314, 39.2509], [-76.6321, 39.2512], [-76.6329, 39.2518], [-76.6334, 39.2524], [-76.6337, 39.253], [-76.6341, 39.2541], [-76.6343, 39.2551], [-76.6343, 39.2556], [-76.6339, 39.2563], [-76.6331, 39.2572], [-76.6323, 39.2576], [-76.6298, 39.2587], [-76.629, 39.2585], [-76.6289, 39.2582], [-76.6284, 39.2576]]]}, "properties": {"GEOID20": "24510250207", "JURSCODE": "BACI", "F2024_Child_Poverty_Rate__2026_": 25.0, "F2024_Child_Poverty_Rate_Margin_Of_Error": 24.0, "SCHOOL_BND_INT_CPG_TOTAL": 2, "SCHOOL_NAME": "Arundel Elementary/Middle, Westport Academy", "Eligibility_Status": "Ineligible", "Qualifying_Criteria1_CPR_30": "No", "Qualifying_Criteria2_CPR_30MOE": "No", "grantee_name": "Cherry Hill Strong"}}, {"type": "Feature", "geometry": {"type": "Polygon", "coordinates": [[[-76.567, 39.2148], [-76.5655, 39.2148], [-76.5648, 39.2149], [-76.5642, 39.2151], [-76.564, 39.2149], [-76.5635, 39.2146], [-76.5632, 39.2144], [-76.5629, 39.2145], [-76.5625, 39.2146], [-76.5619, 39.2147], [-76.5615, 39.2149], [-76.5611, 39.2151], [-76.5607, 39.2152], [-76.5605, 39.2152], [-76.5602, 39.2153], [-76.5602, 39.2156], [-76.5602, 39.2159], [-76.56, 39.2157], [-76.5598, 39.2153], [-76.5595, 39.2152], [-76.559, 39.2153], [-76.5587, 39.216], [-76.5585, 39.2156], [-76.5584, 39.2153], [-76.5581, 39.215], [-76.557, 39.2151], [-76.5563, 39.2154], [-76.5557, 39.2162], [-76.5555, 39.2167], [-76.5529, 39.2169], [-76.5509, 39.2175], [-76.55, 39.2172], [-76.5495, 39.2167], [-76.5491, 39.214], [-76.5488, 39.2136], [-76.5485, 39.2134], [-76.5494, 39.2135], [-76.5497, 39.2134], [-76.55, 39.213], [-76.5505, 39.2122], [-76.5504, 39.2118], [-76.55, 39.2111], [-76.5488, 39.2104], [-76.5475, 39.21], [-76.5459, 39.2099], [-76.5447, 39.2106], [-76.5433, 39.2115], [-76.5425, 39.2121], [-76.5419, 39.2125], [-76.5397, 39.2138], [-76.5411, 39.2121], [-76.5411, 39.2118], [-76.5412, 39.2117], [-76.5416, 39.2118], [-76.5417, 39.2117], [-76.5417, 39.2111], [-76.5418, 39.2108], [-76.5413, 39.2105], [-76.541, 39.21], [-76.5408, 39.2099], [-76.5403, 39.2101], [-76.5399, 39.2102], [-76.5394, 39.2104], [-76.5387, 39.2104], [-76.5367, 39.2111], [-76.5344, 39.2129], [-76.5338, 39.213], [-76.5335, 39.2127], [-76.5338, 39.2123], [-76.5339, 39.2121], [-76.5328, 39.211], [-76.5329, 39.2107], [-76.535, 39.2107], [-76.5352, 39.2105], [-76.5351, 39.2104], [-76.5324, 39.21], [-76.533, 39.2086], [-76.5331, 39.2081], [-76.5329, 39.2078], [-76.5459, 39.1997], [-76.5552, 39.1989], [-76.5674, 39.2021], [-76.5706, 39.2037], [-76.5771, 39.2055], [-76.5775, 39.2059], [-76.578, 39.2062], [-76.5785, 39.2064], [-76.5789, 39.2066], [-76.5792, 39.2072], [-76.5789, 39.2078], [-76.5784, 39.2083], [-76.577, 39.2081], [-76.5761, 39.2081], [-76.5757, 39.208], [-76.5754, 39.2079], [-76.5749, 39.2079], [-76.5741, 39.2082], [-76.5735, 39.2086], [-76.5723, 39.2097], [-76.5719, 39.2102], [-76.5714, 39.211], [-76.5717, 39.2114], [-76.5722, 39.212], [-76.5728, 39.2127], [-76.5728, 39.2131], [-76.5742, 39.2137], [-76.5727, 39.2139], [-76.5728, 39.214], [-76.5731, 39.2143], [-76.5727, 39.2146], [-76.5724, 39.2151], [-76.5722, 39.2159], [-76.5721, 39.2168], [-76.5724, 39.2173], [-76.573, 39.2176], [-76.5735, 39.2179], [-76.5736, 39.2181], [-76.5735, 39.2185], [-76.5732, 39.2185], [-76.5723, 39.2182], [-76.5713, 39.2175], [-76.5706, 39.2171], [-76.5695, 39.2166], [-76.569, 39.2162], [-76.5685, 39.2157], [-76.5673, 39.2148], [-76.567, 39.2148]], [[-76.5821, 39.232], [-76.5821, 39.2319], [-76.582, 39.2318], [-76.5817, 39.2317], [-76.5819, 39.2317], [-76.5821, 39.2316], [-76.5822, 39.231], [-76.5816, 39.2308], [-76.5811, 39.2307], [-76.5807, 39.2301], [-76.5803, 39.2299], [-76.5804, 39.2297], [-76.5807, 39.2296], [-76.5811, 39.2297], [-76.5809, 39.2295], [-76.5808, 39.2293], [-76.5811, 39.2295], [-76.5813, 39.2294], [-76.5813, 39.2291], [-76.5811, 39.229], [-76.5807, 39.2291], [-76.5807, 39.2289], [-76.5808, 39.2288], [-76.5806, 39.2286], [-76.5804, 39.2287], [-76.5804, 39.2284], [-76.5805, 39.2284], [-76.5806, 39.2283], [-76.5805, 39.228], [-76.5805, 39.2277], [-76.5806, 39.2275], [-76.5808, 39.2274], [-76.5813, 39.2273], [-76.5816, 39.2269], [-76.5804, 39.2257], [-76.58, 39.2254], [-76.5801, 39.225], [-76.5801, 39.2243], [-76.58, 39.224], [-76.58, 39.2237], [-76.5799, 39.2234], [-76.5768, 39.223], [-76.58, 39.223], [-76.58, 39.2224], [-76.5794, 39.2222], [-76.5794, 39.2218], [-76.5788, 39.2218], [-76.5794, 39.2217], [-76.579, 39.2213], [-76.5786, 39.2213], [-76.5777, 39.2213], [-76.578, 39.2212], [-76.5783, 39.2211], [-76.5786, 39.2211], [-76.5791, 39.2207], [-76.5787, 39.2202], [-76.5787, 39.2199], [-76.5797, 39.2187], [-76.5795, 39.2179], [-76.5792, 39.2173], [-76.5786, 39.2161], [-76.5786, 39.2158], [-76.5788, 39.2157], [-76.5793, 39.2159], [-76.5797, 39.2162], [-76.58, 39.2161], [-76.5803, 39.2161], [-76.5806, 39.2162], [-76.5809, 39.2166], [-76.5813, 39.2166], [-76.582, 39.2163], [-76.5824, 39.2161], [-76.5828, 39.2159], [-76.5816, 39.2158], [-76.583, 39.2158], [-76.5836, 39.2154], [-76.5844, 39.2158], [-76.5848, 39.2153], [-76.5855, 39.2152], [-76.5858, 39.2151], [-76.5869, 39.215], [-76.5869, 39.2148], [-76.5872, 39.2146], [-76.5873, 39.2144], [-76.5874, 39.2143], [-76.5875, 39.2135], [-76.5864, 39.2136], [-76.5855, 39.2136], [-76.5846, 39.2138], [-76.5834, 39.2143], [-76.5827, 39.2143], [-76.5813, 39.2142], [-76.5809, 39.2136], [-76.5809, 39.213], [-76.5808, 39.212], [-76.5809, 39.2116], [-76.5819, 39.2111], [-76.5816, 39.2109], [-76.5823, 39.2099], [-76.5827, 39.2099], [-76.5813, 39.209], [-76.5831, 39.2097], [-76.5835, 39.2089], [-76.5831, 39.2079], [-76.5822, 39.2072], [-76.5854, 39.2093], [-76.5877, 39.2118], [-76.5898, 39.2138], [-76.5912, 39.2149], [-76.5974, 39.2208], [-76.5985, 39.2218], [-76.6004, 39.224], [-76.5996, 39.2258], [-76.5998, 39.2266], [-76.5982, 39.2296], [-76.5973, 39.2314], [-76.5958, 39.2343], [-76.5973, 39.2348], [-76.5969, 39.2365], [-76.5952, 39.2396], [-76.5957, 39.2402], [-76.597, 39.241], [-76.5927, 39.2406], [-76.5901, 39.2377], [-76.5855, 39.2329], [-76.5821, 39.232]]]}, "properties": {"GEOID20": "24510250500", "JURSCODE": "BACI", "F2024_Child_Poverty_Rate__2026_": 50.7, "F2024_Child_Poverty_Rate_Margin_Of_Error": 23.0, "SCHOOL_BND_INT_CPG_TOTAL": 3, "SCHOOL_NAME": "Bay-Brook Elementary/Middle, Maree G. Farring Elementary/Middle, Curtis Bay Elementary/Middle", "Eligibility_Status": "Eligible", "Qualifying_Criteria1_CPR_30": "Yes", "Qualifying_Criteria2_CPR_30MOE": "Yes", "grantee_name": "South Baltimore Community Land Trust"}}, {"type": "Feature", "geometry": {"type": "Polygon", "coordinates": [[[-76.578, 39.2969], [-76.58, 39.2968], [-76.5822, 39.2968], [-76.5837, 39.2977], [-76.5839, 39.3009], [-76.5846, 39.3019], [-76.5854, 39.3019], [-76.5848, 39.3023], [-76.5811, 39.3024], [-76.5783, 39.302], [-76.5781, 39.299], [-76.578, 39.2969]]]}, "properties": {"GEOID20": "24510070200", "JURSCODE": "BACI", "F2024_Child_Poverty_Rate__2026_": 43.7, "F2024_Child_Poverty_Rate_Margin_Of_Error": 27.0, "SCHOOL_BND_INT_CPG_TOTAL": 3, "SCHOOL_NAME": "Tench Tilghman Elementary/Middle, William Paca Elementary, Lakewood Elementary", "Eligibility_Status": "Eligible", "Qualifying_Criteria1_CPR_30": "Yes", "Qualifying_Criteria2_CPR_30MOE": "Yes", "grantee_name": "Tendea Family INC."}}, {"type": "Feature", "geometry": {"type": "Polygon", "coordinates": [[[-76.6036, 39.3216], [-76.6073, 39.3196], [-76.6091, 39.3195], [-76.6095, 39.3203], [-76.6095, 39.3215], [-76.6095, 39.3235], [-76.6094, 39.3254], [-76.6086, 39.3264], [-76.6074, 39.326], [-76.6015, 39.3237], [-76.6036, 39.3216]]]}, "properties": {"GEOID20": "24510090400", "JURSCODE": "BACI", "F2024_Child_Poverty_Rate__2026_": 40.9, "F2024_Child_Poverty_Rate_Margin_Of_Error": 31.8, "SCHOOL_BND_INT_CPG_TOTAL": 2, "SCHOOL_NAME": "Abbottston Elementary, Barclay Elementary/Middle", "Eligibility_Status": "Eligible", "Qualifying_Criteria1_CPR_30": "Yes", "Qualifying_Criteria2_CPR_30MOE": "Yes", "grantee_name": "The Y in Central Maryland"}}]}