{"type": "FeatureCollection", "features": [{"type": "Feature", "geometry": {"type": "Polygon", "coordinates": [[[-76.599534186, 39.346274892], [-76.599731186, 39.345156892], [-76.6006941859999, 39.345243892], [-76.6016551869999, 39.345338891], [-76.6026231869999, 39.345428891], [-76.6032561869999, 39.3454908910001], [-76.6038621869999, 39.3455448920001], [-76.604198187, 39.345584891], [-76.604432187, 39.345626891], [-76.6046401879999, 39.3456708920001], [-76.6049431879999, 39.3457548920001], [-76.6054131879999, 39.3458668910001], [-76.6055711879999, 39.345898891], [-76.605744188, 39.345923891], [-76.607181188, 39.346077891], [-76.608061189, 39.346165892], [-76.608422189, 39.3461788920001], [-76.6096841889999, 39.3461848920001], [-76.609717189, 39.347247892], [-76.609720189, 39.3479548920001], [-76.609748189, 39.3490188920001], [-76.60979019, 39.350152892], [-76.609804189, 39.350809892], [-76.609830189, 39.351521893], [-76.609835189, 39.3518228930001], [-76.6098421899999, 39.3519598930001], [-76.6098611899999, 39.352353893], [-76.6098831899999, 39.352808893], [-76.60992319, 39.3540118930001], [-76.60992419, 39.354045893], [-76.609930189, 39.354338893], [-76.609946189, 39.354670893], [-76.60994719, 39.3548848930001], [-76.6099541899999, 39.3552918930001], [-76.6099551899999, 39.355510893], [-76.606923189, 39.3552038930001], [-76.604688188, 39.354962893], [-76.6032951879999, 39.3548178930001], [-76.6031831879999, 39.354813893], [-76.6023361869999, 39.354718894], [-76.6011201869999, 39.3545468940001], [-76.5995241859999, 39.354332894], [-76.598291186, 39.354173894], [-76.599107186, 39.3489758930001], [-76.599260186, 39.348053892], [-76.599534186, 39.346274892]]]}, "properties": {"FIPS": "24510271002", "nmtc_class": "Severe Distress", "qualifies": "YES", "poverty_pct": 29.3, "income_pct_benchmark": 0.397674638434635, "unemployment_ratio": 3.6481480598449707, "metro": "Metro"}}, {"type": "Feature", "geometry": {"type": "Polygon", "coordinates": [[[-76.681500211, 39.3260378850001], [-76.68196921, 39.325123884], [-76.6820942109999, 39.325034884], [-76.6825662109999, 39.325849884], [-76.6843912109999, 39.3252948840001], [-76.686599212, 39.324637884], [-76.687071212, 39.3245068840001], [-76.688212212, 39.324165884], [-76.690071213, 39.323593884], [-76.689955212, 39.3237018840001], [-76.6896022129999, 39.324454884], [-76.689137213, 39.3253938840001], [-76.688559212, 39.326537885], [-76.6880012119999, 39.3277038850001], [-76.6874232119999, 39.3288448850001], [-76.688582213, 39.3291918850001], [-76.688594213, 39.329512885], [-76.688648213, 39.330438886], [-76.689776213, 39.3307388850001], [-76.690868213, 39.331020885], [-76.690513213, 39.331736886], [-76.6900712139999, 39.332591886], [-76.689677213, 39.333401886], [-76.689502214, 39.333724886], [-76.689363214, 39.3339848860001], [-76.689358214, 39.335636886], [-76.689350213, 39.335706886], [-76.689349213, 39.3366408860001], [-76.689364213, 39.337683887], [-76.689364213, 39.3381838870001], [-76.689366214, 39.338711887], [-76.6893752129999, 39.3397398870001], [-76.6893712139999, 39.340381887], [-76.689381214, 39.340761888], [-76.685478212, 39.340765887], [-76.683479212, 39.340801888], [-76.6829182119999, 39.3414428880001], [-76.67934121, 39.340355888], [-76.67796621, 39.3399328880001], [-76.6782232099999, 39.3396488880001], [-76.67868721, 39.3389688870001], [-76.678950211, 39.3386138870001], [-76.6791232099999, 39.3383668870001], [-76.67917421, 39.338286887], [-76.679195211, 39.338240888], [-76.67919921, 39.3381798870001], [-76.67917921, 39.337898887], [-76.6790802099999, 39.337042887], [-76.67898521, 39.3362278870001], [-76.67897421, 39.3361348870001], [-76.67889321, 39.335320886], [-76.67868421, 39.3334428860001], [-76.67856521, 39.332171886], [-76.67856321, 39.332075886], [-76.67857321, 39.332031886], [-76.6786762099999, 39.331764886], [-76.6791682099999, 39.3307768860001], [-76.67966921, 39.329785885], [-76.6805902099999, 39.327940885], [-76.68107021, 39.326952885], [-76.681500211, 39.3260378850001]]]}, "properties": {"FIPS": "24510151000", "nmtc_class": "Severe Distress", "qualifies": "YES", "poverty_pct": 24.3, "income_pct_benchmark": 0.699432838642594, "unemployment_ratio": 1.9074074029922485, "metro": "Metro"}}, {"type": "Feature", "geometry": {"type": "Polygon", "coordinates": [[[-76.660477202, 39.29965188], [-76.6599542019999, 39.2991568800001], [-76.659854202, 39.2990428800001], [-76.659760202, 39.29891288], [-76.6597032019999, 39.29880688], [-76.6596652009999, 39.2987038800001], [-76.6595912019999, 39.29834688], [-76.659520202, 39.2964768790001], [-76.659491201, 39.2960938790001], [-76.659488202, 39.295943879], [-76.6594142009999, 39.294640879], [-76.6593722009999, 39.293939879], [-76.659355202, 39.293359879], [-76.662457202, 39.2932158790001], [-76.662897202, 39.2931898790001], [-76.663277202, 39.2931918790001], [-76.663405202, 39.293203879], [-76.663536203, 39.293223878], [-76.663644203, 39.293247879], [-76.6638862029999, 39.2933268790001], [-76.664175203, 39.2934598790001], [-76.664333203, 39.2935508790001], [-76.664465203, 39.2936388790001], [-76.6648972029999, 39.293943879], [-76.664929203, 39.294459879], [-76.665824204, 39.2944498790001], [-76.666713203, 39.294419879], [-76.667566204, 39.294376879], [-76.668039204, 39.2943638790001], [-76.669719204, 39.294283879], [-76.669681205, 39.294456879], [-76.669614205, 39.294691879], [-76.6695072049999, 39.2950168790001], [-76.669353205, 39.295677879], [-76.6691232049999, 39.2960558790001], [-76.669074204, 39.2961568790001], [-76.669082205, 39.2962708790001], [-76.6691052049999, 39.29641588], [-76.669178205, 39.296535879], [-76.669247204, 39.2966308790001], [-76.669303204, 39.296819879], [-76.669279205, 39.2968788790001], [-76.669115205, 39.29707188], [-76.669027204, 39.29715788], [-76.668956204, 39.2971968790001], [-76.668986204, 39.2982718800001], [-76.668984205, 39.2988168800001], [-76.6689462049999, 39.2991068800001], [-76.668951205, 39.29918988], [-76.668985204, 39.29929788], [-76.6688792049999, 39.29934688], [-76.668786204, 39.29935888], [-76.668604205, 39.2993608800001], [-76.668375204, 39.29934788], [-76.668265205, 39.2993508800001], [-76.6680152049999, 39.2993848800001], [-76.6678952039999, 39.29940988], [-76.667785204, 39.2994248800001], [-76.667643204, 39.2994178800001], [-76.667383204, 39.29936788], [-76.667231204, 39.29932388], [-76.667045204, 39.2992238800001], [-76.666962204, 39.29915988], [-76.665189203, 39.2992178800001], [-76.665273204, 39.30029088], [-76.6635082029999, 39.3003688810001], [-76.661748202, 39.3004148810001], [-76.660826202, 39.3004588810001], [-76.660804202, 39.300281881], [-76.660774202, 39.30015388], [-76.660734202, 39.3000288800001], [-76.6606712019999, 39.29990788], [-76.6606052019999, 39.2998038800001], [-76.660477202, 39.29965188]]]}, "properties": {"FIPS": "24510160600", "nmtc_class": "Severe Distress", "qualifies": "YES", "poverty_pct": 30.2, "income_pct_benchmark": 0.454806692504017, "unemployment_ratio": 2.1481480598449707, "metro": "Metro"}}, {"type": "Feature", "geometry": {"type": "Polygon", "coordinates": [[[-76.598628187, 39.3646088950001], [-76.5986201869999, 39.364577895], [-76.598536187, 39.364505895], [-76.598536187, 39.3644188960001], [-76.5985511869999, 39.3643098950001], [-76.5985481859999, 39.364247896], [-76.598534187, 39.3642018960001], [-76.598519187, 39.3641738960001], [-76.598497187, 39.3641558950001], [-76.5984451859999, 39.3641358950001], [-76.598382187, 39.3640838960001], [-76.5983271859999, 39.364053895], [-76.5982611859999, 39.364004895], [-76.5982131869999, 39.363946895], [-76.5981731859999, 39.3638408950001], [-76.598155187, 39.3637488950001], [-76.598114187, 39.3636568960001], [-76.5981071859999, 39.3635908950001], [-76.598086186, 39.3635248950001], [-76.598065186, 39.363417896], [-76.598043187, 39.3633668950001], [-76.597885186, 39.3631478950001], [-76.597845186, 39.363045895], [-76.597845186, 39.362973895], [-76.597864187, 39.362941896], [-76.597894187, 39.362927895], [-76.597951187, 39.3628758950001], [-76.597962186, 39.3628528950001], [-76.597977187, 39.362792895], [-76.597985186, 39.3626198950001], [-76.598037187, 39.3624648950001], [-76.598097186, 39.3623528950001], [-76.598157186, 39.362162895], [-76.598180186, 39.3619238950001], [-76.598137186, 39.361716895], [-76.598137186, 39.3616558950001], [-76.5981751859999, 39.361492895], [-76.598228187, 39.361397895], [-76.598232187, 39.361354895], [-76.598232187, 39.3612518950001], [-76.598248187, 39.3610688950001], [-76.5982191859999, 39.3609598950001], [-76.598207187, 39.360860895], [-76.598217187, 39.360807895], [-76.598195186, 39.360738895], [-76.598114186, 39.360567894], [-76.598086186, 39.360472894], [-76.5980791869999, 39.360412895], [-76.598094187, 39.360360894], [-76.5981261859999, 39.360320894], [-76.5981641859999, 39.360175895], [-76.5981651859999, 39.360095894], [-76.5981521859999, 39.3600608950001], [-76.5981041859999, 39.359979894], [-76.5981041859999, 39.359916895], [-76.5980801859999, 39.3595678950001], [-76.597976186, 39.3590798940001], [-76.597754186, 39.358542894], [-76.597644186, 39.3583738940001], [-76.597414186, 39.3580568950001], [-76.597287186, 39.3579208940001], [-76.596946186, 39.3574728940001], [-76.596816186, 39.357325894], [-76.5967161849999, 39.3572268940001], [-76.596615186, 39.357102894], [-76.5964901849999, 39.3569818940001], [-76.596136185, 39.356666894], [-76.596034185, 39.356602894], [-76.595977185, 39.3565738940001], [-76.595936185, 39.356564894], [-76.595775185, 39.356317894], [-76.5957011849999, 39.3561688940001], [-76.595628185, 39.356062894], [-76.5955421849999, 39.355956894], [-76.595426185, 39.3558318940001], [-76.595345185, 39.355755894], [-76.595174185, 39.355526894], [-76.595104185, 39.3554028940001], [-76.5950231849999, 39.355226894], [-76.5948461849999, 39.354808894], [-76.5947771849999, 39.354624894], [-76.5947011849999, 39.3542498940001], [-76.5946901839999, 39.354167894], [-76.594668185, 39.354082894], [-76.595735186, 39.3540298940001], [-76.595983185, 39.3540168930001], [-76.596390185, 39.3540048930001], [-76.596946186, 39.3540088940001], [-76.597164186, 39.354021893], [-76.5973861859999, 39.354044893], [-76.5977621859999, 39.354092893], [-76.598291186, 39.354173894], [-76.5995241859999, 39.354332894], [-76.6011201869999, 39.3545468940001], [-76.6023361869999, 39.354718894], [-76.6031831879999, 39.354813893], [-76.6032951879999, 39.3548178930001], [-76.604688188, 39.354962893], [-76.606923189, 39.3552038930001], [-76.6099551899999, 39.355510893], [-76.60996719, 39.3561108930001], [-76.60997219, 39.3565328940001], [-76.6099791899999, 39.3568278930001], [-76.60998119, 39.357777893], [-76.61000319, 39.358424894], [-76.61000719, 39.3585568940001], [-76.6100191899999, 39.3590928940001], [-76.61001419, 39.360294895], [-76.6100221899999, 39.3606938940001], [-76.61001419, 39.361260894], [-76.6100221899999, 39.3616148950001], [-76.6099971899999, 39.362965895], [-76.61000719, 39.364638895], [-76.61000419, 39.3648718950001], [-76.60998719, 39.365133895], [-76.60911119, 39.365105895], [-76.60865819, 39.365066895], [-76.6082181899999, 39.3650168950001], [-76.60724619, 39.364860895], [-76.60674319, 39.3647408950001], [-76.6065561889999, 39.364707895], [-76.606341189, 39.364661896], [-76.606090189, 39.3646288950001], [-76.605709189, 39.364594895], [-76.605529189, 39.364587895], [-76.605323189, 39.3645898950001], [-76.605017189, 39.364618896], [-76.604470189, 39.364684896], [-76.604179188, 39.3647428950001], [-76.6029621879999, 39.3650278960001], [-76.600660187, 39.3655498960001], [-76.600028188, 39.365711896], [-76.599285187, 39.365919896], [-76.599213187, 39.3655488960001], [-76.599197187, 39.365379896], [-76.599154187, 39.365247896], [-76.5991171869999, 39.3651738950001], [-76.599058187, 39.3650758960001], [-76.598966187, 39.364966896], [-76.598930187, 39.3648948960001], [-76.598886187, 39.364770895], [-76.598860186, 39.364756895], [-76.5987531869999, 39.3647478950001], [-76.598712187, 39.364732895], [-76.598628187, 39.3646088950001]]]}, "properties": {"FIPS": "24510270805", "nmtc_class": "Distressed", "qualifies": "YES", "poverty_pct": 10.0, "income_pct_benchmark": 0.685915492957746, "unemployment_ratio": 1.2222222089767456, "metro": "Metro"}}, {"type": "Feature", "geometry": {"type": "Polygon", "coordinates": [[[-76.5768891749999, 39.2922138820001], [-76.577625176, 39.2921858820001], [-76.577698176, 39.2933348820001], [-76.577785176, 39.294589882], [-76.577789176, 39.2949138820001], [-76.577845176, 39.2958138820001], [-76.577957176, 39.296918882], [-76.577238176, 39.2969508830001], [-76.5765341749999, 39.2969758830001], [-76.575806175, 39.2970018830001], [-76.575492175, 39.297011883], [-76.575086175, 39.297033883], [-76.5743741749999, 39.297055883], [-76.573684175, 39.2970918830001], [-76.5725991739999, 39.297122883], [-76.572589174, 39.2963458830001], [-76.572581175, 39.2956518820001], [-76.572567175, 39.294784883], [-76.572524174, 39.294194882], [-76.572470174, 39.2935118820001], [-76.5724391739999, 39.292945882], [-76.572382174, 39.2923888820001], [-76.572634174, 39.292373882], [-76.573355174, 39.2923428820001], [-76.574078175, 39.2923198820001], [-76.574800175, 39.292290882], [-76.575510175, 39.292264882], [-76.5761761749999, 39.292239882], [-76.5768891749999, 39.2922138820001]]]}, "properties": {"FIPS": "24510060100", "nmtc_class": "Distressed", "qualifies": "YES", "poverty_pct": 29.1, "income_pct_benchmark": null, "unemployment_ratio": 0.8333333134651184, "metro": "Metro"}}, {"type": "Feature", "geometry": {"type": "Polygon", "coordinates": [[[-76.645531196, 39.2797828770001], [-76.646428197, 39.279496877], [-76.6466201969999, 39.282109877], [-76.6466451969999, 39.282765877], [-76.646721197, 39.284249877], [-76.6467361969999, 39.2846408780001], [-76.646839197, 39.2861688780001], [-76.646881197, 39.287009878], [-76.6469611969999, 39.2881558790001], [-76.645909197, 39.288200879], [-76.6452241969999, 39.2882358790001], [-76.644155196, 39.2882828790001], [-76.643806196, 39.2883008790001], [-76.6424151959999, 39.288380879], [-76.642364196, 39.2879188790001], [-76.642345196, 39.2874048790001], [-76.6422411949999, 39.285842878], [-76.642199195, 39.285396878], [-76.6421701949999, 39.284428878], [-76.642133195, 39.283681878], [-76.6420861949999, 39.2832848780001], [-76.641990195, 39.281611877], [-76.641863195, 39.2809988770001], [-76.643132195, 39.2805528770001], [-76.644273196, 39.280195877], [-76.645531196, 39.2797828770001]]]}, "properties": {"FIPS": "24510190300", "nmtc_class": "Severe Distress", "qualifies": "YES", "poverty_pct": 55.1, "income_pct_benchmark": 0.208469609603932, "unemployment_ratio": 4.166666507720947, "metro": "Metro"}}, {"type": "Feature", "geometry": {"type": "Polygon", "coordinates": [[[-76.6829182119999, 39.3414428880001], [-76.683479212, 39.340801888], [-76.685478212, 39.340765887], [-76.689381214, 39.340761888], [-76.6893712139999, 39.340381887], [-76.6893752129999, 39.3397398870001], [-76.689366214, 39.338711887], [-76.689364213, 39.3381838870001], [-76.689364213, 39.337683887], [-76.689349213, 39.3366408860001], [-76.689350213, 39.335706886], [-76.689358214, 39.335636886], [-76.689363214, 39.3339848860001], [-76.689502214, 39.333724886], [-76.689677213, 39.333401886], [-76.6900712139999, 39.332591886], [-76.690513213, 39.331736886], [-76.690868213, 39.331020885], [-76.689776213, 39.3307388850001], [-76.688648213, 39.330438886], [-76.688594213, 39.329512885], [-76.688582213, 39.3291918850001], [-76.689779214, 39.329561885], [-76.6903912129999, 39.3297468850001], [-76.691348214, 39.3300398850001], [-76.694261215, 39.330927885], [-76.6956762149999, 39.3314078860001], [-76.696436215, 39.331651885], [-76.699506216, 39.332626885], [-76.7006392169999, 39.3329698860001], [-76.701683217, 39.3333058850001], [-76.702458217, 39.3335498860001], [-76.703076217, 39.333739886], [-76.705369218, 39.3344528850001], [-76.707646219, 39.3351728860001], [-76.70858922, 39.3355348860001], [-76.708672219, 39.335562885], [-76.7103552199999, 39.336155886], [-76.7108532199999, 39.3363218850001], [-76.71102722, 39.3363408860001], [-76.71101322, 39.336398886], [-76.711195221, 39.3404128870001], [-76.711195221, 39.3424128870001], [-76.711172221, 39.3436358870001], [-76.71119622, 39.344812887], [-76.7112962209999, 39.3483128880001], [-76.711390221, 39.3495038880001], [-76.711059221, 39.349718888], [-76.7096032209999, 39.350753889], [-76.7088482199999, 39.351273889], [-76.70811322, 39.351802889], [-76.7074082199999, 39.352353889], [-76.7070692199999, 39.3525878890001], [-76.70644322, 39.3530348890001], [-76.70571522, 39.352754889], [-76.705169219, 39.352522889], [-76.704742219, 39.352329889], [-76.703407219, 39.3516028890001], [-76.702921219, 39.3513938890001], [-76.702668219, 39.351295889], [-76.702443219, 39.351196889], [-76.7022962179999, 39.3511218890001], [-76.7017172179999, 39.3508028890001], [-76.699813217, 39.3497338880001], [-76.699496217, 39.349558889], [-76.699123217, 39.3493628890001], [-76.696939217, 39.3481678890001], [-76.6956702159999, 39.347461889], [-76.695318216, 39.3472568880001], [-76.694998216, 39.347052889], [-76.694666216, 39.346814888], [-76.6944962159999, 39.346677888], [-76.6943652149999, 39.346601889], [-76.694065216, 39.346427888], [-76.6925202149999, 39.345571889], [-76.691030215, 39.3447588880001], [-76.690396214, 39.3443738880001], [-76.6889682139999, 39.3435678880001], [-76.688260214, 39.343218888], [-76.6877562129999, 39.342982888], [-76.687479213, 39.3428618880001], [-76.684700213, 39.3419438880001], [-76.6829182119999, 39.3414428880001]]]}, "properties": {"FIPS": "24510280102", "nmtc_class": "Severe Distress", "qualifies": "YES", "poverty_pct": 24.7, "income_pct_benchmark": 0.564892711976557, "unemployment_ratio": 2.9259259700775146, "metro": "Metro"}}, {"type": "Feature", "geometry": {"type": "Polygon", "coordinates": [[[-76.680815207, 39.284156876], [-76.679685207, 39.283978877], [-76.678565207, 39.2837478760001], [-76.677288206, 39.2834258770001], [-76.676210206, 39.2831308770001], [-76.676048206, 39.283070877], [-76.675861206, 39.282987876], [-76.675534206, 39.282830877], [-76.672723205, 39.281414876], [-76.672169205, 39.281094876], [-76.672218204, 39.280944876], [-76.672226205, 39.280832876], [-76.672222205, 39.280759876], [-76.6721922039999, 39.280668876], [-76.672068205, 39.2804548760001], [-76.6716532039999, 39.2796778760001], [-76.671620204, 39.278803876], [-76.671565204, 39.2759408750001], [-76.671873205, 39.2759208750001], [-76.672026204, 39.275898875], [-76.672519205, 39.275806875], [-76.672673205, 39.275762875], [-76.672849204, 39.2756938750001], [-76.6729332049999, 39.2756418750001], [-76.673190205, 39.275403875], [-76.6732942049999, 39.275345875], [-76.673640205, 39.2752168750001], [-76.673819204, 39.275179875], [-76.6739612049999, 39.2751788750001], [-76.674088205, 39.2751918750001], [-76.6741712049999, 39.2751918750001], [-76.674332205, 39.275165875], [-76.6744402049999, 39.2751338750001], [-76.674833205, 39.274979875], [-76.674916205, 39.274930875], [-76.675033206, 39.274822875], [-76.675108205, 39.274732875], [-76.675195205, 39.2746078750001], [-76.6753362059999, 39.274350875], [-76.6754212049999, 39.2742478750001], [-76.675484206, 39.274190875], [-76.675548205, 39.274151875], [-76.675613206, 39.274130875], [-76.675709205, 39.2741128750001], [-76.675813206, 39.274107874], [-76.675925206, 39.274124875], [-76.676020205, 39.274148875], [-76.6761532049999, 39.2742028750001], [-76.6763892049999, 39.274326874], [-76.6766792059999, 39.274392875], [-76.6780352059999, 39.275717875], [-76.678293206, 39.2760008750001], [-76.678465207, 39.2762068750001], [-76.678573206, 39.276292875], [-76.678705207, 39.276377875], [-76.6788442069999, 39.2764538750001], [-76.678965206, 39.2765408750001], [-76.6791842059999, 39.2768208750001], [-76.679243207, 39.276875875], [-76.679593207, 39.2771308750001], [-76.679705207, 39.277162875], [-76.679782207, 39.2771758750001], [-76.679891207, 39.2771778750001], [-76.680045207, 39.2771548750001], [-76.680111207, 39.2771298750001], [-76.6802182069999, 39.2771068750001], [-76.6804212069999, 39.2770838750001], [-76.680525207, 39.2771098750001], [-76.6806432069999, 39.277169875], [-76.6807142069999, 39.277180875], [-76.680808207, 39.2771828750001], [-76.680860207, 39.277163875], [-76.6809572069999, 39.277099875], [-76.681028207, 39.277031875], [-76.6810952069999, 39.276937875], [-76.6811392069999, 39.2769078750001], [-76.681267207, 39.276895875], [-76.681426207, 39.2769048750001], [-76.681550207, 39.276919875], [-76.681605207, 39.276945875], [-76.6816752079999, 39.277005875], [-76.681711208, 39.2770638750001], [-76.6818622069999, 39.2771978750001], [-76.6819892079999, 39.277251875], [-76.682073207, 39.277276875], [-76.682295208, 39.2772748750001], [-76.682463207, 39.2772398750001], [-76.682604208, 39.2771788750001], [-76.682701208, 39.2771558750001], [-76.682830208, 39.277141875], [-76.682975207, 39.2771408750001], [-76.683088207, 39.277122875], [-76.6831152079999, 39.2771038750001], [-76.683265208, 39.276829875], [-76.6833032069999, 39.276778875], [-76.6834052079999, 39.276693874], [-76.683583208, 39.276576875], [-76.683716208, 39.276575875], [-76.6838172079999, 39.276597875], [-76.683896208, 39.2766348750001], [-76.6842912079999, 39.276911875], [-76.684611208, 39.2771538750001], [-76.6849392079999, 39.277454875], [-76.6859052089999, 39.278227875], [-76.685641209, 39.278588875], [-76.685557209, 39.278722875], [-76.685526209, 39.278782875], [-76.685503209, 39.2788478750001], [-76.685508209, 39.279482875], [-76.6856122089999, 39.281686875], [-76.6867082099999, 39.281663876], [-76.68677521, 39.2825318760001], [-76.6868192089999, 39.2833878760001], [-76.686849209, 39.2842168760001], [-76.686787209, 39.284266876], [-76.686726209, 39.284340877], [-76.6866902089999, 39.2844218760001], [-76.6866672099999, 39.284525876], [-76.68667121, 39.2846898760001], [-76.686711209, 39.2850298760001], [-76.68674721, 39.2859708760001], [-76.6867782099999, 39.2872368770001], [-76.686275209, 39.2870388770001], [-76.68599421, 39.2869028770001], [-76.684874209, 39.2861988770001], [-76.683482208, 39.285351876], [-76.682794209, 39.2849128760001], [-76.682132208, 39.2845268770001], [-76.6818762079999, 39.284387877], [-76.681624208, 39.284293876], [-76.681449208, 39.284249877], [-76.681080208, 39.284186876], [-76.680815207, 39.284156876]]]}, "properties": {"FIPS": "24510200800", "nmtc_class": "Severe Distress", "qualifies": "YES", "poverty_pct": 17.8, "income_pct_benchmark": 0.485187635882409, "unemployment_ratio": 1.4629629850387573, "metro": "Metro"}}, {"type": "Feature", "geometry": {"type": "Polygon", "coordinates": [[[-76.6157451889999, 39.323294887], [-76.615667189, 39.322010886], [-76.615591189, 39.3207198860001], [-76.615528189, 39.319427886], [-76.615420189, 39.318231886], [-76.6154081889999, 39.317936886], [-76.615350189, 39.3171658850001], [-76.615304189, 39.3164208850001], [-76.6152911889999, 39.3159508850001], [-76.615275189, 39.315370885], [-76.6151781889999, 39.314299885], [-76.6151341889999, 39.313286885], [-76.6150661889999, 39.312312884], [-76.614966189, 39.3112048840001], [-76.6149571889999, 39.311072884], [-76.615932189, 39.3110458840001], [-76.6165561889999, 39.3110238840001], [-76.61791719, 39.3109978840001], [-76.6193171899999, 39.310962884], [-76.61935619, 39.310963884], [-76.6193221899999, 39.311442884], [-76.61939519, 39.312130884], [-76.61946419, 39.3131348840001], [-76.61951919, 39.314152885], [-76.61956119, 39.3151668850001], [-76.6196301909999, 39.3162638850001], [-76.6197051899999, 39.317147885], [-76.619733191, 39.317760885], [-76.6198381899999, 39.3192738860001], [-76.619910191, 39.3205388860001], [-76.61996019, 39.3218238860001], [-76.620063191, 39.3230818860001], [-76.6200821909999, 39.3231238870001], [-76.620116191, 39.323159887], [-76.620094191, 39.323156887], [-76.620070191, 39.323136887], [-76.6199881909999, 39.3231178870001], [-76.619914191, 39.323112886], [-76.619595191, 39.323114886], [-76.61736619, 39.3232148870001], [-76.61717419, 39.3232148870001], [-76.61653519, 39.323249887], [-76.6157451889999, 39.323294887]]]}, "properties": {"FIPS": "24510120600", "nmtc_class": "Distressed", "qualifies": "YES", "poverty_pct": 22.0, "income_pct_benchmark": 0.652018149163437, "unemployment_ratio": 0.9259259104728699, "metro": "Metro"}}, {"type": "Feature", "geometry": {"type": "Polygon", "coordinates": [[[-76.672997209, 39.343150888], [-76.673555209, 39.341792888], [-76.673850209, 39.341033888], [-76.674891209, 39.3413308880001], [-76.67571721, 39.3415618880001], [-76.6767122099999, 39.3418488880001], [-76.6769602099999, 39.3419218880001], [-76.6777472099999, 39.3421438880001], [-76.67801321, 39.3422148880001], [-76.67821821, 39.342244888], [-76.6784032099999, 39.342239888], [-76.678544211, 39.342225888], [-76.678615211, 39.3422138880001], [-76.67897321, 39.3421208880001], [-76.679194211, 39.3420508880001], [-76.679399211, 39.341998888], [-76.6801992109999, 39.341767888], [-76.6803592109999, 39.341729888], [-76.680442211, 39.3417128880001], [-76.680664211, 39.341684888], [-76.680755211, 39.341683888], [-76.680995211, 39.3416958880001], [-76.681148211, 39.3417198880001], [-76.681494212, 39.3418278880001], [-76.6817572109999, 39.3419358880001], [-76.682298212, 39.342133888], [-76.682466211, 39.342224888], [-76.6826722119999, 39.3423488880001], [-76.682838212, 39.3424598880001], [-76.683521212, 39.342947888], [-76.683451212, 39.343118888], [-76.683262212, 39.3433808880001], [-76.683043212, 39.3436538880001], [-76.682935212, 39.343755888], [-76.682442212, 39.3442678880001], [-76.681963211, 39.344748888], [-76.6814142109999, 39.345320888], [-76.680929212, 39.345838889], [-76.680802211, 39.345958889], [-76.6806942119999, 39.3460338890001], [-76.6802832119999, 39.346312889], [-76.679603211, 39.346742889], [-76.679362211, 39.3468978890001], [-76.678451211, 39.347479889], [-76.678229211, 39.3476288890001], [-76.67623421, 39.34889889], [-76.67596221, 39.349035889], [-76.67582821, 39.3489838900001], [-76.67551121, 39.3488288890001], [-76.675242209, 39.34868089], [-76.674524209, 39.3482598890001], [-76.674254209, 39.3480788890001], [-76.67390721, 39.347828889], [-76.673491209, 39.3474788890001], [-76.6734772089999, 39.347420889], [-76.6734552089999, 39.3473878890001], [-76.673109209, 39.3470508890001], [-76.672671209, 39.346582889], [-76.671799209, 39.345643889], [-76.671399209, 39.3452028890001], [-76.6723882089999, 39.344650889], [-76.6725512089999, 39.344268889], [-76.672997209, 39.343150888]]]}, "properties": {"FIPS": "24510271802", "nmtc_class": "Severe Distress", "qualifies": "YES", "poverty_pct": 19.1, "income_pct_benchmark": 0.391105019378013, "unemployment_ratio": 1.2777777910232544, "metro": "Metro"}}, {"type": "Feature", "geometry": {"type": "Polygon", "coordinates": [[[-76.610057183, 39.240644871], [-76.609411182, 39.2406298700001], [-76.608845183, 39.2406378700001], [-76.608482182, 39.2406508710001], [-76.608644182, 39.24037187], [-76.6087241819999, 39.24019587], [-76.6088101829999, 39.2400278700001], [-76.607613182, 39.2401838700001], [-76.6072151819999, 39.24024387], [-76.606555181, 39.24030087], [-76.6057931819999, 39.24035787], [-76.604514181, 39.2404288700001], [-76.6038051799999, 39.2404838700001], [-76.6015331799999, 39.24060487], [-76.60123318, 39.2406168700001], [-76.60100618, 39.2406138700001], [-76.6007451799999, 39.2405798710001], [-76.60052818, 39.24053787], [-76.60023318, 39.240465871], [-76.5986731789999, 39.2400458710001], [-76.596790179, 39.2395138700001], [-76.5962681789999, 39.239376871], [-76.595554178, 39.2391508710001], [-76.5956871779999, 39.23886887], [-76.5968561779999, 39.23654787], [-76.597418178, 39.2354658690001], [-76.597744179, 39.234905869], [-76.599321179, 39.23539687], [-76.599816179, 39.23554887], [-76.60102118, 39.2359048700001], [-76.60235518, 39.2363108690001], [-76.6031281799999, 39.2347568700001], [-76.60339418, 39.2342488690001], [-76.6036231799999, 39.2337328690001], [-76.6036891799999, 39.233607869], [-76.60390718, 39.233241869], [-76.60420718, 39.232630869], [-76.6043231799999, 39.2327358690001], [-76.6051071809999, 39.2324048680001], [-76.606419181, 39.2318328690001], [-76.6067011809999, 39.2317248680001], [-76.607810182, 39.2312678690001], [-76.608169182, 39.231106868], [-76.608194182, 39.231128869], [-76.608394182, 39.231389869], [-76.608876182, 39.231804869], [-76.609640182, 39.232635869], [-76.6107101819999, 39.2335488690001], [-76.610806183, 39.2336328690001], [-76.6108641819999, 39.233695869], [-76.611681183, 39.234394869], [-76.611697183, 39.2344078690001], [-76.6125481829999, 39.234789869], [-76.615160184, 39.2359548690001], [-76.616987185, 39.23667887], [-76.617660184, 39.236957869], [-76.617691185, 39.23697787], [-76.617934185, 39.237096869], [-76.618614185, 39.237405869], [-76.615643185, 39.23992987], [-76.615292184, 39.23990487], [-76.615025288, 39.2398831290001], [-76.614936184, 39.2398748700001], [-76.614733184, 39.2400568700001], [-76.614655184, 39.2401128700001], [-76.6145741839999, 39.2402318700001], [-76.6145511839999, 39.2402928700001], [-76.614474184, 39.24040087], [-76.614361184, 39.24050987], [-76.614242184, 39.24070987], [-76.6141451839999, 39.2408558700001], [-76.614095184, 39.24096587], [-76.614065184, 39.24100687], [-76.6140221839999, 39.24104387], [-76.612687184, 39.2408788700001], [-76.6112411829999, 39.2407228700001], [-76.610057183, 39.240644871]]]}, "properties": {"FIPS": "24510250401", "nmtc_class": "Severe Distress", "qualifies": "YES", "poverty_pct": 29.3, "income_pct_benchmark": 0.477266282257302, "unemployment_ratio": 1.3888888359069824, "metro": "Metro"}}, {"type": "Feature", "geometry": {"type": "Polygon", "coordinates": [[[-76.6094921869999, 39.311188884], [-76.609442187, 39.310563884], [-76.609393186, 39.3100788840001], [-76.609210187, 39.3090598840001], [-76.608738186, 39.3069488830001], [-76.608422186, 39.3056848840001], [-76.608201186, 39.304846883], [-76.608788186, 39.304817883], [-76.609348186, 39.304803883], [-76.611079187, 39.3047288830001], [-76.611352187, 39.3047228830001], [-76.611413187, 39.3049968830001], [-76.611467187, 39.305122883], [-76.611544187, 39.3052618830001], [-76.611728187, 39.3054848830001], [-76.611863187, 39.3055998830001], [-76.612115188, 39.3057788830001], [-76.612357188, 39.3058698830001], [-76.612616187, 39.3059338830001], [-76.612825187, 39.3059588840001], [-76.613239188, 39.305973883], [-76.613488188, 39.305965883], [-76.613953188, 39.3059648830001], [-76.614348188, 39.305989883], [-76.614657188, 39.3060298830001], [-76.614809189, 39.306063883], [-76.615133188, 39.306174883], [-76.615515188, 39.3063388830001], [-76.6162881879999, 39.3067708830001], [-76.617212189, 39.307334884], [-76.617481189, 39.307507883], [-76.6177271889999, 39.307681883], [-76.61880919, 39.308291884], [-76.61944919, 39.308622884], [-76.61994519, 39.308895884], [-76.6203571899999, 39.3091308840001], [-76.621118191, 39.309575884], [-76.6215511899999, 39.3098578830001], [-76.623042191, 39.310716884], [-76.6232791909999, 39.310855884], [-76.622978191, 39.310879884], [-76.622614191, 39.3108618840001], [-76.6215721899999, 39.310876884], [-76.62110919, 39.310898884], [-76.6202231899999, 39.3109528840001], [-76.61981019, 39.3109518840001], [-76.61935619, 39.310963884], [-76.6193171899999, 39.310962884], [-76.61791719, 39.3109978840001], [-76.6165561889999, 39.3110238840001], [-76.615932189, 39.3110458840001], [-76.6149571889999, 39.311072884], [-76.6138121879999, 39.311143885], [-76.6137901879999, 39.311144884], [-76.6124661869999, 39.3112018840001], [-76.6118081879999, 39.3112238850001], [-76.609916187, 39.3113208840001], [-76.609739187, 39.3113208840001], [-76.6095881859999, 39.311338885], [-76.609534187, 39.311367884], [-76.609499187, 39.311412885], [-76.6094921869999, 39.311188884]]]}, "properties": {"FIPS": "24510120500", "nmtc_class": "Distressed", "qualifies": "YES", "poverty_pct": 22.2, "income_pct_benchmark": 0.810861139994328, "unemployment_ratio": 1.3333333730697632, "metro": "Metro"}}, {"type": "Feature", "geometry": {"type": "Polygon", "coordinates": [[[-76.650097199, 39.2880368780001], [-76.650077198, 39.2875008780001], [-76.650005198, 39.286533878], [-76.6499711979999, 39.2857878780001], [-76.650307198, 39.285680878], [-76.651307199, 39.285328878], [-76.6521601979999, 39.285049878], [-76.652686199, 39.284859877], [-76.6545401989999, 39.2842208770001], [-76.654865199, 39.2840818770001], [-76.655075199, 39.2839638770001], [-76.6559301999999, 39.283412877], [-76.6562001999999, 39.2832448770001], [-76.6572942, 39.2825258770001], [-76.657874201, 39.2821488770001], [-76.6582662, 39.281905877], [-76.658669201, 39.2816328760001], [-76.6589872009999, 39.2814208770001], [-76.659028201, 39.281391876], [-76.6598622009999, 39.282328877], [-76.659967201, 39.282516877], [-76.659990201, 39.282631877], [-76.6599831999999, 39.2828238770001], [-76.659789201, 39.283844877], [-76.659639201, 39.2844348770001], [-76.659334201, 39.2853128780001], [-76.659268201, 39.285637877], [-76.6592612009999, 39.2857708770001], [-76.6592782009999, 39.2859038770001], [-76.659337201, 39.2860518780001], [-76.659438201, 39.286207877], [-76.659533201, 39.286322877], [-76.659920201, 39.2866378780001], [-76.660199201, 39.286881878], [-76.660294201, 39.2869308780001], [-76.6603772019999, 39.2869608780001], [-76.660528201, 39.2869988780001], [-76.661051201, 39.2871128780001], [-76.661190201, 39.287151878], [-76.661457202, 39.287258878], [-76.661668202, 39.2873208780001], [-76.6619052019999, 39.2873488780001], [-76.662372202, 39.2873528770001], [-76.662512202, 39.287360877], [-76.6628372019999, 39.2874108780001], [-76.6629262019999, 39.2874318780001], [-76.662330202, 39.2875178780001], [-76.661184201, 39.2875678780001], [-76.6595942009999, 39.287626878], [-76.6588312009999, 39.2876728780001], [-76.658165201, 39.287739878], [-76.6573382, 39.2877758780001], [-76.6562241999999, 39.287821878], [-76.6556361999999, 39.2878338780001], [-76.6547032, 39.287868878], [-76.6538372, 39.2878858780001], [-76.653635199, 39.2878838780001], [-76.6528711989999, 39.287918878], [-76.651489198, 39.2879748780001], [-76.650097199, 39.2880368780001]]]}, "properties": {"FIPS": "24510200400", "nmtc_class": "Severe Distress", "qualifies": "YES", "poverty_pct": 33.8, "income_pct_benchmark": 0.30276018527271, "unemployment_ratio": 3.2407407760620117, "metro": "Metro"}}, {"type": "Feature", "geometry": {"type": "Polygon", "coordinates": [[[-76.6540342019999, 39.330298886], [-76.654046202, 39.330221886], [-76.654269202, 39.3301068870001], [-76.654587202, 39.329888887], [-76.6550632019999, 39.329550887], [-76.655298202, 39.3293338870001], [-76.655487203, 39.3290028860001], [-76.655794203, 39.328164886], [-76.6563012029999, 39.326943886], [-76.6566162029999, 39.326382885], [-76.656721203, 39.326220885], [-76.657303203, 39.325630886], [-76.657530202, 39.325460886], [-76.657596203, 39.325407886], [-76.657711203, 39.325565886], [-76.657844203, 39.3257208850001], [-76.6580602029999, 39.3260118850001], [-76.658164203, 39.326140885], [-76.658211203, 39.3261908860001], [-76.6582832029999, 39.3262308860001], [-76.658390203, 39.326383885], [-76.6585332029999, 39.326563885], [-76.6586862029999, 39.326781886], [-76.6588692029999, 39.327075886], [-76.659797203, 39.326629886], [-76.660750204, 39.3266898850001], [-76.661596204, 39.326921886], [-76.663333205, 39.3272688860001], [-76.6639702049999, 39.3274328850001], [-76.664304205, 39.3275198860001], [-76.665145206, 39.330438886], [-76.665724206, 39.332547887], [-76.665892206, 39.332975887], [-76.665063206, 39.3333928870001], [-76.664748205, 39.333534887], [-76.6640332059999, 39.3338808870001], [-76.6626662049999, 39.3345178870001], [-76.661156204, 39.335110887], [-76.6602132039999, 39.335499887], [-76.659846204, 39.3356598880001], [-76.658725203, 39.335941888], [-76.658471204, 39.3360018870001], [-76.656858203, 39.336392888], [-76.656361203, 39.3365118880001], [-76.656280203, 39.335714888], [-76.6562502029999, 39.335533888], [-76.656218203, 39.3354158870001], [-76.656159203, 39.3352608870001], [-76.6560082029999, 39.334902888], [-76.655975202, 39.334793888], [-76.655939202, 39.334618887], [-76.655927203, 39.3344728880001], [-76.655957203, 39.3339718880001], [-76.6559662029999, 39.333556887], [-76.655951203, 39.3334608870001], [-76.6559242019999, 39.3333668870001], [-76.655887203, 39.333290887], [-76.655818203, 39.333174887], [-76.6556662029999, 39.332971887], [-76.6555382029999, 39.3328288870001], [-76.655442202, 39.332698887], [-76.6553072029999, 39.332491887], [-76.6549692029999, 39.3319008870001], [-76.654633202, 39.3313448860001], [-76.6540342019999, 39.330298886]]]}, "properties": {"FIPS": "24510151200", "nmtc_class": "Severe Distress", "qualifies": "YES", "poverty_pct": 31.6, "income_pct_benchmark": 0.384611021835712, "unemployment_ratio": 3.0370371341705322, "metro": "Metro"}}, {"type": "Feature", "geometry": {"type": "Polygon", "coordinates": [[[-76.58850918, 39.308686885], [-76.58841418, 39.307739885], [-76.5883821799999, 39.3072148840001], [-76.58834118, 39.306692884], [-76.58832018, 39.306169884], [-76.5882881799999, 39.305647884], [-76.58947018, 39.305612884], [-76.59002918, 39.305609884], [-76.590688181, 39.3055718840001], [-76.591333181, 39.305559884], [-76.5925231809999, 39.3054598840001], [-76.5948551819999, 39.305364884], [-76.596642182, 39.305308884], [-76.5980711829999, 39.305229884], [-76.598099183, 39.305649884], [-76.598121183, 39.3062948840001], [-76.5981851829999, 39.307362884], [-76.598280183, 39.3084328840001], [-76.5968621819999, 39.308503885], [-76.5959581829999, 39.3085418850001], [-76.5950291829999, 39.308572885], [-76.5939581809999, 39.308618884], [-76.592848182, 39.308648885], [-76.592195181, 39.308665885], [-76.590890181, 39.3087178850001], [-76.590230181, 39.308760885], [-76.58917818, 39.3088098850001], [-76.58848518, 39.3088128850001], [-76.58850918, 39.308686885]]]}, "properties": {"FIPS": "24510080700", "nmtc_class": "Severe Distress", "qualifies": "YES", "poverty_pct": 20.2, "income_pct_benchmark": 0.387957273844409, "unemployment_ratio": 1.296296238899231, "metro": "Metro"}}, {"type": "Feature", "geometry": {"type": "Polygon", "coordinates": [[[-76.647848197, 39.279120876], [-76.647979197, 39.2790828760001], [-76.648123197, 39.279343877], [-76.6481721969999, 39.279430877], [-76.648778197, 39.2805648770001], [-76.6491601969999, 39.2812498770001], [-76.6495701969999, 39.2819668770001], [-76.649690198, 39.282199877], [-76.649774198, 39.2823948770001], [-76.649785198, 39.2830168770001], [-76.6498361979999, 39.283589877], [-76.6498801979999, 39.2841718780001], [-76.6499051979999, 39.2850018780001], [-76.6499641979999, 39.285690878], [-76.6499711979999, 39.2857878780001], [-76.650005198, 39.286533878], [-76.650077198, 39.2875008780001], [-76.650097199, 39.2880368780001], [-76.648695198, 39.2881068780001], [-76.647832197, 39.288131879], [-76.6469611969999, 39.2881558790001], [-76.646881197, 39.287009878], [-76.646839197, 39.2861688780001], [-76.6467361969999, 39.2846408780001], [-76.646721197, 39.284249877], [-76.6466451969999, 39.282765877], [-76.6466201969999, 39.282109877], [-76.646428197, 39.279496877], [-76.647848197, 39.279120876]]]}, "properties": {"FIPS": "24510200300", "nmtc_class": "Severe Distress", "qualifies": "YES", "poverty_pct": 50.0, "income_pct_benchmark": 0.254041024671519, "unemployment_ratio": 4.05555534362793, "metro": "Metro"}}, {"type": "Feature", "geometry": {"type": "Polygon", "coordinates": [[[-76.692896216, 39.35310789], [-76.6953572159999, 39.3512618890001], [-76.697313217, 39.35264289], [-76.6974892169999, 39.3527618890001], [-76.698061217, 39.353172889], [-76.698967217, 39.3538048890001], [-76.700190218, 39.3546578900001], [-76.700586218, 39.3549498900001], [-76.702426219, 39.35619489], [-76.702430219, 39.3562278900001], [-76.702448219, 39.35625389], [-76.7023412189999, 39.35633289], [-76.702268219, 39.35639889], [-76.7008322189999, 39.3578988900001], [-76.701437219, 39.3583448910001], [-76.702059219, 39.3588248900001], [-76.703230219, 39.3597098910001], [-76.702527219, 39.360248891], [-76.7014212189999, 39.361115891], [-76.699800218, 39.3623708910001], [-76.6978872179999, 39.360806891], [-76.697639217, 39.3606458910001], [-76.696714217, 39.360129891], [-76.696108217, 39.359807891], [-76.695088216, 39.359280891], [-76.694040217, 39.3587228910001], [-76.6926042159999, 39.357965891], [-76.6913722149999, 39.35736489], [-76.6895922149999, 39.3565128910001], [-76.688834215, 39.3561398900001], [-76.688556215, 39.3560088900001], [-76.688300215, 39.3558678910001], [-76.688146214, 39.35576789], [-76.6897042149999, 39.3549678900001], [-76.691064215, 39.35425989], [-76.6917142149999, 39.35394989], [-76.6919812149999, 39.35378689], [-76.692246215, 39.35360489], [-76.692726216, 39.35324489], [-76.692896216, 39.35310789]]]}, "properties": {"FIPS": "24510272006", "nmtc_class": "Distressed", "qualifies": "YES", "poverty_pct": 12.8, "income_pct_benchmark": 0.667265336988373, "unemployment_ratio": 1.0, "metro": "Metro"}}, {"type": "Feature", "geometry": {"type": "Polygon", "coordinates": [[[-76.69193121, 39.281508875], [-76.692933211, 39.2814768750001], [-76.693001211, 39.282230876], [-76.6931002109999, 39.2829138760001], [-76.693193211, 39.2833618760001], [-76.693265211, 39.2835918760001], [-76.693575212, 39.2842698760001], [-76.6937122109999, 39.284523876], [-76.693795212, 39.284727876], [-76.6938192109999, 39.2848478760001], [-76.6938382119999, 39.2850778760001], [-76.693831212, 39.285508876], [-76.693846212, 39.2856208760001], [-76.6938632119999, 39.2856878760001], [-76.693894212, 39.285762876], [-76.6940622119999, 39.286050877], [-76.694263212, 39.286345876], [-76.6945152119999, 39.286659877], [-76.694581212, 39.286726876], [-76.694671212, 39.286796877], [-76.6950752119999, 39.2870758760001], [-76.695149212, 39.287133876], [-76.695308212, 39.287283877], [-76.6954412119999, 39.2874518770001], [-76.6954952129999, 39.2875498770001], [-76.695569212, 39.2877298760001], [-76.695675212, 39.288227877], [-76.695737212, 39.2883528770001], [-76.695946213, 39.288688877], [-76.6960262119999, 39.2887608770001], [-76.696216213, 39.288868877], [-76.696533212, 39.289017877], [-76.696764213, 39.2890588760001], [-76.6970532129999, 39.289094876], [-76.697206213, 39.2891448770001], [-76.697263213, 39.289198877], [-76.697286213, 39.2892798770001], [-76.6973262129999, 39.290734877], [-76.697296213, 39.2911718770001], [-76.697995213, 39.2930678770001], [-76.696725213, 39.2932658770001], [-76.6959292129999, 39.293345878], [-76.695325213, 39.2933738780001], [-76.693924212, 39.2934238780001], [-76.6931442119999, 39.2934628780001], [-76.692515212, 39.293476878], [-76.690935211, 39.293538878], [-76.6894272099999, 39.293588878], [-76.68940221, 39.293179878], [-76.689337211, 39.292419878], [-76.689302211, 39.2917268780001], [-76.68922421, 39.2909888770001], [-76.689112211, 39.290417877], [-76.6890512109999, 39.290145878], [-76.68901721, 39.2898808780001], [-76.68892721, 39.288211877], [-76.68787621, 39.287671877], [-76.6874762099999, 39.287492876], [-76.6867782099999, 39.2872368770001], [-76.68674721, 39.2859708760001], [-76.686711209, 39.2850298760001], [-76.68667121, 39.2846898760001], [-76.6866672099999, 39.284525876], [-76.6866902089999, 39.2844218760001], [-76.686726209, 39.284340877], [-76.686787209, 39.284266876], [-76.686849209, 39.2842168760001], [-76.6868192089999, 39.2833878760001], [-76.68677521, 39.2825318760001], [-76.6867082099999, 39.281663876], [-76.68852421, 39.2816078760001], [-76.68949521, 39.2815618760001], [-76.6906672109999, 39.2815208750001], [-76.69193121, 39.281508875]]]}, "properties": {"FIPS": "24510280404", "nmtc_class": "Severe Distress", "qualifies": "YES", "poverty_pct": 22.8, "income_pct_benchmark": 0.425371018054637, "unemployment_ratio": 1.703703761100769, "metro": "Metro"}}, {"type": "Feature", "geometry": {"type": "Polygon", "coordinates": [[[-76.572789174, 39.300315884], [-76.572791175, 39.299241884], [-76.5726631749999, 39.299244883], [-76.572633175, 39.298130883], [-76.5725991739999, 39.297122883], [-76.573684175, 39.2970918830001], [-76.5743741749999, 39.297055883], [-76.575086175, 39.297033883], [-76.575492175, 39.297011883], [-76.575806175, 39.2970018830001], [-76.5765341749999, 39.2969758830001], [-76.577238176, 39.2969508830001], [-76.577957176, 39.296918882], [-76.5780171759999, 39.2979478830001], [-76.5780871759999, 39.299036883], [-76.5781511759999, 39.300092884], [-76.578213177, 39.3011388840001], [-76.578252176, 39.3019968830001], [-76.578280177, 39.3025568840001], [-76.576882176, 39.3026008840001], [-76.576207176, 39.302616884], [-76.572795175, 39.302728884], [-76.572789175, 39.3022618840001], [-76.572796175, 39.3018858840001], [-76.572782175, 39.3007288840001], [-76.572789174, 39.300315884]]]}, "properties": {"FIPS": "24510070100", "nmtc_class": "Severe Distress", "qualifies": "YES", "poverty_pct": 32.5, "income_pct_benchmark": 0.477483694110975, "unemployment_ratio": 2.1111111640930176, "metro": "Metro"}}, {"type": "Feature", "geometry": {"type": "Polygon", "coordinates": [[[-76.5554391699999, 39.3185698880001], [-76.5553911709999, 39.318405888], [-76.5553461699999, 39.3182958880001], [-76.555238171, 39.3181408880001], [-76.55511517, 39.3180308880001], [-76.55502617, 39.3179638880001], [-76.5564091699999, 39.3170448880001], [-76.556499171, 39.316977888], [-76.556755171, 39.316806887], [-76.5571251709999, 39.316568888], [-76.557885171, 39.3161148880001], [-76.558419171, 39.315814887], [-76.559316172, 39.315322887], [-76.559944171, 39.3150168870001], [-76.560334172, 39.3148388870001], [-76.560696172, 39.314692887], [-76.5610821719999, 39.3145468870001], [-76.5625671729999, 39.3139328870001], [-76.563006172, 39.3137858870001], [-76.563281173, 39.3137178860001], [-76.563571173, 39.3136648870001], [-76.563813173, 39.313632887], [-76.5639841729999, 39.3136198870001], [-76.564513173, 39.3136018870001], [-76.565439173, 39.313589887], [-76.566409174, 39.313568887], [-76.5670211739999, 39.313547887], [-76.567542174, 39.313540886], [-76.5677151739999, 39.313538887], [-76.5696751739999, 39.3134248860001], [-76.5701851749999, 39.313416886], [-76.570317175, 39.313432886], [-76.570449174, 39.313458886], [-76.5706821749999, 39.313548886], [-76.570826175, 39.313615886], [-76.571097175, 39.313777886], [-76.5715781749999, 39.314109886], [-76.572197176, 39.314516886], [-76.572492175, 39.3145898870001], [-76.572759176, 39.314571887], [-76.572964176, 39.314449886], [-76.573139176, 39.3144818860001], [-76.573127175, 39.3150708860001], [-76.573073176, 39.315859887], [-76.572971176, 39.317082887], [-76.572943176, 39.3173338870001], [-76.572915176, 39.3174928870001], [-76.5728411759999, 39.317705887], [-76.572680175, 39.318109887], [-76.572447176, 39.318648888], [-76.572215176, 39.3192458880001], [-76.571837176, 39.3201488870001], [-76.571731175, 39.320266887], [-76.571456176, 39.3200178870001], [-76.571259175, 39.3198108880001], [-76.5711051749999, 39.319619888], [-76.571007175, 39.319476888], [-76.570441175, 39.318430887], [-76.570305175, 39.318472888], [-76.570428175, 39.318714887], [-76.5699641749999, 39.3187998870001], [-76.569475175, 39.318872888], [-76.5675361739999, 39.319092888], [-76.5667261739999, 39.319196887], [-76.566563174, 39.319215888], [-76.5664721739999, 39.3192288870001], [-76.5660521729999, 39.3192908880001], [-76.563817173, 39.319570888], [-76.563266173, 39.319667888], [-76.562829173, 39.319757888], [-76.561690173, 39.319975888], [-76.561182172, 39.320089888], [-76.560542173, 39.3202318880001], [-76.560010172, 39.320332888], [-76.560221172, 39.320378888], [-76.560367172, 39.320431888], [-76.559761172, 39.3210018880001], [-76.559514172, 39.3210268880001], [-76.559287172, 39.321079888], [-76.559004171, 39.321194889], [-76.5587401719999, 39.321281888], [-76.5582901719999, 39.3213938880001], [-76.557982172, 39.3214298880001], [-76.5576881709999, 39.3214338880001], [-76.557586171, 39.3214258880001], [-76.5574871709999, 39.321409889], [-76.5573741709999, 39.321378888], [-76.5572581709999, 39.3213308890001], [-76.556977171, 39.321190888], [-76.556409171, 39.320702888], [-76.555939171, 39.320088888], [-76.55567017, 39.3196708880001], [-76.555612171, 39.3195138880001], [-76.555529171, 39.3191308880001], [-76.5554391699999, 39.3185698880001]]]}, "properties": {"FIPS": "24510260302", "nmtc_class": "Severe Distress", "qualifies": "YES", "poverty_pct": 22.1, "income_pct_benchmark": 0.544635598827866, "unemployment_ratio": 1.9814814329147339, "metro": "Metro"}}, {"type": "Feature", "geometry": {"type": "Polygon", "coordinates": [[[-76.5380081659999, 39.3367448920001], [-76.5377571659999, 39.336739892], [-76.537488166, 39.3367538920001], [-76.5358741649999, 39.3369648930001], [-76.534392165, 39.337162892], [-76.534018165, 39.337204893], [-76.533865165, 39.337212892], [-76.533696165, 39.3372158920001], [-76.5333811639999, 39.3371988920001], [-76.532648164, 39.3371498920001], [-76.532526164, 39.337133893], [-76.532348165, 39.3370978930001], [-76.5320961639999, 39.3370148920001], [-76.5319351639999, 39.336950893], [-76.531658164, 39.3368128920001], [-76.531562164, 39.336559892], [-76.531500164, 39.3364448930001], [-76.5313531639999, 39.336212893], [-76.531212164, 39.3360498920001], [-76.531132164, 39.3359778930001], [-76.5310831639999, 39.335942892], [-76.531030164, 39.3359168920001], [-76.5309541629999, 39.3358938920001], [-76.530869164, 39.335898892], [-76.530739163, 39.335920892], [-76.530526164, 39.335968892], [-76.5304201639999, 39.3359768920001], [-76.530320164, 39.3359768920001], [-76.530193164, 39.335965892], [-76.5300041639999, 39.3357058920001], [-76.529695164, 39.336149892], [-76.529682163, 39.335253892], [-76.5296881629999, 39.333219892], [-76.5296871629999, 39.331157891], [-76.5304501639999, 39.331020891], [-76.531859164, 39.3307648910001], [-76.532979164, 39.330565891], [-76.5330861639999, 39.330546891], [-76.534098165, 39.330365891], [-76.534535164, 39.3302878910001], [-76.535009165, 39.330205891], [-76.536590165, 39.329958891], [-76.5404581669999, 39.3293828910001], [-76.541723167, 39.32922089], [-76.5417611669999, 39.329305891], [-76.541821167, 39.3293928910001], [-76.543089167, 39.3307138910001], [-76.543523167, 39.3311438910001], [-76.543776168, 39.331400891], [-76.5439011679999, 39.331518891], [-76.5439901669999, 39.331603891], [-76.544243168, 39.331809891], [-76.544613168, 39.3320408910001], [-76.545300168, 39.332397891], [-76.5454271679999, 39.3324528910001], [-76.5471151689999, 39.3332818910001], [-76.547483169, 39.333479891], [-76.547707169, 39.3336658910001], [-76.5478081689999, 39.333760891], [-76.548006169, 39.333973891], [-76.5481271689999, 39.334242891], [-76.54838417, 39.3349298910001], [-76.5485351689999, 39.3352558920001], [-76.54908717, 39.3356958910001], [-76.54972217, 39.3362348920001], [-76.55074917, 39.337090892], [-76.551389171, 39.3376708920001], [-76.551466171, 39.3377568920001], [-76.551523171, 39.3378488920001], [-76.551662171, 39.338129892], [-76.551436171, 39.338267892], [-76.55106817, 39.3385258920001], [-76.55063917, 39.3388458920001], [-76.5496341699999, 39.3395508930001], [-76.54880917, 39.3400998920001], [-76.548082169, 39.340607892], [-76.547411169, 39.3411108920001], [-76.547258169, 39.3412258930001], [-76.546444169, 39.341767893], [-76.545576169, 39.3423718930001], [-76.545407169, 39.342287893], [-76.545322168, 39.342227893], [-76.545151169, 39.342067893], [-76.5450601689999, 39.341931893], [-76.545007169, 39.341809893], [-76.544911169, 39.3416278930001], [-76.544816168, 39.341484893], [-76.5445541679999, 39.341211893], [-76.544308168, 39.3410458930001], [-76.543993168, 39.340872893], [-76.543669168, 39.340720893], [-76.543457168, 39.340598893], [-76.543271168, 39.340471892], [-76.543184168, 39.340401893], [-76.542994168, 39.3402158920001], [-76.542739168, 39.339991893], [-76.542670167, 39.339943893], [-76.5424791679999, 39.339854893], [-76.542019167, 39.3396938930001], [-76.5414691679999, 39.339472893], [-76.5413161669999, 39.3391088930001], [-76.541002167, 39.338224892], [-76.540966167, 39.338150892], [-76.5409291669999, 39.338087892], [-76.5408601669999, 39.3380048920001], [-76.540750167, 39.3378898920001], [-76.540627167, 39.3378058930001], [-76.539699167, 39.337121892], [-76.5394441659999, 39.336954892], [-76.539362166, 39.3369178930001], [-76.539215166, 39.3368758920001], [-76.538962166, 39.336839892], [-76.538466166, 39.336781892], [-76.538226166, 39.336760892], [-76.5380081659999, 39.3367448920001]]]}, "properties": {"FIPS": "24510260102", "nmtc_class": "Severe Distress", "qualifies": "YES", "poverty_pct": 6.5, "income_pct_benchmark": 0.705870120049154, "unemployment_ratio": 1.7407407760620117, "metro": "Metro"}}, {"type": "Feature", "geometry": {"type": "Polygon", "coordinates": [[[-76.654110198, 39.276636876], [-76.654554199, 39.2761598760001], [-76.6549211989999, 39.2755318760001], [-76.655182199, 39.275877876], [-76.6552121989999, 39.275900876], [-76.655242199, 39.2759158750001], [-76.655371199, 39.2759578760001], [-76.655493199, 39.276029876], [-76.6555971989999, 39.276064875], [-76.655917199, 39.276193876], [-76.656020199, 39.276220876], [-76.6560681999999, 39.2762278760001], [-76.656173199, 39.276219876], [-76.6562511989999, 39.2762038750001], [-76.656339199, 39.276194876], [-76.6563871989999, 39.2762048760001], [-76.656441199, 39.2762308760001], [-76.6565641989999, 39.276276876], [-76.6565861999999, 39.276278876], [-76.656614199, 39.276276876], [-76.6566582, 39.276259876], [-76.6567352, 39.276258876], [-76.6568522, 39.276242876], [-76.656979199, 39.276215876], [-76.6574181999999, 39.276108875], [-76.6576102, 39.2760488760001], [-76.6580172, 39.2768788760001], [-76.6583282, 39.2774268760001], [-76.6586862, 39.278064876], [-76.6589852, 39.278601876], [-76.6592592009999, 39.279146876], [-76.659581201, 39.2797338770001], [-76.6599932009999, 39.280397876], [-76.660177201, 39.2806648770001], [-76.6597982009999, 39.280889877], [-76.659028201, 39.281391876], [-76.6589872009999, 39.2814208770001], [-76.658669201, 39.2816328760001], [-76.6582662, 39.281905877], [-76.657874201, 39.2821488770001], [-76.6572942, 39.2825258770001], [-76.6562001999999, 39.2832448770001], [-76.6559301999999, 39.283412877], [-76.655075199, 39.2839638770001], [-76.654865199, 39.2840818770001], [-76.6545401989999, 39.2842208770001], [-76.652686199, 39.284859877], [-76.6521601979999, 39.285049878], [-76.651307199, 39.285328878], [-76.650307198, 39.285680878], [-76.6499711979999, 39.2857878780001], [-76.6499641979999, 39.285690878], [-76.6499051979999, 39.2850018780001], [-76.6498801979999, 39.2841718780001], [-76.6498361979999, 39.283589877], [-76.649785198, 39.2830168770001], [-76.649774198, 39.2823948770001], [-76.649690198, 39.282199877], [-76.6495701969999, 39.2819668770001], [-76.6491601969999, 39.2812498770001], [-76.648778197, 39.2805648770001], [-76.6481721969999, 39.279430877], [-76.648123197, 39.279343877], [-76.647979197, 39.2790828760001], [-76.648612197, 39.2789008770001], [-76.6493641979999, 39.278710877], [-76.6499101969999, 39.2785648760001], [-76.6510021979999, 39.2782348760001], [-76.651847198, 39.277928876], [-76.652684198, 39.2775768760001], [-76.652904198, 39.277472876], [-76.653153198, 39.2773378760001], [-76.653274198, 39.2772648760001], [-76.6535501989999, 39.2770768760001], [-76.6537361979999, 39.2769418760001], [-76.654110198, 39.276636876]]]}, "properties": {"FIPS": "24510200500", "nmtc_class": "Severe Distress", "qualifies": "YES", "poverty_pct": 26.2, "income_pct_benchmark": 0.383807543246053, "unemployment_ratio": 1.4629629850387573, "metro": "Metro"}}, {"type": "Feature", "geometry": {"type": "Polygon", "coordinates": [[[-76.55239617, 39.326227889], [-76.5517901699999, 39.3257888890001], [-76.55167117, 39.325851889], [-76.5510291689999, 39.325257889], [-76.550432169, 39.3246008890001], [-76.549535169, 39.3236518890001], [-76.548954169, 39.323008889], [-76.5488461689999, 39.322871889], [-76.548735168, 39.3227098890001], [-76.548649169, 39.322542889], [-76.5485981689999, 39.322407889], [-76.548499168, 39.322068889], [-76.5484441679999, 39.321837889], [-76.548609169, 39.3218148890001], [-76.548946168, 39.3217418880001], [-76.549063168, 39.3216698890001], [-76.5498981689999, 39.3213138890001], [-76.550293169, 39.3210928880001], [-76.551429169, 39.320338889], [-76.55205717, 39.319914888], [-76.55385817, 39.318677888], [-76.55433017, 39.3183658880001], [-76.55452417, 39.3182548880001], [-76.55470017, 39.3181658880001], [-76.55502617, 39.3179638880001], [-76.55511517, 39.3180308880001], [-76.555238171, 39.3181408880001], [-76.5553461699999, 39.3182958880001], [-76.5553911709999, 39.318405888], [-76.5554391699999, 39.3185698880001], [-76.555529171, 39.3191308880001], [-76.555612171, 39.3195138880001], [-76.55567017, 39.3196708880001], [-76.555939171, 39.320088888], [-76.556409171, 39.320702888], [-76.556977171, 39.321190888], [-76.5572581709999, 39.3213308890001], [-76.5573741709999, 39.321378888], [-76.5574871709999, 39.321409889], [-76.557586171, 39.3214258880001], [-76.5576881709999, 39.3214338880001], [-76.557982172, 39.3214298880001], [-76.5582901719999, 39.3213938880001], [-76.5587401719999, 39.321281888], [-76.559004171, 39.321194889], [-76.559287172, 39.321079888], [-76.559514172, 39.3210268880001], [-76.559761172, 39.3210018880001], [-76.5599271719999, 39.3209798880001], [-76.560173172, 39.320980889], [-76.5603161719999, 39.3210008880001], [-76.560388173, 39.321054888], [-76.560493172, 39.3211838880001], [-76.560546172, 39.321283888], [-76.560627172, 39.321535888], [-76.560648172, 39.321659889], [-76.560658172, 39.3217888880001], [-76.560641172, 39.3219258890001], [-76.560594172, 39.322108888], [-76.560588173, 39.322166888], [-76.5606091719999, 39.3223698890001], [-76.560618173, 39.322560889], [-76.560639173, 39.322653889], [-76.560711173, 39.322812889], [-76.560823173, 39.3229588890001], [-76.5609411729999, 39.323064888], [-76.561435172, 39.3234798890001], [-76.5626071729999, 39.324677889], [-76.562662173, 39.3247128890001], [-76.5627201729999, 39.3247408890001], [-76.5634871729999, 39.324968889], [-76.5638631729999, 39.3250528890001], [-76.564233174, 39.3251218890001], [-76.564443174, 39.3251468890001], [-76.5649201739999, 39.325134889], [-76.565334174, 39.325155889], [-76.565483174, 39.3251828890001], [-76.565591174, 39.3252298890001], [-76.565750174, 39.3253178890001], [-76.5659571739999, 39.325439889], [-76.567048174, 39.326052889], [-76.567545174, 39.326413889], [-76.567085175, 39.3268118890001], [-76.5667181749999, 39.327138889], [-76.565967174, 39.32774189], [-76.565340174, 39.32828089], [-76.564802174, 39.32872389], [-76.564122174, 39.3292568900001], [-76.5632131739999, 39.3299408900001], [-76.561808173, 39.33095089], [-76.561614173, 39.3311028900001], [-76.5615081729999, 39.33093989], [-76.561428173, 39.33084589], [-76.561335173, 39.33075089], [-76.560910173, 39.3304098900001], [-76.5602461719999, 39.32997189], [-76.5587581719999, 39.3289708900001], [-76.558256172, 39.3286328900001], [-76.5580891719999, 39.3285318900001], [-76.5578201719999, 39.3283968900001], [-76.557608171, 39.3283098900001], [-76.5573201719999, 39.32821589], [-76.557060171, 39.328150889], [-76.556747171, 39.32809389], [-76.556186172, 39.32800989], [-76.555810171, 39.327941889], [-76.555555171, 39.32787589], [-76.5553681709999, 39.3278168900001], [-76.555219171, 39.32776489], [-76.55503317, 39.3276848900001], [-76.55453117, 39.327425889], [-76.55399317, 39.3271198900001], [-76.55374317, 39.3269848890001], [-76.55309717, 39.32665989], [-76.55239617, 39.326227889]]]}, "properties": {"FIPS": "24510260202", "nmtc_class": "Severe Distress", "qualifies": "YES", "poverty_pct": 23.2, "income_pct_benchmark": 0.379638907269118, "unemployment_ratio": 1.5, "metro": "Metro"}}, {"type": "Feature", "geometry": {"type": "Polygon", "coordinates": [[[-76.6493371999999, 39.3157298840001], [-76.6487271989999, 39.3152328840001], [-76.6481921989999, 39.3147778840001], [-76.647631199, 39.314322884], [-76.646777199, 39.313603883], [-76.646318198, 39.3132558830001], [-76.6458781979999, 39.312905884], [-76.645410198, 39.312522883], [-76.643966198, 39.3113008830001], [-76.643373197, 39.310787883], [-76.642516197, 39.310096883], [-76.644241198, 39.310004883], [-76.6443811979999, 39.3099928830001], [-76.645008198, 39.3099518830001], [-76.647343198, 39.309861883], [-76.649049199, 39.3097728820001], [-76.6513411999999, 39.309687883], [-76.6527141999999, 39.309620883], [-76.654132201, 39.309574882], [-76.654879201, 39.3095448820001], [-76.6551362009999, 39.3095418820001], [-76.6559962009999, 39.309515882], [-76.658182202, 39.309438882], [-76.659133202, 39.3093918820001], [-76.659645202, 39.309377882], [-76.659987202, 39.309375882], [-76.659937202, 39.309915882], [-76.659909203, 39.310429883], [-76.659779203, 39.311941883], [-76.659652203, 39.313642883], [-76.659627203, 39.314458883], [-76.659675203, 39.3148598830001], [-76.659713203, 39.315021883], [-76.659781203, 39.3152318840001], [-76.6589332029999, 39.315493883], [-76.6582402019999, 39.315698883], [-76.657914203, 39.3157778840001], [-76.657703203, 39.3158198830001], [-76.657509202, 39.3158448840001], [-76.6572902019999, 39.3158648840001], [-76.6570962019999, 39.315874883], [-76.656721202, 39.315878884], [-76.6563962019999, 39.3158648840001], [-76.6559962009999, 39.3158158840001], [-76.6557422019999, 39.3157728840001], [-76.655553202, 39.315732884], [-76.654853201, 39.3155438840001], [-76.654634201, 39.3155038840001], [-76.6544172009999, 39.315465884], [-76.654198201, 39.315438884], [-76.653828201, 39.315424884], [-76.653625201, 39.315423884], [-76.653371201, 39.3154358840001], [-76.653143201, 39.315451884], [-76.6529072009999, 39.3154808830001], [-76.652676201, 39.3155248840001], [-76.6524552009999, 39.315578884], [-76.6522381999999, 39.315646884], [-76.6519602, 39.3157538840001], [-76.651209201, 39.316166884], [-76.6504962, 39.316711884], [-76.6497862, 39.316119884], [-76.6493371999999, 39.3157298840001]]]}, "properties": {"FIPS": "24510150400", "nmtc_class": "Severe Distress", "qualifies": "YES", "poverty_pct": 22.2, "income_pct_benchmark": 0.375772757349466, "unemployment_ratio": 2.370370388031006, "metro": "Metro"}}, {"type": "Feature", "geometry": {"type": "Polygon", "coordinates": [[[-76.6138121879999, 39.311143885], [-76.6149571889999, 39.311072884], [-76.614966189, 39.3112048840001], [-76.6150661889999, 39.312312884], [-76.6151341889999, 39.313286885], [-76.6151781889999, 39.314299885], [-76.615275189, 39.315370885], [-76.6152911889999, 39.3159508850001], [-76.615304189, 39.3164208850001], [-76.614151189, 39.3164628850001], [-76.6134511879999, 39.316495886], [-76.612771188, 39.3165068850001], [-76.6120551879999, 39.3165288860001], [-76.611294188, 39.316565885], [-76.611278188, 39.3162808860001], [-76.6094921869999, 39.3162418850001], [-76.609526187, 39.3154988850001], [-76.6095301869999, 39.3150738850001], [-76.609534187, 39.314515885], [-76.609551187, 39.3139908850001], [-76.6095361869999, 39.313529885], [-76.609539187, 39.312744885], [-76.609510187, 39.312024885], [-76.609499187, 39.311412885], [-76.609534187, 39.311367884], [-76.6095881859999, 39.311338885], [-76.609739187, 39.3113208840001], [-76.609916187, 39.3113208840001], [-76.6118081879999, 39.3112238850001], [-76.6124661869999, 39.3112018840001], [-76.6137901879999, 39.311144884], [-76.6138121879999, 39.311143885]]]}, "properties": {"FIPS": "24510120400", "nmtc_class": "Distressed", "qualifies": "YES", "poverty_pct": 22.1, "income_pct_benchmark": 0.805766140466963, "unemployment_ratio": 0.9259259104728699, "metro": "Metro"}}, {"type": "Feature", "geometry": {"type": "Polygon", "coordinates": [[[-76.622131189, 39.286264879], [-76.62469519, 39.2861658790001], [-76.62588319, 39.2861228790001], [-76.6259311909999, 39.2861228790001], [-76.6273311909999, 39.2860738790001], [-76.627541191, 39.286064879], [-76.6276251909999, 39.286204878], [-76.6278251909999, 39.286572879], [-76.627922191, 39.2868138790001], [-76.627978192, 39.286992879], [-76.6280231909999, 39.287172879], [-76.6280491909999, 39.287327879], [-76.628067191, 39.287632879], [-76.628064191, 39.287793879], [-76.6280511909999, 39.2878978790001], [-76.627967192, 39.2883528790001], [-76.627768191, 39.2889818790001], [-76.627629192, 39.289530879], [-76.627505191, 39.29013588], [-76.627479191, 39.29046788], [-76.627465192, 39.2908168800001], [-76.627481191, 39.2912488800001], [-76.627543191, 39.29186588], [-76.6277101919999, 39.29328088], [-76.6277301919999, 39.29387188], [-76.6277091919999, 39.294388881], [-76.627690192, 39.294637881], [-76.627251191, 39.2946428810001], [-76.625728191, 39.29468688], [-76.62507519, 39.2947158810001], [-76.62479419, 39.2947158810001], [-76.62422419, 39.2947378800001], [-76.62395319, 39.2947608810001], [-76.62264019, 39.2948198810001], [-76.62262019, 39.29434388], [-76.62257319, 39.293844881], [-76.6225411889999, 39.29282988], [-76.62244319, 39.29143588], [-76.62240119, 39.29093988], [-76.622367189, 39.29037788], [-76.62234919, 39.2896038800001], [-76.622332189, 39.28925288], [-76.6223341899999, 39.2890028790001], [-76.622322189, 39.2886158800001], [-76.6222671899999, 39.2878298790001], [-76.6222501889999, 39.287464879], [-76.622131189, 39.286264879]]]}, "properties": {"FIPS": "24510040200", "nmtc_class": "Severe Distress", "qualifies": "YES", "poverty_pct": 50.2, "income_pct_benchmark": null, "unemployment_ratio": 0.7777777910232544, "metro": "Metro"}}, {"type": "Feature", "geometry": {"type": "Polygon", "coordinates": [[[-76.6516592, 39.303477881], [-76.6516091999999, 39.3033578820001], [-76.6527442, 39.3036268810001], [-76.6533182009999, 39.3037858810001], [-76.6537902009999, 39.3039168820001], [-76.655668201, 39.304511881], [-76.657021202, 39.304960882], [-76.657380202, 39.305102881], [-76.657666202, 39.3052318820001], [-76.657938202, 39.3053798820001], [-76.6583562009999, 39.305665882], [-76.658502202, 39.305772881], [-76.6588692019999, 39.3060768820001], [-76.659040202, 39.3062598810001], [-76.6592942029999, 39.306525881], [-76.659538202, 39.3068978820001], [-76.659667202, 39.3071348820001], [-76.6597532019999, 39.307323882], [-76.659802203, 39.3074148820001], [-76.659875202, 39.3076038820001], [-76.6599332019999, 39.3077878820001], [-76.6599712029999, 39.307951882], [-76.660017203, 39.308338882], [-76.660028202, 39.308677882], [-76.660010203, 39.309060882], [-76.659987202, 39.309375882], [-76.659645202, 39.309377882], [-76.659133202, 39.3093918820001], [-76.658182202, 39.309438882], [-76.6559962009999, 39.309515882], [-76.6551362009999, 39.3095418820001], [-76.654879201, 39.3095448820001], [-76.654132201, 39.309574882], [-76.6527141999999, 39.309620883], [-76.6513411999999, 39.309687883], [-76.6512612, 39.308701882], [-76.6511932, 39.307773882], [-76.651180199, 39.307410882], [-76.651108199, 39.306521882], [-76.651068199, 39.305800882], [-76.6510502, 39.305122882], [-76.6517172, 39.305100882], [-76.6517221999999, 39.3046448810001], [-76.651708199, 39.304064882], [-76.6516872, 39.303611881], [-76.6516771999999, 39.3035388810001], [-76.6516592, 39.303477881]]]}, "properties": {"FIPS": "24510150300", "nmtc_class": "Severe Distress", "qualifies": "YES", "poverty_pct": 29.0, "income_pct_benchmark": 0.382361281784668, "unemployment_ratio": 1.8888888359069824, "metro": "Metro"}}, {"type": "Feature", "geometry": {"type": "Polygon", "coordinates": [[[-76.682345213, 39.372208894], [-76.681603213, 39.372184894], [-76.6811772129999, 39.372185894], [-76.6802612129999, 39.3721758940001], [-76.679486213, 39.372180894], [-76.6790242119999, 39.3721758940001], [-76.6787752119999, 39.372157894], [-76.678471212, 39.3720808940001], [-76.6781932119999, 39.3720018940001], [-76.6781232129999, 39.3716338940001], [-76.6780992119999, 39.3713618940001], [-76.6780602119999, 39.371198894], [-76.6780152119999, 39.3710728940001], [-76.677939212, 39.370904894], [-76.6777402119999, 39.3703108930001], [-76.677547212, 39.3697008940001], [-76.6769782119999, 39.368740894], [-76.676897212, 39.368636893], [-76.676832211, 39.3685718940001], [-76.6763062109999, 39.368090894], [-76.675954211, 39.367771893], [-76.6753572109999, 39.367261893], [-76.6746852109999, 39.366735893], [-76.67451921, 39.3666138930001], [-76.6742622099999, 39.3664378930001], [-76.674204211, 39.3663888930001], [-76.67414421, 39.3663238930001], [-76.67402221, 39.366157893], [-76.67388821, 39.3658928930001], [-76.67367121, 39.3653828930001], [-76.673547211, 39.365161893], [-76.6734732099999, 39.365009893], [-76.67344221, 39.364917893], [-76.67336221, 39.364554893], [-76.67330321, 39.364473893], [-76.6731112099999, 39.364251892], [-76.67359621, 39.3640238930001], [-76.67389721, 39.3638508930001], [-76.67418621, 39.3636438930001], [-76.67458121, 39.3632888920001], [-76.674936211, 39.3630108930001], [-76.675131211, 39.362827892], [-76.675224211, 39.3627088920001], [-76.675281211, 39.3626548920001], [-76.675660211, 39.362382892], [-76.676721211, 39.361813892], [-76.677047211, 39.361657892], [-76.678043211, 39.361161892], [-76.6791532119999, 39.3605398920001], [-76.6804002119999, 39.3598438920001], [-76.682082213, 39.3589718910001], [-76.6829582129999, 39.358525891], [-76.685495214, 39.357199891], [-76.686775214, 39.35649089], [-76.688146214, 39.35576789], [-76.688300215, 39.3558678910001], [-76.688556215, 39.3560088900001], [-76.688834215, 39.3561398900001], [-76.6895922149999, 39.3565128910001], [-76.6913722149999, 39.35736489], [-76.6926042159999, 39.357965891], [-76.694040217, 39.3587228910001], [-76.695088216, 39.359280891], [-76.696108217, 39.359807891], [-76.696714217, 39.360129891], [-76.697639217, 39.3606458910001], [-76.6978872179999, 39.360806891], [-76.699800218, 39.3623708910001], [-76.698961218, 39.363034891], [-76.698370218, 39.3635198920001], [-76.6982482169999, 39.3636308910001], [-76.6980932179999, 39.3638068920001], [-76.6976482169999, 39.364341892], [-76.697431218, 39.364633892], [-76.697287218, 39.3648018920001], [-76.6971692179999, 39.3649598920001], [-76.696481218, 39.3649828920001], [-76.695959218, 39.3650248920001], [-76.694937217, 39.365145892], [-76.694304217, 39.3652458920001], [-76.694060217, 39.365303892], [-76.6937722169999, 39.365389892], [-76.692961216, 39.365666892], [-76.692521216, 39.3658338920001], [-76.692309216, 39.3658988920001], [-76.6921932159999, 39.3659258920001], [-76.691958216, 39.365954892], [-76.6917512159999, 39.365959893], [-76.691629216, 39.3659538920001], [-76.691353216, 39.3659208920001], [-76.6911862159999, 39.3658808920001], [-76.691041215, 39.3658318930001], [-76.6909442149999, 39.3657918920001], [-76.690752216, 39.365691892], [-76.690572216, 39.365553892], [-76.690499216, 39.3654738920001], [-76.690345216, 39.365280892], [-76.689584215, 39.3642178920001], [-76.689151215, 39.364517892], [-76.688640215, 39.364856892], [-76.688573214, 39.3648678920001], [-76.688329215, 39.3648868920001], [-76.685919214, 39.3651738930001], [-76.685824214, 39.365192892], [-76.6856332139999, 39.365260892], [-76.6852782139999, 39.365421892], [-76.6850952129999, 39.3655128930001], [-76.685152214, 39.3665008930001], [-76.685181214, 39.3677418930001], [-76.6852302139999, 39.3689778930001], [-76.683283214, 39.369020893], [-76.680809213, 39.369066893], [-76.681490213, 39.3697678940001], [-76.6820142129999, 39.3703288940001], [-76.6821742129999, 39.3705328940001], [-76.682224213, 39.3706348930001], [-76.6822612129999, 39.3708098930001], [-76.682275213, 39.370989894], [-76.682298214, 39.371673893], [-76.682315213, 39.371965894], [-76.682345213, 39.372208894]]]}, "properties": {"FIPS": "24510272003", "nmtc_class": "Severe Distress", "qualifies": "YES", "poverty_pct": 7.6, "income_pct_benchmark": 0.564713110880045, "unemployment_ratio": 1.9629629850387573, "metro": "Metro"}}, {"type": "Feature", "geometry": {"type": "Polygon", "coordinates": [[[-76.605042187, 39.328356888], [-76.603631187, 39.3283398880001], [-76.600692185, 39.328350888], [-76.5992821839999, 39.3283398880001], [-76.597899184, 39.3283368890001], [-76.596701184, 39.328344889], [-76.595390183, 39.328352889], [-76.5951471829999, 39.328354889], [-76.595163183, 39.3281388880001], [-76.595151184, 39.328006888], [-76.595132183, 39.327949888], [-76.595073183, 39.327861888], [-76.5949441829999, 39.327737889], [-76.5945771839999, 39.3273578880001], [-76.594308183, 39.3269438880001], [-76.594159183, 39.326683888], [-76.5939311829999, 39.326232888], [-76.594440183, 39.325765888], [-76.5948981829999, 39.325319888], [-76.596766184, 39.3234638870001], [-76.597039184, 39.3231868870001], [-76.597314184, 39.322904887], [-76.597883184, 39.322367887], [-76.5984281839999, 39.3218488870001], [-76.599509184, 39.320796887], [-76.600576184, 39.319708887], [-76.601491185, 39.318797886], [-76.602572185, 39.319042886], [-76.6033531859999, 39.319188886], [-76.6042301859999, 39.319305886], [-76.6047931859999, 39.3193678860001], [-76.605412186, 39.319420886], [-76.605814186, 39.319464886], [-76.603586185, 39.321579887], [-76.602733186, 39.322408887], [-76.601470185, 39.3237148870001], [-76.6033261859999, 39.3244378870001], [-76.6051091859999, 39.325140887], [-76.607365187, 39.325991888], [-76.6072401869999, 39.326197887], [-76.607457187, 39.326257888], [-76.608570188, 39.326435888], [-76.608866188, 39.3264778870001], [-76.6090401869999, 39.3259438870001], [-76.609428188, 39.325407887], [-76.609431188, 39.3260988870001], [-76.609451188, 39.3268398880001], [-76.609430188, 39.3283218880001], [-76.608474187, 39.3283398880001], [-76.6075791869999, 39.3283398880001], [-76.6070301869999, 39.3283398880001], [-76.606323187, 39.328349888], [-76.605042187, 39.328356888]]]}, "properties": {"FIPS": "24510090500", "nmtc_class": "Severe Distress", "qualifies": "YES", "poverty_pct": 25.0, "income_pct_benchmark": 0.418451649494281, "unemployment_ratio": 2.555555582046509, "metro": "Metro"}}, {"type": "Feature", "geometry": {"type": "Polygon", "coordinates": [[[-76.663181202, 39.287439878], [-76.663051202, 39.2874308780001], [-76.6629262019999, 39.2874318780001], [-76.6628372019999, 39.2874108780001], [-76.662512202, 39.287360877], [-76.662372202, 39.2873528770001], [-76.6619052019999, 39.2873488780001], [-76.661668202, 39.2873208780001], [-76.661457202, 39.287258878], [-76.661190201, 39.287151878], [-76.661051201, 39.2871128780001], [-76.660528201, 39.2869988780001], [-76.6603772019999, 39.2869608780001], [-76.660294201, 39.2869308780001], [-76.660199201, 39.286881878], [-76.659920201, 39.2866378780001], [-76.659533201, 39.286322877], [-76.659438201, 39.286207877], [-76.659337201, 39.2860518780001], [-76.6592782009999, 39.2859038770001], [-76.6592612009999, 39.2857708770001], [-76.659268201, 39.285637877], [-76.659334201, 39.2853128780001], [-76.659639201, 39.2844348770001], [-76.659789201, 39.283844877], [-76.6599831999999, 39.2828238770001], [-76.659990201, 39.282631877], [-76.659967201, 39.282516877], [-76.6598622009999, 39.282328877], [-76.659028201, 39.281391876], [-76.6597982009999, 39.280889877], [-76.660177201, 39.2806648770001], [-76.6599932009999, 39.280397876], [-76.659581201, 39.2797338770001], [-76.6592592009999, 39.279146876], [-76.6589852, 39.278601876], [-76.6586862, 39.278064876], [-76.6583282, 39.2774268760001], [-76.6580172, 39.2768788760001], [-76.6576102, 39.2760488760001], [-76.6578112, 39.2759398750001], [-76.658019199, 39.2756828760001], [-76.6581772, 39.275547875], [-76.6583391999999, 39.2753558760001], [-76.6584642, 39.2750878750001], [-76.6585102, 39.2749988750001], [-76.6585542, 39.274938875], [-76.6586242, 39.274889875], [-76.6587901999999, 39.274825875], [-76.6591061999999, 39.2746838750001], [-76.6591951999999, 39.274664876], [-76.6593032, 39.2746538750001], [-76.6594102, 39.274660876], [-76.6595781999999, 39.274685875], [-76.659670201, 39.274714875], [-76.659793201, 39.2747648750001], [-76.6598921999999, 39.274822875], [-76.6600022009999, 39.274911875], [-76.6601572009999, 39.275088875], [-76.660325201, 39.275309875], [-76.660639201, 39.275656876], [-76.6609242009999, 39.275997875], [-76.6611082009999, 39.2761848750001], [-76.661221201, 39.276284876], [-76.6612832009999, 39.276309875], [-76.661501201, 39.276359875], [-76.6615772009999, 39.2764068760001], [-76.6617382009999, 39.276355875], [-76.662058201, 39.276289875], [-76.662293201, 39.276247875], [-76.6625032009999, 39.276202875], [-76.663125201, 39.2760958750001], [-76.663383202, 39.276041875], [-76.663505202, 39.276034876], [-76.663791202, 39.2760528760001], [-76.663909202, 39.276066875], [-76.664108201, 39.276058876], [-76.6642242019999, 39.276035875], [-76.664558202, 39.2759358750001], [-76.664624202, 39.275900875], [-76.6646832019999, 39.2758478750001], [-76.664740202, 39.2757808750001], [-76.6647902019999, 39.275683875], [-76.664833202, 39.2755278750001], [-76.664834202, 39.275387875], [-76.664820202, 39.275318875], [-76.664829202, 39.275244875], [-76.6648812019999, 39.275138875], [-76.6649952019999, 39.275050875], [-76.665024202, 39.275041875], [-76.6650632019999, 39.275050875], [-76.665277202, 39.275207875], [-76.665642202, 39.275459875], [-76.665907203, 39.2756588760001], [-76.6663222029999, 39.2759568760001], [-76.666574203, 39.2760778750001], [-76.666758203, 39.2761238750001], [-76.6669532029999, 39.276146875], [-76.6670842029999, 39.276154875], [-76.667404203, 39.276125875], [-76.6675802029999, 39.2760928750001], [-76.667908203, 39.275927875], [-76.668035203, 39.2758898750001], [-76.668156203, 39.275882876], [-76.668224203, 39.275886875], [-76.6683432029999, 39.2759178750001], [-76.668493203, 39.275992875], [-76.6687262029999, 39.2760728750001], [-76.668852204, 39.276080875], [-76.6689642039999, 39.276065875], [-76.6690222029999, 39.276043875], [-76.669083203, 39.275994875], [-76.669226204, 39.275725875], [-76.6694202039999, 39.2755298750001], [-76.669509203, 39.2754908750001], [-76.669590204, 39.2754838750001], [-76.669691203, 39.275480875], [-76.670024204, 39.275540875], [-76.670496204, 39.275729875], [-76.6709792039999, 39.2758958750001], [-76.671296204, 39.2759428750001], [-76.671565204, 39.2759408750001], [-76.671620204, 39.278803876], [-76.6716532039999, 39.2796778760001], [-76.672068205, 39.2804548760001], [-76.6721922039999, 39.280668876], [-76.672222205, 39.280759876], [-76.672226205, 39.280832876], [-76.672218204, 39.280944876], [-76.672169205, 39.281094876], [-76.672134205, 39.281283876], [-76.672121204, 39.281499876], [-76.6721252039999, 39.281937876], [-76.672187204, 39.2838948770001], [-76.672277205, 39.2848678770001], [-76.672318205, 39.2858398770001], [-76.6723432049999, 39.286410877], [-76.672477205, 39.2887208770001], [-76.672552205, 39.2897978770001], [-76.672575206, 39.2906078780001], [-76.6725722049999, 39.290688878], [-76.672598205, 39.2907818780001], [-76.6726142049999, 39.2908748780001], [-76.6726352049999, 39.2912998780001], [-76.672669205, 39.2915918780001], [-76.672690205, 39.2925608780001], [-76.672713206, 39.2928368780001], [-76.672782205, 39.2941818790001], [-76.672289205, 39.294212879], [-76.671636206, 39.294235879], [-76.6712652049999, 39.294239879], [-76.670620205, 39.294263879], [-76.670467205, 39.294264879], [-76.670172205, 39.2942738790001], [-76.669948205, 39.2942738790001], [-76.669719204, 39.294283879], [-76.669723205, 39.294263879], [-76.6697142039999, 39.294170879], [-76.669727205, 39.293831879], [-76.669697205, 39.293635878], [-76.669686205, 39.2936008780001], [-76.6696442049999, 39.293535879], [-76.6694412049999, 39.2933308780001], [-76.669336204, 39.2932378790001], [-76.669185204, 39.293160878], [-76.669001204, 39.2930788780001], [-76.6688362049999, 39.293026879], [-76.668665204, 39.292980879], [-76.668468204, 39.2928728790001], [-76.667860204, 39.2924198790001], [-76.667460204, 39.292081878], [-76.6672172039999, 39.291850878], [-76.6669252039999, 39.2915018790001], [-76.666715203, 39.291270878], [-76.666532204, 39.2910298790001], [-76.6662082029999, 39.290470879], [-76.666058203, 39.290260878], [-76.665787203, 39.289671878], [-76.665565203, 39.2892768780001], [-76.6654212029999, 39.2890568780001], [-76.665231203, 39.2888308780001], [-76.6649952019999, 39.288584878], [-76.6644502029999, 39.2881018780001], [-76.6640432029999, 39.2878568780001], [-76.663615202, 39.287623878], [-76.663525202, 39.2875618780001], [-76.663348202, 39.2874808770001], [-76.663272202, 39.2874588770001], [-76.663181202, 39.287439878]]]}, "properties": {"FIPS": "24510200600", "nmtc_class": "Severe Distress", "qualifies": "YES", "poverty_pct": 21.3, "income_pct_benchmark": 0.421693921920786, "unemployment_ratio": 3.370370388031006, "metro": "Metro"}}, {"type": "Feature", "geometry": {"type": "Polygon", "coordinates": [[[-76.681426207, 39.2769048750001], [-76.681267207, 39.276895875], [-76.6811392069999, 39.2769078750001], [-76.6810952069999, 39.276937875], [-76.681028207, 39.277031875], [-76.6809572069999, 39.277099875], [-76.680860207, 39.277163875], [-76.680808207, 39.2771828750001], [-76.6807142069999, 39.277180875], [-76.6806432069999, 39.277169875], [-76.680525207, 39.2771098750001], [-76.6804212069999, 39.2770838750001], [-76.6802182069999, 39.2771068750001], [-76.680111207, 39.2771298750001], [-76.680045207, 39.2771548750001], [-76.679891207, 39.2771778750001], [-76.679782207, 39.2771758750001], [-76.679705207, 39.277162875], [-76.679593207, 39.2771308750001], [-76.679243207, 39.276875875], [-76.6791842059999, 39.2768208750001], [-76.678965206, 39.2765408750001], [-76.6788442069999, 39.2764538750001], [-76.678705207, 39.276377875], [-76.678573206, 39.276292875], [-76.678465207, 39.2762068750001], [-76.678293206, 39.2760008750001], [-76.6780352059999, 39.275717875], [-76.6766792059999, 39.274392875], [-76.6763892049999, 39.274326874], [-76.6761532049999, 39.2742028750001], [-76.676020205, 39.274148875], [-76.675925206, 39.274124875], [-76.675813206, 39.274107874], [-76.675709205, 39.2741128750001], [-76.675613206, 39.274130875], [-76.675548205, 39.274151875], [-76.675484206, 39.274190875], [-76.6754212049999, 39.2742478750001], [-76.6753362059999, 39.274350875], [-76.675195205, 39.2746078750001], [-76.675108205, 39.274732875], [-76.675033206, 39.274822875], [-76.674916205, 39.274930875], [-76.674833205, 39.274979875], [-76.6744402049999, 39.2751338750001], [-76.674332205, 39.275165875], [-76.6741712049999, 39.2751918750001], [-76.674088205, 39.2751918750001], [-76.6739612049999, 39.2751788750001], [-76.673819204, 39.275179875], [-76.673640205, 39.2752168750001], [-76.6732942049999, 39.275345875], [-76.673190205, 39.275403875], [-76.6729332049999, 39.2756418750001], [-76.672849204, 39.2756938750001], [-76.672673205, 39.275762875], [-76.672519205, 39.275806875], [-76.672026204, 39.275898875], [-76.671873205, 39.2759208750001], [-76.671565204, 39.2759408750001], [-76.671546204, 39.2747928750001], [-76.6714912039999, 39.2738948750001], [-76.6713582039999, 39.273749874], [-76.671252204, 39.273566875], [-76.670454203, 39.2721378740001], [-76.6701482029999, 39.2715758740001], [-76.6700052039999, 39.2712318740001], [-76.669691203, 39.270679874], [-76.669012203, 39.2698408740001], [-76.668790203, 39.2694378740001], [-76.668062203, 39.2680868740001], [-76.6676962019999, 39.267374874], [-76.667265202, 39.266433873], [-76.667124202, 39.2661468740001], [-76.667057202, 39.2659788730001], [-76.6659392019999, 39.263173872], [-76.6655332019999, 39.262225873], [-76.6648842009999, 39.260561873], [-76.664810201, 39.2603088720001], [-76.664671201, 39.259525872], [-76.6645892009999, 39.259185872], [-76.664520201, 39.259012872], [-76.664249201, 39.258517872], [-76.6643472009999, 39.2583858720001], [-76.664448201, 39.258289872], [-76.664426201, 39.2579788720001], [-76.6643242, 39.2574498720001], [-76.665569201, 39.2579898710001], [-76.667351201, 39.2588658720001], [-76.6716802029999, 39.2605508720001], [-76.6734342029999, 39.2612888720001], [-76.674164204, 39.2616488720001], [-76.6767792049999, 39.263011872], [-76.677193205, 39.263312872], [-76.678803206, 39.264004872], [-76.680027206, 39.2644208720001], [-76.681646207, 39.265039872], [-76.6827402069999, 39.265517872], [-76.6835432079999, 39.265869872], [-76.684451208, 39.266389873], [-76.684521208, 39.266416873], [-76.6846072069999, 39.2664488730001], [-76.6846512079999, 39.2664658730001], [-76.685155207, 39.266704873], [-76.686050208, 39.2668928730001], [-76.686915208, 39.2673698730001], [-76.6872852079999, 39.267485873], [-76.688636209, 39.268185873], [-76.6918702099999, 39.2696028730001], [-76.693341211, 39.270325873], [-76.694488211, 39.270821873], [-76.695678211, 39.271229873], [-76.697381212, 39.2722038730001], [-76.698894212, 39.272712874], [-76.697412212, 39.272393873], [-76.695997212, 39.2720478730001], [-76.6953732109999, 39.271917874], [-76.695069211, 39.2718788730001], [-76.694528211, 39.2718488740001], [-76.693443211, 39.271833873], [-76.69268221, 39.271831874], [-76.69145021, 39.271859873], [-76.6909002099999, 39.271895874], [-76.6900122099999, 39.2720258730001], [-76.6894562099999, 39.2721238730001], [-76.688194209, 39.274512874], [-76.685394209, 39.2755128750001], [-76.683583208, 39.276576875], [-76.6834052079999, 39.276693874], [-76.6833032069999, 39.276778875], [-76.683265208, 39.276829875], [-76.6831152079999, 39.2771038750001], [-76.683088207, 39.277122875], [-76.682975207, 39.2771408750001], [-76.682830208, 39.277141875], [-76.682701208, 39.2771558750001], [-76.682604208, 39.2771788750001], [-76.682463207, 39.2772398750001], [-76.682295208, 39.2772748750001], [-76.682073207, 39.277276875], [-76.6819892079999, 39.277251875], [-76.6818622069999, 39.2771978750001], [-76.681711208, 39.2770638750001], [-76.6816752079999, 39.277005875], [-76.681605207, 39.276945875], [-76.681550207, 39.276919875], [-76.681426207, 39.2769048750001]]]}, "properties": {"FIPS": "24510250103", "nmtc_class": "Severe Distress", "qualifies": "YES", "poverty_pct": 15.8, "income_pct_benchmark": 0.584147840060497, "unemployment_ratio": 1.1481481790542603, "metro": "Metro"}}, {"type": "Feature", "geometry": {"type": "Polygon", "coordinates": [[[-76.644155196, 39.2882828790001], [-76.6452241969999, 39.2882358790001], [-76.645338196, 39.290159879], [-76.645423197, 39.291329879], [-76.645444197, 39.2917758790001], [-76.645450197, 39.292070879], [-76.645490197, 39.292998879], [-76.645504197, 39.29358188], [-76.6455221969999, 39.2939028800001], [-76.644895197, 39.293925879], [-76.644121197, 39.29396388], [-76.642698196, 39.2940168800001], [-76.6420801959999, 39.2940418800001], [-76.641304196, 39.2940828800001], [-76.639376196, 39.29416788], [-76.638464195, 39.2941968800001], [-76.638440195, 39.2937268800001], [-76.638421195, 39.2932178790001], [-76.638367194, 39.292302879], [-76.638330195, 39.29181488], [-76.6383061939999, 39.29123688], [-76.6382791939999, 39.2908958790001], [-76.6382321949999, 39.2897848790001], [-76.6381681939999, 39.2885738790001], [-76.6389111939999, 39.288542879], [-76.639575195, 39.2885108790001], [-76.6409991949999, 39.2884478790001], [-76.6424151959999, 39.288380879], [-76.643806196, 39.2883008790001], [-76.644155196, 39.2882828790001]]]}, "properties": {"FIPS": "24510190100", "nmtc_class": "Severe Distress", "qualifies": "YES", "poverty_pct": 50.9, "income_pct_benchmark": 0.200604972114567, "unemployment_ratio": 2.5370371341705322, "metro": "Metro"}}, {"type": "Feature", "geometry": {"type": "Polygon", "coordinates": [[[-76.630464191, 39.272140876], [-76.631930191, 39.2708918760001], [-76.632939192, 39.2700098760001], [-76.633269191, 39.269733875], [-76.6334741909999, 39.269552875], [-76.633934192, 39.2696348750001], [-76.634442193, 39.269737875], [-76.635367192, 39.269890875], [-76.636525193, 39.270031875], [-76.637332193, 39.2701478750001], [-76.638051193, 39.270249875], [-76.639056193, 39.2704288750001], [-76.639507194, 39.270474875], [-76.642369194, 39.270748875], [-76.643601195, 39.2708338750001], [-76.6473721959999, 39.271171875], [-76.648080197, 39.2712288750001], [-76.6510801969999, 39.2715048750001], [-76.651887198, 39.2715738750001], [-76.6521131979999, 39.2715878750001], [-76.652477198, 39.2715918750001], [-76.653266198, 39.2715468750001], [-76.653561198, 39.271508875], [-76.654193198, 39.271407874], [-76.654998198, 39.271199875], [-76.6553061989999, 39.2740908760001], [-76.655337199, 39.274530875], [-76.655245199, 39.274931875], [-76.6549211989999, 39.2755318760001], [-76.654554199, 39.2761598760001], [-76.654110198, 39.276636876], [-76.6537361979999, 39.2769418760001], [-76.6535501989999, 39.2770768760001], [-76.653274198, 39.2772648760001], [-76.653153198, 39.2773378760001], [-76.652904198, 39.277472876], [-76.652684198, 39.2775768760001], [-76.651847198, 39.277928876], [-76.6510021979999, 39.2782348760001], [-76.6499101969999, 39.2785648760001], [-76.6493641979999, 39.278710877], [-76.648612197, 39.2789008770001], [-76.647979197, 39.2790828760001], [-76.647848197, 39.279120876], [-76.646428197, 39.279496877], [-76.645531196, 39.2797828770001], [-76.644273196, 39.280195877], [-76.643132195, 39.2805528770001], [-76.641863195, 39.2809988770001], [-76.6411351949999, 39.281304877], [-76.640771195, 39.2814408770001], [-76.640494195, 39.2815648770001], [-76.640197195, 39.281725877], [-76.639870194, 39.2819168780001], [-76.639077194, 39.2823628780001], [-76.638981195, 39.2824098770001], [-76.638689195, 39.282535878], [-76.638138194, 39.2827198780001], [-76.637845194, 39.2827958780001], [-76.637890194, 39.283454878], [-76.637912194, 39.2839648780001], [-76.6379861949999, 39.285594878], [-76.636599194, 39.285664878], [-76.635886194, 39.2856938790001], [-76.6351371929999, 39.2857168780001], [-76.6336031929999, 39.285817879], [-76.6319611919999, 39.2858738780001], [-76.6300271919999, 39.285972879], [-76.629640192, 39.2859818790001], [-76.6290211909999, 39.286016879], [-76.6289501909999, 39.284933879], [-76.6288851909999, 39.2838018780001], [-76.629596191, 39.2837838780001], [-76.630783192, 39.2837338780001], [-76.6318521919999, 39.2836968780001], [-76.632671193, 39.283640878], [-76.633495193, 39.2836258780001], [-76.6330211929999, 39.283278878], [-76.632533193, 39.2829008780001], [-76.6319631919999, 39.282491878], [-76.630932192, 39.281697878], [-76.6303451909999, 39.2812648780001], [-76.631862192, 39.280106877], [-76.633213192, 39.279023877], [-76.634599193, 39.2779768770001], [-76.6337131929999, 39.277289877], [-76.632850192, 39.2766458770001], [-76.630917192, 39.2751468760001], [-76.629663191, 39.274192876], [-76.6287331899999, 39.2734748760001], [-76.630110191, 39.272415876], [-76.630266191, 39.2722818760001], [-76.630464191, 39.272140876]]]}, "properties": {"FIPS": "24510210200", "nmtc_class": "Severe Distress", "qualifies": "YES", "poverty_pct": 36.5, "income_pct_benchmark": 0.391322431231685, "unemployment_ratio": 1.6666666269302368, "metro": "Metro"}}, {"type": "Feature", "geometry": {"type": "Polygon", "coordinates": [[[-76.585360179, 39.3023048840001], [-76.585356178, 39.3019048830001], [-76.584848178, 39.3019308830001], [-76.584652179, 39.301925883], [-76.584590179, 39.3018888830001], [-76.5845861779999, 39.3017898840001], [-76.583905178, 39.3018148840001], [-76.5838631779999, 39.3009368840001], [-76.583723178, 39.298814883], [-76.583684178, 39.298186883], [-76.5836681769999, 39.2976938830001], [-76.583587178, 39.296694882], [-76.585028178, 39.2966438830001], [-76.586531178, 39.296567882], [-76.587107179, 39.2965518820001], [-76.5877321789999, 39.2965268820001], [-76.587782179, 39.297532883], [-76.587871179, 39.298654883], [-76.5879381789999, 39.2997068830001], [-76.5880001799999, 39.300764883], [-76.588081179, 39.302145884], [-76.58809718, 39.302458884], [-76.5881371789999, 39.303225884], [-76.5878901789999, 39.3030728840001], [-76.5874851789999, 39.3028578830001], [-76.587315179, 39.302776883], [-76.5869191799999, 39.3026208840001], [-76.586521179, 39.302502883], [-76.586194179, 39.3024238830001], [-76.585801179, 39.3023508840001], [-76.5855231789999, 39.302316884], [-76.585360179, 39.3023048840001]]]}, "properties": {"FIPS": "24510070300", "nmtc_class": "Severe Distress", "qualifies": "YES", "poverty_pct": 22.2, "income_pct_benchmark": 0.505132810284526, "unemployment_ratio": 2.370370388031006, "metro": "Metro"}}, {"type": "Feature", "geometry": {"type": "Polygon", "coordinates": [[[-76.637332193, 39.2701478750001], [-76.638225193, 39.269435875], [-76.638682193, 39.2690798750001], [-76.638876193, 39.268945875], [-76.640525194, 39.2676128740001], [-76.6426931939999, 39.2659218740001], [-76.644074195, 39.264835874], [-76.646037195, 39.2633108730001], [-76.648392196, 39.2615128730001], [-76.649836197, 39.2603218730001], [-76.650617196, 39.2603678730001], [-76.650837197, 39.2604148730001], [-76.650957197, 39.260450873], [-76.651134197, 39.2605208730001], [-76.651199197, 39.2605548730001], [-76.651399197, 39.2606838730001], [-76.651559197, 39.260831873], [-76.651679197, 39.2609778730001], [-76.651905197, 39.2614418730001], [-76.651786197, 39.262383873], [-76.651738197, 39.2626688730001], [-76.651720197, 39.262827873], [-76.651696197, 39.2632928730001], [-76.651695197, 39.2634708730001], [-76.651699197, 39.2636988730001], [-76.651717197, 39.2638168730001], [-76.6517751979999, 39.2640398730001], [-76.651851197, 39.264238874], [-76.651944198, 39.264446874], [-76.652075197, 39.2646498730001], [-76.652185198, 39.2647938740001], [-76.652269197, 39.2648918730001], [-76.6524471979999, 39.265076874], [-76.652550198, 39.265168874], [-76.652742197, 39.265323874], [-76.653424198, 39.2658298740001], [-76.653627198, 39.266060874], [-76.653769198, 39.2662118740001], [-76.653931198, 39.266427874], [-76.654086198, 39.266676874], [-76.654241198, 39.2670028740001], [-76.654288198, 39.267123874], [-76.6545181979999, 39.2678648740001], [-76.654704199, 39.2687288750001], [-76.654786199, 39.2691888740001], [-76.6548771989999, 39.269799874], [-76.654915199, 39.2703988750001], [-76.654998198, 39.271199875], [-76.654193198, 39.271407874], [-76.653561198, 39.271508875], [-76.653266198, 39.2715468750001], [-76.652477198, 39.2715918750001], [-76.6521131979999, 39.2715878750001], [-76.651887198, 39.2715738750001], [-76.6510801969999, 39.2715048750001], [-76.648080197, 39.2712288750001], [-76.6473721959999, 39.271171875], [-76.643601195, 39.2708338750001], [-76.642369194, 39.270748875], [-76.639507194, 39.270474875], [-76.639056193, 39.2704288750001], [-76.638051193, 39.270249875], [-76.637332193, 39.2701478750001]]]}, "properties": {"FIPS": "24510250303", "nmtc_class": "Severe Distress", "qualifies": "YES", "poverty_pct": 21.2, "income_pct_benchmark": 0.435872955855941, "unemployment_ratio": 3.2592592239379883, "metro": "Metro"}}, {"type": "Feature", "geometry": {"type": "Polygon", "coordinates": [[[-76.6653342069999, 39.3569738910001], [-76.664719207, 39.356325891], [-76.664285206, 39.355900891], [-76.664132207, 39.3557768910001], [-76.663973207, 39.3556668910001], [-76.663732206, 39.3555248910001], [-76.6634912059999, 39.3554118910001], [-76.663013206, 39.355245891], [-76.662787206, 39.355181891], [-76.6622102059999, 39.3550408910001], [-76.661977206, 39.3550318910001], [-76.661677206, 39.3550308910001], [-76.661376205, 39.355041891], [-76.661179206, 39.3550548910001], [-76.661003206, 39.3550738910001], [-76.660778206, 39.355111891], [-76.660509205, 39.355170891], [-76.6604102059999, 39.355200891], [-76.660354206, 39.3550608910001], [-76.659888205, 39.352832891], [-76.6597142049999, 39.351822891], [-76.659606205, 39.35094189], [-76.6594882049999, 39.35025289], [-76.659337205, 39.3494978900001], [-76.6591352039999, 39.3478948900001], [-76.659158205, 39.3476468900001], [-76.659449205, 39.3465138890001], [-76.661431206, 39.34669789], [-76.6618962049999, 39.3467268900001], [-76.663342206, 39.3467068890001], [-76.6643692059999, 39.3467098900001], [-76.665553206, 39.3466858900001], [-76.668501207, 39.3466248890001], [-76.668786208, 39.3466148890001], [-76.668921208, 39.3465988900001], [-76.6690892079999, 39.346492889], [-76.669284208, 39.346379889], [-76.671399209, 39.3452028890001], [-76.671799209, 39.345643889], [-76.672671209, 39.346582889], [-76.673109209, 39.3470508890001], [-76.6734552089999, 39.3473878890001], [-76.6734772089999, 39.347420889], [-76.673491209, 39.3474788890001], [-76.67390721, 39.347828889], [-76.674254209, 39.3480788890001], [-76.674524209, 39.3482598890001], [-76.675242209, 39.34868089], [-76.67551121, 39.3488288890001], [-76.67582821, 39.3489838900001], [-76.67596221, 39.349035889], [-76.67620721, 39.3491408890001], [-76.67649521, 39.3492508890001], [-76.676830211, 39.3493628890001], [-76.678859211, 39.3499278900001], [-76.6808502119999, 39.3504698900001], [-76.6812132109999, 39.350573889], [-76.6813242119999, 39.350611889], [-76.681444212, 39.35066089], [-76.681705211, 39.35079089], [-76.6825822119999, 39.3512938900001], [-76.683360213, 39.35176489], [-76.6831862129999, 39.3518798900001], [-76.6822672119999, 39.3523538900001], [-76.681407212, 39.3528328900001], [-76.6805042119999, 39.35331789], [-76.679417211, 39.353892891], [-76.6788732109999, 39.354143891], [-76.67735021, 39.3547638900001], [-76.67627921, 39.355228891], [-76.67590921, 39.3553738910001], [-76.6751872099999, 39.3556848910001], [-76.673011209, 39.3565608910001], [-76.67258321, 39.356756891], [-76.671756209, 39.356640891], [-76.6707762089999, 39.3564898920001], [-76.6708192089999, 39.356640891], [-76.670850209, 39.3567958910001], [-76.668140208, 39.357253891], [-76.667551208, 39.3573528910001], [-76.665966208, 39.3576208910001], [-76.665636207, 39.3572738920001], [-76.6653342069999, 39.3569738910001]]]}, "properties": {"FIPS": "24510271700", "nmtc_class": "Severe Distress", "qualifies": "YES", "poverty_pct": 20.7, "income_pct_benchmark": 0.532186407032801, "unemployment_ratio": 1.5740740299224854, "metro": "Metro"}}, {"type": "Feature", "geometry": {"type": "Polygon", "coordinates": [[[-76.620049188, 39.2801758780001], [-76.619886188, 39.280054878], [-76.619792188, 39.280212878], [-76.619376188, 39.279763878], [-76.619256188, 39.279605878], [-76.619153188, 39.2794428770001], [-76.619069187, 39.279248877], [-76.619001188, 39.2790598770001], [-76.619085188, 39.2787368780001], [-76.6192391879999, 39.278255878], [-76.619584188, 39.2776428770001], [-76.619655188, 39.2774568770001], [-76.620132188, 39.276453877], [-76.6205451879999, 39.275473877], [-76.6209281879999, 39.274593877], [-76.6209471879999, 39.2745568760001], [-76.621024188, 39.274392877], [-76.6214841889999, 39.2736158760001], [-76.621708188, 39.2732558760001], [-76.6218198669999, 39.272891251], [-76.621833083, 39.2729124730001], [-76.621927188, 39.2729868760001], [-76.622153188, 39.273090876], [-76.622197189, 39.273126876], [-76.6222311879999, 39.2731868760001], [-76.622289189, 39.273326876], [-76.622335189, 39.273398876], [-76.622448189, 39.2735418770001], [-76.622600189, 39.273627877], [-76.6227031889999, 39.273665877], [-76.622820689, 39.273696376], [-76.6229031889999, 39.2737318760001], [-76.6230546889999, 39.2738358770001], [-76.6230699389999, 39.2738818760001], [-76.623048189, 39.2741088760001], [-76.623052189, 39.2741958770001], [-76.623066189, 39.2742588770001], [-76.623089189, 39.274304876], [-76.623219188, 39.2744458760001], [-76.623303688, 39.274553876], [-76.6233806879999, 39.274574376], [-76.623426189, 39.2745358770001], [-76.6234421889999, 39.2744938770001], [-76.623455189, 39.2744198770001], [-76.623501189, 39.274351876], [-76.623525189, 39.274300877], [-76.6235551889999, 39.274211877], [-76.623562189, 39.274167876], [-76.623615794, 39.2741438190001], [-76.623677189, 39.2741328760001], [-76.623724189, 39.274079876], [-76.623777189, 39.2740688760001], [-76.6238921889999, 39.274056876], [-76.624132189, 39.274080876], [-76.624189014, 39.274075225], [-76.624223939, 39.274034876], [-76.624305439, 39.2740271270001], [-76.624337189, 39.273963876], [-76.624442189, 39.273847876], [-76.624519189, 39.2737888770001], [-76.624610189, 39.273739876], [-76.624709189, 39.2737648770001], [-76.6251061899999, 39.2739558760001], [-76.6251688789999, 39.2739670130001], [-76.625217689, 39.2739348760001], [-76.625206189, 39.273888876], [-76.6251751889999, 39.273853876], [-76.6248821889999, 39.2735988760001], [-76.6245491889999, 39.273326876], [-76.624306189, 39.273043876], [-76.6242071889999, 39.272902876], [-76.624204189, 39.272857876], [-76.6242111889999, 39.272811876], [-76.6242331889999, 39.2727618760001], [-76.624305189, 39.272694876], [-76.624805189, 39.272322876], [-76.625115572, 39.2721183720001], [-76.62516219, 39.272055876], [-76.62520319, 39.2719438760001], [-76.625252189, 39.2718368760001], [-76.62539319, 39.271596876], [-76.62558819, 39.271353376], [-76.6256756889999, 39.271347376], [-76.6258741899999, 39.271443876], [-76.62704719, 39.272211876], [-76.6271057499999, 39.2722156780001], [-76.627160189, 39.2721763760001], [-76.6271521899999, 39.2721308760001], [-76.62710019, 39.272073876], [-76.6268591899999, 39.271905876], [-76.626430189, 39.2715698760001], [-76.62589019, 39.271192876], [-76.6257801889999, 39.2710928760001], [-76.625745189, 39.271015876], [-76.625734189, 39.270943876], [-76.625794189, 39.270703876], [-76.6258701899999, 39.270492876], [-76.6260081899999, 39.270203875], [-76.62615819, 39.2699938750001], [-76.62622319, 39.2699278760001], [-76.6262976899999, 39.269882876], [-76.62636219, 39.269869876], [-76.6264151889999, 39.269867876], [-76.62647319, 39.2698818760001], [-76.626584189, 39.2699448750001], [-76.627256189, 39.2703988750001], [-76.62829519, 39.271132875], [-76.62896619, 39.271628875], [-76.6293371909999, 39.2719238760001], [-76.6296041909999, 39.2720848760001], [-76.6296691909999, 39.272117876], [-76.629746874, 39.272116264], [-76.6298095829999, 39.27210268], [-76.62984219, 39.272055376], [-76.62982119, 39.272002876], [-76.629523191, 39.2717448760001], [-76.629280191, 39.2715038760001], [-76.62801619, 39.270481875], [-76.6269751899999, 39.269714875], [-76.62691219, 39.269645875], [-76.626611189, 39.2693808760001], [-76.626569189, 39.269260875], [-76.6265761889999, 39.2690443750001], [-76.62660169, 39.268952875], [-76.6266351899999, 39.2689148750001], [-76.6267041899999, 39.2688908750001], [-76.6269321899999, 39.2688828760001], [-76.62718119, 39.2689128750001], [-76.62751819, 39.268991875], [-76.62818119, 39.2691798750001], [-76.62833419, 39.269200875], [-76.6289071909999, 39.2693208750001], [-76.629659191, 39.2693788760001], [-76.629825191, 39.2694338750001], [-76.6300291909999, 39.269446875], [-76.630384191, 39.269527876], [-76.6306631909999, 39.2695468750001], [-76.630905191, 39.2694518750001], [-76.631036191, 39.2695018750001], [-76.6310461909999, 39.269458875], [-76.6311981909999, 39.269533875], [-76.631275714, 39.2695442200001], [-76.6313381909999, 39.2695458750001], [-76.6317861909999, 39.2694288750001], [-76.6318571909999, 39.2693828750001], [-76.631819191, 39.2693448750001], [-76.631593191, 39.2692928750001], [-76.6311111909999, 39.269187875], [-76.629589191, 39.2688718750001], [-76.629972191, 39.2688218750001], [-76.631144191, 39.269081875], [-76.631863191, 39.2692498750001], [-76.6321461909999, 39.269307875], [-76.6334741909999, 39.269552875], [-76.633269191, 39.269733875], [-76.632939192, 39.2700098760001], [-76.631930191, 39.2708918760001], [-76.630464191, 39.272140876], [-76.630266191, 39.2722818760001], [-76.630110191, 39.272415876], [-76.6287331899999, 39.2734748760001], [-76.629663191, 39.274192876], [-76.630917192, 39.2751468760001], [-76.632850192, 39.2766458770001], [-76.6337131929999, 39.277289877], [-76.634599193, 39.2779768770001], [-76.633213192, 39.279023877], [-76.631862192, 39.280106877], [-76.6303451909999, 39.2812648780001], [-76.630932192, 39.281697878], [-76.6319631919999, 39.282491878], [-76.632533193, 39.2829008780001], [-76.6330211929999, 39.283278878], [-76.633495193, 39.2836258780001], [-76.632671193, 39.283640878], [-76.6318521919999, 39.2836968780001], [-76.630783192, 39.2837338780001], [-76.629596191, 39.2837838780001], [-76.6288851909999, 39.2838018780001], [-76.6289501909999, 39.284933879], [-76.6290211909999, 39.286016879], [-76.628373192, 39.2860368790001], [-76.628349191, 39.286037879], [-76.627862191, 39.2860538790001], [-76.627541191, 39.286064879], [-76.62712219, 39.2852648780001], [-76.6257781899999, 39.282799878], [-76.62554919, 39.2824348780001], [-76.62538619, 39.282242878], [-76.62521219, 39.282082878], [-76.62503219, 39.281944878], [-76.62490919, 39.281856878], [-76.6247031899999, 39.2817298780001], [-76.6244271899999, 39.281604878], [-76.6242971889999, 39.2815558780001], [-76.623188189, 39.2812458780001], [-76.622311189, 39.281005878], [-76.621496188, 39.2807698780001], [-76.6206271889999, 39.2804718780001], [-76.620382188, 39.2803648780001], [-76.620209188, 39.280277878], [-76.620049188, 39.2801758780001]]]}, "properties": {"FIPS": "24510210100", "nmtc_class": "Severe Distress", "qualifies": "YES", "poverty_pct": 9.1, "income_pct_benchmark": 0.615899423385953, "unemployment_ratio": 1.8518518209457397, "metro": "Metro"}}, {"type": "Feature", "geometry": {"type": "Polygon", "coordinates": [[[-76.627629192, 39.289530879], [-76.627768191, 39.2889818790001], [-76.628050192, 39.28898588], [-76.628911192, 39.2889998790001], [-76.6313991929999, 39.2888848790001], [-76.632151192, 39.2888458790001], [-76.6329731929999, 39.288807879], [-76.633812193, 39.2887738790001], [-76.636014194, 39.288654879], [-76.636736194, 39.288630879], [-76.637485194, 39.2885988790001], [-76.6381681939999, 39.2885738790001], [-76.6382321949999, 39.2897848790001], [-76.6382791939999, 39.2908958790001], [-76.6383061939999, 39.29123688], [-76.638330195, 39.29181488], [-76.638367194, 39.292302879], [-76.638421195, 39.2932178790001], [-76.638440195, 39.2937268800001], [-76.638464195, 39.2941968800001], [-76.637060194, 39.29425288], [-76.636602194, 39.29427488], [-76.6356251939999, 39.2943098800001], [-76.634134193, 39.29436188], [-76.6325231929999, 39.29443388], [-76.631924193, 39.2944658800001], [-76.6304081929999, 39.29454788], [-76.6285901919999, 39.294607881], [-76.628033192, 39.294626881], [-76.627690192, 39.294637881], [-76.6277091919999, 39.294388881], [-76.6277301919999, 39.29387188], [-76.6277101919999, 39.29328088], [-76.627543191, 39.29186588], [-76.627481191, 39.2912488800001], [-76.627465192, 39.2908168800001], [-76.627479191, 39.29046788], [-76.627505191, 39.29013588], [-76.627629192, 39.289530879]]]}, "properties": {"FIPS": "24510280600", "nmtc_class": "Severe Distress", "qualifies": "YES", "poverty_pct": 55.0, "income_pct_benchmark": 0.229454579827961, "unemployment_ratio": 2.9814815521240234, "metro": "Metro"}}, {"type": "Feature", "geometry": {"type": "Polygon", "coordinates": [[[-76.6140761899999, 39.3459798910001], [-76.616282191, 39.345433891], [-76.616495191, 39.3453958910001], [-76.6170211909999, 39.345339891], [-76.6171291909999, 39.345337891], [-76.617495192, 39.345319891], [-76.6178041919999, 39.3453258910001], [-76.618268192, 39.3453678910001], [-76.619114192, 39.3454608910001], [-76.619733192, 39.3455098910001], [-76.620127193, 39.345522891], [-76.620422192, 39.345514891], [-76.621309192, 39.345450891], [-76.621711193, 39.345404891], [-76.622129193, 39.3453478910001], [-76.6223021929999, 39.3463398910001], [-76.622402193, 39.3469938910001], [-76.622450193, 39.347318891], [-76.622509193, 39.347852892], [-76.622779194, 39.3491138910001], [-76.622868193, 39.349640892], [-76.6230421929999, 39.3505508920001], [-76.623115193, 39.3510028920001], [-76.623243193, 39.3517158920001], [-76.623524193, 39.353233892], [-76.6209981929999, 39.3534508930001], [-76.619051192, 39.3536308920001], [-76.618218192, 39.3536968930001], [-76.617564192, 39.3537378930001], [-76.6171071919999, 39.353756893], [-76.616826192, 39.353756893], [-76.6162071919999, 39.3537868930001], [-76.616100192, 39.353796893], [-76.615042191, 39.3538928930001], [-76.614866191, 39.353913893], [-76.6133951909999, 39.354042893], [-76.61109819, 39.354263893], [-76.609930189, 39.354338893], [-76.60992419, 39.354045893], [-76.60992319, 39.3540118930001], [-76.6098831899999, 39.352808893], [-76.6098611899999, 39.352353893], [-76.6098421899999, 39.3519598930001], [-76.609835189, 39.3518228930001], [-76.609830189, 39.351521893], [-76.609804189, 39.350809892], [-76.60979019, 39.350152892], [-76.609748189, 39.3490188920001], [-76.609720189, 39.3479548920001], [-76.609717189, 39.347247892], [-76.6096841889999, 39.3461848920001], [-76.610674189, 39.3461608910001], [-76.61220919, 39.346141892], [-76.61257619, 39.346141892], [-76.61290719, 39.346132891], [-76.61313719, 39.346120892], [-76.61340519, 39.346098891], [-76.61370619, 39.346052891], [-76.6140761899999, 39.3459798910001]]]}, "properties": {"FIPS": "24510271101", "nmtc_class": "Distressed", "qualifies": "YES", "poverty_pct": 27.2, "income_pct_benchmark": 1.07524340674922, "unemployment_ratio": 0.7592592835426331, "metro": "Metro"}}, {"type": "Feature", "geometry": {"type": "Polygon", "coordinates": [[[-76.673850209, 39.341033888], [-76.672564208, 39.340672888], [-76.671352208, 39.3403168880001], [-76.668860208, 39.3396168880001], [-76.6685292069999, 39.3395118880001], [-76.668408207, 39.339452888], [-76.668326207, 39.3393998880001], [-76.6681942069999, 39.339277888], [-76.667928207, 39.3389288880001], [-76.6671362069999, 39.3393118880001], [-76.6668242059999, 39.3394638880001], [-76.666475206, 39.3396398880001], [-76.665500207, 39.340054888], [-76.665344206, 39.3401388880001], [-76.665239206, 39.340223888], [-76.665142206, 39.340343888], [-76.664903206, 39.340510888], [-76.664723206, 39.3406188880001], [-76.6645522059999, 39.340712888], [-76.664234205, 39.3408558880001], [-76.663954206, 39.340938888], [-76.6638282059999, 39.340961888], [-76.663629205, 39.3409758880001], [-76.663320206, 39.3409688890001], [-76.663185206, 39.340943888], [-76.6630042049999, 39.340889888], [-76.6628022049999, 39.340816889], [-76.662584205, 39.3407538880001], [-76.662437206, 39.3407228890001], [-76.662265205, 39.340696888], [-76.6621692049999, 39.340687889], [-76.662008205, 39.3406808880001], [-76.661281205, 39.3407058880001], [-76.658702204, 39.340807888], [-76.658412204, 39.3408398880001], [-76.658197204, 39.340692889], [-76.658135204, 39.340551889], [-76.658060204, 39.3403388890001], [-76.6579852039999, 39.340065888], [-76.657894203, 39.3394138890001], [-76.6578312039999, 39.3390768880001], [-76.657318204, 39.3386078880001], [-76.6569052029999, 39.338208888], [-76.656848203, 39.3381608880001], [-76.656688203, 39.3379768880001], [-76.656606203, 39.337854888], [-76.656555203, 39.337740888], [-76.656491203, 39.337561888], [-76.656447203, 39.3372588880001], [-76.656361203, 39.3365118880001], [-76.656858203, 39.336392888], [-76.658471204, 39.3360018870001], [-76.658725203, 39.335941888], [-76.659846204, 39.3356598880001], [-76.6602132039999, 39.335499887], [-76.661156204, 39.335110887], [-76.6626662049999, 39.3345178870001], [-76.6640332059999, 39.3338808870001], [-76.664748205, 39.333534887], [-76.665063206, 39.3333928870001], [-76.665892206, 39.332975887], [-76.666052206, 39.3332498870001], [-76.666226206, 39.333486887], [-76.6663332059999, 39.3336178870001], [-76.666473206, 39.3337688870001], [-76.666695207, 39.333968887], [-76.666874206, 39.3341068870001], [-76.667091206, 39.334257887], [-76.667287206, 39.3343768870001], [-76.6674572059999, 39.3344658870001], [-76.667660207, 39.3345588870001], [-76.667914207, 39.334663887], [-76.668159206, 39.334752887], [-76.6689062069999, 39.335000887], [-76.669586207, 39.3352408870001], [-76.670833208, 39.335699887], [-76.671108207, 39.3358198870001], [-76.671672207, 39.3361118870001], [-76.6719022079999, 39.3362498870001], [-76.672366208, 39.336545887], [-76.673021208, 39.336984887], [-76.6762452099999, 39.3391058870001], [-76.6766022089999, 39.339323888], [-76.67690121, 39.3394888870001], [-76.67723621, 39.339651888], [-76.6775712099999, 39.339797887], [-76.67796621, 39.3399328880001], [-76.67766721, 39.340366888], [-76.677268209, 39.3409118880001], [-76.67720021, 39.3409748880001], [-76.67706921, 39.341141888], [-76.6767122099999, 39.3418488880001], [-76.67571721, 39.3415618880001], [-76.674891209, 39.3413308880001], [-76.673850209, 39.341033888]]]}, "properties": {"FIPS": "24510151300", "nmtc_class": "Severe Distress", "qualifies": "YES", "poverty_pct": 27.2, "income_pct_benchmark": 0.357179317515833, "unemployment_ratio": 2.7962963581085205, "metro": "Metro"}}, {"type": "Feature", "geometry": {"type": "Polygon", "coordinates": [[[-76.625176192, 39.3032948820001], [-76.6251201919999, 39.303189882], [-76.624572191, 39.303591883], [-76.624367191, 39.3037328820001], [-76.6241791909999, 39.303832883], [-76.624031191, 39.303881883], [-76.62288019, 39.3041858820001], [-76.6227171909999, 39.304219882], [-76.62251119, 39.3042508820001], [-76.6221291909999, 39.3042988820001], [-76.62184819, 39.3043208830001], [-76.62072519, 39.3043588830001], [-76.62066019, 39.3036978820001], [-76.6206051899999, 39.303356883], [-76.62027119, 39.3017648820001], [-76.6204071889999, 39.301563882], [-76.62047519, 39.301497882], [-76.62085719, 39.301196882], [-76.62126219, 39.3009018820001], [-76.62182419, 39.3004728820001], [-76.6226301899999, 39.299787882], [-76.623057191, 39.2993478820001], [-76.623349191, 39.2990348810001], [-76.624051191, 39.298364882], [-76.6261611909999, 39.296660881], [-76.627698192, 39.297923881], [-76.628128192, 39.2982648810001], [-76.628618192, 39.2986738810001], [-76.628918192, 39.298927881], [-76.629132193, 39.299109881], [-76.6296671919999, 39.2995258820001], [-76.630151193, 39.2999108820001], [-76.6306361919999, 39.3002948810001], [-76.6317341929999, 39.3011888820001], [-76.6311911929999, 39.3015928820001], [-76.6309201929999, 39.3018008810001], [-76.6306291929999, 39.302013882], [-76.630110193, 39.3024038820001], [-76.629556193, 39.302807882], [-76.6287661929999, 39.3034168820001], [-76.6284241919999, 39.3036738820001], [-76.6275721919999, 39.3042918830001], [-76.626907192, 39.3047918820001], [-76.625914192, 39.304003883], [-76.625383191, 39.303542882], [-76.6252391909999, 39.3033818820001], [-76.625176192, 39.3032948820001]]]}, "properties": {"FIPS": "24510170200", "nmtc_class": "Severe Distress", "qualifies": "YES", "poverty_pct": 52.4, "income_pct_benchmark": null, "unemployment_ratio": 0.5370370149612427, "metro": "Metro"}}, {"type": "Feature", "geometry": {"type": "Polygon", "coordinates": [[[-76.6429911979999, 39.315216884], [-76.6418511969999, 39.3140398840001], [-76.641077197, 39.3145358840001], [-76.640305196, 39.3151468840001], [-76.6393641969999, 39.314210884], [-76.638900196, 39.3137278840001], [-76.637785196, 39.3126228840001], [-76.636685195, 39.313253884], [-76.635321195, 39.311807883], [-76.634050195, 39.3104998840001], [-76.633898194, 39.310342883], [-76.6347181949999, 39.310315883], [-76.634963195, 39.310314883], [-76.635763195, 39.310285884], [-76.6366971959999, 39.310270883], [-76.636844195, 39.310273884], [-76.6369031959999, 39.310289883], [-76.636988195, 39.3103268830001], [-76.6380251959999, 39.3102638830001], [-76.638292196, 39.310247883], [-76.638333196, 39.310244883], [-76.638374196, 39.310244883], [-76.640391197, 39.310153883], [-76.640914197, 39.310160883], [-76.642516197, 39.310096883], [-76.643373197, 39.310787883], [-76.643966198, 39.3113008830001], [-76.645410198, 39.312522883], [-76.6458781979999, 39.312905884], [-76.646318198, 39.3132558830001], [-76.645587199, 39.3139298830001], [-76.645098198, 39.314386884], [-76.644559198, 39.314883884], [-76.644337198, 39.3151008840001], [-76.644177198, 39.315267884], [-76.643633198, 39.3158008840001], [-76.643294198, 39.3154838840001], [-76.6429911979999, 39.315216884]]]}, "properties": {"FIPS": "24510130300", "nmtc_class": "Distressed", "qualifies": "YES", "poverty_pct": 24.5, "income_pct_benchmark": 0.692409490500047, "unemployment_ratio": 0.7407407164573669, "metro": "Metro"}}, {"type": "Feature", "geometry": {"type": "Polygon", "coordinates": [[[-76.681213209, 39.293891879], [-76.681633209, 39.293882878], [-76.6826182089999, 39.2938428790001], [-76.6840592089999, 39.2938008780001], [-76.68599721, 39.293718878], [-76.68599421, 39.2937318780001], [-76.68602821, 39.2955158780001], [-76.6861032089999, 39.2962578780001], [-76.68614221, 39.297003879], [-76.6861952099999, 39.297749879], [-76.6862372099999, 39.2984788790001], [-76.68627721, 39.2992248790001], [-76.68629421, 39.3001918790001], [-76.686343211, 39.30042688], [-76.68638121, 39.3005258800001], [-76.6865232109999, 39.300760879], [-76.6866422099999, 39.30092188], [-76.68750321, 39.3019018800001], [-76.687552211, 39.30199888], [-76.687574211, 39.3020998800001], [-76.687569211, 39.30220488], [-76.68753921, 39.30233688], [-76.687485211, 39.30242388], [-76.687368211, 39.30254188], [-76.686993211, 39.30271388], [-76.686445211, 39.30294188], [-76.686260211, 39.30300988], [-76.6861492099999, 39.30303988], [-76.68604721, 39.3030478800001], [-76.68595621, 39.3030488800001], [-76.6858702099999, 39.3030368800001], [-76.68579321, 39.30301288], [-76.68490021, 39.30249988], [-76.6812462079999, 39.3004578800001], [-76.681533208, 39.3001418790001], [-76.681548208, 39.30008888], [-76.681529209, 39.2996668800001], [-76.681509209, 39.299397879], [-76.6814942089999, 39.29911788], [-76.681467208, 39.298647879], [-76.6814312079999, 39.2979138790001], [-76.681383209, 39.297164879], [-76.681343208, 39.2964148790001], [-76.681305209, 39.295676879], [-76.681281208, 39.295140878], [-76.681213209, 39.293891879]]]}, "properties": {"FIPS": "24510160801", "nmtc_class": "Severe Distress", "qualifies": "YES", "poverty_pct": 10.9, "income_pct_benchmark": 0.560799697513943, "unemployment_ratio": 0.9259259104728699, "metro": "Metro"}}, {"type": "Feature", "geometry": {"type": "Polygon", "coordinates": [[[-76.552062171, 39.337879892], [-76.55244317, 39.3376218920001], [-76.552629171, 39.337952892], [-76.552883171, 39.338442892], [-76.553186171, 39.339050892], [-76.553287171, 39.339236892], [-76.5534341709999, 39.339463892], [-76.553764171, 39.339908892], [-76.5539071709999, 39.3400728920001], [-76.554267172, 39.3405238920001], [-76.554598171, 39.340979893], [-76.5548011719999, 39.3412258930001], [-76.555052172, 39.3415238920001], [-76.555378172, 39.341927893], [-76.556384172, 39.3430968930001], [-76.556949173, 39.3437838930001], [-76.557531172, 39.344453893], [-76.5581491729999, 39.345192893], [-76.557249172, 39.3456558930001], [-76.5561981719999, 39.346180894], [-76.554684172, 39.346929894], [-76.5543751719999, 39.347062893], [-76.554094171, 39.347165894], [-76.553773172, 39.347243894], [-76.5535581719999, 39.347279894], [-76.553125171, 39.347331894], [-76.552098171, 39.3474278940001], [-76.5518561709999, 39.3474718940001], [-76.551692171, 39.3475178940001], [-76.5514041709999, 39.347625894], [-76.5511361709999, 39.3477508940001], [-76.550064171, 39.348281894], [-76.5487521699999, 39.3489198940001], [-76.54804617, 39.3492508940001], [-76.54750317, 39.349518894], [-76.54629417, 39.3500568950001], [-76.54559317, 39.350391895], [-76.544523169, 39.350902895], [-76.543838169, 39.351238895], [-76.543408169, 39.351439895], [-76.543200169, 39.351555895], [-76.543097168, 39.3516388950001], [-76.542993168, 39.3517778950001], [-76.542969168, 39.3518198950001], [-76.5429241689999, 39.3519498950001], [-76.542888169, 39.352140895], [-76.542807169, 39.352686895], [-76.542710169, 39.3532388950001], [-76.542668169, 39.353538895], [-76.541367168, 39.3535998960001], [-76.5409251679999, 39.353631895], [-76.540693168, 39.3536428950001], [-76.5403831679999, 39.3536458950001], [-76.5401671669999, 39.353609895], [-76.539435168, 39.3533948960001], [-76.538393167, 39.3531148960001], [-76.537118167, 39.352749895], [-76.536974167, 39.3526768950001], [-76.5367851669999, 39.352569895], [-76.536008166, 39.3520498950001], [-76.5356691659999, 39.3518398950001], [-76.5347651659999, 39.351203895], [-76.535500166, 39.3505588950001], [-76.536323167, 39.3498008950001], [-76.536520166, 39.3496118950001], [-76.5374381659999, 39.348827895], [-76.538414167, 39.3479698950001], [-76.538533167, 39.347849894], [-76.538998167, 39.347417895], [-76.5406851669999, 39.3458978940001], [-76.5412611679999, 39.345399894], [-76.5415101679999, 39.345218894], [-76.541902168, 39.344953893], [-76.542538168, 39.3445038940001], [-76.5436751679999, 39.343714893], [-76.5440081689999, 39.3434778930001], [-76.544371169, 39.3432238930001], [-76.544755169, 39.3429538940001], [-76.544898169, 39.342852893], [-76.5450601689999, 39.342737893], [-76.545576169, 39.3423718930001], [-76.546444169, 39.341767893], [-76.547258169, 39.3412258930001], [-76.547411169, 39.3411108920001], [-76.548082169, 39.340607892], [-76.54880917, 39.3400998920001], [-76.5496341699999, 39.3395508930001], [-76.55063917, 39.3388458920001], [-76.55106817, 39.3385258920001], [-76.551436171, 39.338267892], [-76.551662171, 39.338129892], [-76.5518051709999, 39.338044892], [-76.552062171, 39.337879892]]]}, "properties": {"FIPS": "24510270401", "nmtc_class": "Distressed", "qualifies": "YES", "poverty_pct": 7.5, "income_pct_benchmark": 0.753766896682106, "unemployment_ratio": 1.1111111640930176, "metro": "Metro"}}, {"type": "Feature", "geometry": {"type": "Polygon", "coordinates": [[[-76.5295851609999, 39.295718885], [-76.529795161, 39.2927908840001], [-76.52971016, 39.2919028840001], [-76.529691161, 39.291000884], [-76.529501161, 39.2901758830001], [-76.529554161, 39.2893448830001], [-76.529683161, 39.288159883], [-76.5296801599999, 39.288076883], [-76.52960216, 39.285650882], [-76.52959416, 39.284859882], [-76.5303951609999, 39.2848258820001], [-76.533085161, 39.283234882], [-76.5357061619999, 39.281800882], [-76.5363591619999, 39.2817458810001], [-76.537651162, 39.281686881], [-76.538196163, 39.2816778810001], [-76.5383101629999, 39.2816608810001], [-76.539155163, 39.2816308810001], [-76.5395991629999, 39.281620881], [-76.540514163, 39.281580881], [-76.5418911639999, 39.281528881], [-76.543201164, 39.2814728810001], [-76.543807164, 39.2814508810001], [-76.5447881649999, 39.2814068810001], [-76.545725165, 39.281369881], [-76.547588166, 39.2812938810001], [-76.5497171659999, 39.2812078810001], [-76.5497501669999, 39.2812228810001], [-76.5498441659999, 39.2812238810001], [-76.549933166, 39.2812228810001], [-76.5506101669999, 39.2811798810001], [-76.552397167, 39.281106881], [-76.5527291669999, 39.281107881], [-76.553262167, 39.28108988], [-76.553408168, 39.2810908800001], [-76.553866167, 39.28104288], [-76.554204167, 39.281030881], [-76.554427168, 39.281016881], [-76.554583168, 39.2809848800001], [-76.554598168, 39.28128888], [-76.554606168, 39.28144688], [-76.554646168, 39.282294881], [-76.554741168, 39.2830458810001], [-76.554802168, 39.2840608810001], [-76.554924168, 39.2860848810001], [-76.554983168, 39.287109882], [-76.554985168, 39.287134882], [-76.555052168, 39.2879728820001], [-76.555004168, 39.2880278810001], [-76.554855168, 39.2880468820001], [-76.5543831679999, 39.288076882], [-76.554137168, 39.2880618820001], [-76.554204168, 39.288164882], [-76.554250168, 39.288206882], [-76.554334168, 39.288750882], [-76.554425168, 39.2889468820001], [-76.5545501679999, 39.2891438820001], [-76.555436169, 39.290439882], [-76.555632169, 39.290829882], [-76.555665169, 39.2909688820001], [-76.555689169, 39.291113882], [-76.555718169, 39.291456882], [-76.555726169, 39.291790882], [-76.555595169, 39.2918198830001], [-76.554994168, 39.291918882], [-76.5537831679999, 39.291973882], [-76.552488168, 39.292011883], [-76.552125168, 39.292040883], [-76.551812168, 39.292105882], [-76.551505167, 39.2922238830001], [-76.551277168, 39.292350883], [-76.5510831679999, 39.292490883], [-76.5509011669999, 39.2926748830001], [-76.550357167, 39.293358883], [-76.550104168, 39.293649883], [-76.549567167, 39.2943178830001], [-76.549028167, 39.2950328840001], [-76.5488051669999, 39.2952698830001], [-76.5486061669999, 39.2954228840001], [-76.548395167, 39.295549884], [-76.548122167, 39.295672884], [-76.5478031659999, 39.295767883], [-76.547494166, 39.295815884], [-76.546815167, 39.2958708840001], [-76.544888165, 39.2959438830001], [-76.5410961649999, 39.2960738840001], [-76.539244164, 39.296130884], [-76.537273163, 39.2962148840001], [-76.536654163, 39.296201884], [-76.536342163, 39.296178884], [-76.5359971629999, 39.296123884], [-76.5352051629999, 39.295969884], [-76.533861162, 39.295678884], [-76.5330251619999, 39.295503884], [-76.532949162, 39.295481884], [-76.532787162, 39.2954218840001], [-76.532400162, 39.2956058840001], [-76.532109162, 39.295722884], [-76.531353162, 39.296064884], [-76.5310031609999, 39.2962518840001], [-76.5306651609999, 39.296418884], [-76.530343161, 39.2965938840001], [-76.530138161, 39.296710885], [-76.5297201609999, 39.2969668850001], [-76.5295191609999, 39.2970638840001], [-76.5295851609999, 39.295718885]]]}, "properties": {"FIPS": "24510260501", "nmtc_class": "Distressed", "qualifies": "YES", "poverty_pct": 8.7, "income_pct_benchmark": 0.626240665469326, "unemployment_ratio": 0.7037037014961243, "metro": "Metro"}}, {"type": "Feature", "geometry": {"type": "Polygon", "coordinates": [[[-76.532559164, 39.32394889], [-76.532633163, 39.32390389], [-76.532764164, 39.3239018890001], [-76.5328811639999, 39.32391389], [-76.532987164, 39.3239398900001], [-76.533076164, 39.3239398900001], [-76.533190164, 39.32391489], [-76.533216164, 39.32389289], [-76.533238164, 39.32382189], [-76.533217163, 39.3236708900001], [-76.533225164, 39.32362289], [-76.533320163, 39.3235208890001], [-76.5333541639999, 39.323465889], [-76.533406164, 39.32341489], [-76.533462164, 39.3233908890001], [-76.533545163, 39.3233338900001], [-76.533591163, 39.32327989], [-76.5336231639999, 39.3231408890001], [-76.533712164, 39.3229068900001], [-76.5338301639999, 39.322792889], [-76.533959164, 39.322693889], [-76.534109164, 39.3226178890001], [-76.534170164, 39.3225748890001], [-76.534331164, 39.3224178900001], [-76.5344161639999, 39.32231389], [-76.5345491639999, 39.322066889], [-76.5346391639999, 39.321820889], [-76.534673164, 39.3216478890001], [-76.534666164, 39.3214688890001], [-76.534641164, 39.3214018890001], [-76.5346191639999, 39.321369889], [-76.534497164, 39.32127289], [-76.534472164, 39.321232889], [-76.5344621639999, 39.321188889], [-76.534470164, 39.320992889], [-76.5345481639999, 39.320598889], [-76.534577164, 39.3205288890001], [-76.534633164, 39.320465889], [-76.5346841639999, 39.320429889], [-76.534714164, 39.3203928890001], [-76.534744164, 39.320177889], [-76.534787164, 39.3200298890001], [-76.534824164, 39.319967889], [-76.5348871639999, 39.3199138890001], [-76.535510164, 39.319595889], [-76.535736164, 39.3194638890001], [-76.535783164, 39.319408889], [-76.535862165, 39.3192918890001], [-76.5358751639999, 39.319233888], [-76.535864164, 39.3191498890001], [-76.535824164, 39.3190958880001], [-76.535723164, 39.3190368890001], [-76.5356741639999, 39.318990888], [-76.535648164, 39.318933889], [-76.535626164, 39.318823888], [-76.535641164, 39.318577888], [-76.535706164, 39.3182968890001], [-76.535708164, 39.318087888], [-76.5356531639999, 39.318010889], [-76.535296164, 39.3176888890001], [-76.536506164, 39.316547888], [-76.537667165, 39.315385888], [-76.538795165, 39.314260888], [-76.539476165, 39.313496888], [-76.539738165, 39.313183887], [-76.540031165, 39.312799888], [-76.540294165, 39.3124058870001], [-76.540476165, 39.3120928870001], [-76.540708165, 39.311718887], [-76.5412751659999, 39.3106228870001], [-76.541318165, 39.310585887], [-76.5414271659999, 39.310431887], [-76.542281166, 39.3088038860001], [-76.542820165, 39.3078428860001], [-76.5431201659999, 39.307359886], [-76.543333165, 39.3074148860001], [-76.5435911659999, 39.3074358860001], [-76.5438811669999, 39.307488886], [-76.5440611659999, 39.307563886], [-76.544166166, 39.3076158860001], [-76.544298166, 39.3077308860001], [-76.5444021659999, 39.307852886], [-76.5445151659999, 39.3080198860001], [-76.544734166, 39.308276886], [-76.545477166, 39.3089218860001], [-76.545562167, 39.308972886], [-76.5457471669999, 39.3090538860001], [-76.546192167, 39.309222886], [-76.546800167, 39.3095458870001], [-76.546905167, 39.3096118870001], [-76.546992167, 39.3096858860001], [-76.547126167, 39.3098168860001], [-76.547197167, 39.3099018870001], [-76.547242167, 39.310001887], [-76.547355167, 39.3101618870001], [-76.547582167, 39.310686887], [-76.547766167, 39.311019887], [-76.547856168, 39.311160887], [-76.5478861679999, 39.3111878870001], [-76.547999168, 39.311228887], [-76.548063167, 39.3112408870001], [-76.548164168, 39.311242887], [-76.5482641679999, 39.3112368870001], [-76.5483791679999, 39.311199887], [-76.548450168, 39.3111928860001], [-76.548531168, 39.311200887], [-76.548722168, 39.3112638870001], [-76.548843168, 39.3112828870001], [-76.5490971679999, 39.3113048870001], [-76.549513168, 39.3113288860001], [-76.549667169, 39.311329887], [-76.5497501679999, 39.311315886], [-76.549804168, 39.311296887], [-76.549868168, 39.311296887], [-76.550094168, 39.311318887], [-76.550389168, 39.3113258870001], [-76.550323169, 39.3122228870001], [-76.5502631679999, 39.312511887], [-76.550213168, 39.312619887], [-76.550122168, 39.312735887], [-76.5499781679999, 39.312866887], [-76.549646169, 39.3132668870001], [-76.5494981689999, 39.313432887], [-76.5493641689999, 39.313657887], [-76.549351168, 39.313747887], [-76.5494121679999, 39.313970887], [-76.5494171679999, 39.3141088880001], [-76.549401168, 39.314188888], [-76.5493241679999, 39.314421887], [-76.5493001679999, 39.3146388870001], [-76.549239168, 39.314775888], [-76.549195169, 39.3149518870001], [-76.549103169, 39.315188887], [-76.5489401679999, 39.3158958870001], [-76.548138168, 39.316263887], [-76.545849167, 39.3176278880001], [-76.5423521669999, 39.319948889], [-76.540461166, 39.321225889], [-76.538335166, 39.323777889], [-76.536879165, 39.3256068900001], [-76.536025165, 39.3267128900001], [-76.534106164, 39.3283028910001], [-76.5338081639999, 39.32779989], [-76.533660164, 39.327580891], [-76.5336281639999, 39.3275038900001], [-76.5336281639999, 39.327440891], [-76.533655164, 39.3272738910001], [-76.533652164, 39.327216891], [-76.533663164, 39.3271608900001], [-76.5336931639999, 39.327098891], [-76.533701164, 39.327032891], [-76.533687164, 39.32694489], [-76.533593164, 39.32676889], [-76.533564164, 39.3266698910001], [-76.533527164, 39.32641389], [-76.5335101639999, 39.3263548900001], [-76.5332851639999, 39.32606989], [-76.5330221629999, 39.32563989], [-76.532669163, 39.32504089], [-76.532467164, 39.3247308900001], [-76.5324121629999, 39.3245758900001], [-76.5323901639999, 39.32447189], [-76.5323841639999, 39.3243968900001], [-76.5323891639999, 39.32427489], [-76.532419164, 39.3241018900001], [-76.5324561639999, 39.32404589], [-76.532559164, 39.32394889]]]}, "properties": {"FIPS": "24510260402", "nmtc_class": "Severe Distress", "qualifies": "YES", "poverty_pct": 22.0, "income_pct_benchmark": 0.487276680215521, "unemployment_ratio": 0.31481480598449707, "metro": "Metro"}}, {"type": "Feature", "geometry": {"type": "Polygon", "coordinates": [[[-76.6411351949999, 39.281304877], [-76.641863195, 39.2809988770001], [-76.641990195, 39.281611877], [-76.6420861949999, 39.2832848780001], [-76.642133195, 39.283681878], [-76.6421701949999, 39.284428878], [-76.642199195, 39.285396878], [-76.6422411949999, 39.285842878], [-76.642345196, 39.2874048790001], [-76.642364196, 39.2879188790001], [-76.6424151959999, 39.288380879], [-76.6409991949999, 39.2884478790001], [-76.639575195, 39.2885108790001], [-76.6389111939999, 39.288542879], [-76.6381681939999, 39.2885738790001], [-76.638132194, 39.288110879], [-76.638103195, 39.2875638790001], [-76.6380541939999, 39.2865618780001], [-76.638021194, 39.2859888780001], [-76.6379861949999, 39.285594878], [-76.637912194, 39.2839648780001], [-76.637890194, 39.283454878], [-76.637845194, 39.2827958780001], [-76.638138194, 39.2827198780001], [-76.638689195, 39.282535878], [-76.638981195, 39.2824098770001], [-76.639077194, 39.2823628780001], [-76.639870194, 39.2819168780001], [-76.640197195, 39.281725877], [-76.640494195, 39.2815648770001], [-76.640771195, 39.2814408770001], [-76.6411351949999, 39.281304877]]]}, "properties": {"FIPS": "24510190200", "nmtc_class": "Severe Distress", "qualifies": "YES", "poverty_pct": 17.0, "income_pct_benchmark": 0.563786747329615, "unemployment_ratio": 0.8148148059844971, "metro": "Metro"}}, {"type": "Feature", "geometry": {"type": "Polygon", "coordinates": [[[-76.608311186, 39.3114678850001], [-76.609499187, 39.311412885], [-76.609510187, 39.312024885], [-76.609539187, 39.312744885], [-76.6095361869999, 39.313529885], [-76.609551187, 39.3139908850001], [-76.609534187, 39.314515885], [-76.6095301869999, 39.3150738850001], [-76.609526187, 39.3154988850001], [-76.6094921869999, 39.3162418850001], [-76.609487187, 39.3166468860001], [-76.609485187, 39.317123886], [-76.609466187, 39.318118885], [-76.609465187, 39.3181558860001], [-76.6094891879999, 39.319038886], [-76.609511187, 39.3195268860001], [-76.609069188, 39.319541886], [-76.608638188, 39.3195478860001], [-76.6078751869999, 39.319559886], [-76.607313187, 39.3195538860001], [-76.606760187, 39.3195228860001], [-76.605814186, 39.319464886], [-76.605412186, 39.319420886], [-76.6047931859999, 39.3193678860001], [-76.6042301859999, 39.319305886], [-76.6033531859999, 39.319188886], [-76.602572185, 39.319042886], [-76.601491185, 39.318797886], [-76.599414184, 39.318301886], [-76.597719183, 39.3179298860001], [-76.594889183, 39.3172508870001], [-76.594869183, 39.3172458860001], [-76.595178183, 39.316964886], [-76.5958861829999, 39.316247886], [-76.596437183, 39.3157208850001], [-76.596929183, 39.3152488850001], [-76.5971481829999, 39.3150488850001], [-76.597943184, 39.314269886], [-76.598035184, 39.3141908860001], [-76.598729183, 39.3134458850001], [-76.598874184, 39.313256885], [-76.5990591839999, 39.312968885], [-76.5993721839999, 39.311949885], [-76.600868184, 39.311882885], [-76.602646185, 39.3117918850001], [-76.604133185, 39.311724885], [-76.606160186, 39.3116128850001], [-76.607135187, 39.311543885], [-76.6075631859999, 39.3115188840001], [-76.608311186, 39.3114678850001]]]}, "properties": {"FIPS": "24510090800", "nmtc_class": "Severe Distress", "qualifies": "YES", "poverty_pct": 29.5, "income_pct_benchmark": 0.258899706966632, "unemployment_ratio": 3.5, "metro": "Metro"}}, {"type": "Feature", "geometry": {"type": "Polygon", "coordinates": [[[-76.6011661859999, 39.3405178900001], [-76.600868186, 39.3404238910001], [-76.6007601859999, 39.3403078910001], [-76.600661186, 39.3402398910001], [-76.600508186, 39.3401738900001], [-76.600213186, 39.340071891], [-76.600220185, 39.3398228900001], [-76.6001971859999, 39.33960589], [-76.6001341849999, 39.3392478910001], [-76.600022186, 39.33896889], [-76.5999751849999, 39.3388718900001], [-76.5997331849999, 39.33840489], [-76.599649186, 39.33826989], [-76.599441185, 39.337971891], [-76.599347186, 39.33784989], [-76.5991911849999, 39.3376558900001], [-76.598835185, 39.3372538900001], [-76.598593185, 39.33702989], [-76.5979541849999, 39.33649189], [-76.596438184, 39.3352488900001], [-76.596140184, 39.33499089], [-76.595990184, 39.3348388900001], [-76.595851184, 39.3346758890001], [-76.595603184, 39.3343188900001], [-76.595445184, 39.3340378890001], [-76.595709184, 39.3340128890001], [-76.597882184, 39.334045889], [-76.5983561849999, 39.3340488900001], [-76.5992821849999, 39.33403589], [-76.599781185, 39.33404089], [-76.6001991859999, 39.334045889], [-76.600663185, 39.334045889], [-76.601088185, 39.334045889], [-76.601971186, 39.3340378890001], [-76.602849186, 39.334044889], [-76.604487187, 39.334047889], [-76.6046321859999, 39.334334889], [-76.605881187, 39.3341928890001], [-76.606765188, 39.3340998890001], [-76.6071491879999, 39.334068889], [-76.607550188, 39.3340538890001], [-76.607539188, 39.334490889], [-76.6095101879999, 39.3344638890001], [-76.609516188, 39.335346889], [-76.609518189, 39.33640289], [-76.609521188, 39.3368268890001], [-76.6095301889999, 39.3373158900001], [-76.609535189, 39.33867289], [-76.6095531889999, 39.33939789], [-76.6095821879999, 39.33980589], [-76.609602189, 39.34018889], [-76.607701188, 39.34023489], [-76.607669188, 39.3396848900001], [-76.606391187, 39.33971489], [-76.606415188, 39.3401058900001], [-76.6064061879999, 39.34014089], [-76.606375188, 39.3401798900001], [-76.606328188, 39.3402018900001], [-76.6057761869999, 39.340388891], [-76.6055941879999, 39.34043889], [-76.605518188, 39.3404528900001], [-76.6054161879999, 39.3404658900001], [-76.6052851869999, 39.3404698900001], [-76.604962187, 39.3404648910001], [-76.603683186, 39.340497891], [-76.603131187, 39.3405278910001], [-76.602486187, 39.3405518910001], [-76.601771186, 39.3405668900001], [-76.6014371859999, 39.3405578910001], [-76.601306186, 39.340545891], [-76.6011661859999, 39.3405178900001]]]}, "properties": {"FIPS": "24510090100", "nmtc_class": "Severe Distress", "qualifies": "YES", "poverty_pct": 18.4, "income_pct_benchmark": 0.709982039890349, "unemployment_ratio": 1.7407407760620117, "metro": "Metro"}}, {"type": "Feature", "geometry": {"type": "Polygon", "coordinates": [[[-76.664705205, 39.321433884], [-76.664613205, 39.3210878840001], [-76.664502204, 39.3208158840001], [-76.664414204, 39.3206348840001], [-76.6642192039999, 39.3202968840001], [-76.6640612039999, 39.320088884], [-76.663829204, 39.319831884], [-76.6615022029999, 39.3175058840001], [-76.6611892029999, 39.317176884], [-76.660460203, 39.316387884], [-76.660369203, 39.316260884], [-76.659854203, 39.3154098840001], [-76.659781203, 39.3152318840001], [-76.660228203, 39.3150848830001], [-76.660638203, 39.314959883], [-76.661199203, 39.3148338830001], [-76.6614532039999, 39.314791883], [-76.661730204, 39.314734883], [-76.6620832039999, 39.314689883], [-76.662574204, 39.314637883], [-76.6634572039999, 39.314577883], [-76.664378204, 39.314549883], [-76.6656782049999, 39.3144728830001], [-76.666093205, 39.314465883], [-76.667870206, 39.314411883], [-76.669634206, 39.314351883], [-76.672683206, 39.3142268820001], [-76.674420208, 39.314170883], [-76.6744322069999, 39.3143418820001], [-76.674460207, 39.314713883], [-76.6744972079999, 39.315245883], [-76.674504207, 39.315606883], [-76.674568208, 39.316306883], [-76.674623207, 39.317335883], [-76.674748208, 39.3193998840001], [-76.674809208, 39.3203498840001], [-76.674848208, 39.3208208840001], [-76.674865208, 39.321146884], [-76.674864208, 39.321188884], [-76.674839208, 39.321269884], [-76.674534208, 39.321836884], [-76.672890207, 39.3213528840001], [-76.672459207, 39.322286884], [-76.671973207, 39.323248884], [-76.671452207, 39.3241968840001], [-76.6712992069999, 39.3241508850001], [-76.670475207, 39.3239038850001], [-76.6695012069999, 39.3236268850001], [-76.668526206, 39.3233518850001], [-76.666586205, 39.3227488850001], [-76.664778204, 39.322201885], [-76.664758204, 39.3217078850001], [-76.664705205, 39.321433884]]]}, "properties": {"FIPS": "24510150701", "nmtc_class": "Severe Distress", "qualifies": "YES", "poverty_pct": 15.0, "income_pct_benchmark": 0.511409395973154, "unemployment_ratio": 0.09259258955717087, "metro": "Metro"}}, {"type": "Feature", "geometry": {"type": "Polygon", "coordinates": [[[-76.637060194, 39.29425288], [-76.638464195, 39.2941968800001], [-76.638554195, 39.2954548800001], [-76.638621195, 39.2966968800001], [-76.638622195, 39.2968768800001], [-76.638759195, 39.299069881], [-76.638780196, 39.2993768810001], [-76.638788195, 39.299678881], [-76.6387991949999, 39.300144881], [-76.6388551949999, 39.3011698810001], [-76.638942195, 39.3025038810001], [-76.6389691959999, 39.303385882], [-76.638248195, 39.303411882], [-76.637392195, 39.3034398820001], [-76.6368311949999, 39.303428882], [-76.6366791949999, 39.303121882], [-76.6363711939999, 39.302556881], [-76.635977194, 39.301878882], [-76.635880194, 39.3016928820001], [-76.635696195, 39.301296881], [-76.6352451939999, 39.3005208820001], [-76.635121194, 39.3002698820001], [-76.634513194, 39.299205881], [-76.6344771939999, 39.299149881], [-76.633887194, 39.2980478810001], [-76.633811193, 39.2979108810001], [-76.6332631929999, 39.2968938810001], [-76.632594193, 39.29569688], [-76.632428193, 39.2953908800001], [-76.632260193, 39.295061881], [-76.631924193, 39.2944658800001], [-76.6325231929999, 39.29443388], [-76.634134193, 39.29436188], [-76.6356251939999, 39.2943098800001], [-76.636602194, 39.29427488], [-76.637060194, 39.29425288]]]}, "properties": {"FIPS": "24510160100", "nmtc_class": "Severe Distress", "qualifies": "YES", "poverty_pct": 30.7, "income_pct_benchmark": 0.409859154929577, "unemployment_ratio": 2.129629611968994, "metro": "Metro"}}, {"type": "Feature", "geometry": {"type": "Polygon", "coordinates": [[[-76.568123177, 39.3686248980001], [-76.567940177, 39.368590898], [-76.567645178, 39.368516898], [-76.5672061769999, 39.368369897], [-76.5670731769999, 39.3683088980001], [-76.566663177, 39.368171897], [-76.5660821769999, 39.3679658980001], [-76.565338176, 39.367742897], [-76.5626171759999, 39.366723897], [-76.562547175, 39.366835897], [-76.5620791759999, 39.366662897], [-76.560222175, 39.3660018970001], [-76.5597191749999, 39.3658308970001], [-76.5591821739999, 39.3656768970001], [-76.558496174, 39.3655168970001], [-76.558208174, 39.3654308970001], [-76.5548851729999, 39.364360897], [-76.554004173, 39.364071897], [-76.5518961719999, 39.363413897], [-76.5526371719999, 39.3625538970001], [-76.553599173, 39.361466896], [-76.5542491729999, 39.360696897], [-76.554534173, 39.3603738960001], [-76.5554521729999, 39.3592848960001], [-76.5562591729999, 39.358350896], [-76.557733174, 39.356665895], [-76.557861174, 39.3565188960001], [-76.557916173, 39.356560895], [-76.558192173, 39.3581838960001], [-76.558294174, 39.358989896], [-76.5583741739999, 39.359654896], [-76.558404174, 39.3600058960001], [-76.558458174, 39.3607998960001], [-76.558543174, 39.3616518960001], [-76.558609174, 39.3626878970001], [-76.5616071749999, 39.362655896], [-76.5625311749999, 39.3629988970001], [-76.563475175, 39.3633398970001], [-76.564455176, 39.363658897], [-76.5653891759999, 39.3639928970001], [-76.5657481759999, 39.3640388970001], [-76.566203177, 39.3640608970001], [-76.566632177, 39.364133897], [-76.566833177, 39.364197897], [-76.5672331769999, 39.364347896], [-76.5676531769999, 39.364496896], [-76.567940177, 39.364590896], [-76.568271177, 39.364628897], [-76.568834178, 39.364587897], [-76.569199178, 39.3645738970001], [-76.5703341779999, 39.3646278960001], [-76.572300178, 39.3647148960001], [-76.572270179, 39.365089896], [-76.572249179, 39.365416897], [-76.5725591789999, 39.365423897], [-76.572854179, 39.365444897], [-76.573130179, 39.3653638960001], [-76.573340179, 39.365100897], [-76.5735431789999, 39.3651338970001], [-76.573682179, 39.365689897], [-76.573935179, 39.366482897], [-76.574014179, 39.3667588970001], [-76.574050179, 39.366932897], [-76.574066179, 39.3671638970001], [-76.5740641789999, 39.367335897], [-76.574050179, 39.3675478970001], [-76.574009179, 39.367713897], [-76.573899179, 39.3680198970001], [-76.57382618, 39.368168897], [-76.573565179, 39.368546897], [-76.573008179, 39.3685178970001], [-76.571421178, 39.368456897], [-76.570306178, 39.3685428970001], [-76.5700831779999, 39.368571897], [-76.569845178, 39.3685918970001], [-76.569442178, 39.3686068980001], [-76.5693881779999, 39.3686028980001], [-76.568954177, 39.368614897], [-76.568540178, 39.368638898], [-76.568325178, 39.368632897], [-76.568123177, 39.3686248980001]]]}, "properties": {"FIPS": "24510270702", "nmtc_class": "Severe Distress", "qualifies": "YES", "poverty_pct": 6.7, "income_pct_benchmark": 0.556753946497779, "unemployment_ratio": 1.6296296119689941, "metro": "Metro"}}, {"type": "Feature", "geometry": {"type": "Polygon", "coordinates": [[[-76.569999179, 39.372128898], [-76.5701021789999, 39.3720468980001], [-76.570220179, 39.3719338980001], [-76.5717231789999, 39.370440898], [-76.572140179, 39.3700458980001], [-76.5724261789999, 39.3697958980001], [-76.572734179, 39.3694948970001], [-76.572989179, 39.3692108970001], [-76.573565179, 39.368546897], [-76.57382618, 39.368168897], [-76.573899179, 39.3680198970001], [-76.574009179, 39.367713897], [-76.574050179, 39.3675478970001], [-76.5740641789999, 39.367335897], [-76.574066179, 39.3671638970001], [-76.574050179, 39.366932897], [-76.574014179, 39.3667588970001], [-76.573935179, 39.366482897], [-76.573682179, 39.365689897], [-76.5735431789999, 39.3651338970001], [-76.573418179, 39.3643278970001], [-76.5733501779999, 39.363602896], [-76.573293179, 39.363150896], [-76.573193179, 39.3621948960001], [-76.573112179, 39.361305896], [-76.573095178, 39.361008896], [-76.5730831779999, 39.360531896], [-76.573086179, 39.360097895], [-76.5731261779999, 39.3596928950001], [-76.573173179, 39.359241895], [-76.5732741779999, 39.3585988960001], [-76.573402178, 39.358018895], [-76.573266179, 39.357881895], [-76.573114178, 39.357634895], [-76.573057179, 39.3574878950001], [-76.572970179, 39.357225895], [-76.572928179, 39.3570448950001], [-76.572929178, 39.3568888950001], [-76.5729411779999, 39.356713895], [-76.573009178, 39.3563218950001], [-76.573096178, 39.355752894], [-76.573119178, 39.3556458950001], [-76.573119178, 39.3555368950001], [-76.573121178, 39.355382895], [-76.573093179, 39.3553098950001], [-76.572914178, 39.3551098950001], [-76.572819178, 39.3550608950001], [-76.572776178, 39.3550158940001], [-76.572748178, 39.3549498940001], [-76.5727641779999, 39.354644895], [-76.5728571779999, 39.354236895], [-76.572929178, 39.3540568940001], [-76.573017178, 39.3539108940001], [-76.573873179, 39.354077895], [-76.574058178, 39.354124894], [-76.574318179, 39.3542318940001], [-76.5748391779999, 39.354463895], [-76.575790179, 39.3549308940001], [-76.576311179, 39.354667895], [-76.57642218, 39.3546318940001], [-76.57657118, 39.3545948940001], [-76.57684718, 39.354555894], [-76.57761518, 39.3544768940001], [-76.57789718, 39.3544618940001], [-76.57823518, 39.3544548950001], [-76.57846418, 39.3544648940001], [-76.57866018, 39.354493894], [-76.57880018, 39.3545218940001], [-76.5789491799999, 39.354557894], [-76.57909718, 39.354607894], [-76.5791971799999, 39.354651894], [-76.57933518, 39.354697894], [-76.57988618, 39.354910894], [-76.58011318, 39.3550168940001], [-76.580340181, 39.3551068940001], [-76.580505181, 39.3551798940001], [-76.5806731809999, 39.3552618940001], [-76.580864181, 39.355341894], [-76.581139181, 39.3554418940001], [-76.58159918, 39.3555588940001], [-76.5818041809999, 39.355592894], [-76.582136181, 39.355620894], [-76.582685182, 39.3556048940001], [-76.5866151829999, 39.3555198940001], [-76.589018183, 39.3554648940001], [-76.589189183, 39.355454894], [-76.5895631829999, 39.3554258940001], [-76.589637183, 39.356329894], [-76.5896511839999, 39.3565528940001], [-76.589655184, 39.3567718940001], [-76.589641184, 39.356947894], [-76.589617183, 39.357124894], [-76.589584184, 39.357322895], [-76.5895411829999, 39.3574878950001], [-76.5894671839999, 39.357685894], [-76.589292184, 39.3581028940001], [-76.588999184, 39.3587518950001], [-76.5878921839999, 39.3609778960001], [-76.587756183, 39.361288895], [-76.5875801829999, 39.361648895], [-76.587480183, 39.361890895], [-76.587288183, 39.3623078960001], [-76.586360183, 39.364295896], [-76.5863111829999, 39.364388896], [-76.586157183, 39.364746896], [-76.586062183, 39.364955896], [-76.585979182, 39.3651178960001], [-76.585882182, 39.3653468960001], [-76.585796183, 39.3655288960001], [-76.5856241829999, 39.365851896], [-76.5855121829999, 39.3660468960001], [-76.584705183, 39.367442897], [-76.584564182, 39.3676638970001], [-76.584423183, 39.3679108960001], [-76.584318182, 39.3680708970001], [-76.584055183, 39.3685328970001], [-76.5837811819999, 39.3689858970001], [-76.583611182, 39.369290897], [-76.5830611819999, 39.370210898], [-76.5819581819999, 39.3721128980001], [-76.5790311809999, 39.372098898], [-76.578004181, 39.372100898], [-76.5719981789999, 39.3721158980001], [-76.569999179, 39.372128898]]]}, "properties": {"FIPS": "24510270803", "nmtc_class": "Severe Distress", "qualifies": "YES", "poverty_pct": 6.6, "income_pct_benchmark": 0.542281879194631, "unemployment_ratio": 1.4074074029922485, "metro": "Metro"}}, {"type": "Feature", "geometry": {"type": "Polygon", "coordinates": [[[-76.57846418, 39.3544648940001], [-76.57823518, 39.3544548950001], [-76.57789718, 39.3544618940001], [-76.57761518, 39.3544768940001], [-76.57684718, 39.354555894], [-76.57657118, 39.3545948940001], [-76.57642218, 39.3546318940001], [-76.576311179, 39.354667895], [-76.575790179, 39.3549308940001], [-76.5748391779999, 39.354463895], [-76.574318179, 39.3542318940001], [-76.574058178, 39.354124894], [-76.573873179, 39.354077895], [-76.573017178, 39.3539108940001], [-76.573064178, 39.353833895], [-76.573266178, 39.353704894], [-76.5733021779999, 39.3536418940001], [-76.5733481779999, 39.3535338940001], [-76.5735031789999, 39.353358894], [-76.573704178, 39.3531688940001], [-76.573959179, 39.3529028940001], [-76.5741821779999, 39.3526588940001], [-76.574331178, 39.3525438940001], [-76.5744541779999, 39.352508894], [-76.574630179, 39.3524958940001], [-76.575066179, 39.3525868940001], [-76.575485178, 39.3526288940001], [-76.5757781789999, 39.3526338940001], [-76.576035179, 39.3526108940001], [-76.576191179, 39.3525878940001], [-76.5763211789999, 39.352554894], [-76.576463179, 39.352534894], [-76.5766101789999, 39.3525458940001], [-76.5771271789999, 39.352557894], [-76.577338179, 39.352551894], [-76.5775291799999, 39.352511894], [-76.577651179, 39.352464894], [-76.5777341799999, 39.352397894], [-76.577799179, 39.3523178940001], [-76.57784318, 39.3522368940001], [-76.57785318, 39.352125894], [-76.5777971799999, 39.3520218940001], [-76.57769318, 39.351876894], [-76.577563179, 39.3517118940001], [-76.57742218, 39.3514898940001], [-76.5772991799999, 39.3512148930001], [-76.5772381799999, 39.351012894], [-76.577227179, 39.3507378940001], [-76.5771981789999, 39.350431894], [-76.577206179, 39.350137894], [-76.577225179, 39.3499788930001], [-76.577269179, 39.349925893], [-76.577611179, 39.3497828930001], [-76.5777791789999, 39.349744893], [-76.57787918, 39.3497308930001], [-76.5779811799999, 39.3497498930001], [-76.578061179, 39.3498178930001], [-76.578172179, 39.349928893], [-76.57837018, 39.350083893], [-76.57876018, 39.3502538930001], [-76.5790521799999, 39.350346893], [-76.57922818, 39.350419894], [-76.57931518, 39.350443893], [-76.57940818, 39.350443893], [-76.5794901799999, 39.350412894], [-76.57964218, 39.3502708930001], [-76.5797341799999, 39.3501388930001], [-76.5797591799999, 39.3500678930001], [-76.5798021799999, 39.350015893], [-76.58021218, 39.349761893], [-76.58057818, 39.349607893], [-76.58092018, 39.349518893], [-76.581504181, 39.3493218930001], [-76.58158918, 39.349241893], [-76.5817181799999, 39.349133893], [-76.581829181, 39.349025893], [-76.581909181, 39.3488748930001], [-76.58193418, 39.348798893], [-76.5818981799999, 39.348661893], [-76.58183718, 39.348571893], [-76.5817831809999, 39.3485148930001], [-76.5816891809999, 39.348438893], [-76.5815731799999, 39.3483858930001], [-76.58129918, 39.348299893], [-76.58121418, 39.3482428930001], [-76.58116018, 39.348171893], [-76.581121181, 39.3480858930001], [-76.5810211799999, 39.347696893], [-76.58102818, 39.347492893], [-76.58109118, 39.347204892], [-76.5811281799999, 39.3471198930001], [-76.581208181, 39.3470048930001], [-76.5811101799999, 39.346590892], [-76.58107818, 39.3463758930001], [-76.58109218, 39.346190892], [-76.58109318, 39.346060892], [-76.58106818, 39.3459058920001], [-76.58101818, 39.3457498930001], [-76.58080718, 39.345284892], [-76.5813131799999, 39.345331892], [-76.58152318, 39.3453608930001], [-76.581978181, 39.345482893], [-76.58289818, 39.3457718920001], [-76.5832471809999, 39.3458648920001], [-76.583372181, 39.3458858920001], [-76.583519181, 39.345900892], [-76.5839001809999, 39.345901892], [-76.584148181, 39.345893892], [-76.584562181, 39.345895892], [-76.584829181, 39.345878892], [-76.5854311809999, 39.345869893], [-76.585915182, 39.345871892], [-76.586180181, 39.3458638920001], [-76.5863941819999, 39.345877892], [-76.5870911819999, 39.345899892], [-76.587231182, 39.3459498920001], [-76.5874271819999, 39.3459718920001], [-76.588132182, 39.3460088920001], [-76.588621183, 39.3460268920001], [-76.589071183, 39.346059892], [-76.589325182, 39.3460658920001], [-76.589926183, 39.3460868920001], [-76.5910691829999, 39.346140892], [-76.591555184, 39.346148892], [-76.592008183, 39.346170892], [-76.591870183, 39.3470188920001], [-76.5917671829999, 39.347815892], [-76.591589184, 39.3486748930001], [-76.591524184, 39.3489438930001], [-76.5914701829999, 39.349131893], [-76.591421184, 39.349270893], [-76.5913111829999, 39.349537893], [-76.591139184, 39.350037893], [-76.590957183, 39.3505828930001], [-76.590809183, 39.350952893], [-76.5905281839999, 39.351790893], [-76.590376183, 39.3522148930001], [-76.5900511839999, 39.3531688940001], [-76.590015184, 39.353258893], [-76.589764184, 39.354013894], [-76.5897191829999, 39.3541588940001], [-76.5896671839999, 39.3543628940001], [-76.589640183, 39.354480894], [-76.5895791839999, 39.3548598940001], [-76.589568183, 39.3550828940001], [-76.5895631829999, 39.3554258940001], [-76.589189183, 39.355454894], [-76.589018183, 39.3554648940001], [-76.5866151829999, 39.3555198940001], [-76.582685182, 39.3556048940001], [-76.582136181, 39.355620894], [-76.5818041809999, 39.355592894], [-76.58159918, 39.3555588940001], [-76.581139181, 39.3554418940001], [-76.580864181, 39.355341894], [-76.5806731809999, 39.3552618940001], [-76.580505181, 39.3551798940001], [-76.580340181, 39.3551068940001], [-76.58011318, 39.3550168940001], [-76.57988618, 39.354910894], [-76.57933518, 39.354697894], [-76.5791971799999, 39.354651894], [-76.57909718, 39.354607894], [-76.5789491799999, 39.354557894], [-76.57880018, 39.3545218940001], [-76.57866018, 39.354493894], [-76.57846418, 39.3544648940001]]]}, "properties": {"FIPS": "24510270902", "nmtc_class": "Severe Distress", "qualifies": "YES", "poverty_pct": 9.1, "income_pct_benchmark": 0.739389356271859, "unemployment_ratio": 1.9814814329147339, "metro": "Metro"}}, {"type": "Feature", "geometry": {"type": "Polygon", "coordinates": [[[-76.640285198, 39.3433798900001], [-76.6398351979999, 39.3419798900001], [-76.639669198, 39.3415078900001], [-76.639513198, 39.341094889], [-76.639407198, 39.3408548890001], [-76.638969198, 39.340006889], [-76.6385821979999, 39.3393878890001], [-76.6384141979999, 39.3390988890001], [-76.6373631979999, 39.3376428890001], [-76.638277198, 39.3372738890001], [-76.6391881979999, 39.336926889], [-76.640387198, 39.3364558880001], [-76.641070198, 39.336206888], [-76.642342199, 39.3357008880001], [-76.644456199, 39.334837888], [-76.644629199, 39.3347608880001], [-76.6456102, 39.3360848880001], [-76.6473281999999, 39.338377888], [-76.6474762, 39.3385908890001], [-76.6475682, 39.338794889], [-76.647658201, 39.3390548890001], [-76.6477342009999, 39.339363889], [-76.6477692009999, 39.3396228880001], [-76.6477692009999, 39.3398508880001], [-76.6477121999999, 39.3402048890001], [-76.647523201, 39.341116889], [-76.647415201, 39.3418638890001], [-76.647380201, 39.342510889], [-76.6473662009999, 39.34322689], [-76.647339201, 39.3440038890001], [-76.647268201, 39.3448838900001], [-76.6472242, 39.34525089], [-76.646887201, 39.3452848900001], [-76.645949201, 39.34536289], [-76.6453582, 39.3454188900001], [-76.6448511999999, 39.3454458900001], [-76.6446941999999, 39.3454418900001], [-76.6445442, 39.34542989], [-76.6440212, 39.3453558900001], [-76.643269199, 39.34518989], [-76.6430511999999, 39.3451088900001], [-76.642802199, 39.34500089], [-76.6423161989999, 39.34475589], [-76.642011199, 39.34455689], [-76.641115199, 39.3438948900001], [-76.640285198, 39.3433798900001]]]}, "properties": {"FIPS": "24510130803", "nmtc_class": "Distressed", "qualifies": "YES", "poverty_pct": 10.4, "income_pct_benchmark": 0.753851970885717, "unemployment_ratio": 0.3333333432674408, "metro": "Metro"}}, {"type": "Feature", "geometry": {"type": "Polygon", "coordinates": [[[-76.698061217, 39.353172889], [-76.6974892169999, 39.3527618890001], [-76.697313217, 39.35264289], [-76.6953572159999, 39.3512618890001], [-76.6945812159999, 39.350701889], [-76.693242215, 39.3497748890001], [-76.692424215, 39.349219889], [-76.6923392149999, 39.3491678890001], [-76.691841215, 39.348815889], [-76.691694215, 39.3487178890001], [-76.6908812149999, 39.348164889], [-76.690061214, 39.3475928890001], [-76.688992214, 39.3468398890001], [-76.6886952139999, 39.3466208880001], [-76.6882002129999, 39.346274888], [-76.688010213, 39.346131889], [-76.6875292129999, 39.3457868890001], [-76.686401213, 39.344986889], [-76.686082213, 39.344746888], [-76.685719213, 39.344495888], [-76.683521212, 39.342947888], [-76.682838212, 39.3424598880001], [-76.6826722119999, 39.3423488880001], [-76.682466211, 39.342224888], [-76.682298212, 39.342133888], [-76.6817572109999, 39.3419358880001], [-76.681494212, 39.3418278880001], [-76.681148211, 39.3417198880001], [-76.680995211, 39.3416958880001], [-76.680755211, 39.341683888], [-76.680664211, 39.341684888], [-76.680442211, 39.3417128880001], [-76.6803592109999, 39.341729888], [-76.6801992109999, 39.341767888], [-76.679399211, 39.341998888], [-76.679194211, 39.3420508880001], [-76.67897321, 39.3421208880001], [-76.678615211, 39.3422138880001], [-76.678544211, 39.342225888], [-76.6784032099999, 39.342239888], [-76.67821821, 39.342244888], [-76.67801321, 39.3422148880001], [-76.6777472099999, 39.3421438880001], [-76.6769602099999, 39.3419218880001], [-76.6767122099999, 39.3418488880001], [-76.67706921, 39.341141888], [-76.67720021, 39.3409748880001], [-76.677268209, 39.3409118880001], [-76.67766721, 39.340366888], [-76.67796621, 39.3399328880001], [-76.67934121, 39.340355888], [-76.6829182119999, 39.3414428880001], [-76.684700213, 39.3419438880001], [-76.687479213, 39.3428618880001], [-76.6877562129999, 39.342982888], [-76.688260214, 39.343218888], [-76.6889682139999, 39.3435678880001], [-76.690396214, 39.3443738880001], [-76.691030215, 39.3447588880001], [-76.6925202149999, 39.345571889], [-76.694065216, 39.346427888], [-76.6943652149999, 39.346601889], [-76.6944962159999, 39.346677888], [-76.694666216, 39.346814888], [-76.694998216, 39.347052889], [-76.695318216, 39.3472568880001], [-76.6956702159999, 39.347461889], [-76.696939217, 39.3481678890001], [-76.699123217, 39.3493628890001], [-76.699496217, 39.349558889], [-76.699813217, 39.3497338880001], [-76.7017172179999, 39.3508028890001], [-76.7022962179999, 39.3511218890001], [-76.702443219, 39.351196889], [-76.702668219, 39.351295889], [-76.702921219, 39.3513938890001], [-76.703407219, 39.3516028890001], [-76.704742219, 39.352329889], [-76.705169219, 39.352522889], [-76.70571522, 39.352754889], [-76.70644322, 39.3530348890001], [-76.7070692199999, 39.3525878890001], [-76.7074082199999, 39.352353889], [-76.70811322, 39.351802889], [-76.7088482199999, 39.351273889], [-76.7096032209999, 39.350753889], [-76.711059221, 39.349718888], [-76.711390221, 39.3495038880001], [-76.7113652209999, 39.3499968880001], [-76.7112062209999, 39.350998889], [-76.7113602209999, 39.3516698890001], [-76.711346221, 39.3522678890001], [-76.711260221, 39.3533258890001], [-76.711195221, 39.353747889], [-76.711195221, 39.35424189], [-76.711188221, 39.35439089], [-76.7111932219999, 39.3553068890001], [-76.7111932219999, 39.3553728900001], [-76.711196221, 39.35581289], [-76.711230222, 39.35616889], [-76.711352222, 39.35677889], [-76.711352222, 39.3579138900001], [-76.711211221, 39.35867589], [-76.7114022219999, 39.3594918900001], [-76.711296222, 39.3605088900001], [-76.7113442209999, 39.361232891], [-76.7111932219999, 39.3628058910001], [-76.710585221, 39.3623928910001], [-76.709117222, 39.361352891], [-76.708674221, 39.3609768900001], [-76.708602221, 39.360965891], [-76.708544221, 39.36094789], [-76.7084112209999, 39.36085389], [-76.708151221, 39.3606618910001], [-76.70775322, 39.36033089], [-76.707347221, 39.3599858910001], [-76.70692022, 39.35966589], [-76.70509922, 39.358257891], [-76.704230219, 39.35756489], [-76.703776219, 39.3572148900001], [-76.702448219, 39.35625389], [-76.702430219, 39.3562278900001], [-76.702426219, 39.35619489], [-76.700586218, 39.3549498900001], [-76.700190218, 39.3546578900001], [-76.698967217, 39.3538048890001], [-76.698061217, 39.353172889]]]}, "properties": {"FIPS": "24510280101", "nmtc_class": "Severe Distress", "qualifies": "YES", "poverty_pct": 30.8, "income_pct_benchmark": 0.391303525853105, "unemployment_ratio": 2.277777671813965, "metro": "Metro"}}, {"type": "Feature", "geometry": {"type": "Polygon", "coordinates": [[[-76.6304081929999, 39.29454788], [-76.631924193, 39.2944658800001], [-76.632260193, 39.295061881], [-76.632428193, 39.2953908800001], [-76.632594193, 39.29569688], [-76.6332631929999, 39.2968938810001], [-76.633811193, 39.2979108810001], [-76.633887194, 39.2980478810001], [-76.6344771939999, 39.299149881], [-76.633564194, 39.2998208810001], [-76.632646193, 39.3005168820001], [-76.632192193, 39.300848881], [-76.631983194, 39.3010148810001], [-76.6317341929999, 39.3011888820001], [-76.6306361919999, 39.3002948810001], [-76.630151193, 39.2999108820001], [-76.6296671919999, 39.2995258820001], [-76.629132193, 39.299109881], [-76.628918192, 39.298927881], [-76.628618192, 39.2986738810001], [-76.628128192, 39.2982648810001], [-76.627698192, 39.297923881], [-76.6261611909999, 39.296660881], [-76.6269881919999, 39.2959728810001], [-76.6271881919999, 39.29576388], [-76.627293191, 39.2956428800001], [-76.627416191, 39.2954618800001], [-76.627490192, 39.295334881], [-76.627568191, 39.2951638800001], [-76.6276581919999, 39.29484188], [-76.627690192, 39.294637881], [-76.628033192, 39.294626881], [-76.6285901919999, 39.294607881], [-76.6304081929999, 39.29454788]]]}, "properties": {"FIPS": "24510170300", "nmtc_class": "Severe Distress", "qualifies": "YES", "poverty_pct": 37.5, "income_pct_benchmark": null, "unemployment_ratio": 2.6111111640930176, "metro": "Metro"}}, {"type": "Feature", "geometry": {"type": "Polygon", "coordinates": [[[-76.663277202, 39.2931918790001], [-76.662897202, 39.2931898790001], [-76.662457202, 39.2932158790001], [-76.659355202, 39.293359879], [-76.658576201, 39.2933748790001], [-76.658106201, 39.293399879], [-76.657810201, 39.293403879], [-76.6562762, 39.293446879], [-76.656006201, 39.293453879], [-76.6547412, 39.293520879], [-76.6532252, 39.2935728790001], [-76.653023199, 39.2935718800001], [-76.6523531989999, 39.293610879], [-76.651774199, 39.2936358790001], [-76.651238199, 39.293671879], [-76.650587199, 39.293692879], [-76.650385198, 39.2937058800001], [-76.650358199, 39.292811879], [-76.650339198, 39.292408879], [-76.6502811989999, 39.291202879], [-76.650232198, 39.2904848790001], [-76.650220199, 39.2899318780001], [-76.650166198, 39.289397879], [-76.650125198, 39.2887848780001], [-76.650097199, 39.2880368780001], [-76.651489198, 39.2879748780001], [-76.6528711989999, 39.287918878], [-76.653635199, 39.2878838780001], [-76.6538372, 39.2878858780001], [-76.6547032, 39.287868878], [-76.6556361999999, 39.2878338780001], [-76.6562241999999, 39.287821878], [-76.6573382, 39.2877758780001], [-76.658165201, 39.287739878], [-76.6588312009999, 39.2876728780001], [-76.6595942009999, 39.287626878], [-76.661184201, 39.2875678780001], [-76.662330202, 39.2875178780001], [-76.6629262019999, 39.2874318780001], [-76.663051202, 39.2874308780001], [-76.663181202, 39.287439878], [-76.663272202, 39.2874588770001], [-76.663348202, 39.2874808770001], [-76.663525202, 39.2875618780001], [-76.663615202, 39.287623878], [-76.6640432029999, 39.2878568780001], [-76.6644502029999, 39.2881018780001], [-76.6649952019999, 39.288584878], [-76.665231203, 39.2888308780001], [-76.6654212029999, 39.2890568780001], [-76.665565203, 39.2892768780001], [-76.665787203, 39.289671878], [-76.666058203, 39.290260878], [-76.6662082029999, 39.290470879], [-76.666532204, 39.2910298790001], [-76.666715203, 39.291270878], [-76.6669252039999, 39.2915018790001], [-76.6672172039999, 39.291850878], [-76.667460204, 39.292081878], [-76.667860204, 39.2924198790001], [-76.668468204, 39.2928728790001], [-76.668665204, 39.292980879], [-76.6688362049999, 39.293026879], [-76.669001204, 39.2930788780001], [-76.669185204, 39.293160878], [-76.669336204, 39.2932378790001], [-76.6694412049999, 39.2933308780001], [-76.6696442049999, 39.293535879], [-76.669686205, 39.2936008780001], [-76.669697205, 39.293635878], [-76.669727205, 39.293831879], [-76.6697142039999, 39.294170879], [-76.669723205, 39.294263879], [-76.669719204, 39.294283879], [-76.668039204, 39.2943638790001], [-76.667566204, 39.294376879], [-76.666713203, 39.294419879], [-76.665824204, 39.2944498790001], [-76.664929203, 39.294459879], [-76.6648972029999, 39.293943879], [-76.664465203, 39.2936388790001], [-76.664333203, 39.2935508790001], [-76.664175203, 39.2934598790001], [-76.6638862029999, 39.2933268790001], [-76.663644203, 39.293247879], [-76.663536203, 39.293223878], [-76.663405202, 39.293203879], [-76.663277202, 39.2931918790001]]]}, "properties": {"FIPS": "24510200200", "nmtc_class": "Severe Distress", "qualifies": "YES", "poverty_pct": 35.6, "income_pct_benchmark": 0.276661310142736, "unemployment_ratio": 1.3703703880310059, "metro": "Metro"}}, {"type": "Feature", "geometry": {"type": "Polygon", "coordinates": [[[-76.697995213, 39.2930678770001], [-76.697296213, 39.2911718770001], [-76.6973262129999, 39.290734877], [-76.697286213, 39.2892798770001], [-76.697263213, 39.289198877], [-76.697206213, 39.2891448770001], [-76.6970532129999, 39.289094876], [-76.696764213, 39.2890588760001], [-76.696533212, 39.289017877], [-76.696216213, 39.288868877], [-76.6960262119999, 39.2887608770001], [-76.695946213, 39.288688877], [-76.695737212, 39.2883528770001], [-76.695675212, 39.288227877], [-76.695569212, 39.2877298760001], [-76.6954952129999, 39.2875498770001], [-76.6954412119999, 39.2874518770001], [-76.695308212, 39.287283877], [-76.695149212, 39.287133876], [-76.6950752119999, 39.2870758760001], [-76.694671212, 39.286796877], [-76.694581212, 39.286726876], [-76.6945152119999, 39.286659877], [-76.694263212, 39.286345876], [-76.6940622119999, 39.286050877], [-76.693894212, 39.285762876], [-76.6938632119999, 39.2856878760001], [-76.693846212, 39.2856208760001], [-76.693831212, 39.285508876], [-76.6938382119999, 39.2850778760001], [-76.6938192109999, 39.2848478760001], [-76.693795212, 39.284727876], [-76.6937122109999, 39.284523876], [-76.693575212, 39.2842698760001], [-76.693265211, 39.2835918760001], [-76.693193211, 39.2833618760001], [-76.6931002109999, 39.2829138760001], [-76.693001211, 39.282230876], [-76.692933211, 39.2814768750001], [-76.693337211, 39.281461875], [-76.693684212, 39.2814508750001], [-76.694574211, 39.281423875], [-76.694841212, 39.281420875], [-76.695719212, 39.281398875], [-76.696917212, 39.2813608750001], [-76.6980482129999, 39.2813418750001], [-76.698547213, 39.2813188750001], [-76.6990142129999, 39.281281875], [-76.699887213, 39.281176875], [-76.700357214, 39.2811128750001], [-76.701390213, 39.2809848750001], [-76.702113214, 39.2809098750001], [-76.702642214, 39.2808648750001], [-76.702933215, 39.2808528750001], [-76.7032342139999, 39.2808498750001], [-76.704864215, 39.2808918750001], [-76.7050372149999, 39.2808878750001], [-76.705254215, 39.2808728750001], [-76.705384215, 39.280850875], [-76.705497215, 39.2808208750001], [-76.7056052149999, 39.280770875], [-76.705724216, 39.280697875], [-76.705907215, 39.2805498750001], [-76.706402215, 39.2800578740001], [-76.706583215, 39.2798628740001], [-76.706766215, 39.2797038750001], [-76.707032216, 39.2795178740001], [-76.707270215, 39.2793878750001], [-76.7076272159999, 39.2792268740001], [-76.708295215, 39.278963874], [-76.708946216, 39.2787208740001], [-76.709841216, 39.278366874], [-76.711056216, 39.2778968740001], [-76.7111342169999, 39.278269874], [-76.7112212169999, 39.2786868740001], [-76.711234216, 39.2788048740001], [-76.711189217, 39.280767874], [-76.711195217, 39.2854138750001], [-76.711213217, 39.2859568750001], [-76.711188217, 39.287401876], [-76.711096217, 39.288436876], [-76.7110172179999, 39.289610876], [-76.7111972179999, 39.2917568770001], [-76.7107452179999, 39.291772877], [-76.709139217, 39.291859877], [-76.708126216, 39.2918898770001], [-76.7078012169999, 39.2919148770001], [-76.707619216, 39.2919198770001], [-76.706999216, 39.2919838770001], [-76.705944216, 39.292174877], [-76.7041142149999, 39.2924318770001], [-76.703904215, 39.2924388770001], [-76.703266215, 39.292372877], [-76.702988215, 39.292353877], [-76.702848215, 39.292357877], [-76.7025832149999, 39.292378877], [-76.7023352149999, 39.2924058770001], [-76.701807215, 39.292491877], [-76.700647214, 39.292668877], [-76.699266213, 39.292854877], [-76.698838214, 39.292934877], [-76.6984912139999, 39.292999878], [-76.697995213, 39.2930678770001]]]}, "properties": {"FIPS": "24510280403", "nmtc_class": "Distressed", "qualifies": "YES", "poverty_pct": 9.6, "income_pct_benchmark": 0.636874940920692, "unemployment_ratio": 0.5555555820465088, "metro": "Metro"}}, {"type": "Feature", "geometry": {"type": "Polygon", "coordinates": [[[-76.614344187, 39.295127881], [-76.614343188, 39.2951168810001], [-76.614158188, 39.2950278810001], [-76.613879187, 39.294791881], [-76.613744187, 39.2946928810001], [-76.613688187, 39.294503881], [-76.613470187, 39.294520881], [-76.613272187, 39.294502881], [-76.6126891869999, 39.294502881], [-76.6123041869999, 39.2945138810001], [-76.611669187, 39.2945078810001], [-76.611009187, 39.294539881], [-76.6109151859999, 39.294183881], [-76.610837186, 39.2939748810001], [-76.610731186, 39.2937448810001], [-76.610543186, 39.293479881], [-76.610381186, 39.293308881], [-76.610100186, 39.293081881], [-76.609974186, 39.29299188], [-76.609842186, 39.2929118810001], [-76.609656185, 39.292811881], [-76.609089186, 39.2925258810001], [-76.608876185, 39.2924108810001], [-76.6086711849999, 39.29227188], [-76.6082211849999, 39.291981881], [-76.607907185, 39.291766881], [-76.607648185, 39.291548881], [-76.607448185, 39.291367881], [-76.606739185, 39.29069288], [-76.6064311849999, 39.29071988], [-76.6058071849999, 39.2899698800001], [-76.6061491849999, 39.2898818800001], [-76.606224184, 39.2898728800001], [-76.606016185, 39.2893838800001], [-76.6056481849999, 39.2884818800001], [-76.6055851839999, 39.2883008800001], [-76.605527184, 39.28808388], [-76.605421184, 39.28777488], [-76.6051411839999, 39.2868588800001], [-76.606260184, 39.286800879], [-76.606857185, 39.2867868800001], [-76.608858185, 39.28669188], [-76.609332185, 39.28668888], [-76.610024186, 39.28666988], [-76.610724186, 39.2866598790001], [-76.611734186, 39.28660388], [-76.6121301859999, 39.2866108790001], [-76.613449187, 39.286563879], [-76.613597187, 39.28655788], [-76.6148981869999, 39.2865208790001], [-76.616184188, 39.2864598790001], [-76.616927188, 39.2864098790001], [-76.620757189, 39.286268879], [-76.622131189, 39.286264879], [-76.6222501889999, 39.287464879], [-76.6222671899999, 39.2878298790001], [-76.622322189, 39.2886158800001], [-76.6223341899999, 39.2890028790001], [-76.622332189, 39.28925288], [-76.62234919, 39.2896038800001], [-76.622367189, 39.29037788], [-76.62240119, 39.29093988], [-76.62244319, 39.29143588], [-76.6225411889999, 39.29282988], [-76.62257319, 39.293844881], [-76.62262019, 39.29434388], [-76.62264019, 39.2948198810001], [-76.6219961899999, 39.2948468810001], [-76.62194419, 39.2948438810001], [-76.62128719, 39.2948688810001], [-76.62042619, 39.2949228800001], [-76.6198211889999, 39.2949388810001], [-76.6190681889999, 39.294975881], [-76.618324189, 39.2949858810001], [-76.616935188, 39.2950568810001], [-76.615551188, 39.2950998810001], [-76.6150051879999, 39.2951378810001], [-76.6144191879999, 39.295132881], [-76.614344187, 39.295127881]]]}, "properties": {"FIPS": "24510040100", "nmtc_class": "Distressed", "qualifies": "YES", "poverty_pct": 10.5, "income_pct_benchmark": 0.734275451365914, "unemployment_ratio": 0.3333333432674408, "metro": "Metro"}}, {"type": "Feature", "geometry": {"type": "Polygon", "coordinates": [[[-76.701772217, 39.3196038830001], [-76.702607217, 39.3192258820001], [-76.703575217, 39.318781883], [-76.703949217, 39.318589882], [-76.7035952159999, 39.318294882], [-76.703309217, 39.3180288820001], [-76.703272216, 39.3179698830001], [-76.703219217, 39.3178748820001], [-76.703179216, 39.3177788830001], [-76.703125217, 39.317599882], [-76.702885217, 39.3162748820001], [-76.7028282159999, 39.316174882], [-76.702567217, 39.3159368820001], [-76.7023342159999, 39.3157838820001], [-76.7021712159999, 39.315730882], [-76.702047216, 39.3157098820001], [-76.701713216, 39.315702882], [-76.701173216, 39.315730882], [-76.700969215, 39.315768882], [-76.7007362159999, 39.3158498820001], [-76.700570216, 39.315928882], [-76.7004452149999, 39.3160308820001], [-76.700357216, 39.3161718820001], [-76.7002872149999, 39.3163878820001], [-76.7000392159999, 39.317050882], [-76.699873216, 39.3170238820001], [-76.6998332159999, 39.317058882], [-76.699688215, 39.3171358820001], [-76.6993442149999, 39.317276882], [-76.698995215, 39.3173998830001], [-76.698695216, 39.317455882], [-76.697984215, 39.317474882], [-76.6973172149999, 39.3174218820001], [-76.697033215, 39.3173538830001], [-76.696926214, 39.3172818830001], [-76.696860214, 39.3171908830001], [-76.696794214, 39.3170638820001], [-76.696743214, 39.3169278820001], [-76.696703215, 39.3167418830001], [-76.696700214, 39.3165478820001], [-76.696809214, 39.315478882], [-76.696806215, 39.3152378820001], [-76.696765215, 39.315074882], [-76.6967132139999, 39.3149978820001], [-76.696634214, 39.3149068820001], [-76.696559214, 39.3148558820001], [-76.696414214, 39.314800882], [-76.694886214, 39.314690882], [-76.693957213, 39.3146078820001], [-76.6928482129999, 39.314486882], [-76.692765214, 39.3144748820001], [-76.692678214, 39.3144538820001], [-76.692589213, 39.3144208820001], [-76.6920332129999, 39.3141798820001], [-76.691769213, 39.314010882], [-76.6914652129999, 39.313836882], [-76.691238212, 39.3136488820001], [-76.690911212, 39.3133308820001], [-76.690655212, 39.3131508810001], [-76.690504212, 39.3130758820001], [-76.690368212, 39.312975882], [-76.690288212, 39.3129008820001], [-76.690161212, 39.3127388820001], [-76.690061212, 39.3125828820001], [-76.6900062119999, 39.312393882], [-76.689984212, 39.3121158810001], [-76.689981212, 39.311936882], [-76.6899902119999, 39.3117748820001], [-76.690016212, 39.311620882], [-76.6901712119999, 39.311177881], [-76.6903952119999, 39.310330881], [-76.690433212, 39.310024881], [-76.690434212, 39.3098878810001], [-76.6903942119999, 39.3096908810001], [-76.690362212, 39.309564881], [-76.690297212, 39.3094168810001], [-76.690120212, 39.3091488810001], [-76.689620212, 39.308528881], [-76.6890412119999, 39.3077908810001], [-76.688181211, 39.306564881], [-76.687740211, 39.30592188], [-76.687505211, 39.3057058800001], [-76.687372211, 39.3055998800001], [-76.6872052109999, 39.3054988800001], [-76.6869322109999, 39.3054158800001], [-76.686635211, 39.3053638800001], [-76.686433211, 39.305355881], [-76.6866402109999, 39.3050768800001], [-76.6868642109999, 39.30488388], [-76.68694021, 39.30486488], [-76.68708321, 39.30488188], [-76.6871382109999, 39.3049008800001], [-76.687279211, 39.30499988], [-76.68742121, 39.305124881], [-76.687552211, 39.3052038800001], [-76.6876912109999, 39.30522388], [-76.6878132109999, 39.30522388], [-76.6881252109999, 39.305171881], [-76.688345211, 39.30508488], [-76.688383211, 39.30508488], [-76.6885092109999, 39.30512388], [-76.6885992109999, 39.3051608810001], [-76.688751211, 39.30517388], [-76.6895842119999, 39.30510688], [-76.6901892119999, 39.3050908800001], [-76.690407211, 39.30503388], [-76.690513212, 39.30499988], [-76.6906192119999, 39.3049418800001], [-76.6907752119999, 39.3048218800001], [-76.690950212, 39.3046628800001], [-76.691087212, 39.30460988], [-76.691205212, 39.3045818800001], [-76.6915192129999, 39.30456788], [-76.691824212, 39.30459288], [-76.692315212, 39.30466188], [-76.693300212, 39.3048908800001], [-76.693524213, 39.30493088], [-76.694246213, 39.3049368800001], [-76.6943332129999, 39.30490388], [-76.694417213, 39.3048508800001], [-76.6945112129999, 39.30474488], [-76.6946242129999, 39.30457088], [-76.694700213, 39.3043538800001], [-76.694731213, 39.3042908800001], [-76.694775213, 39.30425288], [-76.6948742129999, 39.30418588], [-76.694931213, 39.3041228800001], [-76.6949622129999, 39.3040218800001], [-76.694954213, 39.30389088], [-76.694899213, 39.3037708800001], [-76.6945782129999, 39.3032278800001], [-76.6943562129999, 39.30294388], [-76.694286213, 39.30274788], [-76.694277213, 39.302582879], [-76.694348213, 39.3024418800001], [-76.694521213, 39.302252879], [-76.6948682129999, 39.30202388], [-76.695687213, 39.30211388], [-76.695891213, 39.3021078790001], [-76.696183213, 39.3020838790001], [-76.696478214, 39.3020488790001], [-76.696652214, 39.302005879], [-76.696833214, 39.301883879], [-76.697126214, 39.301640879], [-76.697315214, 39.3015248790001], [-76.6974572139999, 39.301463879], [-76.697650213, 39.301421879], [-76.697981214, 39.3014108790001], [-76.6983592139999, 39.301441879], [-76.698453214, 39.3014788790001], [-76.6985392139999, 39.301546879], [-76.6986262139999, 39.301668879], [-76.6986882139999, 39.301827879], [-76.698774214, 39.3019258790001], [-76.698900215, 39.3019688790001], [-76.699132214, 39.30201888], [-76.6995262149999, 39.3020438790001], [-76.699722214, 39.3020388790001], [-76.700542215, 39.301893879], [-76.700700215, 39.3018578790001], [-76.700859215, 39.301777879], [-76.701023215, 39.301555879], [-76.701195215, 39.301304879], [-76.701276215, 39.301237879], [-76.701358215, 39.3012058790001], [-76.701426215, 39.301186879], [-76.701560215, 39.3011588790001], [-76.7017702149999, 39.301128879], [-76.701896215, 39.3010958790001], [-76.702056215, 39.301033879], [-76.702735215, 39.300697879], [-76.7028102149999, 39.3006388790001], [-76.7028542149999, 39.300563879], [-76.702873215, 39.300500879], [-76.702880216, 39.300320879], [-76.702849215, 39.300137879], [-76.7028582149999, 39.300025879], [-76.7029172159999, 39.2999198790001], [-76.7031242149999, 39.299752879], [-76.703306216, 39.2996798780001], [-76.703557216, 39.299641878], [-76.703802216, 39.299634879], [-76.704261216, 39.299705878], [-76.704611216, 39.299748879], [-76.704781216, 39.299753878], [-76.704888216, 39.2997398790001], [-76.704973216, 39.299717878], [-76.705204216, 39.299644879], [-76.705441217, 39.2995608790001], [-76.7055752159999, 39.299524879], [-76.705713217, 39.299513878], [-76.705857216, 39.2995238780001], [-76.7059602159999, 39.2995438790001], [-76.7060662169999, 39.299596879], [-76.7061802169999, 39.2996808790001], [-76.706297217, 39.299798878], [-76.7064302169999, 39.299997879], [-76.706535216, 39.300207878], [-76.7066092169999, 39.300479878], [-76.7066372159999, 39.3006628790001], [-76.7066372159999, 39.300786879], [-76.706624217, 39.300886878], [-76.7066052169999, 39.300943879], [-76.706484216, 39.3011008790001], [-76.705739216, 39.3017928790001], [-76.705658216, 39.301843879], [-76.7055292159999, 39.301909879], [-76.705473216, 39.3019658790001], [-76.7054392159999, 39.3020488790001], [-76.705420217, 39.302165879], [-76.7054152169999, 39.3022458790001], [-76.705447216, 39.3023548790001], [-76.705476217, 39.3024158790001], [-76.7055232169999, 39.302481879], [-76.705700216, 39.3026188790001], [-76.705846217, 39.3027198790001], [-76.7061072169999, 39.302842879], [-76.706534217, 39.3030058790001], [-76.706723217, 39.303064879], [-76.706974217, 39.303111879], [-76.707317217, 39.3031868790001], [-76.707767217, 39.303315879], [-76.708194217, 39.3033878790001], [-76.7084052179999, 39.303402879], [-76.708676217, 39.303399879], [-76.708915217, 39.303381879], [-76.709031218, 39.303358879], [-76.709094217, 39.303330879], [-76.709221218, 39.3032348790001], [-76.709426218, 39.303032879], [-76.7097352179999, 39.3027768790001], [-76.7098702179999, 39.3027378790001], [-76.710010218, 39.302724879], [-76.710169218, 39.3027338790001], [-76.710368218, 39.302769879], [-76.711193218, 39.302962879], [-76.711187218, 39.3034168790001], [-76.711208218, 39.304748879], [-76.711209218, 39.3047908790001], [-76.711210218, 39.304835879], [-76.7111952179999, 39.30510988], [-76.7112152179999, 39.3053308790001], [-76.711184218, 39.3070508800001], [-76.711195219, 39.3076128800001], [-76.711321218, 39.3084958800001], [-76.711251219, 39.30931988], [-76.711154219, 39.3101298810001], [-76.711183219, 39.3110418810001], [-76.711230219, 39.3117168810001], [-76.711121219, 39.312482881], [-76.711095218, 39.313412881], [-76.711087219, 39.3147258810001], [-76.7110302189999, 39.318923882], [-76.711495219, 39.320812883], [-76.708395219, 39.3218128830001], [-76.704520217, 39.322030883], [-76.701772217, 39.3196038830001]]]}, "properties": {"FIPS": "24510280301", "nmtc_class": "Severe Distress", "qualifies": "YES", "poverty_pct": 19.2, "income_pct_benchmark": 0.585669723036204, "unemployment_ratio": 0.5925925970077515, "metro": "Metro"}}, {"type": "Feature", "geometry": {"type": "Polygon", "coordinates": [[[-76.6228251919999, 39.326153887], [-76.6222811919999, 39.325495887], [-76.6221261919999, 39.325377887], [-76.622044192, 39.3253278870001], [-76.621983192, 39.3253018870001], [-76.621483191, 39.325095887], [-76.6212271909999, 39.325003887], [-76.6205551909999, 39.3246948870001], [-76.620404191, 39.3244998860001], [-76.620256191, 39.324279887], [-76.620223191, 39.3241738860001], [-76.620188191, 39.3240418870001], [-76.620116191, 39.323159887], [-76.6200821909999, 39.3231238870001], [-76.620063191, 39.3230818860001], [-76.61996019, 39.3218238860001], [-76.619910191, 39.3205388860001], [-76.6198381899999, 39.3192738860001], [-76.619733191, 39.317760885], [-76.6197051899999, 39.317147885], [-76.6196301909999, 39.3162638850001], [-76.61956119, 39.3151668850001], [-76.61951919, 39.314152885], [-76.61946419, 39.3131348840001], [-76.61939519, 39.312130884], [-76.6193221899999, 39.311442884], [-76.61935619, 39.310963884], [-76.61981019, 39.3109518840001], [-76.6202231899999, 39.3109528840001], [-76.62110919, 39.310898884], [-76.6215721899999, 39.310876884], [-76.622614191, 39.3108618840001], [-76.622978191, 39.310879884], [-76.6232791909999, 39.310855884], [-76.623688192, 39.311104884], [-76.623947191, 39.3112458840001], [-76.6252131909999, 39.3120758840001], [-76.625576192, 39.3123528840001], [-76.6278641929999, 39.3147568840001], [-76.628374193, 39.315290884], [-76.628468193, 39.3154078850001], [-76.628663193, 39.3156768850001], [-76.629110194, 39.3164248850001], [-76.6294321939999, 39.317088885], [-76.6295541929999, 39.3173178850001], [-76.629619193, 39.3174548850001], [-76.629890194, 39.3181618850001], [-76.629768193, 39.3182648850001], [-76.629762194, 39.3182858850001], [-76.629203194, 39.3187408850001], [-76.628867193, 39.318976885], [-76.628529193, 39.3192808850001], [-76.628235193, 39.3195978850001], [-76.6277651929999, 39.3202048850001], [-76.627608193, 39.320373886], [-76.6274781929999, 39.3204918860001], [-76.627240193, 39.3206608850001], [-76.627102193, 39.3207388860001], [-76.626988193, 39.320800886], [-76.626754193, 39.3208968860001], [-76.626179193, 39.3208508860001], [-76.626134193, 39.323856886], [-76.6261361919999, 39.324354886], [-76.626112193, 39.3249188870001], [-76.626076193, 39.3251258870001], [-76.626025193, 39.325343887], [-76.625933193, 39.325566887], [-76.6255441929999, 39.326019887], [-76.625350193, 39.326231887], [-76.6250041929999, 39.3257528870001], [-76.624701192, 39.325880886], [-76.6244451919999, 39.325997887], [-76.623559192, 39.326439887], [-76.6234301919999, 39.3264738870001], [-76.623337192, 39.3264828870001], [-76.6232441919999, 39.3264758870001], [-76.6231591919999, 39.326448887], [-76.6230511919999, 39.3263898870001], [-76.622986192, 39.3263448870001], [-76.6229121919999, 39.3262698870001], [-76.6228251919999, 39.326153887]]]}, "properties": {"FIPS": "24510120700", "nmtc_class": "Severe Distress", "qualifies": "YES", "poverty_pct": 11.7, "income_pct_benchmark": 0.561253426599868, "unemployment_ratio": 1.4814814329147339, "metro": "Metro"}}, {"type": "Feature", "geometry": {"type": "Polygon", "coordinates": [[[-76.589764184, 39.354013894], [-76.590015184, 39.353258893], [-76.5900511839999, 39.3531688940001], [-76.590376183, 39.3522148930001], [-76.5905281839999, 39.351790893], [-76.590809183, 39.350952893], [-76.590957183, 39.3505828930001], [-76.591139184, 39.350037893], [-76.5913111829999, 39.349537893], [-76.591421184, 39.349270893], [-76.5914701829999, 39.349131893], [-76.591524184, 39.3489438930001], [-76.591589184, 39.3486748930001], [-76.5917671829999, 39.347815892], [-76.591870183, 39.3470188920001], [-76.592008183, 39.346170892], [-76.592249183, 39.346169892], [-76.5928461839999, 39.346186892], [-76.593014184, 39.346166892], [-76.5931841839999, 39.3461348920001], [-76.593443184, 39.3460698920001], [-76.593569184, 39.3460288920001], [-76.593671184, 39.345987892], [-76.595460184, 39.345181892], [-76.595528184, 39.345154892], [-76.595664185, 39.3451008920001], [-76.595893185, 39.3450158920001], [-76.5960151849999, 39.344975892], [-76.596151185, 39.3449408910001], [-76.596295185, 39.3449148920001], [-76.596447185, 39.344894891], [-76.596573185, 39.344885891], [-76.5968001849999, 39.344881891], [-76.5970991849999, 39.3449008920001], [-76.597607185, 39.344955891], [-76.599731186, 39.345156892], [-76.599534186, 39.346274892], [-76.599260186, 39.348053892], [-76.599107186, 39.3489758930001], [-76.598291186, 39.354173894], [-76.5977621859999, 39.354092893], [-76.5973861859999, 39.354044893], [-76.597164186, 39.354021893], [-76.596946186, 39.3540088940001], [-76.596390185, 39.3540048930001], [-76.595983185, 39.3540168930001], [-76.595735186, 39.3540298940001], [-76.594668185, 39.354082894], [-76.5943481849999, 39.3540958930001], [-76.593328185, 39.3541388940001], [-76.593044184, 39.3541698930001], [-76.592781185, 39.3542098940001], [-76.592566184, 39.3542578930001], [-76.592138184, 39.354374894], [-76.5918521839999, 39.3544828940001], [-76.5916541839999, 39.354577894], [-76.5909351829999, 39.354986894], [-76.5907441839999, 39.3550878940001], [-76.5905011839999, 39.3551948940001], [-76.5902311839999, 39.3552908940001], [-76.5900381829999, 39.355344894], [-76.5895631829999, 39.3554258940001], [-76.589568183, 39.3550828940001], [-76.5895791839999, 39.3548598940001], [-76.589640183, 39.354480894], [-76.5896671839999, 39.3543628940001], [-76.5897191829999, 39.3541588940001], [-76.589764184, 39.354013894]]]}, "properties": {"FIPS": "24510270901", "nmtc_class": "Severe Distress", "qualifies": "YES", "poverty_pct": 16.9, "income_pct_benchmark": 0.56147083845354, "unemployment_ratio": 0.9074074029922485, "metro": "Metro"}}, {"type": "Feature", "geometry": {"type": "Polygon", "coordinates": [[[-76.671070206, 39.3111238820001], [-76.674241207, 39.311039882], [-76.674302207, 39.3120728820001], [-76.674371207, 39.3131248820001], [-76.674393207, 39.313674882], [-76.674420208, 39.314170883], [-76.672683206, 39.3142268820001], [-76.669634206, 39.314351883], [-76.667870206, 39.314411883], [-76.666093205, 39.314465883], [-76.6656782049999, 39.3144728830001], [-76.664378204, 39.314549883], [-76.6634572039999, 39.314577883], [-76.662574204, 39.314637883], [-76.6620832039999, 39.314689883], [-76.661730204, 39.314734883], [-76.661670203, 39.3144488830001], [-76.661546204, 39.3139598830001], [-76.661446203, 39.313271883], [-76.6614142029999, 39.3129658830001], [-76.661383203, 39.312545882], [-76.6613212029999, 39.3114538820001], [-76.6632612029999, 39.3114128830001], [-76.664139204, 39.311381883], [-76.6659122039999, 39.3113278820001], [-76.666825204, 39.311271882], [-76.669448206, 39.311154882], [-76.671070206, 39.3111238820001]]]}, "properties": {"FIPS": "24510150702", "nmtc_class": "Severe Distress", "qualifies": "YES", "poverty_pct": 16.6, "income_pct_benchmark": 0.620682484166745, "unemployment_ratio": 3.129629611968994, "metro": "Metro"}}, {"type": "Feature", "geometry": {"type": "Polygon", "coordinates": [[[-76.550389168, 39.3113258870001], [-76.550094168, 39.311318887], [-76.549868168, 39.311296887], [-76.549804168, 39.311296887], [-76.5497501679999, 39.311315886], [-76.549667169, 39.311329887], [-76.549513168, 39.3113288860001], [-76.5490971679999, 39.3113048870001], [-76.548843168, 39.3112828870001], [-76.548722168, 39.3112638870001], [-76.548531168, 39.311200887], [-76.548450168, 39.3111928860001], [-76.5483791679999, 39.311199887], [-76.5482641679999, 39.3112368870001], [-76.548164168, 39.311242887], [-76.548063167, 39.3112408870001], [-76.547999168, 39.311228887], [-76.5478861679999, 39.3111878870001], [-76.547856168, 39.311160887], [-76.547766167, 39.311019887], [-76.547582167, 39.310686887], [-76.547355167, 39.3101618870001], [-76.547242167, 39.310001887], [-76.547197167, 39.3099018870001], [-76.547126167, 39.3098168860001], [-76.546992167, 39.3096858860001], [-76.546905167, 39.3096118870001], [-76.546800167, 39.3095458870001], [-76.546192167, 39.309222886], [-76.5457471669999, 39.3090538860001], [-76.545562167, 39.308972886], [-76.545477166, 39.3089218860001], [-76.544734166, 39.308276886], [-76.5445151659999, 39.3080198860001], [-76.5444021659999, 39.307852886], [-76.544298166, 39.3077308860001], [-76.544166166, 39.3076158860001], [-76.5440611659999, 39.307563886], [-76.5438811669999, 39.307488886], [-76.5435911659999, 39.3074358860001], [-76.543333165, 39.3074148860001], [-76.5431201659999, 39.307359886], [-76.544700166, 39.304566886], [-76.544906166, 39.3042228850001], [-76.5453491659999, 39.303582885], [-76.546091167, 39.3025558850001], [-76.546545166, 39.302405885], [-76.5476151669999, 39.302092885], [-76.5478431669999, 39.3020328850001], [-76.548709167, 39.301769885], [-76.550030168, 39.301319885], [-76.5506761679999, 39.301084884], [-76.551029168, 39.3009788850001], [-76.5527651689999, 39.300388884], [-76.553481168, 39.300158884], [-76.5536671689999, 39.300283885], [-76.5544741689999, 39.300769884], [-76.55498217, 39.301084884], [-76.555132169, 39.301189885], [-76.5562101689999, 39.302006884], [-76.55698117, 39.3025808850001], [-76.55760717, 39.3030718850001], [-76.558301171, 39.3036378850001], [-76.560933171, 39.305645885], [-76.562112172, 39.3064918850001], [-76.563611172, 39.3076428850001], [-76.5645001729999, 39.308258885], [-76.565480173, 39.308977885], [-76.5621191719999, 39.308976886], [-76.5612171719999, 39.3089938860001], [-76.5608591719999, 39.309023886], [-76.560538171, 39.309065886], [-76.558737171, 39.3094838860001], [-76.55779017, 39.309721886], [-76.5568101699999, 39.309993886], [-76.5560671699999, 39.310165887], [-76.5548561699999, 39.3104718860001], [-76.5540251689999, 39.3108148860001], [-76.55361217, 39.3101098860001], [-76.553369169, 39.310302887], [-76.553141169, 39.3105158860001], [-76.5529611689999, 39.310653887], [-76.552792169, 39.310759886], [-76.5526081689999, 39.310826886], [-76.552171169, 39.310959887], [-76.552104169, 39.3110068870001], [-76.552048169, 39.3111018870001], [-76.551940169, 39.3112158870001], [-76.5517961689999, 39.311294886], [-76.551510168, 39.3113758860001], [-76.5511681689999, 39.3114338870001], [-76.5510121679999, 39.3114378870001], [-76.550864168, 39.3114128870001], [-76.5506961679999, 39.3113688870001], [-76.5505791689999, 39.3113488870001], [-76.550389168, 39.3113258870001]]]}, "properties": {"FIPS": "24510260401", "nmtc_class": "Severe Distress", "qualifies": "YES", "poverty_pct": 24.9, "income_pct_benchmark": 0.522261083278193, "unemployment_ratio": 0.3333333432674408, "metro": "Metro"}}, {"type": "Feature", "geometry": {"type": "Polygon", "coordinates": [[[-76.6198211889999, 39.2949388810001], [-76.62042619, 39.2949228800001], [-76.62128719, 39.2948688810001], [-76.62194419, 39.2948438810001], [-76.6219961899999, 39.2948468810001], [-76.62264019, 39.2948198810001], [-76.62395319, 39.2947608810001], [-76.62422419, 39.2947378800001], [-76.62479419, 39.2947158810001], [-76.62507519, 39.2947158810001], [-76.625728191, 39.29468688], [-76.627251191, 39.2946428810001], [-76.627690192, 39.294637881], [-76.6276581919999, 39.29484188], [-76.627568191, 39.2951638800001], [-76.627490192, 39.295334881], [-76.627416191, 39.2954618800001], [-76.627293191, 39.2956428800001], [-76.6271881919999, 39.29576388], [-76.6269881919999, 39.2959728810001], [-76.6261611909999, 39.296660881], [-76.624051191, 39.298364882], [-76.623349191, 39.2990348810001], [-76.623057191, 39.2993478820001], [-76.6226301899999, 39.299787882], [-76.62182419, 39.3004728820001], [-76.62126219, 39.3009018820001], [-76.62085719, 39.301196882], [-76.62047519, 39.301497882], [-76.6204071889999, 39.301563882], [-76.62027119, 39.3017648820001], [-76.62021019, 39.3015248820001], [-76.62018419, 39.301315882], [-76.6201761889999, 39.3011498820001], [-76.6201771889999, 39.300995882], [-76.620038189, 39.298437881], [-76.620039189, 39.298159882], [-76.61998519, 39.2973668810001], [-76.619947189, 39.296775881], [-76.61991919, 39.2962168810001], [-76.6198211889999, 39.2949388810001]]]}, "properties": {"FIPS": "24510170100", "nmtc_class": "Distressed", "qualifies": "YES", "poverty_pct": 20.5, "income_pct_benchmark": null, "unemployment_ratio": 0.7777777910232544, "metro": "Metro"}}, {"type": "Feature", "geometry": {"type": "Polygon", "coordinates": [[[-76.565334174, 39.325155889], [-76.5649201739999, 39.325134889], [-76.564443174, 39.3251468890001], [-76.564233174, 39.3251218890001], [-76.5638631729999, 39.3250528890001], [-76.5634871729999, 39.324968889], [-76.5627201729999, 39.3247408890001], [-76.562662173, 39.3247128890001], [-76.5626071729999, 39.324677889], [-76.561435172, 39.3234798890001], [-76.5609411729999, 39.323064888], [-76.560823173, 39.3229588890001], [-76.560711173, 39.322812889], [-76.560639173, 39.322653889], [-76.560618173, 39.322560889], [-76.5606091719999, 39.3223698890001], [-76.560588173, 39.322166888], [-76.560594172, 39.322108888], [-76.560641172, 39.3219258890001], [-76.560658172, 39.3217888880001], [-76.560648172, 39.321659889], [-76.560627172, 39.321535888], [-76.560546172, 39.321283888], [-76.560493172, 39.3211838880001], [-76.560388173, 39.321054888], [-76.5603161719999, 39.3210008880001], [-76.560173172, 39.320980889], [-76.5599271719999, 39.3209798880001], [-76.559761172, 39.3210018880001], [-76.560367172, 39.320431888], [-76.560221172, 39.320378888], [-76.560010172, 39.320332888], [-76.560542173, 39.3202318880001], [-76.561182172, 39.320089888], [-76.561690173, 39.319975888], [-76.562829173, 39.319757888], [-76.563266173, 39.319667888], [-76.563817173, 39.319570888], [-76.5660521729999, 39.3192908880001], [-76.5664721739999, 39.3192288870001], [-76.566563174, 39.319215888], [-76.5667261739999, 39.319196887], [-76.5675361739999, 39.319092888], [-76.569475175, 39.318872888], [-76.5699641749999, 39.3187998870001], [-76.570428175, 39.318714887], [-76.570305175, 39.318472888], [-76.570441175, 39.318430887], [-76.571007175, 39.319476888], [-76.5711051749999, 39.319619888], [-76.571259175, 39.3198108880001], [-76.571456176, 39.3200178870001], [-76.571731175, 39.320266887], [-76.571772175, 39.3203048870001], [-76.5727721759999, 39.3209558880001], [-76.573215176, 39.321254888], [-76.573655176, 39.3215168880001], [-76.573711176, 39.321554888], [-76.573736176, 39.3215868880001], [-76.573747176, 39.321619888], [-76.572856176, 39.3222848880001], [-76.572262176, 39.3227198880001], [-76.5712881759999, 39.323396888], [-76.570700175, 39.323851888], [-76.570183175, 39.3242658890001], [-76.569636176, 39.324727888], [-76.569449175, 39.324887888], [-76.569031175, 39.325221889], [-76.5684071749999, 39.325734889], [-76.567545174, 39.326413889], [-76.567048174, 39.326052889], [-76.5659571739999, 39.325439889], [-76.565750174, 39.3253178890001], [-76.565591174, 39.3252298890001], [-76.565483174, 39.3251828890001], [-76.565334174, 39.325155889]]]}, "properties": {"FIPS": "24510260301", "nmtc_class": "Distressed", "qualifies": "YES", "poverty_pct": 26.2, "income_pct_benchmark": 0.612657150959448, "unemployment_ratio": 0.7962962985038757, "metro": "Metro"}}, {"type": "Feature", "geometry": {"type": "Polygon", "coordinates": [[[-76.678832208, 39.3049178800001], [-76.678743208, 39.3048468800001], [-76.678674208, 39.3047758800001], [-76.6786092079999, 39.304739881], [-76.678511208, 39.3047128810001], [-76.678331208, 39.30467888], [-76.678258208, 39.304652881], [-76.677884208, 39.3044828800001], [-76.677793207, 39.3044658800001], [-76.6776752069999, 39.304469881], [-76.677560208, 39.3044618810001], [-76.677507208, 39.3044408810001], [-76.677455207, 39.304406881], [-76.677349208, 39.3043718810001], [-76.677099208, 39.304252881], [-76.676868208, 39.304158881], [-76.676637208, 39.304066881], [-76.676349207, 39.3039718800001], [-76.676212208, 39.3039178810001], [-76.6761302079999, 39.3038738810001], [-76.675867207, 39.30375188], [-76.675701207, 39.3036518800001], [-76.6754432069999, 39.30352488], [-76.675383207, 39.3034758810001], [-76.675298207, 39.3034288800001], [-76.675121207, 39.3032898800001], [-76.6748822069999, 39.3030488800001], [-76.674840207, 39.30298388], [-76.674790207, 39.302923881], [-76.674472207, 39.30261288], [-76.674396207, 39.3025258800001], [-76.6742122059999, 39.30238088], [-76.674048206, 39.30213688], [-76.673971206, 39.30206588], [-76.673683207, 39.3017388800001], [-76.673617206, 39.3016458800001], [-76.673521206, 39.3014508800001], [-76.673528206, 39.30139388], [-76.673500206, 39.30129788], [-76.6734882069999, 39.30122688], [-76.6734882069999, 39.3010468800001], [-76.673514207, 39.30096788], [-76.6736022059999, 39.3008158800001], [-76.673619206, 39.3007518800001], [-76.6736252059999, 39.30067088], [-76.673566206, 39.3002158800001], [-76.673567206, 39.30015688], [-76.673548206, 39.30004688], [-76.6734922059999, 39.2998448800001], [-76.673456206, 39.29975388], [-76.673395206, 39.29954988], [-76.673319207, 39.299330879], [-76.6732852059999, 39.2991948800001], [-76.673235206, 39.2990638790001], [-76.673162206, 39.29868488], [-76.672957206, 39.297975879], [-76.672885206, 39.297798879], [-76.6728372059999, 39.29771388], [-76.672752206, 39.2976168800001], [-76.672597205, 39.29750088], [-76.672406206, 39.297368879], [-76.672128206, 39.2972018790001], [-76.672015206, 39.2971118800001], [-76.671905205, 39.296986879], [-76.671743206, 39.296817879], [-76.6715142049999, 39.296604879], [-76.671287206, 39.2964538790001], [-76.671079205, 39.2963698790001], [-76.6709512049999, 39.296353879], [-76.670728205, 39.2963618790001], [-76.6704572049999, 39.2963958790001], [-76.6705422049999, 39.2959798790001], [-76.6705922049999, 39.2955068790001], [-76.670593205, 39.295091879], [-76.6705672049999, 39.2947708790001], [-76.670537205, 39.294549879], [-76.670489205, 39.294323879], [-76.670467205, 39.294264879], [-76.670620205, 39.294263879], [-76.6712652049999, 39.294239879], [-76.671636206, 39.294235879], [-76.672289205, 39.294212879], [-76.672782205, 39.2941818790001], [-76.674170206, 39.2941408780001], [-76.675576207, 39.294104878], [-76.677249207, 39.294041878], [-76.678404207, 39.293984879], [-76.679668208, 39.293947879], [-76.680659208, 39.2939108780001], [-76.6807792079999, 39.293905878], [-76.681213209, 39.293891879], [-76.681281208, 39.295140878], [-76.681305209, 39.295676879], [-76.681343208, 39.2964148790001], [-76.681383209, 39.297164879], [-76.6814312079999, 39.2979138790001], [-76.681467208, 39.298647879], [-76.6814942089999, 39.29911788], [-76.681509209, 39.299397879], [-76.681529209, 39.2996668800001], [-76.681548208, 39.30008888], [-76.681533208, 39.3001418790001], [-76.6812462079999, 39.3004578800001], [-76.68490021, 39.30249988], [-76.68579321, 39.30301288], [-76.6858702099999, 39.3030368800001], [-76.68595621, 39.3030488800001], [-76.68604721, 39.3030478800001], [-76.6861492099999, 39.30303988], [-76.686260211, 39.30300988], [-76.686445211, 39.30294188], [-76.686993211, 39.30271388], [-76.687368211, 39.30254188], [-76.687485211, 39.30242388], [-76.68753921, 39.30233688], [-76.687569211, 39.30220488], [-76.687574211, 39.3020998800001], [-76.687552211, 39.30199888], [-76.68750321, 39.3019018800001], [-76.6866422099999, 39.30092188], [-76.6865232109999, 39.300760879], [-76.68638121, 39.3005258800001], [-76.686343211, 39.30042688], [-76.68629421, 39.3001918790001], [-76.68627721, 39.2992248790001], [-76.687153211, 39.299217879], [-76.688141211, 39.2991798790001], [-76.690094211, 39.30231388], [-76.689484211, 39.3044418800001], [-76.6895842119999, 39.30510688], [-76.688751211, 39.30517388], [-76.6885992109999, 39.3051608810001], [-76.6885092109999, 39.30512388], [-76.688383211, 39.30508488], [-76.688345211, 39.30508488], [-76.6881252109999, 39.305171881], [-76.6878132109999, 39.30522388], [-76.6876912109999, 39.30522388], [-76.687552211, 39.3052038800001], [-76.68742121, 39.305124881], [-76.687279211, 39.30499988], [-76.6871382109999, 39.3049008800001], [-76.68708321, 39.30488188], [-76.68694021, 39.30486488], [-76.6868642109999, 39.30488388], [-76.6866402109999, 39.3050768800001], [-76.686433211, 39.305355881], [-76.6863042099999, 39.305513881], [-76.6861212109999, 39.30561488], [-76.685767211, 39.30578688], [-76.68555521, 39.3058748810001], [-76.6853562099999, 39.3059268810001], [-76.68505921, 39.30595688], [-76.6849572099999, 39.3059918800001], [-76.68487721, 39.3060408810001], [-76.68476321, 39.3060628810001], [-76.68442821, 39.3060848810001], [-76.68406821, 39.306135881], [-76.68332621, 39.306224881], [-76.68289921, 39.3062878810001], [-76.6826592099999, 39.3063528810001], [-76.682441209, 39.3064388810001], [-76.6822142089999, 39.3065118810001], [-76.681997209, 39.306571881], [-76.68179321, 39.306592881], [-76.681567209, 39.306591881], [-76.6814052089999, 39.3065788810001], [-76.681149209, 39.306499881], [-76.680720209, 39.3063128800001], [-76.6798292079999, 39.3059008810001], [-76.6797382079999, 39.305847881], [-76.6795832079999, 39.305714881], [-76.679526209, 39.305648881], [-76.679466208, 39.3055608810001], [-76.6794052079999, 39.3054978810001], [-76.679145208, 39.3052988800001], [-76.679029208, 39.30517688], [-76.678914208, 39.30499688], [-76.678832208, 39.3049178800001]]]}, "properties": {"FIPS": "24510160802", "nmtc_class": "Severe Distress", "qualifies": "YES", "poverty_pct": 21.9, "income_pct_benchmark": 0.429586917478023, "unemployment_ratio": 1.185185194015503, "metro": "Metro"}}, {"type": "Feature", "geometry": {"type": "Polygon", "coordinates": [[[-76.561790176, 39.3722128980001], [-76.561670175, 39.371938898], [-76.5616691759999, 39.371046898], [-76.561681175, 39.3705338980001], [-76.5617211749999, 39.3699538980001], [-76.561794175, 39.369503898], [-76.5618321759999, 39.369169898], [-76.561858176, 39.3685108970001], [-76.561888176, 39.3680478970001], [-76.5619011749999, 39.3679508980001], [-76.561921175, 39.367896898], [-76.562547175, 39.366835897], [-76.5626171759999, 39.366723897], [-76.565338176, 39.367742897], [-76.5660821769999, 39.3679658980001], [-76.566663177, 39.368171897], [-76.5670731769999, 39.3683088980001], [-76.5672061769999, 39.368369897], [-76.567645178, 39.368516898], [-76.567940177, 39.368590898], [-76.568123177, 39.3686248980001], [-76.568325178, 39.368632897], [-76.568540178, 39.368638898], [-76.568954177, 39.368614897], [-76.5693881779999, 39.3686028980001], [-76.569442178, 39.3686068980001], [-76.569845178, 39.3685918970001], [-76.5700831779999, 39.368571897], [-76.570306178, 39.3685428970001], [-76.571421178, 39.368456897], [-76.573008179, 39.3685178970001], [-76.573565179, 39.368546897], [-76.572989179, 39.3692108970001], [-76.572734179, 39.3694948970001], [-76.5724261789999, 39.3697958980001], [-76.572140179, 39.3700458980001], [-76.5717231789999, 39.370440898], [-76.570220179, 39.3719338980001], [-76.5701021789999, 39.3720468980001], [-76.569999179, 39.372128898], [-76.5697511779999, 39.372121898], [-76.5693901779999, 39.3721128980001], [-76.567245177, 39.3721118980001], [-76.566444178, 39.372126898], [-76.561790176, 39.3722128980001]]]}, "properties": {"FIPS": "24510270701", "nmtc_class": "Severe Distress", "qualifies": "YES", "poverty_pct": 15.8, "income_pct_benchmark": 0.489346819170054, "unemployment_ratio": 0.6111111044883728, "metro": "Metro"}}, {"type": "Feature", "geometry": {"type": "Polygon", "coordinates": [[[-76.61718419, 39.3320308890001], [-76.6162751909999, 39.331480888], [-76.61622319, 39.3315348880001], [-76.61510319, 39.3308378880001], [-76.61487319, 39.3306858880001], [-76.6136481889999, 39.329929888], [-76.613591189, 39.3295128880001], [-76.613548189, 39.3284078880001], [-76.6135391889999, 39.328178888], [-76.6133351889999, 39.3259218870001], [-76.6133121889999, 39.3246508870001], [-76.613228189, 39.3233888870001], [-76.613908189, 39.3233728870001], [-76.615175189, 39.323312887], [-76.6157451889999, 39.323294887], [-76.61653519, 39.323249887], [-76.61717419, 39.3232148870001], [-76.61736619, 39.3232148870001], [-76.619595191, 39.323114886], [-76.619914191, 39.323112886], [-76.6199881909999, 39.3231178870001], [-76.620070191, 39.323136887], [-76.620094191, 39.323156887], [-76.620116191, 39.323159887], [-76.620188191, 39.3240418870001], [-76.620223191, 39.3241738860001], [-76.620256191, 39.324279887], [-76.620404191, 39.3244998860001], [-76.6205551909999, 39.3246948870001], [-76.6212271909999, 39.325003887], [-76.621483191, 39.325095887], [-76.621983192, 39.3253018870001], [-76.622044192, 39.3253278870001], [-76.6221261919999, 39.325377887], [-76.6222811919999, 39.325495887], [-76.6228251919999, 39.326153887], [-76.6229121919999, 39.3262698870001], [-76.622986192, 39.3263448870001], [-76.6230511919999, 39.3263898870001], [-76.6231591919999, 39.326448887], [-76.6232441919999, 39.3264758870001], [-76.623337192, 39.3264828870001], [-76.6234301919999, 39.3264738870001], [-76.623559192, 39.326439887], [-76.6244451919999, 39.325997887], [-76.624701192, 39.325880886], [-76.6250041929999, 39.3257528870001], [-76.625350193, 39.326231887], [-76.625111192, 39.326488887], [-76.6250071919999, 39.3268818870001], [-76.6249791929999, 39.3271748870001], [-76.624975193, 39.3278318870001], [-76.625022193, 39.3281498870001], [-76.625077193, 39.328377887], [-76.625198193, 39.328755888], [-76.6252961929999, 39.329370887], [-76.625358193, 39.3296728880001], [-76.6254301929999, 39.329883888], [-76.625554193, 39.3300788880001], [-76.625668193, 39.3302988880001], [-76.625783193, 39.330539888], [-76.6258551929999, 39.330713888], [-76.625915193, 39.330960888], [-76.6259191939999, 39.331165888], [-76.625789193, 39.3312658880001], [-76.6255411929999, 39.3313558880001], [-76.625058193, 39.3314698880001], [-76.624849193, 39.331549888], [-76.624629193, 39.331702888], [-76.624430193, 39.331887888], [-76.624314193, 39.332065888], [-76.624220193, 39.3322358880001], [-76.6241881929999, 39.332388888], [-76.6242181929999, 39.3325758880001], [-76.624227193, 39.3327618880001], [-76.6241951929999, 39.3329318880001], [-76.624153193, 39.3330928880001], [-76.623963193, 39.3333918880001], [-76.623847193, 39.333617888], [-76.6237621929999, 39.333941888], [-76.624026193, 39.3364868890001], [-76.6237171929999, 39.3362888890001], [-76.623457193, 39.336120889], [-76.623251193, 39.335985889], [-76.623172193, 39.335932889], [-76.6221271919999, 39.3352458890001], [-76.620637191, 39.334248889], [-76.620097192, 39.3338958890001], [-76.619319191, 39.3334058880001], [-76.618150191, 39.332612888], [-76.617980191, 39.332487889], [-76.617757191, 39.3323448880001], [-76.61718419, 39.3320308890001]]]}, "properties": {"FIPS": "24510120202", "nmtc_class": "Severe Distress", "qualifies": "YES", "poverty_pct": 28.5, "income_pct_benchmark": 1.00829000850742, "unemployment_ratio": 1.8888888359069824, "metro": "Metro"}}, {"type": "Feature", "geometry": {"type": "Polygon", "coordinates": [[[-76.5296881619999, 39.32487889], [-76.5296881619999, 39.3232718900001], [-76.5296881619999, 39.319682889], [-76.529973163, 39.319572889], [-76.529973163, 39.317833888], [-76.529735162, 39.317831889], [-76.529745162, 39.317475888], [-76.529994163, 39.317469889], [-76.529995162, 39.317142888], [-76.529755162, 39.317119889], [-76.5296291619999, 39.316775888], [-76.529777162, 39.316276889], [-76.5297861619999, 39.314373888], [-76.529788162, 39.3103988880001], [-76.530557162, 39.3098668870001], [-76.530980163, 39.3095888870001], [-76.5317211619999, 39.3090728870001], [-76.5323481629999, 39.308675887], [-76.532921163, 39.308301886], [-76.5341701629999, 39.3074078860001], [-76.534357163, 39.3072958860001], [-76.5347091639999, 39.307058887], [-76.535394163, 39.3065828860001], [-76.5358531639999, 39.3062878860001], [-76.536413163, 39.3059698860001], [-76.537212164, 39.3056088860001], [-76.537895164, 39.305265886], [-76.539259165, 39.304636886], [-76.5397201649999, 39.304451886], [-76.540725165, 39.3041288850001], [-76.541696166, 39.3038538860001], [-76.5429611659999, 39.303459885], [-76.546091167, 39.3025558850001], [-76.5453491659999, 39.303582885], [-76.544906166, 39.3042228850001], [-76.544700166, 39.304566886], [-76.5431201659999, 39.307359886], [-76.542820165, 39.3078428860001], [-76.542281166, 39.3088038860001], [-76.5414271659999, 39.310431887], [-76.541318165, 39.310585887], [-76.5412751659999, 39.3106228870001], [-76.540708165, 39.311718887], [-76.540476165, 39.3120928870001], [-76.540294165, 39.3124058870001], [-76.540031165, 39.312799888], [-76.539738165, 39.313183887], [-76.539476165, 39.313496888], [-76.538795165, 39.314260888], [-76.537667165, 39.315385888], [-76.536506164, 39.316547888], [-76.535296164, 39.3176888890001], [-76.5356531639999, 39.318010889], [-76.535708164, 39.318087888], [-76.535706164, 39.3182968890001], [-76.535641164, 39.318577888], [-76.535626164, 39.318823888], [-76.535648164, 39.318933889], [-76.5356741639999, 39.318990888], [-76.535723164, 39.3190368890001], [-76.535824164, 39.3190958880001], [-76.535864164, 39.3191498890001], [-76.5358751639999, 39.319233888], [-76.535862165, 39.3192918890001], [-76.535783164, 39.319408889], [-76.535736164, 39.3194638890001], [-76.535510164, 39.319595889], [-76.5348871639999, 39.3199138890001], [-76.534824164, 39.319967889], [-76.534787164, 39.3200298890001], [-76.534744164, 39.320177889], [-76.534714164, 39.3203928890001], [-76.5346841639999, 39.320429889], [-76.534633164, 39.320465889], [-76.534577164, 39.3205288890001], [-76.5345481639999, 39.320598889], [-76.534470164, 39.320992889], [-76.5344621639999, 39.321188889], [-76.534472164, 39.321232889], [-76.534497164, 39.32127289], [-76.5346191639999, 39.321369889], [-76.534641164, 39.3214018890001], [-76.534666164, 39.3214688890001], [-76.534673164, 39.3216478890001], [-76.5346391639999, 39.321820889], [-76.5345491639999, 39.322066889], [-76.5344161639999, 39.32231389], [-76.534331164, 39.3224178900001], [-76.534170164, 39.3225748890001], [-76.534109164, 39.3226178890001], [-76.533959164, 39.322693889], [-76.5338301639999, 39.322792889], [-76.533712164, 39.3229068900001], [-76.5336231639999, 39.3231408890001], [-76.533591163, 39.32327989], [-76.533545163, 39.3233338900001], [-76.533462164, 39.3233908890001], [-76.533406164, 39.32341489], [-76.5333541639999, 39.323465889], [-76.533320163, 39.3235208890001], [-76.533225164, 39.32362289], [-76.533217163, 39.3236708900001], [-76.533238164, 39.32382189], [-76.533216164, 39.32389289], [-76.533190164, 39.32391489], [-76.533076164, 39.3239398900001], [-76.532987164, 39.3239398900001], [-76.5328811639999, 39.32391389], [-76.532764164, 39.3239018890001], [-76.532633163, 39.32390389], [-76.532559164, 39.32394889], [-76.5324561639999, 39.32404589], [-76.532419164, 39.3241018900001], [-76.5323891639999, 39.32427489], [-76.5323841639999, 39.3243968900001], [-76.5323901639999, 39.32447189], [-76.5324121629999, 39.3245758900001], [-76.532467164, 39.3247308900001], [-76.532669163, 39.32504089], [-76.5330221629999, 39.32563989], [-76.5332851639999, 39.32606989], [-76.5335101639999, 39.3263548900001], [-76.533527164, 39.32641389], [-76.533564164, 39.3266698910001], [-76.533593164, 39.32676889], [-76.533687164, 39.32694489], [-76.533701164, 39.327032891], [-76.5336931639999, 39.327098891], [-76.533663164, 39.3271608900001], [-76.533652164, 39.327216891], [-76.533655164, 39.3272738910001], [-76.5336281639999, 39.327440891], [-76.5336281639999, 39.3275038900001], [-76.533660164, 39.327580891], [-76.5338081639999, 39.32779989], [-76.534106164, 39.3283028910001], [-76.5341461639999, 39.328363891], [-76.534154165, 39.3283998900001], [-76.534152164, 39.3284248910001], [-76.534098165, 39.3285508910001], [-76.534085164, 39.3286648910001], [-76.534114164, 39.328900891], [-76.5330821639999, 39.3301258910001], [-76.532979164, 39.330565891], [-76.531859164, 39.3307648910001], [-76.5304501639999, 39.331020891], [-76.5296871629999, 39.331157891], [-76.5296881629999, 39.3290978910001], [-76.529736163, 39.32679389], [-76.529761163, 39.32600889], [-76.5296881619999, 39.32487889]]]}, "properties": {"FIPS": "24510260403", "nmtc_class": "Severe Distress", "qualifies": "YES", "poverty_pct": 24.3, "income_pct_benchmark": 0.593477644389829, "unemployment_ratio": 0.7037037014961243, "metro": "Metro"}}, {"type": "Feature", "geometry": {"type": "Polygon", "coordinates": [[[-76.586606183, 39.3660478960001], [-76.5859801829999, 39.366028896], [-76.585775183, 39.366029897], [-76.5855121829999, 39.3660468960001], [-76.5856241829999, 39.365851896], [-76.585796183, 39.3655288960001], [-76.585882182, 39.3653468960001], [-76.585979182, 39.3651178960001], [-76.586062183, 39.364955896], [-76.586157183, 39.364746896], [-76.5863111829999, 39.364388896], [-76.586360183, 39.364295896], [-76.587288183, 39.3623078960001], [-76.587480183, 39.361890895], [-76.5875801829999, 39.361648895], [-76.587756183, 39.361288895], [-76.5878921839999, 39.3609778960001], [-76.588999184, 39.3587518950001], [-76.589292184, 39.3581028940001], [-76.5894671839999, 39.357685894], [-76.5895411829999, 39.3574878950001], [-76.589584184, 39.357322895], [-76.589617183, 39.357124894], [-76.589641184, 39.356947894], [-76.589655184, 39.3567718940001], [-76.5896511839999, 39.3565528940001], [-76.589637183, 39.356329894], [-76.5895631829999, 39.3554258940001], [-76.5900381829999, 39.355344894], [-76.5902311839999, 39.3552908940001], [-76.5905011839999, 39.3551948940001], [-76.5907441839999, 39.3550878940001], [-76.5909351829999, 39.354986894], [-76.5916541839999, 39.354577894], [-76.5918521839999, 39.3544828940001], [-76.592138184, 39.354374894], [-76.592566184, 39.3542578930001], [-76.592781185, 39.3542098940001], [-76.593044184, 39.3541698930001], [-76.593328185, 39.3541388940001], [-76.5943481849999, 39.3540958930001], [-76.594668185, 39.354082894], [-76.5946901839999, 39.354167894], [-76.5947011849999, 39.3542498940001], [-76.5947771849999, 39.354624894], [-76.5948461849999, 39.354808894], [-76.5950231849999, 39.355226894], [-76.595104185, 39.3554028940001], [-76.595174185, 39.355526894], [-76.595345185, 39.355755894], [-76.595426185, 39.3558318940001], [-76.5955421849999, 39.355956894], [-76.595628185, 39.356062894], [-76.5957011849999, 39.3561688940001], [-76.595775185, 39.356317894], [-76.595936185, 39.356564894], [-76.595977185, 39.3565738940001], [-76.596034185, 39.356602894], [-76.596136185, 39.356666894], [-76.5964901849999, 39.3569818940001], [-76.596615186, 39.357102894], [-76.5967161849999, 39.3572268940001], [-76.596816186, 39.357325894], [-76.596946186, 39.3574728940001], [-76.597287186, 39.3579208940001], [-76.597414186, 39.3580568950001], [-76.597644186, 39.3583738940001], [-76.597754186, 39.358542894], [-76.597976186, 39.3590798940001], [-76.5980801859999, 39.3595678950001], [-76.5981041859999, 39.359916895], [-76.5981041859999, 39.359979894], [-76.5981521859999, 39.3600608950001], [-76.5981651859999, 39.360095894], [-76.5981641859999, 39.360175895], [-76.5981261859999, 39.360320894], [-76.598094187, 39.360360894], [-76.5980791869999, 39.360412895], [-76.598086186, 39.360472894], [-76.598114186, 39.360567894], [-76.598195186, 39.360738895], [-76.598217187, 39.360807895], [-76.598207187, 39.360860895], [-76.5982191859999, 39.3609598950001], [-76.598248187, 39.3610688950001], [-76.598232187, 39.3612518950001], [-76.598232187, 39.361354895], [-76.598228187, 39.361397895], [-76.5981751859999, 39.361492895], [-76.598137186, 39.3616558950001], [-76.598137186, 39.361716895], [-76.598180186, 39.3619238950001], [-76.598157186, 39.362162895], [-76.598097186, 39.3623528950001], [-76.598037187, 39.3624648950001], [-76.597985186, 39.3626198950001], [-76.597977187, 39.362792895], [-76.597962186, 39.3628528950001], [-76.597951187, 39.3628758950001], [-76.597894187, 39.362927895], [-76.597864187, 39.362941896], [-76.597845186, 39.362973895], [-76.597845186, 39.363045895], [-76.597885186, 39.3631478950001], [-76.598043187, 39.3633668950001], [-76.598065186, 39.363417896], [-76.598086186, 39.3635248950001], [-76.5981071859999, 39.3635908950001], [-76.598114187, 39.3636568960001], [-76.598155187, 39.3637488950001], [-76.5981731859999, 39.3638408950001], [-76.5982131869999, 39.363946895], [-76.5982611859999, 39.364004895], [-76.5983271859999, 39.364053895], [-76.598382187, 39.3640838960001], [-76.5984451859999, 39.3641358950001], [-76.598497187, 39.3641558950001], [-76.598519187, 39.3641738960001], [-76.598534187, 39.3642018960001], [-76.5985481859999, 39.364247896], [-76.5985511869999, 39.3643098950001], [-76.598536187, 39.3644188960001], [-76.598536187, 39.364505895], [-76.5986201869999, 39.364577895], [-76.598628187, 39.3646088950001], [-76.598712187, 39.364732895], [-76.5987531869999, 39.3647478950001], [-76.598860186, 39.364756895], [-76.598886187, 39.364770895], [-76.598930187, 39.3648948960001], [-76.598966187, 39.364966896], [-76.599058187, 39.3650758960001], [-76.5991171869999, 39.3651738950001], [-76.599154187, 39.365247896], [-76.599197187, 39.365379896], [-76.599213187, 39.3655488960001], [-76.599285187, 39.365919896], [-76.598592187, 39.3660608960001], [-76.597678187, 39.366261896], [-76.5967961869999, 39.3664738960001], [-76.595310185, 39.3668098960001], [-76.5948691849999, 39.3669028960001], [-76.594490185, 39.3669618960001], [-76.594273186, 39.3669868960001], [-76.593850185, 39.3670138960001], [-76.5937131859999, 39.367016896], [-76.593339186, 39.3670088960001], [-76.593003185, 39.3669838960001], [-76.5927871849999, 39.3669588970001], [-76.592309185, 39.366883896], [-76.5921431849999, 39.3668498960001], [-76.590634184, 39.366610897], [-76.588955184, 39.366316897], [-76.5877151829999, 39.366168896], [-76.587498183, 39.3661348960001], [-76.587237183, 39.3661098960001], [-76.5869711829999, 39.366074896], [-76.586606183, 39.3660478960001]]]}, "properties": {"FIPS": "24510270802", "nmtc_class": "Severe Distress", "qualifies": "YES", "poverty_pct": 19.1, "income_pct_benchmark": 0.532583419982985, "unemployment_ratio": 1.9444444179534912, "metro": "Metro"}}, {"type": "Feature", "geometry": {"type": "Polygon", "coordinates": [[[-76.578280177, 39.3025568840001], [-76.5797061769999, 39.3024898840001], [-76.5797501769999, 39.3031428840001], [-76.5797871769999, 39.3038188840001], [-76.579854177, 39.3048968840001], [-76.5798831769999, 39.3054178840001], [-76.5799031769999, 39.3056628840001], [-76.579923177, 39.3059488850001], [-76.579959177, 39.306477885], [-76.580012177, 39.307543885], [-76.5801051779999, 39.309067885], [-76.578680177, 39.3091448850001], [-76.577735177, 39.309182885], [-76.5768231769999, 39.309201885], [-76.575877176, 39.309248885], [-76.574890176, 39.309278885], [-76.573998175, 39.3093158850001], [-76.573048176, 39.3093458860001], [-76.573037175, 39.308331885], [-76.573018175, 39.307286885], [-76.572988175, 39.306194885], [-76.5729811749999, 39.305157885], [-76.572970175, 39.3048538840001], [-76.5728461749999, 39.303535884], [-76.572795175, 39.302728884], [-76.576207176, 39.302616884], [-76.576882176, 39.3026008840001], [-76.578280177, 39.3025568840001]]]}, "properties": {"FIPS": "24510080302", "nmtc_class": "Severe Distress", "qualifies": "YES", "poverty_pct": 26.7, "income_pct_benchmark": 0.544248038566972, "unemployment_ratio": 1.5185185670852661, "metro": "Metro"}}, {"type": "Feature", "geometry": {"type": "Polygon", "coordinates": [[[-76.562746171, 39.2916028830001], [-76.5626621709999, 39.290468882], [-76.562580171, 39.288823882], [-76.5625491709999, 39.2883588810001], [-76.562515171, 39.287832881], [-76.5634271709999, 39.2878028820001], [-76.565369172, 39.2877158810001], [-76.566588172, 39.287673881], [-76.569093173, 39.2875728810001], [-76.569216173, 39.289425882], [-76.569260173, 39.2902068820001], [-76.569308173, 39.290874882], [-76.569322173, 39.2911058820001], [-76.569336173, 39.291343882], [-76.569371174, 39.291764882], [-76.5693871729999, 39.2919628820001], [-76.569415173, 39.292494882], [-76.567552172, 39.292575882], [-76.566571172, 39.2926078830001], [-76.565703172, 39.292648882], [-76.562829171, 39.292761883], [-76.562793171, 39.292255883], [-76.562746171, 39.2916028830001]]]}, "properties": {"FIPS": "24510260800", "nmtc_class": "Severe Distress", "qualifies": "YES", "poverty_pct": 18.4, "income_pct_benchmark": 0.452112676056338, "unemployment_ratio": 0.18518517911434174, "metro": "Metro"}}, {"type": "Feature", "geometry": {"type": "Polygon", "coordinates": [[[-76.672984205, 39.2858128770001], [-76.6728892049999, 39.2858098770001], [-76.672687205, 39.2858128770001], [-76.672318205, 39.2858398770001], [-76.672277205, 39.2848678770001], [-76.672187204, 39.2838948770001], [-76.6721252039999, 39.281937876], [-76.672121204, 39.281499876], [-76.672134205, 39.281283876], [-76.672169205, 39.281094876], [-76.672723205, 39.281414876], [-76.675534206, 39.282830877], [-76.675861206, 39.282987876], [-76.676048206, 39.283070877], [-76.676210206, 39.2831308770001], [-76.677288206, 39.2834258770001], [-76.678565207, 39.2837478760001], [-76.679685207, 39.283978877], [-76.680815207, 39.284156876], [-76.6780992069999, 39.286631877], [-76.677955207, 39.2867598770001], [-76.6763702059999, 39.2881728770001], [-76.6762812059999, 39.2881148770001], [-76.675600206, 39.287692877], [-76.674945206, 39.2872578770001], [-76.674156205, 39.286636877], [-76.673910205, 39.286455877], [-76.673486205, 39.286119877], [-76.673237206, 39.285911877], [-76.6731592049999, 39.285868877], [-76.6730672049999, 39.2858338770001], [-76.672984205, 39.2858128770001]]]}, "properties": {"FIPS": "24510200702", "nmtc_class": "Severe Distress", "qualifies": "YES", "poverty_pct": 21.0, "income_pct_benchmark": 0.449966915587485, "unemployment_ratio": 1.0185185670852661, "metro": "Metro"}}, {"type": "Feature", "geometry": {"type": "Polygon", "coordinates": [[[-76.628478189, 39.250164871], [-76.6280791889999, 39.2500388710001], [-76.6280281889999, 39.250133871], [-76.627937189, 39.2503388710001], [-76.627717189, 39.250867871], [-76.6274291889999, 39.2515878720001], [-76.6267471889999, 39.251422872], [-76.6266661889999, 39.2517878720001], [-76.626511189, 39.251827872], [-76.6263731889999, 39.2518398720001], [-76.6262601889999, 39.2518208720001], [-76.6261711879999, 39.2517888720001], [-76.6261021889999, 39.2517448720001], [-76.625973189, 39.251538872], [-76.625848188, 39.251308872], [-76.6250881879999, 39.2500818720001], [-76.625259188, 39.2500398720001], [-76.625353188, 39.250052871], [-76.626156188, 39.2503488720001], [-76.626494188, 39.2504658720001], [-76.626635189, 39.2504898710001], [-76.626716189, 39.250492872], [-76.6267811879999, 39.2504898710001], [-76.626917189, 39.2504668710001], [-76.627030189, 39.250432872], [-76.627080189, 39.250409872], [-76.627191188, 39.250340871], [-76.627242188, 39.250291871], [-76.627290189, 39.250230872], [-76.627480189, 39.2499328710001], [-76.627537189, 39.2498288720001], [-76.626766188, 39.249549871], [-76.6264151889999, 39.2494348710001], [-76.6261021889999, 39.2493448710001], [-76.625643188, 39.249169871], [-76.625400188, 39.2490898710001], [-76.6248911879999, 39.248872872], [-76.624788188, 39.2488418720001], [-76.624426187, 39.248751871], [-76.624017188, 39.2485958710001], [-76.623859188, 39.248524871], [-76.6233611869999, 39.248315871], [-76.623208188, 39.248246872], [-76.623003188, 39.248138871], [-76.622583187, 39.2478748720001], [-76.622470187, 39.2477878710001], [-76.621617187, 39.2472008710001], [-76.620889187, 39.246768871], [-76.620097186, 39.246337871], [-76.618826186, 39.2457578710001], [-76.6192031859999, 39.2450928710001], [-76.619498186, 39.244600871], [-76.619814186, 39.244151871], [-76.621190186, 39.24235387], [-76.621491186, 39.2419138700001], [-76.6217231859999, 39.2417098700001], [-76.623532187, 39.24183687], [-76.624319187, 39.24190887], [-76.624944187, 39.24197287], [-76.625322188, 39.2420308700001], [-76.625988188, 39.24215787], [-76.626231187, 39.24222487], [-76.626481188, 39.2423018700001], [-76.626653188, 39.24236087], [-76.6268731879999, 39.24244887], [-76.627237188, 39.2426138700001], [-76.627666189, 39.2428198700001], [-76.627987188, 39.24300387], [-76.628476189, 39.2433338700001], [-76.628672189, 39.24348087], [-76.6289621889999, 39.2437178700001], [-76.629332189, 39.2440758700001], [-76.629764189, 39.2445548700001], [-76.634111191, 39.2498528720001], [-76.634171191, 39.249965871], [-76.634499191, 39.2504428720001], [-76.634656191, 39.2506998710001], [-76.634883191, 39.251112871], [-76.634948191, 39.251270871], [-76.6350091909999, 39.251465872], [-76.6350471909999, 39.251648871], [-76.635084192, 39.2519698720001], [-76.635095191, 39.252185872], [-76.635076191, 39.2528258720001], [-76.635060191, 39.252945872], [-76.6350311909999, 39.253066872], [-76.635014191, 39.253202872], [-76.634995191, 39.253510872], [-76.6349571909999, 39.253740872], [-76.6348751909999, 39.2543398720001], [-76.634767191, 39.254972872], [-76.634652192, 39.2555938720001], [-76.634360192, 39.256758872], [-76.634193191, 39.2572908730001], [-76.6339651919999, 39.257921873], [-76.633759191, 39.2584328730001], [-76.633710191, 39.2586058730001], [-76.6334101909999, 39.258235873], [-76.633197191, 39.2580088730001], [-76.633057191, 39.257899873], [-76.632770191, 39.2577388730001], [-76.632946191, 39.257446873], [-76.633084191, 39.2572348730001], [-76.633182191, 39.257098872], [-76.633573191, 39.2566368730001], [-76.6338581909999, 39.2563268720001], [-76.634005191, 39.2561568720001], [-76.634155192, 39.2559068730001], [-76.634269191, 39.2556188720001], [-76.634299192, 39.255477872], [-76.634315191, 39.2552998720001], [-76.634313191, 39.255117872], [-76.6342901909999, 39.2549658720001], [-76.634208191, 39.254616872], [-76.634052191, 39.2540708720001], [-76.634026191, 39.253938872], [-76.6338791909999, 39.253396872], [-76.6337441909999, 39.2529848720001], [-76.633691191, 39.2528748720001], [-76.63362819, 39.252748872], [-76.633448191, 39.252429872], [-76.633286191, 39.2522018720001], [-76.63314719, 39.252051872], [-76.63287019, 39.2517738710001], [-76.632744191, 39.251662872], [-76.6326031899999, 39.251551872], [-76.6320591899999, 39.2512038720001], [-76.63194319, 39.2511348720001], [-76.6318341899999, 39.251082872], [-76.63140319, 39.2509148720001], [-76.63122319, 39.250853872], [-76.62978419, 39.250500872], [-76.629371189, 39.250388871], [-76.628478189, 39.250164871]]]}, "properties": {"FIPS": "24510250204", "nmtc_class": "Severe Distress", "qualifies": "YES", "poverty_pct": 57.4, "income_pct_benchmark": 0.16883448341053, "unemployment_ratio": 3.7962963581085205, "metro": "Metro"}}, {"type": "Feature", "geometry": {"type": "Polygon", "coordinates": [[[-76.694015211, 39.280882875], [-76.6944032119999, 39.280297875], [-76.694548211, 39.280070875], [-76.6945862119999, 39.279997875], [-76.6946092109999, 39.279909875], [-76.694664212, 39.2795168750001], [-76.6946352109999, 39.2793818750001], [-76.695316212, 39.278514875], [-76.695637212, 39.278082875], [-76.695726212, 39.277947875], [-76.695760212, 39.277845875], [-76.695766212, 39.277703875], [-76.6957282119999, 39.2775578750001], [-76.695679212, 39.277434874], [-76.695154211, 39.276359875], [-76.6941562109999, 39.275301874], [-76.694088211, 39.275232874], [-76.693896211, 39.2749548740001], [-76.693817211, 39.274802874], [-76.6936202109999, 39.2743658740001], [-76.6929242109999, 39.272503874], [-76.6927682099999, 39.2720708730001], [-76.69268221, 39.271831874], [-76.693443211, 39.271833873], [-76.694528211, 39.2718488740001], [-76.695069211, 39.2718788730001], [-76.6953732109999, 39.271917874], [-76.695997212, 39.2720478730001], [-76.697412212, 39.272393873], [-76.698894212, 39.272712874], [-76.7011942139999, 39.2737128740001], [-76.709100216, 39.2770258740001], [-76.710521216, 39.277644874], [-76.711056216, 39.2778968740001], [-76.709841216, 39.278366874], [-76.708946216, 39.2787208740001], [-76.708295215, 39.278963874], [-76.7076272159999, 39.2792268740001], [-76.707270215, 39.2793878750001], [-76.707032216, 39.2795178740001], [-76.706766215, 39.2797038750001], [-76.706583215, 39.2798628740001], [-76.706402215, 39.2800578740001], [-76.705907215, 39.2805498750001], [-76.705724216, 39.280697875], [-76.7056052149999, 39.280770875], [-76.705497215, 39.2808208750001], [-76.705384215, 39.280850875], [-76.705254215, 39.2808728750001], [-76.7050372149999, 39.2808878750001], [-76.704864215, 39.2808918750001], [-76.7032342139999, 39.2808498750001], [-76.702933215, 39.2808528750001], [-76.702642214, 39.2808648750001], [-76.702113214, 39.2809098750001], [-76.701390213, 39.2809848750001], [-76.700357214, 39.2811128750001], [-76.699887213, 39.281176875], [-76.6990142129999, 39.281281875], [-76.698547213, 39.2813188750001], [-76.6980482129999, 39.2813418750001], [-76.696917212, 39.2813608750001], [-76.695719212, 39.281398875], [-76.694841212, 39.281420875], [-76.694574211, 39.281423875], [-76.693684212, 39.2814508750001], [-76.694015211, 39.280882875]]]}, "properties": {"FIPS": "24510250101", "nmtc_class": "Distressed", "qualifies": "YES", "poverty_pct": 9.3, "income_pct_benchmark": 0.631713772568296, "unemployment_ratio": 0.3888888955116272, "metro": "Metro"}}, {"type": "Feature", "geometry": {"type": "Polygon", "coordinates": [[[-76.5877321789999, 39.2965268820001], [-76.587710179, 39.296240882], [-76.587648179, 39.295413882], [-76.587586179, 39.2942158820001], [-76.587520179, 39.293298882], [-76.5875061789999, 39.292894882], [-76.5874161789999, 39.291820881], [-76.588232179, 39.291796882], [-76.589203179, 39.291754881], [-76.59047018, 39.2916868820001], [-76.5917791799999, 39.2916238810001], [-76.59328218, 39.291567881], [-76.593946181, 39.291549881], [-76.593994181, 39.292079882], [-76.5940311809999, 39.2926398810001], [-76.5940741809999, 39.2932948810001], [-76.5941191809999, 39.293975882], [-76.5941871809999, 39.2952998820001], [-76.594314181, 39.296300882], [-76.5943651809999, 39.297305882], [-76.5944101809999, 39.2983808820001], [-76.593948181, 39.2983958830001], [-76.592380181, 39.298472882], [-76.591541181, 39.298525883], [-76.59087618, 39.2985318830001], [-76.59023718, 39.2985638820001], [-76.58871518, 39.2986208830001], [-76.587871179, 39.298654883], [-76.587782179, 39.297532883], [-76.5877321789999, 39.2965268820001]]]}, "properties": {"FIPS": "24510060400", "nmtc_class": "Severe Distress", "qualifies": "YES", "poverty_pct": 23.2, "income_pct_benchmark": 0.649437564987239, "unemployment_ratio": 2.0370371341705322, "metro": "Metro"}}, {"type": "Feature", "geometry": {"type": "Polygon", "coordinates": [[[-76.550433168, 39.316468888], [-76.550281169, 39.3164558880001], [-76.550138169, 39.3164718880001], [-76.5500401689999, 39.3164948880001], [-76.549894168, 39.3164998880001], [-76.549712169, 39.3164798880001], [-76.5493921679999, 39.3164348880001], [-76.5492571679999, 39.316394888], [-76.549071168, 39.316325888], [-76.549032168, 39.316304888], [-76.5489661679999, 39.316245888], [-76.548945168, 39.316200888], [-76.548926168, 39.3161178880001], [-76.548927168, 39.315947888], [-76.5489401679999, 39.3158958870001], [-76.549103169, 39.315188887], [-76.549195169, 39.3149518870001], [-76.549239168, 39.314775888], [-76.5493001679999, 39.3146388870001], [-76.5493241679999, 39.314421887], [-76.549401168, 39.314188888], [-76.5494171679999, 39.3141088880001], [-76.5494121679999, 39.313970887], [-76.549351168, 39.313747887], [-76.5493641689999, 39.313657887], [-76.5494981689999, 39.313432887], [-76.549646169, 39.3132668870001], [-76.5499781679999, 39.312866887], [-76.550122168, 39.312735887], [-76.550213168, 39.312619887], [-76.5502631679999, 39.312511887], [-76.550323169, 39.3122228870001], [-76.550389168, 39.3113258870001], [-76.5505791689999, 39.3113488870001], [-76.5506961679999, 39.3113688870001], [-76.550864168, 39.3114128870001], [-76.5510121679999, 39.3114378870001], [-76.5511681689999, 39.3114338870001], [-76.551510168, 39.3113758860001], [-76.5517961689999, 39.311294886], [-76.551940169, 39.3112158870001], [-76.552048169, 39.3111018870001], [-76.552104169, 39.3110068870001], [-76.552171169, 39.310959887], [-76.5526081689999, 39.310826886], [-76.552792169, 39.310759886], [-76.5529611689999, 39.310653887], [-76.553141169, 39.3105158860001], [-76.553369169, 39.310302887], [-76.55361217, 39.3101098860001], [-76.5540251689999, 39.3108148860001], [-76.5548561699999, 39.3104718860001], [-76.5560671699999, 39.310165887], [-76.5568101699999, 39.309993886], [-76.55779017, 39.309721886], [-76.558737171, 39.3094838860001], [-76.560538171, 39.309065886], [-76.5608591719999, 39.309023886], [-76.5612171719999, 39.3089938860001], [-76.5621191719999, 39.308976886], [-76.565480173, 39.308977885], [-76.5661641729999, 39.308936886], [-76.5666591729999, 39.3089678850001], [-76.567025174, 39.3090328860001], [-76.5673151729999, 39.309117886], [-76.568016174, 39.309300885], [-76.568352174, 39.3093538860001], [-76.5686171739999, 39.309386886], [-76.568847174, 39.3093938860001], [-76.569477174, 39.309379886], [-76.571738175, 39.3093738850001], [-76.573048176, 39.3093458860001], [-76.573096175, 39.310369886], [-76.573093176, 39.3116498860001], [-76.573144176, 39.313236886], [-76.573147175, 39.3143238860001], [-76.573139176, 39.3144818860001], [-76.572964176, 39.314449886], [-76.572759176, 39.314571887], [-76.572492175, 39.3145898870001], [-76.572197176, 39.314516886], [-76.5715781749999, 39.314109886], [-76.571097175, 39.313777886], [-76.570826175, 39.313615886], [-76.5706821749999, 39.313548886], [-76.570449174, 39.313458886], [-76.570317175, 39.313432886], [-76.5701851749999, 39.313416886], [-76.5696751739999, 39.3134248860001], [-76.5677151739999, 39.313538887], [-76.567542174, 39.313540886], [-76.5670211739999, 39.313547887], [-76.566409174, 39.313568887], [-76.565439173, 39.313589887], [-76.564513173, 39.3136018870001], [-76.5639841729999, 39.3136198870001], [-76.563813173, 39.313632887], [-76.563571173, 39.3136648870001], [-76.563281173, 39.3137178860001], [-76.563006172, 39.3137858870001], [-76.5625671729999, 39.3139328870001], [-76.5610821719999, 39.3145468870001], [-76.560696172, 39.314692887], [-76.560334172, 39.3148388870001], [-76.559944171, 39.3150168870001], [-76.559316172, 39.315322887], [-76.558419171, 39.315814887], [-76.557885171, 39.3161148880001], [-76.5571251709999, 39.316568888], [-76.556755171, 39.316806887], [-76.556499171, 39.316977888], [-76.5564091699999, 39.3170448880001], [-76.55502617, 39.3179638880001], [-76.5548751699999, 39.3178318880001], [-76.55482817, 39.3178018880001], [-76.5547431699999, 39.3177638880001], [-76.553475169, 39.3172868880001], [-76.5530111699999, 39.3171058880001], [-76.5526281689999, 39.316981888], [-76.55245217, 39.3168778880001], [-76.5523131699999, 39.3168158870001], [-76.5512591689999, 39.316627887], [-76.5509551689999, 39.3165888870001], [-76.550791169, 39.3165498880001], [-76.5505721689999, 39.316506888], [-76.550433168, 39.316468888]]]}, "properties": {"FIPS": "24510260303", "nmtc_class": "Severe Distress", "qualifies": "YES", "poverty_pct": 36.3, "income_pct_benchmark": 0.306787030910294, "unemployment_ratio": 0.35185185074806213, "metro": "Metro"}}, {"type": "Feature", "geometry": {"type": "Polygon", "coordinates": [[[-76.609487187, 39.3166468860001], [-76.6094921869999, 39.3162418850001], [-76.611278188, 39.3162808860001], [-76.611294188, 39.316565885], [-76.6120551879999, 39.3165288860001], [-76.612771188, 39.3165068850001], [-76.6134511879999, 39.316495886], [-76.614151189, 39.3164628850001], [-76.615304189, 39.3164208850001], [-76.615350189, 39.3171658850001], [-76.6154081889999, 39.317936886], [-76.615420189, 39.318231886], [-76.615528189, 39.319427886], [-76.615591189, 39.3207198860001], [-76.615667189, 39.322010886], [-76.6157451889999, 39.323294887], [-76.615175189, 39.323312887], [-76.613908189, 39.3233728870001], [-76.613228189, 39.3233888870001], [-76.6124541889999, 39.323426887], [-76.611138188, 39.323473887], [-76.609458188, 39.323450887], [-76.6094701869999, 39.3228328870001], [-76.609486187, 39.3221568870001], [-76.609521187, 39.321535887], [-76.609530188, 39.3211918860001], [-76.6095341879999, 39.320929887], [-76.609539188, 39.320283886], [-76.6095341879999, 39.3200198860001], [-76.609511187, 39.3195268860001], [-76.6094891879999, 39.319038886], [-76.609465187, 39.3181558860001], [-76.609466187, 39.318118885], [-76.609485187, 39.317123886], [-76.609487187, 39.3166468860001]]]}, "properties": {"FIPS": "24510120300", "nmtc_class": "Distressed", "qualifies": "YES", "poverty_pct": 25.3, "income_pct_benchmark": 0.678759807165139, "unemployment_ratio": 1.0555555820465088, "metro": "Metro"}}, {"type": "Feature", "geometry": {"type": "Polygon", "coordinates": [[[-76.648695198, 39.2881068780001], [-76.650097199, 39.2880368780001], [-76.650125198, 39.2887848780001], [-76.650166198, 39.289397879], [-76.650220199, 39.2899318780001], [-76.650232198, 39.2904848790001], [-76.6502811989999, 39.291202879], [-76.650339198, 39.292408879], [-76.650358199, 39.292811879], [-76.650385198, 39.2937058800001], [-76.6497251979999, 39.2937558790001], [-76.6462791969999, 39.2938668790001], [-76.6455221969999, 39.2939028800001], [-76.645504197, 39.29358188], [-76.645490197, 39.292998879], [-76.645450197, 39.292070879], [-76.645444197, 39.2917758790001], [-76.645423197, 39.291329879], [-76.645338196, 39.290159879], [-76.6452241969999, 39.2882358790001], [-76.645909197, 39.288200879], [-76.6469611969999, 39.2881558790001], [-76.647832197, 39.288131879], [-76.648695198, 39.2881068780001]]]}, "properties": {"FIPS": "24510200100", "nmtc_class": "Severe Distress", "qualifies": "YES", "poverty_pct": 42.1, "income_pct_benchmark": 0.322667548917667, "unemployment_ratio": 1.3518518209457397, "metro": "Metro"}}, {"type": "Feature", "geometry": {"type": "Polygon", "coordinates": [[[-76.5975991829999, 39.298258882], [-76.599143183, 39.298214882], [-76.599615183, 39.298190882], [-76.600076183, 39.2981788820001], [-76.601913184, 39.298114882], [-76.6029751839999, 39.298056882], [-76.604058185, 39.298008882], [-76.6042361849999, 39.2980008820001], [-76.605057185, 39.2979688820001], [-76.605891185, 39.297938882], [-76.606334185, 39.297919882], [-76.6065021849999, 39.298547882], [-76.606582185, 39.298995882], [-76.606814185, 39.299720882], [-76.607040185, 39.3005598820001], [-76.6072711849999, 39.3013688830001], [-76.6063911859999, 39.301421883], [-76.605667185, 39.301452882], [-76.6049081849999, 39.301498882], [-76.604187184, 39.301516883], [-76.603552184, 39.301561883], [-76.6027301839999, 39.301585883], [-76.601139184, 39.301651883], [-76.5993721829999, 39.3016898830001], [-76.597831182, 39.3017518830001], [-76.597741183, 39.3004098820001], [-76.597683182, 39.2993448830001], [-76.5975991829999, 39.298258882]]]}, "properties": {"FIPS": "24510100200", "nmtc_class": "Severe Distress", "qualifies": "YES", "poverty_pct": 57.3, "income_pct_benchmark": 0.13672369789205, "unemployment_ratio": 1.7222222089767456, "metro": "Metro"}}, {"type": "Feature", "geometry": {"type": "Polygon", "coordinates": [[[-76.637302195, 39.304284882], [-76.6368311949999, 39.303428882], [-76.637392195, 39.3034398820001], [-76.638248195, 39.303411882], [-76.6389691959999, 39.303385882], [-76.639678196, 39.303369881], [-76.640409196, 39.3033318820001], [-76.641118196, 39.303313882], [-76.6418051959999, 39.303315882], [-76.643219197, 39.303278882], [-76.6432201969999, 39.3032188810001], [-76.643907197, 39.3032038810001], [-76.644645197, 39.3031838810001], [-76.644692197, 39.3041148820001], [-76.644696197, 39.304270882], [-76.6447331969999, 39.304844882], [-76.6447711979999, 39.3053598820001], [-76.6447991969999, 39.3057818820001], [-76.644808198, 39.306296882], [-76.6448411979999, 39.3067348820001], [-76.644847198, 39.306922882], [-76.644888198, 39.307625882], [-76.644915198, 39.3080138820001], [-76.644948198, 39.308900883], [-76.645008198, 39.3099518830001], [-76.6443811979999, 39.3099928830001], [-76.644241198, 39.310004883], [-76.642516197, 39.310096883], [-76.6416211969999, 39.3093648830001], [-76.6407981959999, 39.3086648830001], [-76.640394196, 39.308307883], [-76.6397391959999, 39.307750883], [-76.639451196, 39.3075188830001], [-76.638825196, 39.306999882], [-76.638698196, 39.306783882], [-76.6384701959999, 39.3063448820001], [-76.638149196, 39.3057808820001], [-76.638035196, 39.3056048820001], [-76.637787195, 39.3051608820001], [-76.637473195, 39.304596882], [-76.637302195, 39.304284882]]]}, "properties": {"FIPS": "24510150100", "nmtc_class": "Severe Distress", "qualifies": "YES", "poverty_pct": 40.2, "income_pct_benchmark": 0.232942622176009, "unemployment_ratio": 1.5370370149612427, "metro": "Metro"}}, {"type": "Feature", "geometry": {"type": "Polygon", "coordinates": [[[-76.629905999, 39.2687750000001], [-76.628906999, 39.268519], [-76.6284841899999, 39.268627875], [-76.62746619, 39.2683988750001], [-76.62656319, 39.268208875], [-76.6264439989999, 39.268181], [-76.6263449999999, 39.268133], [-76.625857189, 39.2681968750001], [-76.62608619, 39.2678618750001], [-76.625633189, 39.267254875], [-76.625656189, 39.267169875], [-76.6257431889999, 39.2671388750001], [-76.625814742, 39.2671511520001], [-76.625823134, 39.2671525910001], [-76.625935189, 39.2671778750001], [-76.62609019, 39.267119875], [-76.6262101889999, 39.267027875], [-76.6263041889999, 39.266893875], [-76.626584189, 39.2665548750001], [-76.62671019, 39.266426875], [-76.62685419, 39.2661548740001], [-76.62685519, 39.2660368750001], [-76.626848189, 39.265979875], [-76.6268221889999, 39.2658978750001], [-76.62689619, 39.265655874], [-76.6269311899999, 39.265485875], [-76.626991189, 39.265398874], [-76.6270611889999, 39.265192874], [-76.62720719, 39.2651158740001], [-76.627487189, 39.2650858750001], [-76.627543079, 39.265071176], [-76.627601189, 39.265046875], [-76.62764319, 39.265003875], [-76.627688189, 39.264936874], [-76.62779319, 39.2648228740001], [-76.62799919, 39.264496874], [-76.62818219, 39.264272874], [-76.62820519, 39.264219874], [-76.62831794, 39.2640746240001], [-76.62841019, 39.264083874], [-76.62847329, 39.2639592720001], [-76.62853619, 39.2638058740001], [-76.6286421899999, 39.263607874], [-76.62878619, 39.2635378740001], [-76.62883819, 39.2634648740001], [-76.62888419, 39.263367874], [-76.6289091899999, 39.263237874], [-76.6289921899999, 39.263056874], [-76.62905319, 39.262826874], [-76.629098781, 39.2627821090001], [-76.62916569, 39.2627468750001], [-76.62919019, 39.262662874], [-76.6292021899999, 39.262559874], [-76.62926319, 39.262509874], [-76.62935219, 39.2624518740001], [-76.6295401899999, 39.2622718740001], [-76.62957019, 39.262218874], [-76.62955119, 39.2621688740001], [-76.6292861899999, 39.261989874], [-76.62921769, 39.261908374], [-76.6292491899999, 39.2618098740001], [-76.6293801899999, 39.261523873], [-76.6294461899999, 39.261357874], [-76.62961919, 39.261094873], [-76.629800191, 39.260762873], [-76.62995619, 39.2605188730001], [-76.63002619, 39.2603728730001], [-76.63014419, 39.2602368730001], [-76.6303506899999, 39.259744373], [-76.63044919, 39.259633873], [-76.6305241899999, 39.2595818730001], [-76.6307021909999, 39.259558874], [-76.6308871909999, 39.259568874], [-76.63099219, 39.259525873], [-76.631036191, 39.259458873], [-76.6310491899999, 39.259343873], [-76.63103719, 39.259209873], [-76.6310001909999, 39.259118873], [-76.6309581909999, 39.2590568730001], [-76.63085919, 39.259003873], [-76.630564191, 39.2589458730001], [-76.63020919, 39.258884873], [-76.63009219, 39.2588318730001], [-76.6319481909999, 39.2575478730001], [-76.632272191, 39.257604873], [-76.632770191, 39.2577388730001], [-76.633057191, 39.257899873], [-76.633197191, 39.2580088730001], [-76.6334101909999, 39.258235873], [-76.633710191, 39.2586058730001], [-76.633759191, 39.2584328730001], [-76.6339651919999, 39.257921873], [-76.634193191, 39.2572908730001], [-76.634360192, 39.256758872], [-76.634652192, 39.2555938720001], [-76.634767191, 39.254972872], [-76.6348751909999, 39.2543398720001], [-76.6349571909999, 39.253740872], [-76.634995191, 39.253510872], [-76.635014191, 39.253202872], [-76.6350311909999, 39.253066872], [-76.635060191, 39.252945872], [-76.635076191, 39.2528258720001], [-76.635095191, 39.252185872], [-76.635084192, 39.2519698720001], [-76.6350471909999, 39.251648871], [-76.6350091909999, 39.251465872], [-76.634948191, 39.251270871], [-76.634883191, 39.251112871], [-76.634656191, 39.2506998710001], [-76.634499191, 39.2504428720001], [-76.634171191, 39.249965871], [-76.634111191, 39.2498528720001], [-76.636359192, 39.2524628720001], [-76.638465192, 39.2550348720001], [-76.639289193, 39.255986873], [-76.639913193, 39.2567468720001], [-76.640217193, 39.2570998730001], [-76.6405581929999, 39.257471873], [-76.640903193, 39.257813873], [-76.640999193, 39.257898873], [-76.641351194, 39.258191873], [-76.641781194, 39.2584988730001], [-76.642059194, 39.258686873], [-76.642444194, 39.258919873], [-76.642705194, 39.2590608730001], [-76.643353194, 39.2593828730001], [-76.643656194, 39.2595128730001], [-76.644062194, 39.259655873], [-76.6445641939999, 39.2598228730001], [-76.6448951949999, 39.2599178730001], [-76.645672195, 39.260088873], [-76.646191195, 39.260178873], [-76.6465141949999, 39.260224873], [-76.646802195, 39.2602568730001], [-76.647275196, 39.260290873], [-76.647896196, 39.2603218730001], [-76.648861196, 39.2603218730001], [-76.649836197, 39.2603218730001], [-76.648392196, 39.2615128730001], [-76.646037195, 39.2633108730001], [-76.644074195, 39.264835874], [-76.6426931939999, 39.2659218740001], [-76.640525194, 39.2676128740001], [-76.638876193, 39.268945875], [-76.638682193, 39.2690798750001], [-76.638225193, 39.269435875], [-76.637332193, 39.2701478750001], [-76.636525193, 39.270031875], [-76.635367192, 39.269890875], [-76.634442193, 39.269737875], [-76.633934192, 39.2696348750001], [-76.6334741909999, 39.269552875], [-76.6321461909999, 39.269307875], [-76.631863191, 39.2692498750001], [-76.631144191, 39.269081875], [-76.629972191, 39.2688218750001], [-76.629905999, 39.2687750000001]]]}, "properties": {"FIPS": "24510250301", "nmtc_class": "Severe Distress", "qualifies": "YES", "poverty_pct": 47.1, "income_pct_benchmark": 0.245599773135457, "unemployment_ratio": 4.277777671813965, "metro": "Metro"}}, {"type": "Feature", "geometry": {"type": "Polygon", "coordinates": [[[-76.6838172079999, 39.276597875], [-76.683716208, 39.276575875], [-76.683583208, 39.276576875], [-76.685394209, 39.2755128750001], [-76.688194209, 39.274512874], [-76.6894562099999, 39.2721238730001], [-76.6900122099999, 39.2720258730001], [-76.6909002099999, 39.271895874], [-76.69145021, 39.271859873], [-76.69268221, 39.271831874], [-76.6927682099999, 39.2720708730001], [-76.6929242109999, 39.272503874], [-76.6936202109999, 39.2743658740001], [-76.693817211, 39.274802874], [-76.693896211, 39.2749548740001], [-76.694088211, 39.275232874], [-76.6941562109999, 39.275301874], [-76.695154211, 39.276359875], [-76.695679212, 39.277434874], [-76.6957282119999, 39.2775578750001], [-76.695766212, 39.277703875], [-76.695760212, 39.277845875], [-76.695726212, 39.277947875], [-76.695637212, 39.278082875], [-76.695316212, 39.278514875], [-76.6946352109999, 39.2793818750001], [-76.694664212, 39.2795168750001], [-76.6946092109999, 39.279909875], [-76.6945862119999, 39.279997875], [-76.694548211, 39.280070875], [-76.6944032119999, 39.280297875], [-76.694015211, 39.280882875], [-76.693684212, 39.2814508750001], [-76.693337211, 39.281461875], [-76.692933211, 39.2814768750001], [-76.69193121, 39.281508875], [-76.6906672109999, 39.2815208750001], [-76.68949521, 39.2815618760001], [-76.68852421, 39.2816078760001], [-76.6867082099999, 39.281663876], [-76.6856122089999, 39.281686875], [-76.685508209, 39.279482875], [-76.685503209, 39.2788478750001], [-76.685526209, 39.278782875], [-76.685557209, 39.278722875], [-76.685641209, 39.278588875], [-76.6859052089999, 39.278227875], [-76.6849392079999, 39.277454875], [-76.684611208, 39.2771538750001], [-76.6842912079999, 39.276911875], [-76.683896208, 39.2766348750001], [-76.6838172079999, 39.276597875]]]}, "properties": {"FIPS": "24510250102", "nmtc_class": "Severe Distress", "qualifies": "YES", "poverty_pct": 6.0, "income_pct_benchmark": 0.534956044994801, "unemployment_ratio": 0.7037037014961243, "metro": "Metro"}}, {"type": "Feature", "geometry": {"type": "Polygon", "coordinates": [[[-76.607539188, 39.334490889], [-76.607550188, 39.3340538890001], [-76.6071491879999, 39.334068889], [-76.606765188, 39.3340998890001], [-76.605881187, 39.3341928890001], [-76.6046321859999, 39.334334889], [-76.604487187, 39.334047889], [-76.602849186, 39.334044889], [-76.601971186, 39.3340378890001], [-76.601088185, 39.334045889], [-76.600663185, 39.334045889], [-76.6001991859999, 39.334045889], [-76.599781185, 39.33404089], [-76.5992821849999, 39.33403589], [-76.5983561849999, 39.3340488900001], [-76.597882184, 39.334045889], [-76.595709184, 39.3340128890001], [-76.595445184, 39.3340378890001], [-76.5952741839999, 39.3336498890001], [-76.5951611839999, 39.3331548890001], [-76.595111183, 39.3324598890001], [-76.595117183, 39.3301438880001], [-76.595117183, 39.3293538890001], [-76.595142183, 39.3285228890001], [-76.5951471829999, 39.328354889], [-76.595390183, 39.328352889], [-76.596701184, 39.328344889], [-76.597899184, 39.3283368890001], [-76.5992821839999, 39.3283398880001], [-76.600692185, 39.328350888], [-76.603631187, 39.3283398880001], [-76.605042187, 39.328356888], [-76.606323187, 39.328349888], [-76.6070301869999, 39.3283398880001], [-76.6075791869999, 39.3283398880001], [-76.608474187, 39.3283398880001], [-76.609430188, 39.3283218880001], [-76.609432188, 39.3285028880001], [-76.609456188, 39.329612888], [-76.609450188, 39.329776888], [-76.6094651879999, 39.330224888], [-76.609478188, 39.3309728880001], [-76.609471188, 39.3325308890001], [-76.609504189, 39.333708889], [-76.6095101879999, 39.3344638890001], [-76.607539188, 39.334490889]]]}, "properties": {"FIPS": "24510090300", "nmtc_class": "Distressed", "qualifies": "YES", "poverty_pct": 27.8, "income_pct_benchmark": 0.781917005388033, "unemployment_ratio": 1.4814814329147339, "metro": "Metro"}}, {"type": "Feature", "geometry": {"type": "Polygon", "coordinates": [[[-76.6479812, 39.3301518870001], [-76.646193199, 39.329912887], [-76.645393199, 39.330712887], [-76.644893199, 39.3309128870001], [-76.6445851989999, 39.3303718870001], [-76.644593199, 39.329712887], [-76.6438651989999, 39.3296128870001], [-76.643225199, 39.329591887], [-76.642790199, 39.329665887], [-76.642545199, 39.3291518870001], [-76.642368198, 39.328756887], [-76.642120198, 39.328353887], [-76.641764198, 39.3279728860001], [-76.641413198, 39.327684887], [-76.641074197, 39.327456887], [-76.640904197, 39.327368886], [-76.6406261979999, 39.327254886], [-76.640530197, 39.3272238870001], [-76.640284197, 39.3269788860001], [-76.640016198, 39.326743886], [-76.639621198, 39.326511886], [-76.639321197, 39.326384886], [-76.6390381969999, 39.326306887], [-76.638709197, 39.326228886], [-76.638423197, 39.326180886], [-76.637533197, 39.3260548870001], [-76.636800196, 39.3259278860001], [-76.6362661969999, 39.3257878860001], [-76.635798196, 39.325597886], [-76.635452196, 39.3254278860001], [-76.634302195, 39.3247448860001], [-76.633667195, 39.3243168860001], [-76.6333441949999, 39.3240728860001], [-76.633106195, 39.3238708860001], [-76.632703195, 39.323503886], [-76.6325341949999, 39.3232848860001], [-76.632360195, 39.3229868860001], [-76.632182195, 39.322640886], [-76.6319521949999, 39.3222798860001], [-76.6308981939999, 39.3206698860001], [-76.630820194, 39.3205228850001], [-76.6305381939999, 39.320037885], [-76.6304471939999, 39.319859885], [-76.630375194, 39.319675885], [-76.630038194, 39.3185398850001], [-76.629890194, 39.3181618850001], [-76.629619193, 39.3174548850001], [-76.6295541929999, 39.3173178850001], [-76.6294321939999, 39.317088885], [-76.629685194, 39.3169798850001], [-76.630001194, 39.3168968840001], [-76.630103194, 39.3168748850001], [-76.630211194, 39.316861885], [-76.6304001939999, 39.3168288850001], [-76.630596194, 39.3168098850001], [-76.631179194, 39.3168008850001], [-76.631478194, 39.316814885], [-76.632388195, 39.3168908850001], [-76.632660195, 39.316907885], [-76.6339581949999, 39.317018885], [-76.634616195, 39.3169898840001], [-76.635468195, 39.316967885], [-76.636440196, 39.316970884], [-76.636685196, 39.316950885], [-76.636905196, 39.3169218840001], [-76.637006195, 39.3168968840001], [-76.637098196, 39.316866885], [-76.638381196, 39.316361885], [-76.6387041959999, 39.3162178850001], [-76.639408196, 39.3158458840001], [-76.639392196, 39.3157508840001], [-76.639404197, 39.315691884], [-76.639452197, 39.315644884], [-76.639947197, 39.3153638840001], [-76.640305196, 39.3151468840001], [-76.641077197, 39.3145358840001], [-76.6418511969999, 39.3140398840001], [-76.6429911979999, 39.315216884], [-76.643294198, 39.3154838840001], [-76.643633198, 39.3158008840001], [-76.644177198, 39.315267884], [-76.644337198, 39.3151008840001], [-76.644559198, 39.314883884], [-76.645098198, 39.314386884], [-76.645587199, 39.3139298830001], [-76.646318198, 39.3132558830001], [-76.646777199, 39.313603883], [-76.647631199, 39.314322884], [-76.6481921989999, 39.3147778840001], [-76.6487271989999, 39.3152328840001], [-76.6493371999999, 39.3157298840001], [-76.6497862, 39.316119884], [-76.6504962, 39.316711884], [-76.6506191999999, 39.316822884], [-76.6511392, 39.317226884], [-76.6511642, 39.317275884], [-76.6512182, 39.3173528840001], [-76.651450201, 39.317588884], [-76.6520161999999, 39.318057884], [-76.652157201, 39.318192884], [-76.6524792009999, 39.318556884], [-76.653618201, 39.320067884], [-76.654291202, 39.320979885], [-76.654883201, 39.321817885], [-76.6555422019999, 39.3227208850001], [-76.657107203, 39.3247928850001], [-76.657236203, 39.325025885], [-76.657530202, 39.325460886], [-76.657303203, 39.325630886], [-76.656721203, 39.326220885], [-76.6566162029999, 39.326382885], [-76.6563012029999, 39.326943886], [-76.655794203, 39.328164886], [-76.655487203, 39.3290028860001], [-76.655298202, 39.3293338870001], [-76.6550632019999, 39.329550887], [-76.654587202, 39.329888887], [-76.654269202, 39.3301068870001], [-76.654046202, 39.330221886], [-76.6540342019999, 39.330298886], [-76.651893201, 39.3310588860001], [-76.6479812, 39.3301518870001]]]}, "properties": {"FIPS": "24510130400", "nmtc_class": "Severe Distress", "qualifies": "YES", "poverty_pct": 32.1, "income_pct_benchmark": 0.408422346157482, "unemployment_ratio": 2.3888888359069824, "metro": "Metro"}}, {"type": "Feature", "geometry": {"type": "Polygon", "coordinates": [[[-76.529664161, 39.301255885], [-76.5297881609999, 39.2995138850001], [-76.5297881609999, 39.299117885], [-76.529777161, 39.298738885], [-76.529687161, 39.298460885], [-76.529626161, 39.298186885], [-76.529512161, 39.297187884], [-76.5295191609999, 39.2970638840001], [-76.5297201609999, 39.2969668850001], [-76.530138161, 39.296710885], [-76.530343161, 39.2965938840001], [-76.5306651609999, 39.296418884], [-76.5310031609999, 39.2962518840001], [-76.531353162, 39.296064884], [-76.532109162, 39.295722884], [-76.532400162, 39.2956058840001], [-76.532787162, 39.2954218840001], [-76.532949162, 39.295481884], [-76.5330251619999, 39.295503884], [-76.533861162, 39.295678884], [-76.5352051629999, 39.295969884], [-76.5359971629999, 39.296123884], [-76.536342163, 39.296178884], [-76.536654163, 39.296201884], [-76.537273163, 39.2962148840001], [-76.539244164, 39.296130884], [-76.5410961649999, 39.2960738840001], [-76.544888165, 39.2959438830001], [-76.546815167, 39.2958708840001], [-76.547494166, 39.295815884], [-76.5478031659999, 39.295767883], [-76.548122167, 39.295672884], [-76.548395167, 39.295549884], [-76.5486061669999, 39.2954228840001], [-76.5488051669999, 39.2952698830001], [-76.549028167, 39.2950328840001], [-76.549567167, 39.2943178830001], [-76.550104168, 39.293649883], [-76.550357167, 39.293358883], [-76.5509011669999, 39.2926748830001], [-76.5510831679999, 39.292490883], [-76.551277168, 39.292350883], [-76.551505167, 39.2922238830001], [-76.551812168, 39.292105882], [-76.552125168, 39.292040883], [-76.552488168, 39.292011883], [-76.5537831679999, 39.291973882], [-76.554994168, 39.291918882], [-76.555527168, 39.291874883], [-76.556168169, 39.2918718830001], [-76.5570631689999, 39.291842882], [-76.5574191699999, 39.291806883], [-76.558918169, 39.291745883], [-76.5598911699999, 39.2917128830001], [-76.562746171, 39.2916028830001], [-76.562793171, 39.292255883], [-76.562829171, 39.292761883], [-76.565703172, 39.292648882], [-76.566571172, 39.2926078830001], [-76.567552172, 39.292575882], [-76.569415173, 39.292494882], [-76.569464173, 39.293073883], [-76.569595173, 39.294915883], [-76.569658174, 39.296068883], [-76.569742173, 39.2972328830001], [-76.569861174, 39.299087883], [-76.569871174, 39.2992098830001], [-76.569913174, 39.2993578840001], [-76.570790174, 39.299308883], [-76.571539174, 39.299284883], [-76.5722621749999, 39.2992568830001], [-76.5726631749999, 39.299244883], [-76.572791175, 39.299241884], [-76.572789174, 39.300315884], [-76.572782175, 39.3007288840001], [-76.572796175, 39.3018858840001], [-76.572789175, 39.3022618840001], [-76.572795175, 39.302728884], [-76.5728461749999, 39.303535884], [-76.572970175, 39.3048538840001], [-76.5729811749999, 39.305157885], [-76.572988175, 39.306194885], [-76.573018175, 39.307286885], [-76.573037175, 39.308331885], [-76.573048176, 39.3093458860001], [-76.571738175, 39.3093738850001], [-76.569477174, 39.309379886], [-76.568847174, 39.3093938860001], [-76.5686171739999, 39.309386886], [-76.568352174, 39.3093538860001], [-76.568016174, 39.309300885], [-76.5673151729999, 39.309117886], [-76.567025174, 39.3090328860001], [-76.5666591729999, 39.3089678850001], [-76.5661641729999, 39.308936886], [-76.565480173, 39.308977885], [-76.5645001729999, 39.308258885], [-76.563611172, 39.3076428850001], [-76.562112172, 39.3064918850001], [-76.560933171, 39.305645885], [-76.558301171, 39.3036378850001], [-76.55760717, 39.3030718850001], [-76.55698117, 39.3025808850001], [-76.5562101689999, 39.302006884], [-76.555132169, 39.301189885], [-76.55498217, 39.301084884], [-76.5544741689999, 39.300769884], [-76.5536671689999, 39.300283885], [-76.553481168, 39.300158884], [-76.5527651689999, 39.300388884], [-76.551029168, 39.3009788850001], [-76.5506761679999, 39.301084884], [-76.550030168, 39.301319885], [-76.548709167, 39.301769885], [-76.5478431669999, 39.3020328850001], [-76.5476151669999, 39.302092885], [-76.546545166, 39.302405885], [-76.546091167, 39.3025558850001], [-76.5429611659999, 39.303459885], [-76.541696166, 39.3038538860001], [-76.540725165, 39.3041288850001], [-76.5397201649999, 39.304451886], [-76.539259165, 39.304636886], [-76.537895164, 39.305265886], [-76.537212164, 39.3056088860001], [-76.536413163, 39.3059698860001], [-76.5358531639999, 39.3062878860001], [-76.535394163, 39.3065828860001], [-76.5347091639999, 39.307058887], [-76.534357163, 39.3072958860001], [-76.5341701629999, 39.3074078860001], [-76.532921163, 39.308301886], [-76.5323481629999, 39.308675887], [-76.5317211619999, 39.3090728870001], [-76.530980163, 39.3095888870001], [-76.530557162, 39.3098668870001], [-76.529788162, 39.3103988880001], [-76.5297871619999, 39.310099887], [-76.5297821619999, 39.3100858870001], [-76.529788162, 39.308541887], [-76.5296991609999, 39.3077248870001], [-76.5296951619999, 39.3064818870001], [-76.5297451609999, 39.3059718870001], [-76.529688161, 39.305513886], [-76.529687162, 39.3046688860001], [-76.529613161, 39.302918886], [-76.529664161, 39.301255885]]]}, "properties": {"FIPS": "24510260404", "nmtc_class": "Distressed", "qualifies": "YES", "poverty_pct": 13.7, "income_pct_benchmark": 0.617383495604499, "unemployment_ratio": 0.35185185074806213, "metro": "Metro"}}, {"type": "Feature", "geometry": {"type": "Polygon", "coordinates": [[[-76.683451212, 39.343118888], [-76.683521212, 39.342947888], [-76.685719213, 39.344495888], [-76.686082213, 39.344746888], [-76.686401213, 39.344986889], [-76.6875292129999, 39.3457868890001], [-76.688010213, 39.346131889], [-76.6882002129999, 39.346274888], [-76.6886952139999, 39.3466208880001], [-76.688992214, 39.3468398890001], [-76.690061214, 39.3475928890001], [-76.6893682149999, 39.3481678890001], [-76.687987214, 39.349180889], [-76.687610213, 39.34941489], [-76.686977214, 39.34975989], [-76.686661213, 39.349937889], [-76.685734213, 39.3504458890001], [-76.684660212, 39.35102189], [-76.6838652119999, 39.35147289], [-76.683360213, 39.35176489], [-76.6825822119999, 39.3512938900001], [-76.681705211, 39.35079089], [-76.681444212, 39.35066089], [-76.6813242119999, 39.350611889], [-76.6812132109999, 39.350573889], [-76.6808502119999, 39.3504698900001], [-76.678859211, 39.3499278900001], [-76.676830211, 39.3493628890001], [-76.67649521, 39.3492508890001], [-76.67620721, 39.3491408890001], [-76.67596221, 39.349035889], [-76.67623421, 39.34889889], [-76.678229211, 39.3476288890001], [-76.678451211, 39.347479889], [-76.679362211, 39.3468978890001], [-76.679603211, 39.346742889], [-76.6802832119999, 39.346312889], [-76.6806942119999, 39.3460338890001], [-76.680802211, 39.345958889], [-76.680929212, 39.345838889], [-76.6814142109999, 39.345320888], [-76.681963211, 39.344748888], [-76.682442212, 39.3442678880001], [-76.682935212, 39.343755888], [-76.683043212, 39.3436538880001], [-76.683262212, 39.3433808880001], [-76.683451212, 39.343118888]]]}, "properties": {"FIPS": "24510271801", "nmtc_class": "Severe Distress", "qualifies": "YES", "poverty_pct": 28.4, "income_pct_benchmark": 0.536147083845354, "unemployment_ratio": 2.407407522201538, "metro": "Metro"}}, {"type": "Feature", "geometry": {"type": "Polygon", "coordinates": [[[-76.596525178, 39.232929869], [-76.597316178, 39.2314048690001], [-76.597478178, 39.2310718690001], [-76.597983178, 39.2301008690001], [-76.598238179, 39.2296368690001], [-76.598710179, 39.228737868], [-76.599362178, 39.2274678680001], [-76.599799178, 39.2266188680001], [-76.599891178, 39.226467868], [-76.599949179, 39.2263928680001], [-76.599631178, 39.225841868], [-76.599310179, 39.225305867], [-76.600052179, 39.224441868], [-76.6004071789999, 39.2240038680001], [-76.600667179, 39.2237418670001], [-76.6018491789999, 39.224940867], [-76.6036671799999, 39.226716868], [-76.604727181, 39.2279238680001], [-76.60474918, 39.2279478680001], [-76.6054911809999, 39.2285248680001], [-76.60615418, 39.2290918680001], [-76.606942181, 39.2297938680001], [-76.607453181, 39.230470869], [-76.608169182, 39.231106868], [-76.607810182, 39.2312678690001], [-76.6067011809999, 39.2317248680001], [-76.606419181, 39.2318328690001], [-76.6051071809999, 39.2324048680001], [-76.6043231799999, 39.2327358690001], [-76.60420718, 39.232630869], [-76.60390718, 39.233241869], [-76.6036891799999, 39.233607869], [-76.6036231799999, 39.2337328690001], [-76.60339418, 39.2342488690001], [-76.6031281799999, 39.2347568700001], [-76.60235518, 39.2363108690001], [-76.60102118, 39.2359048700001], [-76.599816179, 39.23554887], [-76.599321179, 39.23539687], [-76.597744179, 39.234905869], [-76.597338178, 39.2347798690001], [-76.596576179, 39.234540869], [-76.595944178, 39.23436187], [-76.595789178, 39.234316869], [-76.596185178, 39.233582869], [-76.596525178, 39.232929869]]]}, "properties": {"FIPS": "24510250402", "nmtc_class": "Severe Distress", "qualifies": "YES", "poverty_pct": 43.0, "income_pct_benchmark": null, "unemployment_ratio": 3.4814815521240234, "metro": "Metro"}}, {"type": "Feature", "geometry": {"type": "Polygon", "coordinates": [[[-76.633564194, 39.2998208810001], [-76.6344771939999, 39.299149881], [-76.634513194, 39.299205881], [-76.635121194, 39.3002698820001], [-76.6352451939999, 39.3005208820001], [-76.635696195, 39.301296881], [-76.635880194, 39.3016928820001], [-76.635977194, 39.301878882], [-76.6363711939999, 39.302556881], [-76.6366791949999, 39.303121882], [-76.6368311949999, 39.303428882], [-76.636328195, 39.303789882], [-76.635593195, 39.3043468820001], [-76.635009195, 39.3047488820001], [-76.634528195, 39.305169882], [-76.6340031939999, 39.3055958830001], [-76.6336561949999, 39.305819882], [-76.633409194, 39.305976882], [-76.633092194, 39.306224883], [-76.632668194, 39.306537883], [-76.632260194, 39.3068148830001], [-76.631876194, 39.3071088830001], [-76.6314591939999, 39.307414883], [-76.630763193, 39.307954883], [-76.6297711929999, 39.3071588830001], [-76.628953192, 39.3064988830001], [-76.6287851919999, 39.306362882], [-76.627901192, 39.305612883], [-76.627825192, 39.3055568830001], [-76.627323192, 39.3051328830001], [-76.626907192, 39.3047918820001], [-76.6275721919999, 39.3042918830001], [-76.6284241919999, 39.3036738820001], [-76.6287661929999, 39.3034168820001], [-76.629556193, 39.302807882], [-76.630110193, 39.3024038820001], [-76.6306291929999, 39.302013882], [-76.6309201929999, 39.3018008810001], [-76.6311911929999, 39.3015928820001], [-76.6317341929999, 39.3011888820001], [-76.631983194, 39.3010148810001], [-76.632192193, 39.300848881], [-76.632646193, 39.3005168820001], [-76.633564194, 39.2998208810001]]]}, "properties": {"FIPS": "24510140200", "nmtc_class": "Severe Distress", "qualifies": "YES", "poverty_pct": 67.9, "income_pct_benchmark": 0.142867945930617, "unemployment_ratio": 5.55555534362793, "metro": "Metro"}}, {"type": "Feature", "geometry": {"type": "Polygon", "coordinates": [[[-76.569415173, 39.292494882], [-76.5693871729999, 39.2919628820001], [-76.569371174, 39.291764882], [-76.569336173, 39.291343882], [-76.569322173, 39.2911058820001], [-76.569308173, 39.290874882], [-76.569260173, 39.2902068820001], [-76.569216173, 39.289425882], [-76.569093173, 39.2875728810001], [-76.570048173, 39.287539881], [-76.5708251729999, 39.2875108810001], [-76.571609173, 39.2874848810001], [-76.571671173, 39.2884788810001], [-76.571775174, 39.290113881], [-76.571841174, 39.291250882], [-76.571956174, 39.292403882], [-76.572382174, 39.2923888820001], [-76.5724391739999, 39.292945882], [-76.572470174, 39.2935118820001], [-76.572524174, 39.294194882], [-76.572567175, 39.294784883], [-76.572581175, 39.2956518820001], [-76.572589174, 39.2963458830001], [-76.5725991739999, 39.297122883], [-76.572633175, 39.298130883], [-76.5726631749999, 39.299244883], [-76.5722621749999, 39.2992568830001], [-76.571539174, 39.299284883], [-76.570790174, 39.299308883], [-76.569913174, 39.2993578840001], [-76.569871174, 39.2992098830001], [-76.569861174, 39.299087883], [-76.569742173, 39.2972328830001], [-76.569658174, 39.296068883], [-76.569595173, 39.294915883], [-76.569464173, 39.293073883], [-76.569415173, 39.292494882]]]}, "properties": {"FIPS": "24510261000", "nmtc_class": "Severe Distress", "qualifies": "YES", "poverty_pct": 33.8, "income_pct_benchmark": 0.729634180924473, "unemployment_ratio": 0.9259259104728699, "metro": "Metro"}}, {"type": "Feature", "geometry": {"type": "Polygon", "coordinates": [[[-76.571731175, 39.320266887], [-76.571837176, 39.3201488870001], [-76.572215176, 39.3192458880001], [-76.572447176, 39.318648888], [-76.572680175, 39.318109887], [-76.5728411759999, 39.317705887], [-76.572915176, 39.3174928870001], [-76.572943176, 39.3173338870001], [-76.572971176, 39.317082887], [-76.573073176, 39.315859887], [-76.573127175, 39.3150708860001], [-76.573139176, 39.3144818860001], [-76.573147175, 39.3143238860001], [-76.573594176, 39.3142968870001], [-76.574016176, 39.3142858860001], [-76.5749331759999, 39.3142818860001], [-76.5758321769999, 39.3142978860001], [-76.5816791779999, 39.3142388860001], [-76.582040179, 39.314241886], [-76.582166178, 39.314250886], [-76.581815179, 39.314560886], [-76.580942178, 39.315319886], [-76.580253178, 39.315904886], [-76.5795891779999, 39.3165048860001], [-76.578873178, 39.317115887], [-76.578451177, 39.3175038870001], [-76.575281176, 39.3202588870001], [-76.574593176, 39.3208728880001], [-76.574339177, 39.321096888], [-76.573747176, 39.321619888], [-76.573736176, 39.3215868880001], [-76.573711176, 39.321554888], [-76.573655176, 39.3215168880001], [-76.573215176, 39.321254888], [-76.5727721759999, 39.3209558880001], [-76.571772175, 39.3203048870001], [-76.571731175, 39.320266887]]]}, "properties": {"FIPS": "24510080102", "nmtc_class": "Severe Distress", "qualifies": "YES", "poverty_pct": 45.2, "income_pct_benchmark": 0.321542678892145, "unemployment_ratio": 2.8518519401550293, "metro": "Metro"}}, {"type": "Feature", "geometry": {"type": "Polygon", "coordinates": [[[-76.5607591729999, 39.3317748900001], [-76.561614173, 39.3311028900001], [-76.5620021729999, 39.3318368910001], [-76.5635061739999, 39.334461891], [-76.563825174, 39.3350608910001], [-76.564211174, 39.335707891], [-76.5646561739999, 39.336510891], [-76.565123174, 39.3372938910001], [-76.565222175, 39.337451892], [-76.565299175, 39.3375568920001], [-76.565477174, 39.3377428920001], [-76.5656361739999, 39.3378748910001], [-76.566958176, 39.3388418920001], [-76.567112176, 39.338985892], [-76.567202175, 39.3390828920001], [-76.567290175, 39.339211891], [-76.567342176, 39.3393118910001], [-76.567402175, 39.3394648920001], [-76.567426175, 39.339563892], [-76.5667611749999, 39.3399158920001], [-76.564885175, 39.340966892], [-76.563817174, 39.341556892], [-76.563400174, 39.3417648920001], [-76.563091174, 39.341957892], [-76.563000174, 39.342023892], [-76.562106174, 39.342697892], [-76.561689174, 39.3430238930001], [-76.561237174, 39.343366893], [-76.5608891739999, 39.3436138930001], [-76.559392174, 39.344446893], [-76.5581491729999, 39.345192893], [-76.557531172, 39.344453893], [-76.556949173, 39.3437838930001], [-76.556384172, 39.3430968930001], [-76.555378172, 39.341927893], [-76.555052172, 39.3415238920001], [-76.5548011719999, 39.3412258930001], [-76.554598171, 39.340979893], [-76.554267172, 39.3405238920001], [-76.5539071709999, 39.3400728920001], [-76.553764171, 39.339908892], [-76.5534341709999, 39.339463892], [-76.553287171, 39.339236892], [-76.553186171, 39.339050892], [-76.552883171, 39.338442892], [-76.552629171, 39.337952892], [-76.55244317, 39.3376218920001], [-76.55258717, 39.3375108920001], [-76.5533191709999, 39.336999892], [-76.553894171, 39.3365878910001], [-76.554458171, 39.336192892], [-76.556139172, 39.3350178910001], [-76.5576801719999, 39.333965891], [-76.558904173, 39.333085891], [-76.560323173, 39.3320928910001], [-76.5607591729999, 39.3317748900001]]]}, "properties": {"FIPS": "24510270102", "nmtc_class": "Distressed", "qualifies": "YES", "poverty_pct": 15.8, "income_pct_benchmark": 0.611258152944513, "unemployment_ratio": 1.296296238899231, "metro": "Metro"}}, {"type": "Feature", "geometry": {"type": "Polygon", "coordinates": [[[-76.5297901599999, 39.281534881], [-76.529787159, 39.273301879], [-76.529783159, 39.2731088800001], [-76.52962516, 39.2723148800001], [-76.5296871589999, 39.270214879], [-76.52974016, 39.269963879], [-76.5297901599999, 39.2697298790001], [-76.529789159, 39.268818879], [-76.529789159, 39.2681998790001], [-76.529787159, 39.266613879], [-76.529786159, 39.264996878], [-76.529787158, 39.261645878], [-76.529770159, 39.2607108770001], [-76.529787158, 39.259990877], [-76.529787158, 39.259120877], [-76.529755159, 39.2587068770001], [-76.529746158, 39.258352877], [-76.529760159, 39.257591877], [-76.529787158, 39.257013876], [-76.529787158, 39.256313877], [-76.529787158, 39.255788876], [-76.529774158, 39.252391876], [-76.529670158, 39.2504738750001], [-76.529587158, 39.248753875], [-76.529587158, 39.2482408750001], [-76.529489158, 39.2470528740001], [-76.529597158, 39.2456638740001], [-76.529518158, 39.2441958740001], [-76.5294641579999, 39.2436518740001], [-76.529660157, 39.242727874], [-76.5294871569999, 39.241513873], [-76.5295771579999, 39.240786873], [-76.529586158, 39.240335873], [-76.533049159, 39.239240873], [-76.533527159, 39.239754873], [-76.535181159, 39.241572873], [-76.5355111599999, 39.2419248730001], [-76.53572016, 39.2418118730001], [-76.535979159, 39.242098873], [-76.5357841599999, 39.242209874], [-76.538778161, 39.2454308740001], [-76.537244161, 39.2502478750001], [-76.53622016, 39.2535338750001], [-76.53556316, 39.255571876], [-76.53489616, 39.2556508760001], [-76.53456291, 39.256205876], [-76.53450266, 39.2562143760001], [-76.534528099, 39.2563534010001], [-76.53459616, 39.256563876], [-76.53458316, 39.2567078760001], [-76.5345871599999, 39.2569048760001], [-76.53462516, 39.2571068770001], [-76.5346321599999, 39.2573303770001], [-76.53465916, 39.257414876], [-76.5346331599999, 39.2574908760001], [-76.5345681599999, 39.2578548770001], [-76.5346121599999, 39.257890876], [-76.5347481599999, 39.2579468770001], [-76.5346811599999, 39.258017876], [-76.53466516, 39.258091877], [-76.53466916, 39.258132877], [-76.53468966, 39.258190377], [-76.53473316, 39.2582418760001], [-76.53477816, 39.2582748770001], [-76.53480416, 39.258336877], [-76.53485316, 39.258657876], [-76.53492016, 39.2588878760001], [-76.5349271599999, 39.2589588760001], [-76.53496316, 39.2590178770001], [-76.5349491599999, 39.2590618770001], [-76.53496566, 39.259147377], [-76.5349881609999, 39.259194877], [-76.53504716, 39.259456877], [-76.535074161, 39.2594928770001], [-76.53525616, 39.259678877], [-76.5354451599999, 39.2598948770001], [-76.5355771609999, 39.260018877], [-76.5356631609999, 39.260110877], [-76.535788161, 39.260178877], [-76.53581016, 39.260228877], [-76.53587616, 39.260308877], [-76.5360271609999, 39.2604358770001], [-76.536080161, 39.2605128770001], [-76.5361891599999, 39.260604877], [-76.536219161, 39.2606848770001], [-76.536287161, 39.2607558770001], [-76.536439161, 39.260944877], [-76.5364971599999, 39.260972877], [-76.5367881609999, 39.260987877], [-76.536862161, 39.2610023770001], [-76.537319161, 39.261416877], [-76.537470162, 39.261528877], [-76.537543661, 39.261604377], [-76.537621161, 39.261638877], [-76.538348162, 39.2622158770001], [-76.538538162, 39.2623258770001], [-76.538705162, 39.262459877], [-76.5391271619999, 39.262773877], [-76.5394191619999, 39.263139878], [-76.539517162, 39.2632518780001], [-76.5396151619999, 39.2633408770001], [-76.539702163, 39.263394878], [-76.539775162, 39.263465877], [-76.539854162, 39.2635838780001], [-76.539929162, 39.2637278770001], [-76.539966162, 39.263828878], [-76.539989163, 39.263916878], [-76.5400071619999, 39.2641328770001], [-76.5399981619999, 39.264209878], [-76.539950162, 39.2643528780001], [-76.539702163, 39.264932878], [-76.539702163, 39.2649838780001], [-76.539709928, 39.264991158], [-76.539772162, 39.2650238780001], [-76.539863162, 39.2650738770001], [-76.540022162, 39.2651178780001], [-76.5400751619999, 39.265160628], [-76.540063162, 39.2652538780001], [-76.540011161, 39.265315378], [-76.539818162, 39.2654598780001], [-76.539730162, 39.2656108780001], [-76.539747636, 39.265657285], [-76.5398051619999, 39.265663878], [-76.539905162, 39.265595878], [-76.539964162, 39.2655468780001], [-76.5400521619999, 39.265491878], [-76.540087162, 39.265528878], [-76.540058162, 39.2658128780001], [-76.540035163, 39.265933878], [-76.539984163, 39.266120878], [-76.539942163, 39.266215878], [-76.539834162, 39.266369878], [-76.5396471619999, 39.266481878], [-76.539482162, 39.266566878], [-76.5393441619999, 39.266597878], [-76.538951162, 39.2666498780001], [-76.538738162, 39.266654878], [-76.538345162, 39.2666318780001], [-76.5371095199999, 39.266456997], [-76.537073161, 39.266498878], [-76.537042661, 39.2665368780001], [-76.536940541, 39.2665393610001], [-76.5368836609999, 39.2665103780001], [-76.536822161, 39.2664898780001], [-76.536776161, 39.266474878], [-76.536755661, 39.2664673780001], [-76.5366571609999, 39.266454378], [-76.53659587, 39.266480275], [-76.536548161, 39.2665118780001], [-76.535798161, 39.266391878], [-76.535626161, 39.266344878], [-76.534870161, 39.2662858780001], [-76.534160161, 39.266123878], [-76.53392316, 39.2660478780001], [-76.533766161, 39.2659578780001], [-76.53366866, 39.265960878], [-76.53360516, 39.2660138780001], [-76.5335721609999, 39.2660828780001], [-76.53361016, 39.266138878], [-76.53380516, 39.2662188780001], [-76.53392816, 39.266258878], [-76.534233161, 39.266299878], [-76.534777161, 39.2664928780001], [-76.534900161, 39.266522878], [-76.535231161, 39.266530878], [-76.535650161, 39.266614878], [-76.537457161, 39.2668758780001], [-76.537743161, 39.266883878], [-76.537803162, 39.2668948780001], [-76.5379801619999, 39.2668748780001], [-76.538161315, 39.266908599], [-76.538302162, 39.266926878], [-76.538461162, 39.266930878], [-76.538550162, 39.2669168780001], [-76.538636162, 39.266913878], [-76.53883258, 39.2669357360001], [-76.538932813, 39.2669331320001], [-76.5391481619999, 39.266912878], [-76.539215062, 39.2669325190001], [-76.539289786, 39.2669343840001], [-76.5393781619999, 39.2669238780001], [-76.53948602, 39.2669263620001], [-76.539537163, 39.2669208780001], [-76.539753163, 39.2668048780001], [-76.539864162, 39.2666718780001], [-76.5399781629999, 39.266595878], [-76.540017162, 39.2665318780001], [-76.540035163, 39.2664248780001], [-76.540088162, 39.2663388780001], [-76.540116163, 39.2662688780001], [-76.540194163, 39.266133878], [-76.5402981619999, 39.265786878], [-76.540506163, 39.2652318780001], [-76.540615163, 39.264993878], [-76.5407021629999, 39.2647798780001], [-76.5407651619999, 39.2645858770001], [-76.540806162, 39.2643848780001], [-76.540872162, 39.263972878], [-76.540878162, 39.263771878], [-76.540849162, 39.263441877], [-76.540805163, 39.263216878], [-76.540740162, 39.2629818770001], [-76.540667162, 39.2628008780001], [-76.540513162, 39.2624898770001], [-76.540418162, 39.2623298770001], [-76.540305162, 39.262165877], [-76.5401631619999, 39.261987877], [-76.540011162, 39.261819877], [-76.539858162, 39.2616768770001], [-76.539588162, 39.2614538770001], [-76.5393021619999, 39.261238877], [-76.5390581619999, 39.2610668770001], [-76.538844162, 39.2608928770001], [-76.5386131619999, 39.260724877], [-76.537703161, 39.2600368770001], [-76.537033161, 39.259508877], [-76.536848161, 39.2593858770001], [-76.536646161, 39.259217877], [-76.536532161, 39.2590988760001], [-76.5364451609999, 39.258992877], [-76.536376161, 39.2588898770001], [-76.53632816, 39.258777877], [-76.536259161, 39.258517877], [-76.5362701609999, 39.258381877], [-76.53635316, 39.2579678770001], [-76.5365901599999, 39.2570378770001], [-76.536638161, 39.2567998760001], [-76.53667216, 39.2567038760001], [-76.536735161, 39.2565898760001], [-76.5376711609999, 39.2550358760001], [-76.538014161, 39.2544528760001], [-76.538608161, 39.253469876], [-76.538676161, 39.253338875], [-76.538829073, 39.2533387170001], [-76.5387731609999, 39.253245876], [-76.538841161, 39.2531528760001], [-76.538916161, 39.253002875], [-76.538962161, 39.2529278750001], [-76.5390831609999, 39.252755875], [-76.539121161, 39.2526418750001], [-76.5391771609999, 39.252587876], [-76.539237161, 39.252516875], [-76.539258661, 39.252444875], [-76.5393376609999, 39.252355875], [-76.539366161, 39.252279875], [-76.539431161, 39.252190875], [-76.539459161, 39.2521408750001], [-76.5394691609999, 39.252100875], [-76.5395341609999, 39.2520258750001], [-76.539566661, 39.251967376], [-76.539590161, 39.251904875], [-76.539627161, 39.2518758750001], [-76.5397271619999, 39.251682875], [-76.5397881609999, 39.251592875], [-76.539812161, 39.251524875], [-76.539868161, 39.251406875], [-76.5400081609999, 39.251199875], [-76.540022161, 39.251142875], [-76.540068161, 39.251091875], [-76.540306162, 39.250705875], [-76.540426661, 39.2505368750001], [-76.540511162, 39.2505448750001], [-76.540608162, 39.250620875], [-76.5406861609999, 39.250662375], [-76.5407731619999, 39.250692875], [-76.540865162, 39.250775875], [-76.540992162, 39.250847875], [-76.541204162, 39.250981875], [-76.541315162, 39.251024875], [-76.541383162, 39.2510858750001], [-76.541429162, 39.251114875], [-76.541499162, 39.251136875], [-76.5416041619999, 39.2511908750001], [-76.54170912, 39.251256832], [-76.541839162, 39.2513278750001], [-76.541880162, 39.251360875], [-76.5419421619999, 39.251385875], [-76.5420497969999, 39.251456319], [-76.5421861619999, 39.2515338750001], [-76.5422781619999, 39.251612875], [-76.5424341619999, 39.2516858750001], [-76.542582162, 39.251768875], [-76.542628162, 39.251811875], [-76.542938163, 39.251999875], [-76.5429858699999, 39.2520171350001], [-76.5430441619999, 39.2520288750001], [-76.5431821619999, 39.252154875], [-76.543237163, 39.252168875], [-76.543283163, 39.2521928750001], [-76.543352162, 39.2522488750001], [-76.5434377289999, 39.2522767830001], [-76.543490162, 39.252309875], [-76.543550163, 39.252374875], [-76.5436991619999, 39.2524548750001], [-76.543782162, 39.2525188750001], [-76.543860163, 39.252558875], [-76.5439671629999, 39.252447875], [-76.546969164, 39.254246875], [-76.548762553, 39.255305424], [-76.549595165, 39.2557878750001], [-76.550387165, 39.2562818760001], [-76.552760166, 39.257679876], [-76.5527444159999, 39.257877626], [-76.5527076659999, 39.257928876], [-76.5527131649999, 39.257980876], [-76.552767166, 39.258049876], [-76.552768166, 39.258089876], [-76.552740166, 39.2581888760001], [-76.552765915, 39.258296626], [-76.552737666, 39.258343876], [-76.5527480069999, 39.258392078], [-76.552774165, 39.2584433760001], [-76.552779457, 39.2584948480001], [-76.552751166, 39.258545876], [-76.552682166, 39.258567876], [-76.5527175669999, 39.2586933360001], [-76.552809166, 39.258694876], [-76.5528371659999, 39.2589598760001], [-76.5529131659999, 39.260028877], [-76.552898166, 39.260202876], [-76.5529141659999, 39.260339876], [-76.552928166, 39.260583877], [-76.552953166, 39.260630877], [-76.554088166, 39.2606598770001], [-76.554102166, 39.260879877], [-76.554391166, 39.260883877], [-76.5544754209999, 39.260866907], [-76.554511167, 39.260818876], [-76.554444167, 39.2596508760001], [-76.554612167, 39.259646876], [-76.554620166, 39.259553876], [-76.555530083, 39.259470739], [-76.555634438, 39.25945677], [-76.555671167, 39.259393876], [-76.5556566659999, 39.259329377], [-76.555548653, 39.259327699], [-76.555491167, 39.259285876], [-76.555431603, 39.2587665940001], [-76.555418666, 39.258523876], [-76.5556151659999, 39.2585098760001], [-76.555599167, 39.258156876], [-76.555415166, 39.2581648760001], [-76.555367167, 39.257618876], [-76.55580567, 39.2575759150001], [-76.555845167, 39.2575438760001], [-76.5558586669999, 39.2574963760001], [-76.555959166, 39.257481876], [-76.556042416, 39.257505376], [-76.556070167, 39.2576988760001], [-76.556111167, 39.2583008760001], [-76.556044167, 39.258309876], [-76.556111167, 39.2588218760001], [-76.555974167, 39.2588268760001], [-76.556032167, 39.2591568760001], [-76.556157167, 39.259151876], [-76.556181167, 39.259492876], [-76.556068167, 39.259491876], [-76.5561071669999, 39.260437876], [-76.5561301669999, 39.260676876], [-76.556160167, 39.2612778760001], [-76.5561716669999, 39.261393877], [-76.556270551, 39.2614162140001], [-76.556449167, 39.261396876], [-76.556521366, 39.261366437], [-76.5565761669999, 39.261334876], [-76.5566031669999, 39.261292876], [-76.5566221669999, 39.261168877], [-76.556634167, 39.2609398770001], [-76.556653167, 39.2608678760001], [-76.556662167, 39.260793876], [-76.5566481669999, 39.260658876], [-76.5566241669999, 39.2605853760001], [-76.556458167, 39.2605718770001], [-76.556427167, 39.259691876], [-76.5565801669999, 39.259693876], [-76.556560167, 39.2590178770001], [-76.5566066479999, 39.258825019], [-76.556695167, 39.2588218760001], [-76.556717168, 39.259080876], [-76.556763167, 39.2591358760001], [-76.556764167, 39.259284876], [-76.556822167, 39.260295877], [-76.5576841669999, 39.2602618760001], [-76.5577241669999, 39.2606038760001], [-76.557756168, 39.261044876], [-76.557776167, 39.261145877], [-76.557828168, 39.261239876], [-76.557857167, 39.261307876], [-76.557902864, 39.261331344], [-76.558137168, 39.261333876], [-76.558270168, 39.2613418760001], [-76.558409168, 39.2613368770001], [-76.558709168, 39.2613648760001], [-76.558700168, 39.2612268760001], [-76.5591201679999, 39.261214876], [-76.559107168, 39.261132876], [-76.559104168, 39.260885876], [-76.559077168, 39.260253876], [-76.558974168, 39.260256876], [-76.5589611679999, 39.259934876], [-76.5590531679999, 39.2599278760001], [-76.5590271679999, 39.259531876], [-76.559028168, 39.2593248760001], [-76.559009168, 39.259154876], [-76.559061168, 39.2591558760001], [-76.559035168, 39.258199876], [-76.5590081679999, 39.2581468760001], [-76.5590081679999, 39.2580798760001], [-76.559033168, 39.2579868760001], [-76.559023168, 39.257843875], [-76.558996167, 39.2577878760001], [-76.5590041679999, 39.257663875], [-76.558989168, 39.2572348750001], [-76.5588711679999, 39.2572348750001], [-76.5588671679999, 39.256860875], [-76.559386167, 39.256988876], [-76.559450667, 39.257013375], [-76.5594541679999, 39.257056876], [-76.5596811679999, 39.2570968750001], [-76.559799168, 39.257107875], [-76.5598591679999, 39.257101875], [-76.560026168, 39.257176875], [-76.5601311679999, 39.257194875], [-76.560193168, 39.2573158750001], [-76.560233168, 39.2579098750001], [-76.560249168, 39.258568876], [-76.560275168, 39.2586648760001], [-76.5603101679999, 39.258700875], [-76.560415169, 39.260550876], [-76.560469168, 39.2612528760001], [-76.5611411679999, 39.261232877], [-76.560945168, 39.258377876], [-76.561494168, 39.2583738750001], [-76.561721169, 39.258383876], [-76.5620861689999, 39.258457875], [-76.5621556689999, 39.258476376], [-76.562187169, 39.2584408760001], [-76.5622572939999, 39.2584765010001], [-76.5622651689999, 39.258634876], [-76.562462169, 39.258631876], [-76.562517169, 39.2596798760001], [-76.562345169, 39.259688876], [-76.562351169, 39.2598608760001], [-76.562368169, 39.260190876], [-76.562522169, 39.2601928760001], [-76.562544169, 39.260568876], [-76.5624011689999, 39.2605748760001], [-76.562415169, 39.261023876], [-76.562861169, 39.2608468760001], [-76.562822169, 39.260254876], [-76.562769169, 39.2596368760001], [-76.562756169, 39.2592488760001], [-76.562722169, 39.2592038760001], [-76.562681169, 39.2588268760001], [-76.5626931689999, 39.258624876], [-76.562708169, 39.2585398750001], [-76.563071169, 39.258589875], [-76.563021169, 39.2577648750001], [-76.5628981689999, 39.2577678750001], [-76.562855169, 39.257211875], [-76.5629861689999, 39.257211875], [-76.562947169, 39.2564188750001], [-76.563451169, 39.256388875], [-76.56362717, 39.256396875], [-76.563678169, 39.2564438750001], [-76.563697169, 39.2564898750001], [-76.563713169, 39.256667876], [-76.56382117, 39.2586828760001], [-76.56459517, 39.258789875], [-76.56446317, 39.2565938750001], [-76.56476617, 39.2565738750001], [-76.56501417, 39.2600568760001], [-76.5658621699999, 39.260027876], [-76.56611817, 39.2594308760001], [-76.567295171, 39.259367876], [-76.567338671, 39.259510876], [-76.56792217, 39.259776876], [-76.568206171, 39.259877875], [-76.568376171, 39.2599068760001], [-76.5683391709999, 39.2595058760001], [-76.5686951709999, 39.259489875], [-76.5686941709999, 39.259219876], [-76.568869171, 39.259218876], [-76.568867171, 39.259441876], [-76.5689006709999, 39.260185376], [-76.568969211, 39.260215836], [-76.5693931709999, 39.2596558750001], [-76.570499172, 39.260323876], [-76.570826171, 39.260502876], [-76.5713501719999, 39.2608458760001], [-76.571383172, 39.260882876], [-76.5714621719999, 39.2611218760001], [-76.5718191719999, 39.262273876], [-76.571455172, 39.262259876], [-76.571363172, 39.262373876], [-76.571366172, 39.2624728760001], [-76.571380172, 39.2625218760001], [-76.571476171, 39.2625813760001], [-76.5716621719999, 39.262570877], [-76.5716866719999, 39.2626278760001], [-76.571714172, 39.262732376], [-76.571741172, 39.2627768770001], [-76.5718021719999, 39.262957876], [-76.571881172, 39.2632758760001], [-76.571943172, 39.2634568760001], [-76.571926672, 39.263516877], [-76.571838172, 39.2635268760001], [-76.571579172, 39.2635318760001], [-76.5714621719999, 39.2635568760001], [-76.571308172, 39.263652876], [-76.5712544209999, 39.2636986260001], [-76.571254672, 39.2637618760001], [-76.5712996719999, 39.263826377], [-76.5713031719999, 39.2638798770001], [-76.571247172, 39.2640388770001], [-76.571247172, 39.264096877], [-76.571156172, 39.264235877], [-76.571092172, 39.264280877], [-76.571071172, 39.264329876], [-76.571385172, 39.2643308770001], [-76.571390172, 39.264412877], [-76.569783171, 39.264484877], [-76.569720172, 39.2645153770001], [-76.5686991709999, 39.2645798770001], [-76.5686991709999, 39.264620877], [-76.568709171, 39.2646698770001], [-76.5689201719999, 39.264838877], [-76.569940172, 39.264801877], [-76.572042172, 39.2647398760001], [-76.572057172, 39.2649208770001], [-76.571703172, 39.2649238770001], [-76.5710811719999, 39.264940876], [-76.568881171, 39.265019877], [-76.568900172, 39.2655238770001], [-76.5688511709999, 39.2655458770001], [-76.5688691719999, 39.2659538770001], [-76.568906171, 39.265982877], [-76.5690491719999, 39.265992877], [-76.5692361709999, 39.265972877], [-76.569356419, 39.2659726590001], [-76.569493172, 39.2659588770001], [-76.569849172, 39.2659608770001], [-76.570391172, 39.265927877], [-76.5705221709999, 39.265924877], [-76.570845172, 39.2659318770001], [-76.5710791719999, 39.2659158770001], [-76.571225172, 39.265898877], [-76.571402172, 39.2658908770001], [-76.571555172, 39.265902877], [-76.571671172, 39.265943877], [-76.571738172, 39.2659818770001], [-76.571789172, 39.2660258770001], [-76.571815172, 39.266098877], [-76.571840172, 39.266258877], [-76.571835172, 39.266482877], [-76.571804172, 39.2665668770001], [-76.571750172, 39.2666108770001], [-76.5715741719999, 39.266687877], [-76.570887172, 39.2667268770001], [-76.5709011719999, 39.266838877], [-76.572435172, 39.266797877], [-76.5724281729999, 39.2666968770001], [-76.572734172, 39.266692877], [-76.572751173, 39.266917877], [-76.572567173, 39.2669198770001], [-76.570885172, 39.266983877], [-76.569698171, 39.267043878], [-76.569624171, 39.267112378], [-76.5696181719999, 39.2672608770001], [-76.568959671, 39.267269878], [-76.5688691719999, 39.267299877], [-76.5689221709999, 39.2680178780001], [-76.569201172, 39.2680008780001], [-76.570871172, 39.2679328770001], [-76.570938172, 39.2679368770001], [-76.570947172, 39.267990877], [-76.571243172, 39.2679848770001], [-76.572258173, 39.2679418770001], [-76.572399172, 39.267926877], [-76.572465173, 39.267880878], [-76.5727846729999, 39.267874378], [-76.572813173, 39.2679818770001], [-76.572838173, 39.268468877], [-76.572470173, 39.268446877], [-76.571763172, 39.2684528770001], [-76.568953171, 39.268550878], [-76.569005172, 39.2692938770001], [-76.569468172, 39.269345877], [-76.5696151719999, 39.2693758770001], [-76.5696751789999, 39.269399677], [-76.569896171, 39.269401878], [-76.569901171, 39.269536878], [-76.5698381719999, 39.2695568770001], [-76.5698401719999, 39.269673878], [-76.5695231719999, 39.2696838780001], [-76.569521172, 39.2696208770001], [-76.569022172, 39.2696448770001], [-76.5690331719999, 39.269885877], [-76.572323172, 39.2697588770001], [-76.572330173, 39.270084878], [-76.570501172, 39.270169878], [-76.569071171, 39.270219878], [-76.569094172, 39.270688878], [-76.570589172, 39.270638878], [-76.570600172, 39.2707908780001], [-76.569619172, 39.2708368780001], [-76.569623172, 39.2710208780001], [-76.5704021719999, 39.270983878], [-76.5705186719999, 39.2709983780001], [-76.570549172, 39.2710358780001], [-76.570572173, 39.271227878], [-76.5704911719999, 39.271226878], [-76.570538172, 39.271527878], [-76.5725611729999, 39.2714678780001], [-76.5725611729999, 39.271619878], [-76.570522172, 39.271685878], [-76.570538172, 39.2719888780001], [-76.570444173, 39.271996878], [-76.570446172, 39.2721158780001], [-76.571852173, 39.272064878], [-76.571854173, 39.2721878780001], [-76.570432172, 39.272249878], [-76.570454173, 39.2725888780001], [-76.5704901729999, 39.272812878], [-76.571315173, 39.272786878], [-76.571378172, 39.2727928780001], [-76.571520173, 39.2728608780001], [-76.571587173, 39.2729038780001], [-76.5716581729999, 39.272965878], [-76.571666172, 39.2732058780001], [-76.571633173, 39.2734668780001], [-76.571562173, 39.2737828790001], [-76.571509173, 39.2739468780001], [-76.571182173, 39.274094878], [-76.570925173, 39.2741448780001], [-76.570775172, 39.2743748780001], [-76.570854173, 39.2750198780001], [-76.572689173, 39.275014878], [-76.5708931729999, 39.275392878], [-76.570913172, 39.2754958780001], [-76.5709801729999, 39.2763528790001], [-76.570933172, 39.2763968790001], [-76.570879173, 39.276428879], [-76.570889173, 39.276913879], [-76.5709161729999, 39.2772258790001], [-76.570933173, 39.277329879], [-76.5710101729999, 39.278344879], [-76.570227173, 39.2783798790001], [-76.5694571719999, 39.2783978790001], [-76.5685141719999, 39.2784248790001], [-76.566654171, 39.27849388], [-76.564502171, 39.2786028800001], [-76.56425317, 39.278749879], [-76.563985171, 39.27896188], [-76.563595171, 39.27930888], [-76.563308171, 39.2796098800001], [-76.5630471699999, 39.27991088], [-76.562769171, 39.28024488], [-76.56247917, 39.28070088], [-76.5620591699999, 39.2807148800001], [-76.55926617, 39.28079388], [-76.558249169, 39.28083388], [-76.557322169, 39.28088288], [-76.5563881689999, 39.2809138800001], [-76.5553561679999, 39.2809648800001], [-76.554583168, 39.2809848800001], [-76.554427168, 39.281016881], [-76.554204167, 39.281030881], [-76.553866167, 39.28104288], [-76.553408168, 39.2810908800001], [-76.553262167, 39.28108988], [-76.5527291669999, 39.281107881], [-76.552397167, 39.281106881], [-76.5506101669999, 39.2811798810001], [-76.549933166, 39.2812228810001], [-76.5498441659999, 39.2812238810001], [-76.5497501669999, 39.2812228810001], [-76.5497171659999, 39.2812078810001], [-76.547588166, 39.2812938810001], [-76.545725165, 39.281369881], [-76.5447881649999, 39.2814068810001], [-76.543807164, 39.2814508810001], [-76.5436701639999, 39.27945888], [-76.5436611649999, 39.279224881], [-76.543658164, 39.2789198800001], [-76.5436691639999, 39.27863588], [-76.5437151639999, 39.278309881], [-76.543740164, 39.2779388800001], [-76.543649164, 39.2765048800001], [-76.5436421639999, 39.27628988], [-76.542983164, 39.27630488], [-76.539902163, 39.27640488], [-76.539625163, 39.2764188800001], [-76.538863163, 39.27644088], [-76.538007162, 39.27647388], [-76.537988163, 39.27582088], [-76.537926163, 39.27484788], [-76.5373971619999, 39.2748598800001], [-76.5371901619999, 39.27489488], [-76.5371011619999, 39.27491988], [-76.536822162, 39.27502888], [-76.536752162, 39.2750428800001], [-76.536370162, 39.27506688], [-76.536100162, 39.27507188], [-76.535900162, 39.2750898800001], [-76.5357481609999, 39.27511788], [-76.535270161, 39.27525688], [-76.535084162, 39.27529588], [-76.534995161, 39.27530088], [-76.535070161, 39.27609088], [-76.534183161, 39.2769238810001], [-76.5335061609999, 39.277548881], [-76.5337291609999, 39.2780108810001], [-76.533878161, 39.2783178810001], [-76.534254161, 39.2790868810001], [-76.534637162, 39.279862881], [-76.535215162, 39.280994881], [-76.5357061619999, 39.281800882], [-76.533085161, 39.283234882], [-76.5303951609999, 39.2848258820001], [-76.52959416, 39.284859882], [-76.52966516, 39.284210882], [-76.52993616, 39.2830898820001], [-76.52978916, 39.281879882], [-76.5297901599999, 39.281534881]]]}, "properties": {"FIPS": "24510260605", "nmtc_class": "Severe Distress", "qualifies": "YES", "poverty_pct": 18.3, "income_pct_benchmark": 0.534379430948105, "unemployment_ratio": 1.6666666269302368, "metro": "Metro"}}, {"type": "Feature", "geometry": {"type": "Polygon", "coordinates": [[[-76.58848518, 39.3088128850001], [-76.58917818, 39.3088098850001], [-76.590230181, 39.308760885], [-76.590890181, 39.3087178850001], [-76.592195181, 39.308665885], [-76.592848182, 39.308648885], [-76.5939581809999, 39.308618884], [-76.5950291829999, 39.308572885], [-76.5959581829999, 39.3085418850001], [-76.5968621819999, 39.308503885], [-76.598280183, 39.3084328840001], [-76.5983201829999, 39.309484884], [-76.598382183, 39.310533885], [-76.5984521829999, 39.3115128850001], [-76.5984791829999, 39.311999885], [-76.597077183, 39.312084885], [-76.596929183, 39.312091885], [-76.595235182, 39.3121658850001], [-76.5950131829999, 39.3121748850001], [-76.5942031829999, 39.312200885], [-76.5930981819999, 39.312224885], [-76.592412182, 39.3122508860001], [-76.5917501819999, 39.3122998850001], [-76.5911001809999, 39.3123208860001], [-76.590435181, 39.3123418850001], [-76.589267181, 39.3123948850001], [-76.5886941809999, 39.312426885], [-76.58861918, 39.3109108850001], [-76.5885851799999, 39.3103628850001], [-76.58855318, 39.3098758850001], [-76.58848518, 39.3088128850001]]]}, "properties": {"FIPS": "24510080600", "nmtc_class": "Severe Distress", "qualifies": "YES", "poverty_pct": 31.1, "income_pct_benchmark": 0.575035447584838, "unemployment_ratio": 2.370370388031006, "metro": "Metro"}}, {"type": "Feature", "geometry": {"type": "Polygon", "coordinates": [[[-76.594441182, 39.317625886], [-76.594869183, 39.3172458860001], [-76.594889183, 39.3172508870001], [-76.597719183, 39.3179298860001], [-76.599414184, 39.318301886], [-76.601491185, 39.318797886], [-76.600576184, 39.319708887], [-76.599509184, 39.320796887], [-76.5984281839999, 39.3218488870001], [-76.597883184, 39.322367887], [-76.597314184, 39.322904887], [-76.597039184, 39.3231868870001], [-76.596766184, 39.3234638870001], [-76.5948981829999, 39.325319888], [-76.594440183, 39.325765888], [-76.5939311829999, 39.326232888], [-76.593812183, 39.3259748880001], [-76.593586183, 39.3252788880001], [-76.593184182, 39.3239088870001], [-76.592816182, 39.3232168880001], [-76.592579182, 39.322926888], [-76.5924681819999, 39.322819887], [-76.592283182, 39.322657887], [-76.592096182, 39.322498887], [-76.5908741819999, 39.321534887], [-76.590774182, 39.321445887], [-76.5906931819999, 39.321327887], [-76.590660181, 39.321246887], [-76.591107182, 39.3208058870001], [-76.5916851809999, 39.3202678870001], [-76.591821182, 39.3201338870001], [-76.592254182, 39.319738887], [-76.592823183, 39.319185887], [-76.5930361819999, 39.318992887], [-76.593363182, 39.318657887], [-76.594208183, 39.317873886], [-76.594441182, 39.317625886]]]}, "properties": {"FIPS": "24510090700", "nmtc_class": "Severe Distress", "qualifies": "YES", "poverty_pct": 38.2, "income_pct_benchmark": 0.35779374231969, "unemployment_ratio": 5.777777671813965, "metro": "Metro"}}, {"type": "Feature", "geometry": {"type": "Polygon", "coordinates": [[[-76.582601177, 39.291991882], [-76.5833271779999, 39.2919638810001], [-76.583379178, 39.2930928820001], [-76.583458177, 39.2943688820001], [-76.5835701779999, 39.296400882], [-76.583577178, 39.2965268820001], [-76.583587178, 39.296694882], [-76.582884177, 39.2967278830001], [-76.582171177, 39.296759883], [-76.581442177, 39.2967768830001], [-76.580756177, 39.2967978830001], [-76.5800431769999, 39.2968248820001], [-76.579331177, 39.296859883], [-76.578655177, 39.2968868820001], [-76.577957176, 39.296918882], [-76.577845176, 39.2958138820001], [-76.577789176, 39.2949138820001], [-76.577785176, 39.294589882], [-76.577698176, 39.2933348820001], [-76.577625176, 39.2921858820001], [-76.578277175, 39.292157882], [-76.579086176, 39.292131882], [-76.5797291759999, 39.292106882], [-76.580450177, 39.2920748810001], [-76.581139177, 39.2920558810001], [-76.5818881769999, 39.292019882], [-76.582601177, 39.291991882]]]}, "properties": {"FIPS": "24510060200", "nmtc_class": "Severe Distress", "qualifies": "YES", "poverty_pct": 33.0, "income_pct_benchmark": 0.758578315530768, "unemployment_ratio": 2.6111111640930176, "metro": "Metro"}}, {"type": "Feature", "geometry": {"type": "Polygon", "coordinates": [[[-76.581815179, 39.314560886], [-76.582166178, 39.314250886], [-76.582040179, 39.314241886], [-76.5816791779999, 39.3142388860001], [-76.5758321769999, 39.3142978860001], [-76.5749331759999, 39.3142818860001], [-76.574016176, 39.3142858860001], [-76.573594176, 39.3142968870001], [-76.573147175, 39.3143238860001], [-76.573144176, 39.313236886], [-76.573093176, 39.3116498860001], [-76.573096175, 39.310369886], [-76.573048176, 39.3093458860001], [-76.573998175, 39.3093158850001], [-76.574890176, 39.309278885], [-76.575877176, 39.309248885], [-76.5768231769999, 39.309201885], [-76.577735177, 39.309182885], [-76.578680177, 39.3091448850001], [-76.5801051779999, 39.309067885], [-76.582317178, 39.308986885], [-76.582910178, 39.308985885], [-76.584367179, 39.308936885], [-76.585382179, 39.308907885], [-76.585449179, 39.308906885], [-76.585766179, 39.308894885], [-76.58654918, 39.3088618850001], [-76.58739618, 39.3088578850001], [-76.58850918, 39.308686885], [-76.58848518, 39.3088128850001], [-76.58855318, 39.3098758850001], [-76.5885851799999, 39.3103628850001], [-76.58861918, 39.3109108850001], [-76.5886941809999, 39.312426885], [-76.58874718, 39.3133168860001], [-76.588775181, 39.3136488860001], [-76.58881418, 39.3143508860001], [-76.58925418, 39.3143508860001], [-76.590572181, 39.314311886], [-76.590621181, 39.315080886], [-76.5906021819999, 39.3152438860001], [-76.590569181, 39.3153608860001], [-76.590526181, 39.3154488860001], [-76.590445181, 39.3155608860001], [-76.5903131809999, 39.3157158860001], [-76.589883181, 39.316130886], [-76.589246181, 39.315979886], [-76.5887621799999, 39.3158728860001], [-76.588338181, 39.3157628860001], [-76.58697418, 39.3153788860001], [-76.58650918, 39.315257886], [-76.5858611799999, 39.315097886], [-76.58557418, 39.315034886], [-76.585064179, 39.3149338860001], [-76.584818179, 39.314891886], [-76.584391179, 39.314828886], [-76.583332179, 39.3146928860001], [-76.582789179, 39.3146388860001], [-76.582387179, 39.3145918860001], [-76.582051179, 39.3145688860001], [-76.581815179, 39.314560886]]]}, "properties": {"FIPS": "24510080200", "nmtc_class": "Severe Distress", "qualifies": "YES", "poverty_pct": 14.2, "income_pct_benchmark": 0.397797523395406, "unemployment_ratio": 3.7407407760620117, "metro": "Metro"}}, {"type": "Feature", "geometry": {"type": "Polygon", "coordinates": [[[-76.6389691959999, 39.303385882], [-76.638942195, 39.3025038810001], [-76.6388551949999, 39.3011698810001], [-76.6387991949999, 39.300144881], [-76.638788195, 39.299678881], [-76.638780196, 39.2993768810001], [-76.638759195, 39.299069881], [-76.638622195, 39.2968768800001], [-76.638621195, 39.2966968800001], [-76.638554195, 39.2954548800001], [-76.638464195, 39.2941968800001], [-76.639376196, 39.29416788], [-76.641304196, 39.2940828800001], [-76.6420801959999, 39.2940418800001], [-76.642698196, 39.2940168800001], [-76.642746197, 39.2948048800001], [-76.642777197, 39.2953208800001], [-76.642839196, 39.2965628800001], [-76.642859197, 39.2967408810001], [-76.6429771969999, 39.2989018810001], [-76.643001197, 39.299560881], [-76.643038197, 39.3000258810001], [-76.643060196, 39.300572881], [-76.643092197, 39.301116881], [-76.643148197, 39.301724881], [-76.6431831959999, 39.3022478820001], [-76.6432201969999, 39.3032188810001], [-76.643219197, 39.303278882], [-76.6418051959999, 39.303315882], [-76.641118196, 39.303313882], [-76.640409196, 39.3033318820001], [-76.639678196, 39.303369881], [-76.6389691959999, 39.303385882]]]}, "properties": {"FIPS": "24510160200", "nmtc_class": "Severe Distress", "qualifies": "YES", "poverty_pct": 48.0, "income_pct_benchmark": 0.305652708195482, "unemployment_ratio": 2.9814815521240234, "metro": "Metro"}}, {"type": "Feature", "geometry": {"type": "Polygon", "coordinates": [[[-76.598280183, 39.3084328840001], [-76.5981851829999, 39.307362884], [-76.598121183, 39.3062948840001], [-76.598099183, 39.305649884], [-76.5980711829999, 39.305229884], [-76.598829183, 39.3052168840001], [-76.599583184, 39.3051798830001], [-76.600531184, 39.3051428840001], [-76.6018261839999, 39.305071883], [-76.602242184, 39.3050818840001], [-76.6029941849999, 39.3050578830001], [-76.603629185, 39.305025883], [-76.605887185, 39.3049428830001], [-76.6065911859999, 39.3049228830001], [-76.6072921859999, 39.304893883], [-76.608201186, 39.304846883], [-76.608422186, 39.3056848840001], [-76.608738186, 39.3069488830001], [-76.609210187, 39.3090598840001], [-76.609393186, 39.3100788840001], [-76.609442187, 39.310563884], [-76.6094921869999, 39.311188884], [-76.609499187, 39.311412885], [-76.608311186, 39.3114678850001], [-76.6075631859999, 39.3115188840001], [-76.607135187, 39.311543885], [-76.606160186, 39.3116128850001], [-76.604133185, 39.311724885], [-76.602646185, 39.3117918850001], [-76.600868184, 39.311882885], [-76.5993721839999, 39.311949885], [-76.5984791829999, 39.311999885], [-76.5984521829999, 39.3115128850001], [-76.598382183, 39.310533885], [-76.5983201829999, 39.309484884], [-76.598280183, 39.3084328840001]]]}, "properties": {"FIPS": "24510090900", "nmtc_class": "Severe Distress", "qualifies": "YES", "poverty_pct": 35.2, "income_pct_benchmark": 0.3358162397202, "unemployment_ratio": 4.092592716217041, "metro": "Metro"}}, {"type": "Feature", "geometry": {"type": "Polygon", "coordinates": [[[-76.7061072169999, 39.302842879], [-76.705846217, 39.3027198790001], [-76.705700216, 39.3026188790001], [-76.7055232169999, 39.302481879], [-76.705476217, 39.3024158790001], [-76.705447216, 39.3023548790001], [-76.7054152169999, 39.3022458790001], [-76.705420217, 39.302165879], [-76.7054392159999, 39.3020488790001], [-76.705473216, 39.3019658790001], [-76.7055292159999, 39.301909879], [-76.705658216, 39.301843879], [-76.705739216, 39.3017928790001], [-76.706484216, 39.3011008790001], [-76.7066052169999, 39.300943879], [-76.706624217, 39.300886878], [-76.7066372159999, 39.300786879], [-76.7066372159999, 39.3006628790001], [-76.7066092169999, 39.300479878], [-76.706535216, 39.300207878], [-76.7064302169999, 39.299997879], [-76.706297217, 39.299798878], [-76.7061802169999, 39.2996808790001], [-76.7060662169999, 39.299596879], [-76.7059602159999, 39.2995438790001], [-76.705857216, 39.2995238780001], [-76.705713217, 39.299513878], [-76.7055752159999, 39.299524879], [-76.705441217, 39.2995608790001], [-76.705204216, 39.299644879], [-76.704973216, 39.299717878], [-76.704888216, 39.2997398790001], [-76.704781216, 39.299753878], [-76.704611216, 39.299748879], [-76.704261216, 39.299705878], [-76.703802216, 39.299634879], [-76.703557216, 39.299641878], [-76.703306216, 39.2996798780001], [-76.7031242149999, 39.299752879], [-76.7029172159999, 39.2999198790001], [-76.7028582149999, 39.300025879], [-76.702849215, 39.300137879], [-76.702880216, 39.300320879], [-76.702873215, 39.300500879], [-76.7028542149999, 39.300563879], [-76.7028102149999, 39.3006388790001], [-76.702735215, 39.300697879], [-76.702056215, 39.301033879], [-76.701896215, 39.3010958790001], [-76.7017702149999, 39.301128879], [-76.701560215, 39.3011588790001], [-76.701426215, 39.301186879], [-76.701358215, 39.3012058790001], [-76.701276215, 39.301237879], [-76.701195215, 39.301304879], [-76.701023215, 39.301555879], [-76.700859215, 39.301777879], [-76.700700215, 39.3018578790001], [-76.700542215, 39.301893879], [-76.699722214, 39.3020388790001], [-76.6995262149999, 39.3020438790001], [-76.699132214, 39.30201888], [-76.698900215, 39.3019688790001], [-76.698774214, 39.3019258790001], [-76.6986882139999, 39.301827879], [-76.6986262139999, 39.301668879], [-76.6985392139999, 39.301546879], [-76.698453214, 39.3014788790001], [-76.6983592139999, 39.301441879], [-76.697981214, 39.3014108790001], [-76.697650213, 39.301421879], [-76.6974572139999, 39.301463879], [-76.697315214, 39.3015248790001], [-76.697126214, 39.301640879], [-76.696833214, 39.301883879], [-76.696652214, 39.302005879], [-76.696478214, 39.3020488790001], [-76.696183213, 39.3020838790001], [-76.695891213, 39.3021078790001], [-76.695687213, 39.30211388], [-76.6948682129999, 39.30202388], [-76.6947122129999, 39.301844879], [-76.694586213, 39.301625879], [-76.6944892129999, 39.301375879], [-76.694594213, 39.300813879], [-76.692408212, 39.2989538790001], [-76.693514213, 39.297929878], [-76.692575212, 39.2973288790001], [-76.691574212, 39.296741878], [-76.692250212, 39.2961248780001], [-76.691380212, 39.295478879], [-76.690480211, 39.294828878], [-76.689468211, 39.2942048780001], [-76.689452211, 39.294169878], [-76.689444211, 39.2941188780001], [-76.6894272099999, 39.293588878], [-76.690935211, 39.293538878], [-76.692515212, 39.293476878], [-76.6931442119999, 39.2934628780001], [-76.693924212, 39.2934238780001], [-76.695325213, 39.2933738780001], [-76.6959292129999, 39.293345878], [-76.696725213, 39.2932658770001], [-76.697995213, 39.2930678770001], [-76.6984912139999, 39.292999878], [-76.698838214, 39.292934877], [-76.699266213, 39.292854877], [-76.700647214, 39.292668877], [-76.701807215, 39.292491877], [-76.7023352149999, 39.2924058770001], [-76.7025832149999, 39.292378877], [-76.702848215, 39.292357877], [-76.702988215, 39.292353877], [-76.703266215, 39.292372877], [-76.703904215, 39.2924388770001], [-76.7041142149999, 39.2924318770001], [-76.705944216, 39.292174877], [-76.706999216, 39.2919838770001], [-76.707619216, 39.2919198770001], [-76.7078012169999, 39.2919148770001], [-76.708126216, 39.2918898770001], [-76.709139217, 39.291859877], [-76.7107452179999, 39.291772877], [-76.7111972179999, 39.2917568770001], [-76.7112032169999, 39.294919877], [-76.7113952179999, 39.296812878], [-76.711257218, 39.297369878], [-76.7111952179999, 39.2982378780001], [-76.711226218, 39.298717878], [-76.711257218, 39.299219878], [-76.7112142179999, 39.299762878], [-76.711212218, 39.2997858780001], [-76.7111952179999, 39.3000128790001], [-76.7111952179999, 39.300612879], [-76.711208218, 39.3015188790001], [-76.7111952179999, 39.302112879], [-76.711193218, 39.302962879], [-76.710368218, 39.302769879], [-76.710169218, 39.3027338790001], [-76.710010218, 39.302724879], [-76.7098702179999, 39.3027378790001], [-76.7097352179999, 39.3027768790001], [-76.709426218, 39.303032879], [-76.709221218, 39.3032348790001], [-76.709094217, 39.303330879], [-76.709031218, 39.303358879], [-76.708915217, 39.303381879], [-76.708676217, 39.303399879], [-76.7084052179999, 39.303402879], [-76.708194217, 39.3033878790001], [-76.707767217, 39.303315879], [-76.707317217, 39.3031868790001], [-76.706974217, 39.303111879], [-76.706723217, 39.303064879], [-76.706534217, 39.3030058790001], [-76.7061072169999, 39.302842879]]]}, "properties": {"FIPS": "24510280401", "nmtc_class": "Distressed", "qualifies": "YES", "poverty_pct": 12.5, "income_pct_benchmark": 0.682484166745439, "unemployment_ratio": 0.8518518805503845, "metro": "Metro"}}, {"type": "Feature", "geometry": {"type": "Polygon", "coordinates": [[[-76.659449205, 39.3465138890001], [-76.6595592049999, 39.3460798890001], [-76.659591204, 39.34586189], [-76.659584205, 39.34572489], [-76.6595542049999, 39.34558989], [-76.659464204, 39.3453138890001], [-76.659297205, 39.3449798890001], [-76.659098205, 39.3446668890001], [-76.658855204, 39.3443908890001], [-76.6586852039999, 39.344239889], [-76.6583932039999, 39.344012889], [-76.657764204, 39.343500889], [-76.657551204, 39.3433118890001], [-76.6573782039999, 39.343139889], [-76.6573062039999, 39.343022889], [-76.657242203, 39.3429008890001], [-76.6571972039999, 39.3427518890001], [-76.657173204, 39.342600889], [-76.6571772039999, 39.342420889], [-76.6571952039999, 39.342310889], [-76.657232203, 39.342196889], [-76.657270204, 39.3421188890001], [-76.6574232039999, 39.3418668890001], [-76.657685204, 39.341563888], [-76.657841204, 39.3413938890001], [-76.6579612039999, 39.3412448880001], [-76.658058204, 39.3411088890001], [-76.658111204, 39.3410208880001], [-76.658183204, 39.340873888], [-76.658412204, 39.3408398880001], [-76.658702204, 39.340807888], [-76.661281205, 39.3407058880001], [-76.662008205, 39.3406808880001], [-76.6621692049999, 39.340687889], [-76.662265205, 39.340696888], [-76.662437206, 39.3407228890001], [-76.662584205, 39.3407538880001], [-76.6628022049999, 39.340816889], [-76.6630042049999, 39.340889888], [-76.663185206, 39.340943888], [-76.663320206, 39.3409688890001], [-76.663629205, 39.3409758880001], [-76.6638282059999, 39.340961888], [-76.663954206, 39.340938888], [-76.664234205, 39.3408558880001], [-76.6645522059999, 39.340712888], [-76.664723206, 39.3406188880001], [-76.664903206, 39.340510888], [-76.665142206, 39.340343888], [-76.665239206, 39.340223888], [-76.665344206, 39.3401388880001], [-76.665500207, 39.340054888], [-76.666475206, 39.3396398880001], [-76.6668242059999, 39.3394638880001], [-76.6671362069999, 39.3393118880001], [-76.667928207, 39.3389288880001], [-76.6681942069999, 39.339277888], [-76.668326207, 39.3393998880001], [-76.668408207, 39.339452888], [-76.6685292069999, 39.3395118880001], [-76.668860208, 39.3396168880001], [-76.671352208, 39.3403168880001], [-76.672564208, 39.340672888], [-76.673850209, 39.341033888], [-76.673555209, 39.341792888], [-76.672997209, 39.343150888], [-76.6725512089999, 39.344268889], [-76.6723882089999, 39.344650889], [-76.671399209, 39.3452028890001], [-76.669284208, 39.346379889], [-76.6690892079999, 39.346492889], [-76.668921208, 39.3465988900001], [-76.668786208, 39.3466148890001], [-76.668501207, 39.3466248890001], [-76.665553206, 39.3466858900001], [-76.6643692059999, 39.3467098900001], [-76.663342206, 39.3467068890001], [-76.6618962049999, 39.3467268900001], [-76.661431206, 39.34669789], [-76.659449205, 39.3465138890001]]]}, "properties": {"FIPS": "24510271600", "nmtc_class": "Severe Distress", "qualifies": "YES", "poverty_pct": 31.5, "income_pct_benchmark": 0.430948104735797, "unemployment_ratio": 2.2962963581085205, "metro": "Metro"}}, {"type": "Feature", "geometry": {"type": "Polygon", "coordinates": [[[-76.6336601949999, 39.3103488840001], [-76.632660194, 39.309506884], [-76.631723193, 39.3087328830001], [-76.630763193, 39.307954883], [-76.6314591939999, 39.307414883], [-76.631876194, 39.3071088830001], [-76.632260194, 39.3068148830001], [-76.632668194, 39.306537883], [-76.633092194, 39.306224883], [-76.633409194, 39.305976882], [-76.6336561949999, 39.305819882], [-76.6340031939999, 39.3055958830001], [-76.634528195, 39.305169882], [-76.635009195, 39.3047488820001], [-76.635593195, 39.3043468820001], [-76.636328195, 39.303789882], [-76.6368311949999, 39.303428882], [-76.637302195, 39.304284882], [-76.637473195, 39.304596882], [-76.637787195, 39.3051608820001], [-76.638035196, 39.3056048820001], [-76.638149196, 39.3057808820001], [-76.6384701959999, 39.3063448820001], [-76.638698196, 39.306783882], [-76.638825196, 39.306999882], [-76.639451196, 39.3075188830001], [-76.6397391959999, 39.307750883], [-76.640394196, 39.308307883], [-76.6407981959999, 39.3086648830001], [-76.6416211969999, 39.3093648830001], [-76.642516197, 39.310096883], [-76.640914197, 39.310160883], [-76.640391197, 39.310153883], [-76.638374196, 39.310244883], [-76.638333196, 39.310244883], [-76.638292196, 39.310247883], [-76.6380251959999, 39.3102638830001], [-76.636988195, 39.3103268830001], [-76.6369031959999, 39.310289883], [-76.636844195, 39.310273884], [-76.6366971959999, 39.310270883], [-76.635763195, 39.310285884], [-76.634963195, 39.310314883], [-76.6347181949999, 39.310315883], [-76.633898194, 39.310342883], [-76.6336601949999, 39.3103488840001]]]}, "properties": {"FIPS": "24510140300", "nmtc_class": "Severe Distress", "qualifies": "YES", "poverty_pct": 17.2, "income_pct_benchmark": 0.572227998865677, "unemployment_ratio": 0.6851851940155029, "metro": "Metro"}}, {"type": "Feature", "geometry": {"type": "Polygon", "coordinates": [[[-76.5825571779999, 39.3023728840001], [-76.583903179, 39.302320883], [-76.584025179, 39.3036628840001], [-76.5841321789999, 39.3052558840001], [-76.5841771779999, 39.305787884], [-76.584279178, 39.307377885], [-76.584300179, 39.307904885], [-76.584367179, 39.308936885], [-76.582910178, 39.308985885], [-76.582317178, 39.308986885], [-76.5801051779999, 39.309067885], [-76.580012177, 39.307543885], [-76.579959177, 39.306477885], [-76.579923177, 39.3059488850001], [-76.5799031769999, 39.3056628840001], [-76.5798831769999, 39.3054178840001], [-76.579854177, 39.3048968840001], [-76.5797871769999, 39.3038188840001], [-76.5797501769999, 39.3031428840001], [-76.5797061769999, 39.3024898840001], [-76.5811241769999, 39.302438884], [-76.5825571779999, 39.3023728840001]]]}, "properties": {"FIPS": "24510080301", "nmtc_class": "Severe Distress", "qualifies": "YES", "poverty_pct": 20.2, "income_pct_benchmark": 0.440920691936856, "unemployment_ratio": 2.685185194015503, "metro": "Metro"}}, {"type": "Feature", "geometry": {"type": "Polygon", "coordinates": [[[-76.6477891979999, 39.3030698810001], [-76.6477191979999, 39.302312881], [-76.648135198, 39.302652881], [-76.6483551979999, 39.302804882], [-76.6484851989999, 39.302870881], [-76.648652198, 39.302924881], [-76.6492951989999, 39.303034881], [-76.649843199, 39.3031098810001], [-76.650400199, 39.3032068810001], [-76.6507541989999, 39.303255881], [-76.6516091999999, 39.3033578820001], [-76.6516592, 39.303477881], [-76.6516771999999, 39.3035388810001], [-76.6516872, 39.303611881], [-76.651708199, 39.304064882], [-76.6517221999999, 39.3046448810001], [-76.6517172, 39.305100882], [-76.6510502, 39.305122882], [-76.651068199, 39.305800882], [-76.651108199, 39.306521882], [-76.651180199, 39.307410882], [-76.6511932, 39.307773882], [-76.6512612, 39.308701882], [-76.6513411999999, 39.309687883], [-76.649049199, 39.3097728820001], [-76.647343198, 39.309861883], [-76.645008198, 39.3099518830001], [-76.644948198, 39.308900883], [-76.644915198, 39.3080138820001], [-76.644888198, 39.307625882], [-76.644847198, 39.306922882], [-76.6448411979999, 39.3067348820001], [-76.644808198, 39.306296882], [-76.6447991969999, 39.3057818820001], [-76.6447711979999, 39.3053598820001], [-76.6447331969999, 39.304844882], [-76.644696197, 39.304270882], [-76.644692197, 39.3041148820001], [-76.644645197, 39.3031838810001], [-76.645390197, 39.3031418810001], [-76.6459881979999, 39.303122882], [-76.6461201979999, 39.303119881], [-76.6466891979999, 39.3031008820001], [-76.647316199, 39.303097882], [-76.6477891979999, 39.3030698810001]]]}, "properties": {"FIPS": "24510150200", "nmtc_class": "Severe Distress", "qualifies": "YES", "poverty_pct": 36.2, "income_pct_benchmark": 0.393515455146989, "unemployment_ratio": 2.129629611968994, "metro": "Metro"}}, {"type": "Feature", "geometry": {"type": "Polygon", "coordinates": [[[-76.598749182, 39.285365879], [-76.599229182, 39.285344879], [-76.599256182, 39.2857548790001], [-76.599283182, 39.2863628800001], [-76.599349183, 39.2872638800001], [-76.599371182, 39.28775388], [-76.599417182, 39.28837188], [-76.599444182, 39.2887498800001], [-76.599469182, 39.2891728800001], [-76.599567182, 39.290224881], [-76.599602182, 39.2908168810001], [-76.599638182, 39.2918718810001], [-76.599689182, 39.292543881], [-76.599148183, 39.2927078810001], [-76.5972861819999, 39.2932448810001], [-76.5958941809999, 39.2936128810001], [-76.5952651819999, 39.293819882], [-76.595069181, 39.2938758820001], [-76.5948181809999, 39.293956882], [-76.5941191809999, 39.293975882], [-76.5940741809999, 39.2932948810001], [-76.5940311809999, 39.2926398810001], [-76.593994181, 39.292079882], [-76.593946181, 39.291549881], [-76.5939181799999, 39.291138881], [-76.5938711809999, 39.290406881], [-76.5938051799999, 39.2892648810001], [-76.59372418, 39.2877348800001], [-76.593706181, 39.28763088], [-76.593640181, 39.2866168800001], [-76.5935591799999, 39.28558588], [-76.5953571809999, 39.28551788], [-76.5975411809999, 39.28542488], [-76.5983171819999, 39.2853758800001], [-76.598749182, 39.285365879]]]}, "properties": {"FIPS": "24510030100", "nmtc_class": "Severe Distress", "qualifies": "YES", "poverty_pct": 43.4, "income_pct_benchmark": 0.244191322431232, "unemployment_ratio": 2.0, "metro": "Metro"}}, {"type": "Feature", "geometry": {"type": "Polygon", "coordinates": [[[-76.6597532019999, 39.307323882], [-76.659667202, 39.3071348820001], [-76.659538202, 39.3068978820001], [-76.6592942029999, 39.306525881], [-76.659040202, 39.3062598810001], [-76.6592062019999, 39.306245881], [-76.660173202, 39.3061918810001], [-76.660900203, 39.3061518820001], [-76.663085204, 39.3060828810001], [-76.663827204, 39.306050881], [-76.664541204, 39.3060368810001], [-76.6655972039999, 39.3059678820001], [-76.666486205, 39.305932882], [-76.6673262049999, 39.305911881], [-76.667411204, 39.3060818810001], [-76.667521205, 39.3062388810001], [-76.667606205, 39.306337881], [-76.667792205, 39.306537881], [-76.6684072049999, 39.307124882], [-76.672194206, 39.3070258810001], [-76.672293206, 39.307212881], [-76.673305206, 39.306749881], [-76.673722207, 39.306524881], [-76.674125206, 39.306275881], [-76.675356207, 39.3059538810001], [-76.675472207, 39.305939881], [-76.675595207, 39.305940881], [-76.675705207, 39.3059538810001], [-76.675798207, 39.305981881], [-76.6759552079999, 39.3061088810001], [-76.6760932079999, 39.3062848810001], [-76.676198207, 39.3063758810001], [-76.676337207, 39.306520881], [-76.676534208, 39.3066658810001], [-76.676719208, 39.3067568810001], [-76.676870207, 39.3068018810001], [-76.6770622079999, 39.3068248810001], [-76.6773762079999, 39.306830881], [-76.6776032079999, 39.306812881], [-76.678290208, 39.3067108810001], [-76.678465208, 39.306706881], [-76.678657208, 39.3067118810001], [-76.678872208, 39.3067308810001], [-76.679017209, 39.3067538810001], [-76.6791332079999, 39.3067988810001], [-76.6792632089999, 39.3068728810001], [-76.6798692089999, 39.3074748810001], [-76.679698209, 39.308259881], [-76.679700209, 39.308477881], [-76.679713209, 39.308707881], [-76.679762209, 39.3089818810001], [-76.679859209, 39.309310882], [-76.6800472089999, 39.3097928810001], [-76.680298209, 39.3102668820001], [-76.680430209, 39.310429882], [-76.6805022089999, 39.310545882], [-76.680534209, 39.310639882], [-76.6805672089999, 39.3107698820001], [-76.679568208, 39.3108138810001], [-76.678033209, 39.310862882], [-76.677834208, 39.310866882], [-76.677501208, 39.3108768820001], [-76.676018207, 39.310923882], [-76.675974208, 39.3109368820001], [-76.675676208, 39.310970882], [-76.675445207, 39.310976882], [-76.674241207, 39.311039882], [-76.671070206, 39.3111238820001], [-76.669448206, 39.311154882], [-76.666825204, 39.311271882], [-76.6659122039999, 39.3113278820001], [-76.664139204, 39.311381883], [-76.6632612029999, 39.3114128830001], [-76.6613212029999, 39.3114538820001], [-76.661383203, 39.312545882], [-76.6614142029999, 39.3129658830001], [-76.661446203, 39.313271883], [-76.661546204, 39.3139598830001], [-76.661670203, 39.3144488830001], [-76.661730204, 39.314734883], [-76.6614532039999, 39.314791883], [-76.661199203, 39.3148338830001], [-76.660638203, 39.314959883], [-76.660228203, 39.3150848830001], [-76.659781203, 39.3152318840001], [-76.659713203, 39.315021883], [-76.659675203, 39.3148598830001], [-76.659627203, 39.314458883], [-76.659652203, 39.313642883], [-76.659779203, 39.311941883], [-76.659909203, 39.310429883], [-76.659937202, 39.309915882], [-76.659987202, 39.309375882], [-76.660010203, 39.309060882], [-76.660028202, 39.308677882], [-76.660017203, 39.308338882], [-76.6599712029999, 39.307951882], [-76.6599332019999, 39.3077878820001], [-76.659875202, 39.3076038820001], [-76.659802203, 39.3074148820001], [-76.6597532019999, 39.307323882]]]}, "properties": {"FIPS": "24510150600", "nmtc_class": "Severe Distress", "qualifies": "YES", "poverty_pct": 39.8, "income_pct_benchmark": 0.494574156347481, "unemployment_ratio": 4.018518447875977, "metro": "Metro"}}, {"type": "Feature", "geometry": {"type": "Polygon", "coordinates": [[[-76.600033186, 39.341685891], [-76.600213186, 39.340071891], [-76.600508186, 39.3401738900001], [-76.600661186, 39.3402398910001], [-76.6007601859999, 39.3403078910001], [-76.600868186, 39.3404238910001], [-76.6011661859999, 39.3405178900001], [-76.601306186, 39.340545891], [-76.6014371859999, 39.3405578910001], [-76.601771186, 39.3405668900001], [-76.602486187, 39.3405518910001], [-76.603131187, 39.3405278910001], [-76.603683186, 39.340497891], [-76.604962187, 39.3404648910001], [-76.6052851869999, 39.3404698900001], [-76.6054161879999, 39.3404658900001], [-76.605518188, 39.3404528900001], [-76.6055941879999, 39.34043889], [-76.6057761869999, 39.340388891], [-76.606328188, 39.3402018900001], [-76.606375188, 39.3401798900001], [-76.6064061879999, 39.34014089], [-76.606415188, 39.3401058900001], [-76.606391187, 39.33971489], [-76.607669188, 39.3396848900001], [-76.607701188, 39.34023489], [-76.609602189, 39.34018889], [-76.6096841889999, 39.3403568900001], [-76.609698189, 39.34050789], [-76.6096841889999, 39.34104789], [-76.609681189, 39.343024891], [-76.609658189, 39.3434628910001], [-76.609638189, 39.344303891], [-76.6096841889999, 39.3461848920001], [-76.608422189, 39.3461788920001], [-76.608061189, 39.346165892], [-76.607181188, 39.346077891], [-76.605744188, 39.345923891], [-76.6055711879999, 39.345898891], [-76.6054131879999, 39.3458668910001], [-76.6049431879999, 39.3457548920001], [-76.6046401879999, 39.3456708920001], [-76.604432187, 39.345626891], [-76.604198187, 39.345584891], [-76.6038621869999, 39.3455448920001], [-76.6032561869999, 39.3454908910001], [-76.6026231869999, 39.345428891], [-76.6016551869999, 39.345338891], [-76.6006941859999, 39.345243892], [-76.599731186, 39.345156892], [-76.599870186, 39.3442608920001], [-76.5998401859999, 39.344035891], [-76.599851185, 39.343543891], [-76.599937186, 39.342750891], [-76.600033186, 39.341685891]]]}, "properties": {"FIPS": "24510271001", "nmtc_class": "Severe Distress", "qualifies": "YES", "poverty_pct": 22.9, "income_pct_benchmark": 0.41838548066925, "unemployment_ratio": 3.8518519401550293, "metro": "Metro"}}, {"type": "Feature", "geometry": {"type": "Polygon", "coordinates": [[[-76.682413211, 39.3222598840001], [-76.68193421, 39.3213828840001], [-76.6819162099999, 39.321323884], [-76.6819092099999, 39.3212508830001], [-76.68184321, 39.3200978830001], [-76.68179121, 39.3191508840001], [-76.6816422099999, 39.318108883], [-76.6816032099999, 39.3178948830001], [-76.6815572099999, 39.317571883], [-76.68152321, 39.317180883], [-76.681527209, 39.316916883], [-76.68151621, 39.3164558830001], [-76.681497209, 39.3160738830001], [-76.681389209, 39.3155108820001], [-76.68130321, 39.3150098830001], [-76.68113521, 39.3140998820001], [-76.6811042099999, 39.313929882], [-76.6809672099999, 39.3130358820001], [-76.6805672089999, 39.3107698820001], [-76.680534209, 39.310639882], [-76.6805022089999, 39.310545882], [-76.680430209, 39.310429882], [-76.680298209, 39.3102668820001], [-76.6800472089999, 39.3097928810001], [-76.679859209, 39.309310882], [-76.679762209, 39.3089818810001], [-76.679713209, 39.308707881], [-76.679700209, 39.308477881], [-76.679698209, 39.308259881], [-76.6798692089999, 39.3074748810001], [-76.6792632089999, 39.3068728810001], [-76.6791332079999, 39.3067988810001], [-76.679017209, 39.3067538810001], [-76.678872208, 39.3067308810001], [-76.678657208, 39.3067118810001], [-76.678465208, 39.306706881], [-76.678290208, 39.3067108810001], [-76.6776032079999, 39.306812881], [-76.6773762079999, 39.306830881], [-76.6770622079999, 39.3068248810001], [-76.676870207, 39.3068018810001], [-76.676719208, 39.3067568810001], [-76.676534208, 39.3066658810001], [-76.676337207, 39.306520881], [-76.676198207, 39.3063758810001], [-76.6760932079999, 39.3062848810001], [-76.6759552079999, 39.3061088810001], [-76.675798207, 39.305981881], [-76.675705207, 39.3059538810001], [-76.675595207, 39.305940881], [-76.675472207, 39.305939881], [-76.675356207, 39.3059538810001], [-76.674125206, 39.306275881], [-76.674151206, 39.306173881], [-76.674175207, 39.305951881], [-76.674175207, 39.3058838810001], [-76.674144207, 39.305689881], [-76.674085207, 39.305485881], [-76.673684206, 39.304250881], [-76.673597206, 39.3039748810001], [-76.6735362059999, 39.3037388810001], [-76.673530206, 39.30361888], [-76.673534207, 39.30346188], [-76.673565207, 39.3032718810001], [-76.673608206, 39.3031408800001], [-76.673697207, 39.3029818800001], [-76.673764207, 39.3028898810001], [-76.6742122059999, 39.30238088], [-76.674396207, 39.3025258800001], [-76.674472207, 39.30261288], [-76.674790207, 39.302923881], [-76.674840207, 39.30298388], [-76.6748822069999, 39.3030488800001], [-76.675121207, 39.3032898800001], [-76.675298207, 39.3034288800001], [-76.675383207, 39.3034758810001], [-76.6754432069999, 39.30352488], [-76.675701207, 39.3036518800001], [-76.675867207, 39.30375188], [-76.6761302079999, 39.3038738810001], [-76.676212208, 39.3039178810001], [-76.676349207, 39.3039718800001], [-76.676637208, 39.304066881], [-76.676868208, 39.304158881], [-76.677099208, 39.304252881], [-76.677349208, 39.3043718810001], [-76.677455207, 39.304406881], [-76.677507208, 39.3044408810001], [-76.677560208, 39.3044618810001], [-76.6776752069999, 39.304469881], [-76.677793207, 39.3044658800001], [-76.677884208, 39.3044828800001], [-76.678258208, 39.304652881], [-76.678331208, 39.30467888], [-76.678511208, 39.3047128810001], [-76.6786092079999, 39.304739881], [-76.678674208, 39.3047758800001], [-76.678743208, 39.3048468800001], [-76.678832208, 39.3049178800001], [-76.678914208, 39.30499688], [-76.679029208, 39.30517688], [-76.679145208, 39.3052988800001], [-76.6794052079999, 39.3054978810001], [-76.679466208, 39.3055608810001], [-76.679526209, 39.305648881], [-76.6795832079999, 39.305714881], [-76.6797382079999, 39.305847881], [-76.6798292079999, 39.3059008810001], [-76.680720209, 39.3063128800001], [-76.681149209, 39.306499881], [-76.6814052089999, 39.3065788810001], [-76.681567209, 39.306591881], [-76.68179321, 39.306592881], [-76.681997209, 39.306571881], [-76.6822142089999, 39.3065118810001], [-76.682441209, 39.3064388810001], [-76.6826592099999, 39.3063528810001], [-76.68289921, 39.3062878810001], [-76.68332621, 39.306224881], [-76.68406821, 39.306135881], [-76.68442821, 39.3060848810001], [-76.68476321, 39.3060628810001], [-76.68487721, 39.3060408810001], [-76.6849572099999, 39.3059918800001], [-76.68505921, 39.30595688], [-76.6853562099999, 39.3059268810001], [-76.68555521, 39.3058748810001], [-76.685767211, 39.30578688], [-76.6861212109999, 39.30561488], [-76.6863042099999, 39.305513881], [-76.686433211, 39.305355881], [-76.686635211, 39.3053638800001], [-76.6869322109999, 39.3054158800001], [-76.6872052109999, 39.3054988800001], [-76.687372211, 39.3055998800001], [-76.687505211, 39.3057058800001], [-76.687740211, 39.30592188], [-76.688181211, 39.306564881], [-76.6890412119999, 39.3077908810001], [-76.689620212, 39.308528881], [-76.690120212, 39.3091488810001], [-76.690297212, 39.3094168810001], [-76.690362212, 39.309564881], [-76.6903942119999, 39.3096908810001], [-76.690434212, 39.3098878810001], [-76.690433212, 39.310024881], [-76.6903952119999, 39.310330881], [-76.6901712119999, 39.311177881], [-76.690016212, 39.311620882], [-76.6899902119999, 39.3117748820001], [-76.689981212, 39.311936882], [-76.689984212, 39.3121158810001], [-76.6900062119999, 39.312393882], [-76.6899422119999, 39.312375882], [-76.689850212, 39.3123598820001], [-76.689687212, 39.3123438810001], [-76.689423212, 39.3123428820001], [-76.6881182119999, 39.3123578820001], [-76.6873612109999, 39.3123808820001], [-76.686700211, 39.3124288820001], [-76.686312211, 39.3124778820001], [-76.686071211, 39.312523882], [-76.6858962109999, 39.312573882], [-76.6856742109999, 39.312659882], [-76.685459211, 39.312774882], [-76.686000211, 39.313071882], [-76.6860972109999, 39.3131008820001], [-76.686196211, 39.3131538820001], [-76.686265211, 39.3132148820001], [-76.6863472109999, 39.3133018820001], [-76.686402211, 39.3133758820001], [-76.6864372109999, 39.313449882], [-76.686471212, 39.3135528820001], [-76.6865042109999, 39.3137078820001], [-76.6865252109999, 39.3138918820001], [-76.6865252109999, 39.3141108820001], [-76.686467211, 39.3142098820001], [-76.685824211, 39.3144208820001], [-76.6859672109999, 39.314713882], [-76.686111211, 39.3149218830001], [-76.686204211, 39.315031882], [-76.686307211, 39.3151268820001], [-76.686490211, 39.3152398820001], [-76.6867272119999, 39.3153758820001], [-76.686955211, 39.3154428820001], [-76.687123211, 39.315482882], [-76.687297212, 39.315504882], [-76.6872912119999, 39.3156018830001], [-76.687305212, 39.3157108820001], [-76.687338212, 39.3157788820001], [-76.687382212, 39.315836882], [-76.687530211, 39.3160038830001], [-76.686693211, 39.3165008820001], [-76.687410212, 39.317248883], [-76.6877902109999, 39.317609883], [-76.6881242119999, 39.3179578830001], [-76.6888642119999, 39.3190378830001], [-76.6884792119999, 39.319249883], [-76.6883892119999, 39.3193188830001], [-76.6881832119999, 39.3194948840001], [-76.687937212, 39.3197398830001], [-76.687770212, 39.319931883], [-76.687663212, 39.3201008840001], [-76.687638212, 39.3201888830001], [-76.687632212, 39.3202598830001], [-76.687568212, 39.3203028830001], [-76.6875362119999, 39.3203498830001], [-76.687524212, 39.320398884], [-76.6875122119999, 39.320626883], [-76.6875102119999, 39.3210908830001], [-76.687532212, 39.321183883], [-76.687566212, 39.3212478830001], [-76.687633212, 39.321326884], [-76.687750212, 39.3214478840001], [-76.690147213, 39.320992883], [-76.6896042129999, 39.321891883], [-76.689195212, 39.322027883], [-76.689614213, 39.322763884], [-76.690016212, 39.323464884], [-76.690071213, 39.323593884], [-76.688212212, 39.324165884], [-76.687071212, 39.3245068840001], [-76.686599212, 39.324637884], [-76.6843912109999, 39.3252948840001], [-76.6825662109999, 39.325849884], [-76.6820942109999, 39.325034884], [-76.68168521, 39.324269884], [-76.6814632099999, 39.3238748840001], [-76.68134921, 39.323690884], [-76.68108621, 39.3233658840001], [-76.6827492099999, 39.322859884], [-76.682413211, 39.3222598840001]]]}, "properties": {"FIPS": "24510150900", "nmtc_class": "Severe Distress", "qualifies": "YES", "poverty_pct": 23.0, "income_pct_benchmark": 0.74128934681917, "unemployment_ratio": 2.1111111640930176, "metro": "Metro"}}, {"type": "Feature", "geometry": {"type": "Polygon", "coordinates": [[[-76.534183161, 39.2769238810001], [-76.535070161, 39.27609088], [-76.534995161, 39.27530088], [-76.535084162, 39.27529588], [-76.535270161, 39.27525688], [-76.5357481609999, 39.27511788], [-76.535900162, 39.2750898800001], [-76.536100162, 39.27507188], [-76.536370162, 39.27506688], [-76.536752162, 39.2750428800001], [-76.536822162, 39.27502888], [-76.5371011619999, 39.27491988], [-76.5371901619999, 39.27489488], [-76.5373971619999, 39.2748598800001], [-76.537926163, 39.27484788], [-76.537988163, 39.27582088], [-76.538007162, 39.27647388], [-76.538863163, 39.27644088], [-76.539625163, 39.2764188800001], [-76.539902163, 39.27640488], [-76.542983164, 39.27630488], [-76.5436421639999, 39.27628988], [-76.543649164, 39.2765048800001], [-76.543740164, 39.2779388800001], [-76.5437151639999, 39.278309881], [-76.5436691639999, 39.27863588], [-76.543658164, 39.2789198800001], [-76.5436611649999, 39.279224881], [-76.5436701639999, 39.27945888], [-76.543807164, 39.2814508810001], [-76.543201164, 39.2814728810001], [-76.5418911639999, 39.281528881], [-76.540514163, 39.281580881], [-76.5395991629999, 39.281620881], [-76.539155163, 39.2816308810001], [-76.5383101629999, 39.2816608810001], [-76.538196163, 39.2816778810001], [-76.537651162, 39.281686881], [-76.5363591619999, 39.2817458810001], [-76.5357061619999, 39.281800882], [-76.535215162, 39.280994881], [-76.534637162, 39.279862881], [-76.534254161, 39.2790868810001], [-76.533878161, 39.2783178810001], [-76.5337291609999, 39.2780108810001], [-76.5335061609999, 39.277548881], [-76.534183161, 39.2769238810001]]]}, "properties": {"FIPS": "24510260604", "nmtc_class": "Severe Distress", "qualifies": "YES", "poverty_pct": 53.9, "income_pct_benchmark": 0.202590036865488, "unemployment_ratio": 2.555555582046509, "metro": "Metro"}}, {"type": "Feature", "geometry": {"type": "Polygon", "coordinates": [[[-76.597831182, 39.3017518830001], [-76.5993721829999, 39.3016898830001], [-76.601139184, 39.301651883], [-76.6027301839999, 39.301585883], [-76.603552184, 39.301561883], [-76.604187184, 39.301516883], [-76.6049081849999, 39.301498882], [-76.605667185, 39.301452882], [-76.6063911859999, 39.301421883], [-76.6072711849999, 39.3013688830001], [-76.6080361859999, 39.301335883], [-76.609096186, 39.3013088820001], [-76.6098331869999, 39.3012818820001], [-76.610922186, 39.3012578830001], [-76.611553186, 39.301231882], [-76.611596187, 39.3025418830001], [-76.611550187, 39.303269883], [-76.6115181869999, 39.303610883], [-76.6114991869999, 39.3038238830001], [-76.611434187, 39.3042018830001], [-76.6113861869999, 39.304415883], [-76.611352187, 39.3047228830001], [-76.611079187, 39.3047288830001], [-76.609348186, 39.304803883], [-76.608788186, 39.304817883], [-76.608201186, 39.304846883], [-76.6072921859999, 39.304893883], [-76.6065911859999, 39.3049228830001], [-76.605887185, 39.3049428830001], [-76.603629185, 39.305025883], [-76.6029941849999, 39.3050578830001], [-76.602242184, 39.3050818840001], [-76.6018261839999, 39.305071883], [-76.600531184, 39.3051428840001], [-76.599583184, 39.3051798830001], [-76.598829183, 39.3052168840001], [-76.5980711829999, 39.305229884], [-76.5980071829999, 39.3041868830001], [-76.5978461829999, 39.3020918830001], [-76.597831182, 39.3017518830001]]]}, "properties": {"FIPS": "24510100100", "nmtc_class": "Severe Distress", "qualifies": "YES", "poverty_pct": 29.4, "income_pct_benchmark": 0.394356744493808, "unemployment_ratio": 3.2962963581085205, "metro": "Metro"}}, {"type": "Feature", "geometry": {"type": "Polygon", "coordinates": [[[-76.541088166, 39.32615489], [-76.540836166, 39.3243068900001], [-76.5407561659999, 39.3236308890001], [-76.5428201659999, 39.32298289], [-76.542894167, 39.3229598890001], [-76.5445791669999, 39.322443889], [-76.545088167, 39.322297889], [-76.5454321669999, 39.322223889], [-76.546024168, 39.3221308890001], [-76.548202168, 39.3218738890001], [-76.5484441679999, 39.321837889], [-76.548499168, 39.322068889], [-76.5485981689999, 39.322407889], [-76.548649169, 39.322542889], [-76.548735168, 39.3227098890001], [-76.5488461689999, 39.322871889], [-76.548954169, 39.323008889], [-76.549535169, 39.3236518890001], [-76.550432169, 39.3246008890001], [-76.5510291689999, 39.325257889], [-76.55167117, 39.325851889], [-76.5517901699999, 39.3257888890001], [-76.55239617, 39.326227889], [-76.55309717, 39.32665989], [-76.55374317, 39.3269848890001], [-76.55399317, 39.3271198900001], [-76.55453117, 39.327425889], [-76.55503317, 39.3276848900001], [-76.555219171, 39.32776489], [-76.5553681709999, 39.3278168900001], [-76.555555171, 39.32787589], [-76.555810171, 39.327941889], [-76.556186172, 39.32800989], [-76.556747171, 39.32809389], [-76.557060171, 39.328150889], [-76.5573201719999, 39.32821589], [-76.557608171, 39.3283098900001], [-76.5578201719999, 39.3283968900001], [-76.5580891719999, 39.3285318900001], [-76.558256172, 39.3286328900001], [-76.5587581719999, 39.3289708900001], [-76.5602461719999, 39.32997189], [-76.560910173, 39.3304098900001], [-76.561335173, 39.33075089], [-76.561428173, 39.33084589], [-76.5615081729999, 39.33093989], [-76.561614173, 39.3311028900001], [-76.5607591729999, 39.3317748900001], [-76.560323173, 39.3320928910001], [-76.558904173, 39.333085891], [-76.5576801719999, 39.333965891], [-76.556139172, 39.3350178910001], [-76.554458171, 39.336192892], [-76.553894171, 39.3365878910001], [-76.5533191709999, 39.336999892], [-76.55258717, 39.3375108920001], [-76.55244317, 39.3376218920001], [-76.552062171, 39.337879892], [-76.5518051709999, 39.338044892], [-76.551662171, 39.338129892], [-76.551523171, 39.3378488920001], [-76.551466171, 39.3377568920001], [-76.551389171, 39.3376708920001], [-76.55074917, 39.337090892], [-76.54972217, 39.3362348920001], [-76.54908717, 39.3356958910001], [-76.5485351689999, 39.3352558920001], [-76.54838417, 39.3349298910001], [-76.5481271689999, 39.334242891], [-76.548006169, 39.333973891], [-76.5478081689999, 39.333760891], [-76.547707169, 39.3336658910001], [-76.547483169, 39.333479891], [-76.5471151689999, 39.3332818910001], [-76.5454271679999, 39.3324528910001], [-76.545300168, 39.332397891], [-76.544613168, 39.3320408910001], [-76.544243168, 39.331809891], [-76.5439901669999, 39.331603891], [-76.5439011679999, 39.331518891], [-76.543776168, 39.331400891], [-76.543523167, 39.3311438910001], [-76.543089167, 39.3307138910001], [-76.541821167, 39.3293928910001], [-76.5417611669999, 39.329305891], [-76.541723167, 39.32922089], [-76.5416091659999, 39.3289338910001], [-76.5415811669999, 39.328810891], [-76.5412751659999, 39.3271878900001], [-76.541088166, 39.32615489]]]}, "properties": {"FIPS": "24510260201", "nmtc_class": "Distressed", "qualifies": "YES", "poverty_pct": 13.5, "income_pct_benchmark": 0.753851970885717, "unemployment_ratio": 0.6851851940155029, "metro": "Metro"}}, {"type": "Feature", "geometry": {"type": "Polygon", "coordinates": [[[-76.6117771839999, 39.2491588720001], [-76.611811184, 39.2489733720001], [-76.611831184, 39.2489158720001], [-76.611877184, 39.248823872], [-76.611967184, 39.248721872], [-76.611978683, 39.248676372], [-76.611965184, 39.2486163720001], [-76.611942184, 39.248558872], [-76.611862184, 39.248427872], [-76.611771183, 39.248317872], [-76.611635183, 39.248184372], [-76.6116201839999, 39.2481458720001], [-76.611611184, 39.248093872], [-76.611611184, 39.2480378720001], [-76.6116231829999, 39.2479898720001], [-76.611693184, 39.247906372], [-76.611742184, 39.2478748720001], [-76.611865683, 39.247841372], [-76.6119791839999, 39.247775871], [-76.612424184, 39.247551871], [-76.612693184, 39.247304871], [-76.612765184, 39.2472738710001], [-76.612844184, 39.2472488720001], [-76.612990184, 39.247213871], [-76.613093684, 39.2470853720001], [-76.613126184, 39.246970871], [-76.6132421839999, 39.246851871], [-76.613296184, 39.246775872], [-76.613340184, 39.246732871], [-76.613369184, 39.2466888710001], [-76.6134021839999, 39.2465643720001], [-76.613431184, 39.246496871], [-76.613485684, 39.2464463710001], [-76.613531184, 39.246333871], [-76.613616185, 39.246220871], [-76.613633184, 39.2461638720001], [-76.613658184, 39.246110871], [-76.6137151839999, 39.2460258720001], [-76.613727184, 39.245981871], [-76.613707184, 39.245934871], [-76.613773184, 39.2458028710001], [-76.613789184, 39.245732871], [-76.613790184, 39.2456548710001], [-76.6138291839999, 39.245522871], [-76.6138741839999, 39.245415871], [-76.613919185, 39.245346871], [-76.613963424, 39.245300554], [-76.6139881839999, 39.245261871], [-76.6139891839999, 39.2452018710001], [-76.613973184, 39.2451553710001], [-76.6139651839999, 39.245101371], [-76.614032185, 39.2449978710001], [-76.614070184, 39.2448158710001], [-76.614102184, 39.244742871], [-76.6141391849999, 39.2446838710001], [-76.614180185, 39.244642871], [-76.614229184, 39.244551871], [-76.614250184, 39.2444828710001], [-76.614246184, 39.244381871], [-76.6142581839999, 39.244337871], [-76.614306184, 39.2442498710001], [-76.614359184, 39.244060871], [-76.614396185, 39.243969871], [-76.614429184, 39.2438978710001], [-76.614490184, 39.2438068710001], [-76.614636184, 39.2434738700001], [-76.614673185, 39.243407871], [-76.614717184, 39.24336687], [-76.614746184, 39.243316871], [-76.6147711839999, 39.243175871], [-76.614905184, 39.2427068710001], [-76.614942184, 39.242549871], [-76.6149561839999, 39.24226987], [-76.614973184, 39.242190871], [-76.615001185, 39.2421288700001], [-76.615144185, 39.2419808700001], [-76.615165185, 39.2419088710001], [-76.6151771839999, 39.24183287], [-76.6151781839999, 39.2417408710001], [-76.615213184, 39.2416208700001], [-76.6152701839999, 39.2413748700001], [-76.615310184, 39.2411518700001], [-76.616387185, 39.2412428700001], [-76.6183421849999, 39.24143287], [-76.6193091859999, 39.24152087], [-76.620266186, 39.2416018700001], [-76.6217231859999, 39.2417098700001], [-76.621491186, 39.2419138700001], [-76.621190186, 39.24235387], [-76.619814186, 39.244151871], [-76.619498186, 39.244600871], [-76.6192031859999, 39.2450928710001], [-76.618826186, 39.2457578710001], [-76.620097186, 39.246337871], [-76.620889187, 39.246768871], [-76.621617187, 39.2472008710001], [-76.622470187, 39.2477878710001], [-76.622583187, 39.2478748720001], [-76.623003188, 39.248138871], [-76.623208188, 39.248246872], [-76.6233611869999, 39.248315871], [-76.623859188, 39.248524871], [-76.624017188, 39.2485958710001], [-76.624426187, 39.248751871], [-76.624788188, 39.2488418720001], [-76.6248911879999, 39.248872872], [-76.625400188, 39.2490898710001], [-76.625275188, 39.249074872], [-76.6252101869999, 39.2490738710001], [-76.625145188, 39.249081871], [-76.624959187, 39.2491398720001], [-76.624544187, 39.249330872], [-76.6208831869999, 39.250902872], [-76.6205001869999, 39.251065872], [-76.620086186, 39.251241872], [-76.619771187, 39.251377872], [-76.6184381859999, 39.2519538720001], [-76.617351186, 39.2524198730001], [-76.617423185, 39.252491873], [-76.617663186, 39.252841872], [-76.6177161859999, 39.2529418720001], [-76.617812186, 39.253154873], [-76.6179171859999, 39.253538873], [-76.617925186, 39.253703873], [-76.617914186, 39.2539018730001], [-76.617864186, 39.254161873], [-76.6177771859999, 39.2544628730001], [-76.617589186, 39.254922873], [-76.617432186, 39.255220873], [-76.617233186, 39.2555208730001], [-76.617145186, 39.2556348730001], [-76.616936185, 39.2560208730001], [-76.6168851849999, 39.256127873], [-76.6167931859999, 39.2560938730001], [-76.6167261849999, 39.256053873], [-76.6166581859999, 39.255987873], [-76.616534186, 39.2558828730001], [-76.6164101859999, 39.255824873], [-76.616308186, 39.255784873], [-76.6160091849999, 39.2556868730001], [-76.615485145, 39.255414519], [-76.6154251849999, 39.2553778730001], [-76.615347185, 39.255289873], [-76.6153081849999, 39.2551838730001], [-76.615256185, 39.254858873], [-76.615206186, 39.254678873], [-76.615139185, 39.2545378730001], [-76.6150431849999, 39.254409873], [-76.614886185, 39.2542378730001], [-76.6147031849999, 39.2540138730001], [-76.614557185, 39.2538548730001], [-76.6145011849999, 39.2538328730001], [-76.614066185, 39.2537208730001], [-76.6140041849999, 39.2536768730001], [-76.613925184, 39.253606872], [-76.6137791849999, 39.253438873], [-76.613613184, 39.253214873], [-76.6133271849999, 39.252769873], [-76.6131061839999, 39.252324872], [-76.612938185, 39.2520658720001], [-76.612708185, 39.2516828720001], [-76.6125401839999, 39.251422872], [-76.612338184, 39.251149872], [-76.612013184, 39.250569872], [-76.611733184, 39.2500398720001], [-76.611703184, 39.2499268720001], [-76.611713184, 39.2496748720001], [-76.6117771839999, 39.2491588720001]]]}, "properties": {"FIPS": "24510250203", "nmtc_class": "Severe Distress", "qualifies": "YES", "poverty_pct": 22.4, "income_pct_benchmark": 0.318687966726534, "unemployment_ratio": 1.1296296119689941, "metro": "Metro"}}, {"type": "Feature", "geometry": {"type": "Polygon", "coordinates": [[[-76.635448196, 39.3326208880001], [-76.6349661959999, 39.331056887], [-76.634926196, 39.330871888], [-76.6349201959999, 39.3307808870001], [-76.6348271959999, 39.3303988870001], [-76.634521196, 39.3293128870001], [-76.634436195, 39.3290628870001], [-76.6343991959999, 39.328925887], [-76.634271196, 39.328668887], [-76.6341111959999, 39.3284128870001], [-76.633929195, 39.328152887], [-76.633846195, 39.328061887], [-76.633741196, 39.327998887], [-76.633518195, 39.3274448870001], [-76.6332121949999, 39.326977887], [-76.6331431949999, 39.3268368860001], [-76.633107195, 39.3267318860001], [-76.633103195, 39.3266418870001], [-76.633127196, 39.3264798870001], [-76.633207195, 39.3262318860001], [-76.6333251949999, 39.326011887], [-76.633385195, 39.3259188870001], [-76.6336551959999, 39.3255758870001], [-76.633783196, 39.3254208860001], [-76.6341311959999, 39.3250408860001], [-76.6342061949999, 39.3249478870001], [-76.6342671949999, 39.3248578860001], [-76.634302195, 39.3247448860001], [-76.635452196, 39.3254278860001], [-76.635798196, 39.325597886], [-76.6362661969999, 39.3257878860001], [-76.636800196, 39.3259278860001], [-76.637533197, 39.3260548870001], [-76.638423197, 39.326180886], [-76.638709197, 39.326228886], [-76.6390381969999, 39.326306887], [-76.639321197, 39.326384886], [-76.639621198, 39.326511886], [-76.640016198, 39.326743886], [-76.640284197, 39.3269788860001], [-76.640530197, 39.3272238870001], [-76.640694197, 39.327439886], [-76.640842198, 39.3277158870001], [-76.640960198, 39.328084887], [-76.641073198, 39.3284908860001], [-76.6415971979999, 39.330815887], [-76.641652199, 39.330972887], [-76.6417761979999, 39.331257887], [-76.6419311979999, 39.331502888], [-76.6422711979999, 39.3319298870001], [-76.642849198, 39.332477887], [-76.6432361989999, 39.332899887], [-76.6437031989999, 39.333469887], [-76.644629199, 39.3347608880001], [-76.644456199, 39.334837888], [-76.642342199, 39.3357008880001], [-76.641070198, 39.336206888], [-76.640387198, 39.3364558880001], [-76.6391881979999, 39.336926889], [-76.638277198, 39.3372738890001], [-76.6373631979999, 39.3376428890001], [-76.636792197, 39.336845888], [-76.636614197, 39.336431888], [-76.6361091959999, 39.334764888], [-76.635992197, 39.334412888], [-76.635939196, 39.334212888], [-76.635640197, 39.333209888], [-76.635448196, 39.3326208880001]]]}, "properties": {"FIPS": "24510130804", "nmtc_class": "Distressed", "qualifies": "YES", "poverty_pct": 11.2, "income_pct_benchmark": 0.666121561584271, "unemployment_ratio": 0.40740740299224854, "metro": "Metro"}}, {"type": "Feature", "geometry": {"type": "Polygon", "coordinates": [[[-76.5819581819999, 39.3721128980001], [-76.5830611819999, 39.370210898], [-76.583611182, 39.369290897], [-76.5837811819999, 39.3689858970001], [-76.584055183, 39.3685328970001], [-76.584318182, 39.3680708970001], [-76.584423183, 39.3679108960001], [-76.584564182, 39.3676638970001], [-76.584705183, 39.367442897], [-76.5855121829999, 39.3660468960001], [-76.585775183, 39.366029897], [-76.5859801829999, 39.366028896], [-76.586606183, 39.3660478960001], [-76.5869711829999, 39.366074896], [-76.587237183, 39.3661098960001], [-76.587498183, 39.3661348960001], [-76.5877151829999, 39.366168896], [-76.588955184, 39.366316897], [-76.590634184, 39.366610897], [-76.5921431849999, 39.3668498960001], [-76.592309185, 39.366883896], [-76.5927871849999, 39.3669588970001], [-76.593003185, 39.3669838960001], [-76.593339186, 39.3670088960001], [-76.5937131859999, 39.367016896], [-76.593850185, 39.3670138960001], [-76.594273186, 39.3669868960001], [-76.594490185, 39.3669618960001], [-76.5948691849999, 39.3669028960001], [-76.595310185, 39.3668098960001], [-76.5967961869999, 39.3664738960001], [-76.597678187, 39.366261896], [-76.598592187, 39.3660608960001], [-76.599285187, 39.365919896], [-76.599408188, 39.3660658960001], [-76.599465187, 39.366181896], [-76.5995441869999, 39.366368896], [-76.5996571869999, 39.3665568960001], [-76.599711187, 39.366687896], [-76.599753187, 39.3668118960001], [-76.5998071879999, 39.367017896], [-76.6002601869999, 39.3681788960001], [-76.600242188, 39.368253896], [-76.600152188, 39.3684258960001], [-76.6001071869999, 39.368532896], [-76.600091187, 39.3687198960001], [-76.600106187, 39.3688268970001], [-76.6003051879999, 39.3691478970001], [-76.600050187, 39.369208896], [-76.599924188, 39.369265897], [-76.599801187, 39.369338897], [-76.599736188, 39.3693968970001], [-76.5996771869999, 39.369492896], [-76.599345187, 39.3696218970001], [-76.599129187, 39.369724896], [-76.598867187, 39.369862896], [-76.5987311869999, 39.3699578970001], [-76.598421187, 39.370060897], [-76.5983001869999, 39.370120897], [-76.598223187, 39.370196897], [-76.5981681869999, 39.370302897], [-76.598116187, 39.3703828960001], [-76.598062187, 39.3704278970001], [-76.597864187, 39.370551897], [-76.597733187, 39.3706058970001], [-76.5976721869999, 39.3706498970001], [-76.5975841869999, 39.3706978970001], [-76.5974711869999, 39.370734897], [-76.597344187, 39.370805897], [-76.5972921869999, 39.3708588960001], [-76.597169187, 39.371050897], [-76.597058187, 39.3713138970001], [-76.597075186, 39.371489897], [-76.597051187, 39.3716858970001], [-76.597047187, 39.3718758970001], [-76.5949061859999, 39.3719388970001], [-76.588307184, 39.371948897], [-76.588083184, 39.371924897], [-76.587986184, 39.371904897], [-76.587902184, 39.371878897], [-76.587703183, 39.371789898], [-76.5856011829999, 39.3720318970001], [-76.585188183, 39.372052898], [-76.584246182, 39.3720778970001], [-76.5836251819999, 39.372117898], [-76.5834591829999, 39.372117898], [-76.583290183, 39.3721168980001], [-76.582417182, 39.3721148980001], [-76.582210182, 39.3721138980001], [-76.5819581819999, 39.3721128980001]]]}, "properties": {"FIPS": "24510270801", "nmtc_class": "Distressed", "qualifies": "YES", "poverty_pct": 9.0, "income_pct_benchmark": 0.719453634559032, "unemployment_ratio": 1.4629629850387573, "metro": "Metro"}}, {"type": "Feature", "geometry": {"type": "Polygon", "coordinates": [[[-76.627768191, 39.2889818790001], [-76.627967192, 39.2883528790001], [-76.6280511909999, 39.2878978790001], [-76.628064191, 39.287793879], [-76.628067191, 39.287632879], [-76.6280491909999, 39.287327879], [-76.6280231909999, 39.287172879], [-76.627978192, 39.286992879], [-76.627922191, 39.2868138790001], [-76.6278251909999, 39.286572879], [-76.6276251909999, 39.286204878], [-76.627541191, 39.286064879], [-76.627862191, 39.2860538790001], [-76.628349191, 39.286037879], [-76.628373192, 39.2860368790001], [-76.6290211909999, 39.286016879], [-76.629640192, 39.2859818790001], [-76.6300271919999, 39.285972879], [-76.6319611919999, 39.2858738780001], [-76.6336031929999, 39.285817879], [-76.6351371929999, 39.2857168780001], [-76.635886194, 39.2856938790001], [-76.636599194, 39.285664878], [-76.6379861949999, 39.285594878], [-76.638021194, 39.2859888780001], [-76.6380541939999, 39.2865618780001], [-76.638103195, 39.2875638790001], [-76.638132194, 39.288110879], [-76.6381681939999, 39.2885738790001], [-76.637485194, 39.2885988790001], [-76.636736194, 39.288630879], [-76.636014194, 39.288654879], [-76.633812193, 39.2887738790001], [-76.6329731929999, 39.288807879], [-76.632151192, 39.2888458790001], [-76.6313991929999, 39.2888848790001], [-76.628911192, 39.2889998790001], [-76.628050192, 39.28898588], [-76.627768191, 39.2889818790001]]]}, "properties": {"FIPS": "24510180300", "nmtc_class": "Distressed", "qualifies": "YES", "poverty_pct": 22.9, "income_pct_benchmark": null, "unemployment_ratio": 1.1481481790542603, "metro": "Metro"}}, {"type": "Feature", "geometry": {"type": "Polygon", "coordinates": [[[-76.529781164, 39.3406428930001], [-76.529695164, 39.336149892], [-76.5300041639999, 39.3357058920001], [-76.530193164, 39.335965892], [-76.530320164, 39.3359768920001], [-76.5304201639999, 39.3359768920001], [-76.530526164, 39.335968892], [-76.530739163, 39.335920892], [-76.530869164, 39.335898892], [-76.5309541629999, 39.3358938920001], [-76.531030164, 39.3359168920001], [-76.5310831639999, 39.335942892], [-76.531132164, 39.3359778930001], [-76.531212164, 39.3360498920001], [-76.5313531639999, 39.336212893], [-76.531500164, 39.3364448930001], [-76.531562164, 39.336559892], [-76.531658164, 39.3368128920001], [-76.5319351639999, 39.336950893], [-76.5320961639999, 39.3370148920001], [-76.532348165, 39.3370978930001], [-76.532526164, 39.337133893], [-76.532648164, 39.3371498920001], [-76.5333811639999, 39.3371988920001], [-76.533696165, 39.3372158920001], [-76.533865165, 39.337212892], [-76.534018165, 39.337204893], [-76.534392165, 39.337162892], [-76.5358741649999, 39.3369648930001], [-76.537488166, 39.3367538920001], [-76.5377571659999, 39.336739892], [-76.5380081659999, 39.3367448920001], [-76.538226166, 39.336760892], [-76.538466166, 39.336781892], [-76.538962166, 39.336839892], [-76.539215166, 39.3368758920001], [-76.539362166, 39.3369178930001], [-76.5394441659999, 39.336954892], [-76.539699167, 39.337121892], [-76.540627167, 39.3378058930001], [-76.540750167, 39.3378898920001], [-76.5408601669999, 39.3380048920001], [-76.5409291669999, 39.338087892], [-76.540966167, 39.338150892], [-76.541002167, 39.338224892], [-76.5413161669999, 39.3391088930001], [-76.5414691679999, 39.339472893], [-76.542019167, 39.3396938930001], [-76.5424791679999, 39.339854893], [-76.542670167, 39.339943893], [-76.542739168, 39.339991893], [-76.542994168, 39.3402158920001], [-76.543184168, 39.340401893], [-76.543271168, 39.340471892], [-76.543457168, 39.340598893], [-76.543669168, 39.340720893], [-76.543993168, 39.340872893], [-76.544308168, 39.3410458930001], [-76.5445541679999, 39.341211893], [-76.544816168, 39.341484893], [-76.544911169, 39.3416278930001], [-76.545007169, 39.341809893], [-76.5450601689999, 39.341931893], [-76.545151169, 39.342067893], [-76.545322168, 39.342227893], [-76.545407169, 39.342287893], [-76.545576169, 39.3423718930001], [-76.5450601689999, 39.342737893], [-76.544898169, 39.342852893], [-76.544755169, 39.3429538940001], [-76.544371169, 39.3432238930001], [-76.5440081689999, 39.3434778930001], [-76.5436751679999, 39.343714893], [-76.542538168, 39.3445038940001], [-76.541902168, 39.344953893], [-76.5415101679999, 39.345218894], [-76.5412611679999, 39.345399894], [-76.5406851669999, 39.3458978940001], [-76.538998167, 39.347417895], [-76.538533167, 39.347849894], [-76.538414167, 39.3479698950001], [-76.5374381659999, 39.348827895], [-76.536520166, 39.3496118950001], [-76.536323167, 39.3498008950001], [-76.535500166, 39.3505588950001], [-76.5347651659999, 39.351203895], [-76.533645166, 39.352228896], [-76.5322241659999, 39.353449896], [-76.531723165, 39.353847896], [-76.529805164, 39.3555498960001], [-76.529775165, 39.355582896], [-76.5297751639999, 39.355393897], [-76.529776165, 39.353714896], [-76.529787165, 39.3517478960001], [-76.5294551649999, 39.350730895], [-76.5295961639999, 39.349748895], [-76.5297081639999, 39.3488188950001], [-76.529804164, 39.3478748950001], [-76.5297241639999, 39.3475578950001], [-76.529788164, 39.346313894], [-76.529785164, 39.342158893], [-76.529782164, 39.3407968930001], [-76.529781164, 39.3406428930001]]]}, "properties": {"FIPS": "24510260101", "nmtc_class": "Distressed", "qualifies": "YES", "poverty_pct": 7.7, "income_pct_benchmark": 0.719642688344834, "unemployment_ratio": 0.7037037014961243, "metro": "Metro"}}, {"type": "Feature", "geometry": {"type": "Polygon", "coordinates": [[[-76.583903179, 39.302320883], [-76.5847861779999, 39.302295884], [-76.5851051779999, 39.3022948830001], [-76.585360179, 39.3023048840001], [-76.5855231789999, 39.302316884], [-76.585801179, 39.3023508840001], [-76.586194179, 39.3024238830001], [-76.586521179, 39.302502883], [-76.5869191799999, 39.3026208840001], [-76.587315179, 39.302776883], [-76.5874851789999, 39.3028578830001], [-76.5878901789999, 39.3030728840001], [-76.5881371789999, 39.303225884], [-76.58814918, 39.303496884], [-76.58822418, 39.3045588840001], [-76.58825218, 39.305113884], [-76.5882881799999, 39.305647884], [-76.58832018, 39.306169884], [-76.58834118, 39.306692884], [-76.5883821799999, 39.3072148840001], [-76.58841418, 39.307739885], [-76.58850918, 39.308686885], [-76.58739618, 39.3088578850001], [-76.58654918, 39.3088618850001], [-76.585766179, 39.308894885], [-76.585449179, 39.308906885], [-76.585382179, 39.308907885], [-76.584367179, 39.308936885], [-76.584300179, 39.307904885], [-76.584279178, 39.307377885], [-76.5841771779999, 39.305787884], [-76.5841321789999, 39.3052558840001], [-76.584025179, 39.3036628840001], [-76.583903179, 39.302320883]]]}, "properties": {"FIPS": "24510080400", "nmtc_class": "Severe Distress", "qualifies": "YES", "poverty_pct": 32.2, "income_pct_benchmark": 0.413044711220342, "unemployment_ratio": 2.814814805984497, "metro": "Metro"}}, {"type": "Feature", "geometry": {"type": "Polygon", "coordinates": [[[-76.68107021, 39.326952885], [-76.67891421, 39.326339885], [-76.67884721, 39.3263478850001], [-76.67877621, 39.326343885], [-76.67867721, 39.3263248850001], [-76.675584209, 39.3254088850001], [-76.674661208, 39.3251418850001], [-76.6740862079999, 39.324970884], [-76.6731202069999, 39.3246818850001], [-76.671452207, 39.3241968840001], [-76.671973207, 39.323248884], [-76.672459207, 39.322286884], [-76.672890207, 39.3213528840001], [-76.674534208, 39.321836884], [-76.674839208, 39.321269884], [-76.674864208, 39.321188884], [-76.674865208, 39.321146884], [-76.674848208, 39.3208208840001], [-76.674809208, 39.3203498840001], [-76.674748208, 39.3193998840001], [-76.674623207, 39.317335883], [-76.674568208, 39.316306883], [-76.674504207, 39.315606883], [-76.6744972079999, 39.315245883], [-76.674460207, 39.314713883], [-76.6744322069999, 39.3143418820001], [-76.674420208, 39.314170883], [-76.674393207, 39.313674882], [-76.674371207, 39.3131248820001], [-76.674302207, 39.3120728820001], [-76.674241207, 39.311039882], [-76.675445207, 39.310976882], [-76.675676208, 39.310970882], [-76.675974208, 39.3109368820001], [-76.676018207, 39.310923882], [-76.677501208, 39.3108768820001], [-76.677834208, 39.310866882], [-76.678033209, 39.310862882], [-76.679568208, 39.3108138810001], [-76.6805672089999, 39.3107698820001], [-76.6809672099999, 39.3130358820001], [-76.6811042099999, 39.313929882], [-76.68113521, 39.3140998820001], [-76.68130321, 39.3150098830001], [-76.681389209, 39.3155108820001], [-76.681497209, 39.3160738830001], [-76.68151621, 39.3164558830001], [-76.681527209, 39.316916883], [-76.68152321, 39.317180883], [-76.6815572099999, 39.317571883], [-76.6816032099999, 39.3178948830001], [-76.6816422099999, 39.318108883], [-76.68179121, 39.3191508840001], [-76.68184321, 39.3200978830001], [-76.6819092099999, 39.3212508830001], [-76.6819162099999, 39.321323884], [-76.68193421, 39.3213828840001], [-76.682413211, 39.3222598840001], [-76.6827492099999, 39.322859884], [-76.68108621, 39.3233658840001], [-76.68134921, 39.323690884], [-76.6814632099999, 39.3238748840001], [-76.68168521, 39.324269884], [-76.6820942109999, 39.325034884], [-76.68196921, 39.325123884], [-76.681500211, 39.3260378850001], [-76.68107021, 39.326952885]]]}, "properties": {"FIPS": "24510150800", "nmtc_class": "Severe Distress", "qualifies": "YES", "poverty_pct": 20.4, "income_pct_benchmark": 0.653681822478495, "unemployment_ratio": 2.0185184478759766, "metro": "Metro"}}, {"type": "Feature", "geometry": {"type": "Polygon", "coordinates": [[[-76.590621181, 39.315080886], [-76.590572181, 39.314311886], [-76.58925418, 39.3143508860001], [-76.58881418, 39.3143508860001], [-76.588775181, 39.3136488860001], [-76.58874718, 39.3133168860001], [-76.5886941809999, 39.312426885], [-76.589267181, 39.3123948850001], [-76.590435181, 39.3123418850001], [-76.5911001809999, 39.3123208860001], [-76.5917501819999, 39.3122998850001], [-76.592412182, 39.3122508860001], [-76.5930981819999, 39.312224885], [-76.5942031829999, 39.312200885], [-76.5950131829999, 39.3121748850001], [-76.595235182, 39.3121658850001], [-76.596929183, 39.312091885], [-76.597077183, 39.312084885], [-76.5984791829999, 39.311999885], [-76.5993721839999, 39.311949885], [-76.5990591839999, 39.312968885], [-76.598874184, 39.313256885], [-76.598729183, 39.3134458850001], [-76.598035184, 39.3141908860001], [-76.597943184, 39.314269886], [-76.5971481829999, 39.3150488850001], [-76.596929183, 39.3152488850001], [-76.596437183, 39.3157208850001], [-76.5958861829999, 39.316247886], [-76.595178183, 39.316964886], [-76.594869183, 39.3172458860001], [-76.5920461819999, 39.316586886], [-76.5909601819999, 39.316354886], [-76.589883181, 39.316130886], [-76.5903131809999, 39.3157158860001], [-76.590445181, 39.3155608860001], [-76.590526181, 39.3154488860001], [-76.590569181, 39.3153608860001], [-76.5906021819999, 39.3152438860001], [-76.590621181, 39.315080886]]]}, "properties": {"FIPS": "24510080500", "nmtc_class": "Severe Distress", "qualifies": "YES", "poverty_pct": 20.4, "income_pct_benchmark": 0.365185745344551, "unemployment_ratio": 1.8333333730697632, "metro": "Metro"}}, {"type": "Feature", "geometry": {"type": "Polygon", "coordinates": [[[-76.5944101809999, 39.2983808820001], [-76.5943651809999, 39.297305882], [-76.594314181, 39.296300882], [-76.5941871809999, 39.2952998820001], [-76.5941191809999, 39.293975882], [-76.5948181809999, 39.293956882], [-76.595069181, 39.2938758820001], [-76.5952651819999, 39.293819882], [-76.5958941809999, 39.2936128810001], [-76.5972861819999, 39.2932448810001], [-76.599148183, 39.2927078810001], [-76.599689182, 39.292543881], [-76.601617183, 39.291999881], [-76.602677184, 39.2917368810001], [-76.603008183, 39.2916488810001], [-76.6046871839999, 39.2911728810001], [-76.6063961849999, 39.2907228810001], [-76.6064311849999, 39.29071988], [-76.606739185, 39.29069288], [-76.607448185, 39.291367881], [-76.607648185, 39.291548881], [-76.607907185, 39.291766881], [-76.6082211849999, 39.291981881], [-76.6086711849999, 39.29227188], [-76.608876185, 39.2924108810001], [-76.609089186, 39.2925258810001], [-76.609656185, 39.292811881], [-76.609842186, 39.2929118810001], [-76.609974186, 39.29299188], [-76.610100186, 39.293081881], [-76.610381186, 39.293308881], [-76.610543186, 39.293479881], [-76.610731186, 39.2937448810001], [-76.610837186, 39.2939748810001], [-76.6109151859999, 39.294183881], [-76.611009187, 39.294539881], [-76.611033186, 39.294635881], [-76.6110701869999, 39.2948888810001], [-76.611114186, 39.295128881], [-76.611176186, 39.295600881], [-76.611199186, 39.2958398810001], [-76.611233187, 39.296750881], [-76.6113151869999, 39.297714882], [-76.610453186, 39.297760882], [-76.609849187, 39.297809882], [-76.608923186, 39.297808881], [-76.607908186, 39.297869882], [-76.606769185, 39.297915882], [-76.606334185, 39.297919882], [-76.605891185, 39.297938882], [-76.605057185, 39.2979688820001], [-76.6042361849999, 39.2980008820001], [-76.604058185, 39.298008882], [-76.6029751839999, 39.298056882], [-76.601913184, 39.298114882], [-76.600076183, 39.2981788820001], [-76.599615183, 39.298190882], [-76.599143183, 39.298214882], [-76.5975991829999, 39.298258882], [-76.5945891809999, 39.298409883], [-76.594512181, 39.298407883], [-76.5944101809999, 39.2983808820001]]]}, "properties": {"FIPS": "24510280500", "nmtc_class": "Severe Distress", "qualifies": "YES", "poverty_pct": 53.1, "income_pct_benchmark": 0.227875980716514, "unemployment_ratio": 3.722222328186035, "metro": "Metro"}}, {"type": "Feature", "geometry": {"type": "Polygon", "coordinates": [[[-76.6896042129999, 39.321891883], [-76.690147213, 39.320992883], [-76.687750212, 39.3214478840001], [-76.687633212, 39.321326884], [-76.687566212, 39.3212478830001], [-76.687532212, 39.321183883], [-76.6875102119999, 39.3210908830001], [-76.6875122119999, 39.320626883], [-76.687524212, 39.320398884], [-76.6875362119999, 39.3203498830001], [-76.687568212, 39.3203028830001], [-76.687632212, 39.3202598830001], [-76.687638212, 39.3201888830001], [-76.687663212, 39.3201008840001], [-76.687770212, 39.319931883], [-76.687937212, 39.3197398830001], [-76.6881832119999, 39.3194948840001], [-76.6883892119999, 39.3193188830001], [-76.6884792119999, 39.319249883], [-76.6888642119999, 39.3190378830001], [-76.6881242119999, 39.3179578830001], [-76.6877902109999, 39.317609883], [-76.687410212, 39.317248883], [-76.686693211, 39.3165008820001], [-76.687530211, 39.3160038830001], [-76.687382212, 39.315836882], [-76.687338212, 39.3157788820001], [-76.687305212, 39.3157108820001], [-76.6872912119999, 39.3156018830001], [-76.687297212, 39.315504882], [-76.687123211, 39.315482882], [-76.686955211, 39.3154428820001], [-76.6867272119999, 39.3153758820001], [-76.686490211, 39.3152398820001], [-76.686307211, 39.3151268820001], [-76.686204211, 39.315031882], [-76.686111211, 39.3149218830001], [-76.6859672109999, 39.314713882], [-76.685824211, 39.3144208820001], [-76.686467211, 39.3142098820001], [-76.6865252109999, 39.3141108820001], [-76.6865252109999, 39.3138918820001], [-76.6865042109999, 39.3137078820001], [-76.686471212, 39.3135528820001], [-76.6864372109999, 39.313449882], [-76.686402211, 39.3133758820001], [-76.6863472109999, 39.3133018820001], [-76.686265211, 39.3132148820001], [-76.686196211, 39.3131538820001], [-76.6860972109999, 39.3131008820001], [-76.686000211, 39.313071882], [-76.685459211, 39.312774882], [-76.6856742109999, 39.312659882], [-76.6858962109999, 39.312573882], [-76.686071211, 39.312523882], [-76.686312211, 39.3124778820001], [-76.686700211, 39.3124288820001], [-76.6873612109999, 39.3123808820001], [-76.6881182119999, 39.3123578820001], [-76.689423212, 39.3123428820001], [-76.689687212, 39.3123438810001], [-76.689850212, 39.3123598820001], [-76.6899422119999, 39.312375882], [-76.6900062119999, 39.312393882], [-76.690061212, 39.3125828820001], [-76.690161212, 39.3127388820001], [-76.690288212, 39.3129008820001], [-76.690368212, 39.312975882], [-76.690504212, 39.3130758820001], [-76.690655212, 39.3131508810001], [-76.690911212, 39.3133308820001], [-76.691238212, 39.3136488820001], [-76.6914652129999, 39.313836882], [-76.691769213, 39.314010882], [-76.6920332129999, 39.3141798820001], [-76.692589213, 39.3144208820001], [-76.692678214, 39.3144538820001], [-76.692765214, 39.3144748820001], [-76.6928482129999, 39.314486882], [-76.693957213, 39.3146078820001], [-76.694886214, 39.314690882], [-76.696414214, 39.314800882], [-76.696559214, 39.3148558820001], [-76.696634214, 39.3149068820001], [-76.6967132139999, 39.3149978820001], [-76.696765215, 39.315074882], [-76.696806215, 39.3152378820001], [-76.696809214, 39.315478882], [-76.696700214, 39.3165478820001], [-76.696703215, 39.3167418830001], [-76.696743214, 39.3169278820001], [-76.696794214, 39.3170638820001], [-76.696860214, 39.3171908830001], [-76.696926214, 39.3172818830001], [-76.697033215, 39.3173538830001], [-76.6973172149999, 39.3174218820001], [-76.697984215, 39.317474882], [-76.698695216, 39.317455882], [-76.698995215, 39.3173998830001], [-76.6993442149999, 39.317276882], [-76.699688215, 39.3171358820001], [-76.6998332159999, 39.317058882], [-76.699873216, 39.3170238820001], [-76.7000392159999, 39.317050882], [-76.7002872149999, 39.3163878820001], [-76.700357216, 39.3161718820001], [-76.7004452149999, 39.3160308820001], [-76.700570216, 39.315928882], [-76.7007362159999, 39.3158498820001], [-76.700969215, 39.315768882], [-76.701173216, 39.315730882], [-76.701713216, 39.315702882], [-76.702047216, 39.3157098820001], [-76.7021712159999, 39.315730882], [-76.7023342159999, 39.3157838820001], [-76.702567217, 39.3159368820001], [-76.7028282159999, 39.316174882], [-76.702885217, 39.3162748820001], [-76.703125217, 39.317599882], [-76.703179216, 39.3177788830001], [-76.703219217, 39.3178748820001], [-76.703272216, 39.3179698830001], [-76.703309217, 39.3180288820001], [-76.7035952159999, 39.318294882], [-76.703949217, 39.318589882], [-76.703575217, 39.318781883], [-76.702607217, 39.3192258820001], [-76.701772217, 39.3196038830001], [-76.700898216, 39.3199858830001], [-76.700505216, 39.320135883], [-76.700022216, 39.320310883], [-76.694544214, 39.322248884], [-76.694494214, 39.3222578830001], [-76.693242214, 39.322634884], [-76.693038213, 39.322700884], [-76.690200213, 39.3235598840001], [-76.690071213, 39.323593884], [-76.690016212, 39.323464884], [-76.689614213, 39.322763884], [-76.689195212, 39.322027883], [-76.6896042129999, 39.321891883]]]}, "properties": {"FIPS": "24510280302", "nmtc_class": "Severe Distress", "qualifies": "YES", "poverty_pct": 11.5, "income_pct_benchmark": 0.498629360052935, "unemployment_ratio": 1.7777777910232544, "metro": "Metro"}}, {"type": "Feature", "geometry": {"type": "Polygon", "coordinates": [[[-76.7023412189999, 39.35633289], [-76.702448219, 39.35625389], [-76.703776219, 39.3572148900001], [-76.704230219, 39.35756489], [-76.70509922, 39.358257891], [-76.70692022, 39.35966589], [-76.707347221, 39.3599858910001], [-76.70775322, 39.36033089], [-76.708151221, 39.3606618910001], [-76.7084112209999, 39.36085389], [-76.708544221, 39.36094789], [-76.708602221, 39.360965891], [-76.708674221, 39.3609768900001], [-76.709117222, 39.361352891], [-76.710585221, 39.3623928910001], [-76.7111932219999, 39.3628058910001], [-76.711187222, 39.3631568910001], [-76.711284222, 39.363648891], [-76.711410222, 39.3644168910001], [-76.711405222, 39.3646228910001], [-76.711521222, 39.3657708910001], [-76.7114962219999, 39.3669128920001], [-76.711397222, 39.367695892], [-76.711344222, 39.3683998920001], [-76.7112902219999, 39.3696528930001], [-76.711330222, 39.3707648920001], [-76.7113152219999, 39.371940893], [-76.711166222, 39.3717718930001], [-76.7110852229999, 39.371691893], [-76.7107472229999, 39.371429892], [-76.709574221, 39.370430893], [-76.709082221, 39.3700268920001], [-76.7085932219999, 39.369588892], [-76.708084221, 39.3691498920001], [-76.707812221, 39.368931893], [-76.706871221, 39.3681048920001], [-76.7058092199999, 39.3672798920001], [-76.7055112199999, 39.367017892], [-76.70486522, 39.366488892], [-76.7037622189999, 39.365601892], [-76.702836219, 39.3648268910001], [-76.7022542189999, 39.3643588910001], [-76.701483219, 39.3637398910001], [-76.700907219, 39.3632758910001], [-76.700650218, 39.3630698910001], [-76.699800218, 39.3623708910001], [-76.7014212189999, 39.361115891], [-76.702527219, 39.360248891], [-76.703230219, 39.3597098910001], [-76.702059219, 39.3588248900001], [-76.701437219, 39.3583448910001], [-76.7008322189999, 39.3578988900001], [-76.702268219, 39.35639889], [-76.7023412189999, 39.35633289]]]}, "properties": {"FIPS": "24510272007", "nmtc_class": "Severe Distress", "qualifies": "YES", "poverty_pct": 26.5, "income_pct_benchmark": 0.569940448057472, "unemployment_ratio": 1.296296238899231, "metro": "Metro"}}, {"type": "Feature", "geometry": {"type": "Polygon", "coordinates": [[[-76.68627721, 39.2992248790001], [-76.6862372099999, 39.2984788790001], [-76.6861952099999, 39.297749879], [-76.68614221, 39.297003879], [-76.6861032089999, 39.2962578780001], [-76.68602821, 39.2955158780001], [-76.68599421, 39.2937318780001], [-76.68599721, 39.293718878], [-76.68699721, 39.293696878], [-76.688435211, 39.2936248780001], [-76.6894272099999, 39.293588878], [-76.689444211, 39.2941188780001], [-76.689452211, 39.294169878], [-76.689468211, 39.2942048780001], [-76.690480211, 39.294828878], [-76.691380212, 39.295478879], [-76.692250212, 39.2961248780001], [-76.691574212, 39.296741878], [-76.692575212, 39.2973288790001], [-76.693514213, 39.297929878], [-76.692408212, 39.2989538790001], [-76.694594213, 39.300813879], [-76.6944892129999, 39.301375879], [-76.694586213, 39.301625879], [-76.6947122129999, 39.301844879], [-76.6948682129999, 39.30202388], [-76.694521213, 39.302252879], [-76.694348213, 39.3024418800001], [-76.694277213, 39.302582879], [-76.694286213, 39.30274788], [-76.6943562129999, 39.30294388], [-76.6945782129999, 39.3032278800001], [-76.694899213, 39.3037708800001], [-76.694954213, 39.30389088], [-76.6949622129999, 39.3040218800001], [-76.694931213, 39.3041228800001], [-76.6948742129999, 39.30418588], [-76.694775213, 39.30425288], [-76.694731213, 39.3042908800001], [-76.694700213, 39.3043538800001], [-76.6946242129999, 39.30457088], [-76.6945112129999, 39.30474488], [-76.694417213, 39.3048508800001], [-76.6943332129999, 39.30490388], [-76.694246213, 39.3049368800001], [-76.693524213, 39.30493088], [-76.693300212, 39.3048908800001], [-76.692315212, 39.30466188], [-76.691824212, 39.30459288], [-76.6915192129999, 39.30456788], [-76.691205212, 39.3045818800001], [-76.691087212, 39.30460988], [-76.690950212, 39.3046628800001], [-76.6907752119999, 39.3048218800001], [-76.6906192119999, 39.3049418800001], [-76.690513212, 39.30499988], [-76.690407211, 39.30503388], [-76.6901892119999, 39.3050908800001], [-76.6895842119999, 39.30510688], [-76.689484211, 39.3044418800001], [-76.690094211, 39.30231388], [-76.688141211, 39.2991798790001], [-76.687153211, 39.299217879], [-76.68627721, 39.2992248790001]]]}, "properties": {"FIPS": "24510280402", "nmtc_class": "Severe Distress", "qualifies": "YES", "poverty_pct": 19.5, "income_pct_benchmark": 0.736903298988562, "unemployment_ratio": 2.0, "metro": "Metro"}}, {"type": "Feature", "geometry": {"type": "Polygon", "coordinates": [[[-76.664137205, 39.326451885], [-76.664142204, 39.325979885], [-76.664256205, 39.3252878850001], [-76.664517205, 39.323797885], [-76.664730205, 39.322714885], [-76.664770205, 39.322482885], [-76.6647812049999, 39.322356884], [-76.664778204, 39.322201885], [-76.666586205, 39.3227488850001], [-76.668526206, 39.3233518850001], [-76.6695012069999, 39.3236268850001], [-76.670475207, 39.3239038850001], [-76.6712992069999, 39.3241508850001], [-76.671452207, 39.3241968840001], [-76.6731202069999, 39.3246818850001], [-76.6740862079999, 39.324970884], [-76.674661208, 39.3251418850001], [-76.675584209, 39.3254088850001], [-76.67867721, 39.3263248850001], [-76.67877621, 39.326343885], [-76.67884721, 39.3263478850001], [-76.67891421, 39.326339885], [-76.68107021, 39.326952885], [-76.6805902099999, 39.327940885], [-76.67966921, 39.329785885], [-76.6791682099999, 39.3307768860001], [-76.6786762099999, 39.331764886], [-76.67857321, 39.332031886], [-76.67856321, 39.332075886], [-76.67856521, 39.332171886], [-76.67868421, 39.3334428860001], [-76.67889321, 39.335320886], [-76.67897421, 39.3361348870001], [-76.67898521, 39.3362278870001], [-76.6790802099999, 39.337042887], [-76.67917921, 39.337898887], [-76.67919921, 39.3381798870001], [-76.679195211, 39.338240888], [-76.67917421, 39.338286887], [-76.6791232099999, 39.3383668870001], [-76.678950211, 39.3386138870001], [-76.67868721, 39.3389688870001], [-76.6782232099999, 39.3396488880001], [-76.67796621, 39.3399328880001], [-76.6775712099999, 39.339797887], [-76.67723621, 39.339651888], [-76.67690121, 39.3394888870001], [-76.6766022089999, 39.339323888], [-76.6762452099999, 39.3391058870001], [-76.673021208, 39.336984887], [-76.672366208, 39.336545887], [-76.6719022079999, 39.3362498870001], [-76.671672207, 39.3361118870001], [-76.671108207, 39.3358198870001], [-76.670833208, 39.335699887], [-76.669586207, 39.3352408870001], [-76.6689062069999, 39.335000887], [-76.668159206, 39.334752887], [-76.667914207, 39.334663887], [-76.667660207, 39.3345588870001], [-76.6674572059999, 39.3344658870001], [-76.667287206, 39.3343768870001], [-76.667091206, 39.334257887], [-76.666874206, 39.3341068870001], [-76.666695207, 39.333968887], [-76.666473206, 39.3337688870001], [-76.6663332059999, 39.3336178870001], [-76.666226206, 39.333486887], [-76.666052206, 39.3332498870001], [-76.665892206, 39.332975887], [-76.665724206, 39.332547887], [-76.665145206, 39.330438886], [-76.664304205, 39.3275198860001], [-76.6641932049999, 39.326993885], [-76.6641522039999, 39.326610886], [-76.664137205, 39.326451885]]]}, "properties": {"FIPS": "24510151100", "nmtc_class": "Distressed", "qualifies": "YES", "poverty_pct": 14.7, "income_pct_benchmark": 0.626713299933831, "unemployment_ratio": 1.314814805984497, "metro": "Metro"}}, {"type": "Feature", "geometry": {"type": "Polygon", "coordinates": [[[-76.672477205, 39.2887208770001], [-76.6723432049999, 39.286410877], [-76.672318205, 39.2858398770001], [-76.672687205, 39.2858128770001], [-76.6728892049999, 39.2858098770001], [-76.672984205, 39.2858128770001], [-76.6730672049999, 39.2858338770001], [-76.6731592049999, 39.285868877], [-76.673237206, 39.285911877], [-76.673486205, 39.286119877], [-76.673910205, 39.286455877], [-76.674156205, 39.286636877], [-76.674945206, 39.2872578770001], [-76.675600206, 39.287692877], [-76.6762812059999, 39.2881148770001], [-76.6763702059999, 39.2881728770001], [-76.677955207, 39.2867598770001], [-76.6780992069999, 39.286631877], [-76.680815207, 39.284156876], [-76.681080208, 39.284186876], [-76.681449208, 39.284249877], [-76.681624208, 39.284293876], [-76.6818762079999, 39.284387877], [-76.682132208, 39.2845268770001], [-76.682794209, 39.2849128760001], [-76.683482208, 39.285351876], [-76.684874209, 39.2861988770001], [-76.68599421, 39.2869028770001], [-76.686275209, 39.2870388770001], [-76.6867782099999, 39.2872368770001], [-76.6874762099999, 39.287492876], [-76.68787621, 39.287671877], [-76.68892721, 39.288211877], [-76.68901721, 39.2898808780001], [-76.6890512109999, 39.290145878], [-76.689112211, 39.290417877], [-76.68922421, 39.2909888770001], [-76.689302211, 39.2917268780001], [-76.689337211, 39.292419878], [-76.68940221, 39.293179878], [-76.6894272099999, 39.293588878], [-76.688435211, 39.2936248780001], [-76.68699721, 39.293696878], [-76.68599721, 39.293718878], [-76.6840592089999, 39.2938008780001], [-76.6826182089999, 39.2938428790001], [-76.681633209, 39.293882878], [-76.681213209, 39.293891879], [-76.6807792079999, 39.293905878], [-76.680659208, 39.2939108780001], [-76.679668208, 39.293947879], [-76.678404207, 39.293984879], [-76.677249207, 39.294041878], [-76.675576207, 39.294104878], [-76.674170206, 39.2941408780001], [-76.672782205, 39.2941818790001], [-76.672713206, 39.2928368780001], [-76.672690205, 39.2925608780001], [-76.672669205, 39.2915918780001], [-76.6726352049999, 39.2912998780001], [-76.6726142049999, 39.2908748780001], [-76.672598205, 39.2907818780001], [-76.6725722049999, 39.290688878], [-76.672575206, 39.2906078780001], [-76.672552205, 39.2897978770001], [-76.672477205, 39.2887208770001]]]}, "properties": {"FIPS": "24510200701", "nmtc_class": "Severe Distress", "qualifies": "YES", "poverty_pct": 20.0, "income_pct_benchmark": 0.40829946119671, "unemployment_ratio": 2.4629628658294678, "metro": "Metro"}}, {"type": "Feature", "geometry": {"type": "Polygon", "coordinates": [[[-76.534106164, 39.3283028910001], [-76.536025165, 39.3267128900001], [-76.536879165, 39.3256068900001], [-76.538335166, 39.323777889], [-76.540461166, 39.321225889], [-76.5423521669999, 39.319948889], [-76.545849167, 39.3176278880001], [-76.548138168, 39.316263887], [-76.5489401679999, 39.3158958870001], [-76.548927168, 39.315947888], [-76.548926168, 39.3161178880001], [-76.548945168, 39.316200888], [-76.5489661679999, 39.316245888], [-76.549032168, 39.316304888], [-76.549071168, 39.316325888], [-76.5492571679999, 39.316394888], [-76.5493921679999, 39.3164348880001], [-76.549712169, 39.3164798880001], [-76.549894168, 39.3164998880001], [-76.5500401689999, 39.3164948880001], [-76.550138169, 39.3164718880001], [-76.550281169, 39.3164558880001], [-76.550433168, 39.316468888], [-76.5505721689999, 39.316506888], [-76.550791169, 39.3165498880001], [-76.5509551689999, 39.3165888870001], [-76.5512591689999, 39.316627887], [-76.5523131699999, 39.3168158870001], [-76.55245217, 39.3168778880001], [-76.5526281689999, 39.316981888], [-76.5530111699999, 39.3171058880001], [-76.553475169, 39.3172868880001], [-76.5547431699999, 39.3177638880001], [-76.55482817, 39.3178018880001], [-76.5548751699999, 39.3178318880001], [-76.55502617, 39.3179638880001], [-76.55470017, 39.3181658880001], [-76.55452417, 39.3182548880001], [-76.55433017, 39.3183658880001], [-76.55385817, 39.318677888], [-76.55205717, 39.319914888], [-76.551429169, 39.320338889], [-76.550293169, 39.3210928880001], [-76.5498981689999, 39.3213138890001], [-76.549063168, 39.3216698890001], [-76.548946168, 39.3217418880001], [-76.548609169, 39.3218148890001], [-76.5484441679999, 39.321837889], [-76.548202168, 39.3218738890001], [-76.546024168, 39.3221308890001], [-76.5454321669999, 39.322223889], [-76.545088167, 39.322297889], [-76.5445791669999, 39.322443889], [-76.542894167, 39.3229598890001], [-76.5428201659999, 39.32298289], [-76.5407561659999, 39.3236308890001], [-76.540836166, 39.3243068900001], [-76.541088166, 39.32615489], [-76.5412751659999, 39.3271878900001], [-76.5415811669999, 39.328810891], [-76.5416091659999, 39.3289338910001], [-76.541723167, 39.32922089], [-76.5404581669999, 39.3293828910001], [-76.536590165, 39.329958891], [-76.535009165, 39.330205891], [-76.534535164, 39.3302878910001], [-76.534098165, 39.330365891], [-76.5330861639999, 39.330546891], [-76.532979164, 39.330565891], [-76.5330821639999, 39.3301258910001], [-76.534114164, 39.328900891], [-76.534085164, 39.3286648910001], [-76.534098165, 39.3285508910001], [-76.534152164, 39.3284248910001], [-76.534154165, 39.3283998900001], [-76.5341461639999, 39.328363891], [-76.534106164, 39.3283028910001]]]}, "properties": {"FIPS": "24510260203", "nmtc_class": "Severe Distress", "qualifies": "YES", "poverty_pct": 33.1, "income_pct_benchmark": 0.386643350033084, "unemployment_ratio": 0.7962962985038757, "metro": "Metro"}}, {"type": "Feature", "geometry": {"type": "Polygon", "coordinates": [[[-76.660750204, 39.3266898850001], [-76.659797203, 39.326629886], [-76.6588692029999, 39.327075886], [-76.6586862029999, 39.326781886], [-76.6585332029999, 39.326563885], [-76.658390203, 39.326383885], [-76.6582832029999, 39.3262308860001], [-76.658211203, 39.3261908860001], [-76.658164203, 39.326140885], [-76.6580602029999, 39.3260118850001], [-76.657844203, 39.3257208850001], [-76.657711203, 39.325565886], [-76.657596203, 39.325407886], [-76.657530202, 39.325460886], [-76.657236203, 39.325025885], [-76.657107203, 39.3247928850001], [-76.6555422019999, 39.3227208850001], [-76.654883201, 39.321817885], [-76.654291202, 39.320979885], [-76.653618201, 39.320067884], [-76.6524792009999, 39.318556884], [-76.652157201, 39.318192884], [-76.6520161999999, 39.318057884], [-76.651450201, 39.317588884], [-76.6512182, 39.3173528840001], [-76.6511642, 39.317275884], [-76.6511392, 39.317226884], [-76.6506191999999, 39.316822884], [-76.6504962, 39.316711884], [-76.651209201, 39.316166884], [-76.6519602, 39.3157538840001], [-76.6522381999999, 39.315646884], [-76.6524552009999, 39.315578884], [-76.652676201, 39.3155248840001], [-76.6529072009999, 39.3154808830001], [-76.653143201, 39.315451884], [-76.653371201, 39.3154358840001], [-76.653625201, 39.315423884], [-76.653828201, 39.315424884], [-76.654198201, 39.315438884], [-76.6544172009999, 39.315465884], [-76.654634201, 39.3155038840001], [-76.654853201, 39.3155438840001], [-76.655553202, 39.315732884], [-76.6557422019999, 39.3157728840001], [-76.6559962009999, 39.3158158840001], [-76.6563962019999, 39.3158648840001], [-76.656721202, 39.315878884], [-76.6570962019999, 39.315874883], [-76.6572902019999, 39.3158648840001], [-76.657509202, 39.3158448840001], [-76.657703203, 39.3158198830001], [-76.657914203, 39.3157778840001], [-76.6582402019999, 39.315698883], [-76.6589332029999, 39.315493883], [-76.659781203, 39.3152318840001], [-76.659854203, 39.3154098840001], [-76.660369203, 39.316260884], [-76.660460203, 39.316387884], [-76.6611892029999, 39.317176884], [-76.6615022029999, 39.3175058840001], [-76.663829204, 39.319831884], [-76.6640612039999, 39.320088884], [-76.6642192039999, 39.3202968840001], [-76.664414204, 39.3206348840001], [-76.664502204, 39.3208158840001], [-76.664613205, 39.3210878840001], [-76.664705205, 39.321433884], [-76.664758204, 39.3217078850001], [-76.664778204, 39.322201885], [-76.6647812049999, 39.322356884], [-76.664770205, 39.322482885], [-76.664730205, 39.322714885], [-76.664517205, 39.323797885], [-76.664256205, 39.3252878850001], [-76.664142204, 39.325979885], [-76.664137205, 39.326451885], [-76.6641522039999, 39.326610886], [-76.6641932049999, 39.326993885], [-76.664304205, 39.3275198860001], [-76.6639702049999, 39.3274328850001], [-76.663333205, 39.3272688860001], [-76.661596204, 39.326921886], [-76.660750204, 39.3266898850001]]]}, "properties": {"FIPS": "24510150500", "nmtc_class": "Severe Distress", "qualifies": "YES", "poverty_pct": 21.6, "income_pct_benchmark": 0.311806408923339, "unemployment_ratio": 2.3333332538604736, "metro": "Metro"}}, {"type": "Feature", "geometry": {"type": "Polygon", "coordinates": [[[-76.651347199, 39.298954881], [-76.651356199, 39.29864588], [-76.650609199, 39.29867088], [-76.6506011989999, 39.2981418800001], [-76.650563199, 39.29751688], [-76.650572199, 39.2972628800001], [-76.650569199, 39.2969408800001], [-76.650520199, 39.2963608800001], [-76.650479199, 39.2950798800001], [-76.650386198, 39.29373088], [-76.650385198, 39.2937058800001], [-76.650587199, 39.293692879], [-76.651238199, 39.293671879], [-76.651774199, 39.2936358790001], [-76.6523531989999, 39.293610879], [-76.653023199, 39.2935718800001], [-76.6532252, 39.2935728790001], [-76.6547412, 39.293520879], [-76.656006201, 39.293453879], [-76.6562762, 39.293446879], [-76.657810201, 39.293403879], [-76.658106201, 39.293399879], [-76.658576201, 39.2933748790001], [-76.659355202, 39.293359879], [-76.6593722009999, 39.293939879], [-76.6594142009999, 39.294640879], [-76.659488202, 39.295943879], [-76.659491201, 39.2960938790001], [-76.659520202, 39.2964768790001], [-76.6595912019999, 39.29834688], [-76.6596652009999, 39.2987038800001], [-76.6597032019999, 39.29880688], [-76.659760202, 39.29891288], [-76.659854202, 39.2990428800001], [-76.6599542019999, 39.2991568800001], [-76.660477202, 39.29965188], [-76.6606052019999, 39.2998038800001], [-76.6606712019999, 39.29990788], [-76.660734202, 39.3000288800001], [-76.660774202, 39.30015388], [-76.660804202, 39.300281881], [-76.660826202, 39.3004588810001], [-76.660870202, 39.30154988], [-76.660887202, 39.30177888], [-76.660876202, 39.3019638810001], [-76.6608502019999, 39.3021378810001], [-76.6607432019999, 39.3025208810001], [-76.660723202, 39.302631881], [-76.660746203, 39.302799881], [-76.6608012029999, 39.302965881], [-76.6608312019999, 39.3030858810001], [-76.660839202, 39.303273881], [-76.6608292019999, 39.3035848810001], [-76.660803202, 39.303676881], [-76.6607612029999, 39.303770881], [-76.6607802029999, 39.304224881], [-76.660900203, 39.3061518820001], [-76.660173202, 39.3061918810001], [-76.6592062019999, 39.306245881], [-76.659040202, 39.3062598810001], [-76.6588692019999, 39.3060768820001], [-76.658502202, 39.305772881], [-76.6583562009999, 39.305665882], [-76.657938202, 39.3053798820001], [-76.657666202, 39.3052318820001], [-76.657380202, 39.305102881], [-76.657021202, 39.304960882], [-76.655668201, 39.304511881], [-76.6537902009999, 39.3039168820001], [-76.6533182009999, 39.3037858810001], [-76.6527442, 39.3036268810001], [-76.6516091999999, 39.3033578820001], [-76.6507541989999, 39.303255881], [-76.650400199, 39.3032068810001], [-76.649843199, 39.3031098810001], [-76.6492951989999, 39.303034881], [-76.648652198, 39.302924881], [-76.6484851989999, 39.302870881], [-76.6483551979999, 39.302804882], [-76.648135198, 39.302652881], [-76.6477191979999, 39.302312881], [-76.647937199, 39.302267881], [-76.6481671989999, 39.3022058810001], [-76.6483531979999, 39.3021418810001], [-76.648950199, 39.301885881], [-76.6492281989999, 39.301745881], [-76.649481199, 39.3016028810001], [-76.650179199, 39.301077881], [-76.6504631989999, 39.300783881], [-76.650632199, 39.300573881], [-76.650772199, 39.300379881], [-76.6509071999999, 39.300172881], [-76.651347199, 39.298954881]]]}, "properties": {"FIPS": "24510160500", "nmtc_class": "Severe Distress", "qualifies": "YES", "poverty_pct": 21.4, "income_pct_benchmark": 0.330844125153606, "unemployment_ratio": 2.4259259700775146, "metro": "Metro"}}, {"type": "Feature", "geometry": {"type": "Polygon", "coordinates": [[[-76.589313182, 39.328371889], [-76.589314182, 39.327899888], [-76.589317182, 39.3275468890001], [-76.589327181, 39.327433888], [-76.589336181, 39.3273048880001], [-76.588058181, 39.3273268880001], [-76.587841181, 39.3273378880001], [-76.5876341809999, 39.3273598880001], [-76.587168181, 39.327335889], [-76.585590181, 39.3273458890001], [-76.58530918, 39.327333889], [-76.58515518, 39.327315888], [-76.58490618, 39.327248889], [-76.5848251799999, 39.327209888], [-76.5845781799999, 39.3270548890001], [-76.58545818, 39.325968888], [-76.5861101799999, 39.3251448880001], [-76.586651181, 39.324526888], [-76.587338181, 39.323710888], [-76.587472181, 39.3235718870001], [-76.587623181, 39.323449887], [-76.5878991809999, 39.323261888], [-76.5882111809999, 39.3230718880001], [-76.5885361809999, 39.322837887], [-76.5894151809999, 39.3222868880001], [-76.5898431809999, 39.3219738870001], [-76.589980182, 39.321868887], [-76.590660181, 39.321246887], [-76.5906931819999, 39.321327887], [-76.590774182, 39.321445887], [-76.5908741819999, 39.321534887], [-76.592096182, 39.322498887], [-76.592283182, 39.322657887], [-76.5924681819999, 39.322819887], [-76.592579182, 39.322926888], [-76.592816182, 39.3232168880001], [-76.593184182, 39.3239088870001], [-76.593586183, 39.3252788880001], [-76.593812183, 39.3259748880001], [-76.5939311829999, 39.326232888], [-76.594159183, 39.326683888], [-76.594308183, 39.3269438880001], [-76.5945771839999, 39.3273578880001], [-76.5949441829999, 39.327737889], [-76.595073183, 39.327861888], [-76.595132183, 39.327949888], [-76.595151184, 39.328006888], [-76.595163183, 39.3281388880001], [-76.5951471829999, 39.328354889], [-76.592119183, 39.328349888], [-76.590706182, 39.3283668880001], [-76.589313182, 39.328371889]]]}, "properties": {"FIPS": "24510090600", "nmtc_class": "Severe Distress", "qualifies": "YES", "poverty_pct": 23.9, "income_pct_benchmark": 0.587843841572927, "unemployment_ratio": 3.2592592239379883, "metro": "Metro"}}, {"type": "Feature", "geometry": {"type": "Polygon", "coordinates": [[[-76.634111191, 39.2498528720001], [-76.629764189, 39.2445548700001], [-76.629332189, 39.2440758700001], [-76.6289621889999, 39.2437178700001], [-76.628672189, 39.24348087], [-76.628476189, 39.2433338700001], [-76.627987188, 39.24300387], [-76.627666189, 39.2428198700001], [-76.627237188, 39.2426138700001], [-76.6268731879999, 39.24244887], [-76.626653188, 39.24236087], [-76.626481188, 39.2423018700001], [-76.626231187, 39.24222487], [-76.625988188, 39.24215787], [-76.625322188, 39.2420308700001], [-76.624944187, 39.24197287], [-76.624319187, 39.24190887], [-76.623532187, 39.24183687], [-76.6217231859999, 39.2417098700001], [-76.620266186, 39.2416018700001], [-76.6193091859999, 39.24152087], [-76.6183421849999, 39.24143287], [-76.616387185, 39.2412428700001], [-76.615310184, 39.2411518700001], [-76.615305184, 39.24109387], [-76.615326184, 39.24095787], [-76.615423184, 39.2408348700001], [-76.615473433, 39.24080337], [-76.615501184, 39.2406988700001], [-76.615549275, 39.2406419210001], [-76.615633184, 39.24057287], [-76.615687184, 39.2405408700001], [-76.615774184, 39.24043987], [-76.615886184, 39.2403628700001], [-76.616114185, 39.2401818700001], [-76.6161401849999, 39.2401368700001], [-76.615474184, 39.2400698700001], [-76.615643185, 39.23992987], [-76.618614185, 39.237405869], [-76.618691185, 39.2374408690001], [-76.619041185, 39.2377348690001], [-76.6212641859999, 39.23861887], [-76.629855189, 39.2423458700001], [-76.63113419, 39.2429068700001], [-76.63259119, 39.24341387], [-76.637269192, 39.24565587], [-76.638917192, 39.2463498700001], [-76.639430192, 39.2465758710001], [-76.640330193, 39.247037871], [-76.641829193, 39.2477688710001], [-76.644016193, 39.248834871], [-76.644036193, 39.2488448710001], [-76.644214194, 39.248931871], [-76.6472581949999, 39.2500678710001], [-76.651493197, 39.251990871], [-76.652511196, 39.252351871], [-76.653395197, 39.252710871], [-76.654242197, 39.253132871], [-76.655082197, 39.253519871], [-76.655571198, 39.253708872], [-76.656692198, 39.254151871], [-76.659862199, 39.255516872], [-76.6596261989999, 39.255658871], [-76.659511199, 39.2557378710001], [-76.6593141989999, 39.255830872], [-76.659172199, 39.255908871], [-76.658582199, 39.256329872], [-76.6581861989999, 39.2565288720001], [-76.657814198, 39.256694872], [-76.657561199, 39.2567918720001], [-76.6543201979999, 39.2577818720001], [-76.653232198, 39.258126872], [-76.6527891969999, 39.258290872], [-76.652512197, 39.2584088720001], [-76.6521151969999, 39.2586138720001], [-76.6518441969999, 39.2587788720001], [-76.6515301969999, 39.258983873], [-76.650816197, 39.259525872], [-76.649939197, 39.2602268730001], [-76.649836197, 39.2603218730001], [-76.648861196, 39.2603218730001], [-76.647896196, 39.2603218730001], [-76.647275196, 39.260290873], [-76.646802195, 39.2602568730001], [-76.6465141949999, 39.260224873], [-76.646191195, 39.260178873], [-76.645672195, 39.260088873], [-76.6448951949999, 39.2599178730001], [-76.6445641939999, 39.2598228730001], [-76.644062194, 39.259655873], [-76.643656194, 39.2595128730001], [-76.643353194, 39.2593828730001], [-76.642705194, 39.2590608730001], [-76.642444194, 39.258919873], [-76.642059194, 39.258686873], [-76.641781194, 39.2584988730001], [-76.641351194, 39.258191873], [-76.640999193, 39.257898873], [-76.640903193, 39.257813873], [-76.6405581929999, 39.257471873], [-76.640217193, 39.2570998730001], [-76.639913193, 39.2567468720001], [-76.639289193, 39.255986873], [-76.638465192, 39.2550348720001], [-76.636359192, 39.2524628720001], [-76.634111191, 39.2498528720001]]]}, "properties": {"FIPS": "24510250205", "nmtc_class": "Severe Distress", "qualifies": "YES", "poverty_pct": 23.3, "income_pct_benchmark": 0.419746667927025, "unemployment_ratio": 0.7407407164573669, "metro": "Metro"}}, {"type": "Feature", "geometry": {"type": "Polygon", "coordinates": [[[-76.587871179, 39.298654883], [-76.58871518, 39.2986208830001], [-76.59023718, 39.2985638820001], [-76.59087618, 39.2985318830001], [-76.591541181, 39.298525883], [-76.592380181, 39.298472882], [-76.593948181, 39.2983958830001], [-76.5944101809999, 39.2983808820001], [-76.594512181, 39.298407883], [-76.5945891809999, 39.298409883], [-76.5975991829999, 39.298258882], [-76.597683182, 39.2993448830001], [-76.597741183, 39.3004098820001], [-76.597831182, 39.3017518830001], [-76.5973271829999, 39.301780883], [-76.596444182, 39.301830883], [-76.594660182, 39.3018888830001], [-76.592466181, 39.3019748830001], [-76.591790181, 39.302008884], [-76.59048118, 39.3020618830001], [-76.588081179, 39.302145884], [-76.5880001799999, 39.300764883], [-76.5879381789999, 39.2997068830001], [-76.587871179, 39.298654883]]]}, "properties": {"FIPS": "24510070400", "nmtc_class": "Severe Distress", "qualifies": "YES", "poverty_pct": 36.0, "income_pct_benchmark": 0.278816523300879, "unemployment_ratio": 3.314814805984497, "metro": "Metro"}}, {"type": "Feature", "geometry": {"type": "Polygon", "coordinates": [[[-76.644895197, 39.293925879], [-76.6455221969999, 39.2939028800001], [-76.645588198, 39.2946268800001], [-76.6456121969999, 39.29524788], [-76.645667197, 39.29544588], [-76.645673197, 39.29576688], [-76.645737197, 39.29646288], [-76.6458101969999, 39.2976368810001], [-76.6458361969999, 39.29808288], [-76.645852197, 39.298532881], [-76.645870198, 39.2988108800001], [-76.6459011979999, 39.2993518810001], [-76.645928197, 39.2997058810001], [-76.645999197, 39.3009688810001], [-76.646059198, 39.3020998810001], [-76.646072198, 39.3024428810001], [-76.6461201979999, 39.303119881], [-76.6459881979999, 39.303122882], [-76.645390197, 39.3031418810001], [-76.644645197, 39.3031838810001], [-76.643907197, 39.3032038810001], [-76.6432201969999, 39.3032188810001], [-76.6431831959999, 39.3022478820001], [-76.643148197, 39.301724881], [-76.643092197, 39.301116881], [-76.643060196, 39.300572881], [-76.643038197, 39.3000258810001], [-76.643001197, 39.299560881], [-76.6429771969999, 39.2989018810001], [-76.642859197, 39.2967408810001], [-76.642839196, 39.2965628800001], [-76.642777197, 39.2953208800001], [-76.642746197, 39.2948048800001], [-76.642698196, 39.2940168800001], [-76.644121197, 39.29396388], [-76.644895197, 39.293925879]]]}, "properties": {"FIPS": "24510160300", "nmtc_class": "Severe Distress", "qualifies": "YES", "poverty_pct": 39.7, "income_pct_benchmark": 0.596114944701768, "unemployment_ratio": 4.666666507720947, "metro": "Metro"}}, {"type": "Feature", "geometry": {"type": "Polygon", "coordinates": [[[-76.5881371789999, 39.303225884], [-76.58809718, 39.302458884], [-76.588081179, 39.302145884], [-76.59048118, 39.3020618830001], [-76.591790181, 39.302008884], [-76.592466181, 39.3019748830001], [-76.594660182, 39.3018888830001], [-76.596444182, 39.301830883], [-76.5973271829999, 39.301780883], [-76.597831182, 39.3017518830001], [-76.5978461829999, 39.3020918830001], [-76.5980071829999, 39.3041868830001], [-76.5980711829999, 39.305229884], [-76.596642182, 39.305308884], [-76.5948551819999, 39.305364884], [-76.5925231809999, 39.3054598840001], [-76.591333181, 39.305559884], [-76.590688181, 39.3055718840001], [-76.59002918, 39.305609884], [-76.58947018, 39.305612884], [-76.5882881799999, 39.305647884], [-76.58825218, 39.305113884], [-76.58822418, 39.3045588840001], [-76.58814918, 39.303496884], [-76.5881371789999, 39.303225884]]]}, "properties": {"FIPS": "24510080800", "nmtc_class": "Severe Distress", "qualifies": "YES", "poverty_pct": 34.6, "income_pct_benchmark": 0.456092258247471, "unemployment_ratio": 3.5185184478759766, "metro": "Metro"}}, {"type": "Feature", "geometry": {"type": "Polygon", "coordinates": [[[-76.672293206, 39.307212881], [-76.672194206, 39.3070258810001], [-76.6684072049999, 39.307124882], [-76.667792205, 39.306537881], [-76.667606205, 39.306337881], [-76.667521205, 39.3062388810001], [-76.667411204, 39.3060818810001], [-76.6673262049999, 39.305911881], [-76.666486205, 39.305932882], [-76.6655972039999, 39.3059678820001], [-76.664541204, 39.3060368810001], [-76.663827204, 39.306050881], [-76.663085204, 39.3060828810001], [-76.660900203, 39.3061518820001], [-76.6607802029999, 39.304224881], [-76.6607612029999, 39.303770881], [-76.660803202, 39.303676881], [-76.6608292019999, 39.3035848810001], [-76.660839202, 39.303273881], [-76.6608312019999, 39.3030858810001], [-76.6608012029999, 39.302965881], [-76.660746203, 39.302799881], [-76.660723202, 39.302631881], [-76.6607432019999, 39.3025208810001], [-76.6608502019999, 39.3021378810001], [-76.660876202, 39.3019638810001], [-76.660887202, 39.30177888], [-76.660870202, 39.30154988], [-76.660826202, 39.3004588810001], [-76.661748202, 39.3004148810001], [-76.6635082029999, 39.3003688810001], [-76.665273204, 39.30029088], [-76.665189203, 39.2992178800001], [-76.666962204, 39.29915988], [-76.667045204, 39.2992238800001], [-76.667231204, 39.29932388], [-76.667383204, 39.29936788], [-76.667643204, 39.2994178800001], [-76.667785204, 39.2994248800001], [-76.6678952039999, 39.29940988], [-76.6680152049999, 39.2993848800001], [-76.668265205, 39.2993508800001], [-76.668375204, 39.29934788], [-76.668604205, 39.2993608800001], [-76.668786204, 39.29935888], [-76.6688792049999, 39.29934688], [-76.668985204, 39.29929788], [-76.668951205, 39.29918988], [-76.6689462049999, 39.2991068800001], [-76.668984205, 39.2988168800001], [-76.668986204, 39.2982718800001], [-76.668956204, 39.2971968790001], [-76.669027204, 39.29715788], [-76.669115205, 39.29707188], [-76.669279205, 39.2968788790001], [-76.669303204, 39.296819879], [-76.669247204, 39.2966308790001], [-76.669178205, 39.296535879], [-76.6691052049999, 39.29641588], [-76.669082205, 39.2962708790001], [-76.669074204, 39.2961568790001], [-76.6691232049999, 39.2960558790001], [-76.669353205, 39.295677879], [-76.6695072049999, 39.2950168790001], [-76.669614205, 39.294691879], [-76.669681205, 39.294456879], [-76.669719204, 39.294283879], [-76.669948205, 39.2942738790001], [-76.670172205, 39.2942738790001], [-76.670467205, 39.294264879], [-76.670489205, 39.294323879], [-76.670537205, 39.294549879], [-76.6705672049999, 39.2947708790001], [-76.670593205, 39.295091879], [-76.6705922049999, 39.2955068790001], [-76.6705422049999, 39.2959798790001], [-76.6704572049999, 39.2963958790001], [-76.670728205, 39.2963618790001], [-76.6709512049999, 39.296353879], [-76.671079205, 39.2963698790001], [-76.671287206, 39.2964538790001], [-76.6715142049999, 39.296604879], [-76.671743206, 39.296817879], [-76.671905205, 39.296986879], [-76.672015206, 39.2971118800001], [-76.672128206, 39.2972018790001], [-76.672406206, 39.297368879], [-76.672597205, 39.29750088], [-76.672752206, 39.2976168800001], [-76.6728372059999, 39.29771388], [-76.672885206, 39.297798879], [-76.672957206, 39.297975879], [-76.673162206, 39.29868488], [-76.673235206, 39.2990638790001], [-76.6732852059999, 39.2991948800001], [-76.673319207, 39.299330879], [-76.673395206, 39.29954988], [-76.673456206, 39.29975388], [-76.6734922059999, 39.2998448800001], [-76.673548206, 39.30004688], [-76.673567206, 39.30015688], [-76.673566206, 39.3002158800001], [-76.6736252059999, 39.30067088], [-76.673619206, 39.3007518800001], [-76.6736022059999, 39.3008158800001], [-76.673514207, 39.30096788], [-76.6734882069999, 39.3010468800001], [-76.6734882069999, 39.30122688], [-76.673500206, 39.30129788], [-76.673528206, 39.30139388], [-76.673521206, 39.3014508800001], [-76.673617206, 39.3016458800001], [-76.673683207, 39.3017388800001], [-76.673971206, 39.30206588], [-76.674048206, 39.30213688], [-76.6742122059999, 39.30238088], [-76.673764207, 39.3028898810001], [-76.673697207, 39.3029818800001], [-76.673608206, 39.3031408800001], [-76.673565207, 39.3032718810001], [-76.673534207, 39.30346188], [-76.673530206, 39.30361888], [-76.6735362059999, 39.3037388810001], [-76.673597206, 39.3039748810001], [-76.673684206, 39.304250881], [-76.674085207, 39.305485881], [-76.674144207, 39.305689881], [-76.674175207, 39.3058838810001], [-76.674175207, 39.305951881], [-76.674151206, 39.306173881], [-76.674125206, 39.306275881], [-76.673722207, 39.306524881], [-76.673305206, 39.306749881], [-76.672293206, 39.307212881]]]}, "properties": {"FIPS": "24510160700", "nmtc_class": "Severe Distress", "qualifies": "YES", "poverty_pct": 17.1, "income_pct_benchmark": 0.400482087153795, "unemployment_ratio": 4.629629611968994, "metro": "Metro"}}, {"type": "Feature", "geometry": {"type": "Polygon", "coordinates": [[[-76.628381189, 39.2576168730001], [-76.62832119, 39.257607873], [-76.6282561899999, 39.2576148730001], [-76.6280971899999, 39.2577058730001], [-76.628006189, 39.2577788730001], [-76.627829189, 39.2578238730001], [-76.627677837, 39.257835948], [-76.6275871889999, 39.257836873], [-76.62746619, 39.2577988730001], [-76.627351189, 39.257725873], [-76.6272621889999, 39.2576268730001], [-76.6272291889999, 39.2575038730001], [-76.6272031889999, 39.257267873], [-76.627180189, 39.2571728730001], [-76.6271361889999, 39.257095873], [-76.6270921889999, 39.2569458730001], [-76.627038189, 39.256891873], [-76.626789189, 39.256771873], [-76.626726189, 39.256752873], [-76.6267062479999, 39.2567933810001], [-76.626622189, 39.2567588730001], [-76.6255181879999, 39.2559718730001], [-76.625577189, 39.255940872], [-76.625617188, 39.255899873], [-76.6256041889999, 39.255833873], [-76.6255781889999, 39.255756873], [-76.625295189, 39.2556578730001], [-76.625176188, 39.255652873], [-76.625044189, 39.2556578730001], [-76.624824189, 39.255625873], [-76.624686189, 39.2554768730001], [-76.624344188, 39.2552608720001], [-76.624186188, 39.2551988720001], [-76.624028188, 39.255182872], [-76.623797188, 39.255176873], [-76.623569188, 39.255180873], [-76.6232651879999, 39.255225873], [-76.623008188, 39.2552818720001], [-76.622757188, 39.255357873], [-76.6225261879999, 39.255397873], [-76.622080188, 39.2554118730001], [-76.6216051869999, 39.255451873], [-76.621229187, 39.255511873], [-76.620407187, 39.255580873], [-76.6198261869999, 39.2555738730001], [-76.619641187, 39.255583873], [-76.6194701859999, 39.2556338730001], [-76.619317186, 39.255710873], [-76.6191261859999, 39.255781873], [-76.6186601859999, 39.2558828730001], [-76.618330187, 39.255912873], [-76.617921186, 39.2559778730001], [-76.617584186, 39.256058873], [-76.617326186, 39.2561298730001], [-76.617145186, 39.256149873], [-76.6168851849999, 39.256127873], [-76.616936185, 39.2560208730001], [-76.617145186, 39.2556348730001], [-76.617233186, 39.2555208730001], [-76.617432186, 39.255220873], [-76.617589186, 39.254922873], [-76.6177771859999, 39.2544628730001], [-76.617864186, 39.254161873], [-76.617914186, 39.2539018730001], [-76.617925186, 39.253703873], [-76.6179171859999, 39.253538873], [-76.617812186, 39.253154873], [-76.6177161859999, 39.2529418720001], [-76.617663186, 39.252841872], [-76.617423185, 39.252491873], [-76.617351186, 39.2524198730001], [-76.6184381859999, 39.2519538720001], [-76.619771187, 39.251377872], [-76.620086186, 39.251241872], [-76.6205001869999, 39.251065872], [-76.6208831869999, 39.250902872], [-76.624544187, 39.249330872], [-76.624959187, 39.2491398720001], [-76.625145188, 39.249081871], [-76.6252101869999, 39.2490738710001], [-76.625275188, 39.249074872], [-76.625400188, 39.2490898710001], [-76.625643188, 39.249169871], [-76.6261021889999, 39.2493448710001], [-76.6264151889999, 39.2494348710001], [-76.626766188, 39.249549871], [-76.627537189, 39.2498288720001], [-76.627480189, 39.2499328710001], [-76.627290189, 39.250230872], [-76.627242188, 39.250291871], [-76.627191188, 39.250340871], [-76.627080189, 39.250409872], [-76.627030189, 39.250432872], [-76.626917189, 39.2504668710001], [-76.6267811879999, 39.2504898710001], [-76.626716189, 39.250492872], [-76.626635189, 39.2504898710001], [-76.626494188, 39.2504658720001], [-76.626156188, 39.2503488720001], [-76.625353188, 39.250052871], [-76.625259188, 39.2500398720001], [-76.6250881879999, 39.2500818720001], [-76.625848188, 39.251308872], [-76.625973189, 39.251538872], [-76.6261021889999, 39.2517448720001], [-76.6261711879999, 39.2517888720001], [-76.6262601889999, 39.2518208720001], [-76.6263731889999, 39.2518398720001], [-76.626511189, 39.251827872], [-76.6266661889999, 39.2517878720001], [-76.6267471889999, 39.251422872], [-76.6274291889999, 39.2515878720001], [-76.627717189, 39.250867871], [-76.627937189, 39.2503388710001], [-76.6280281889999, 39.250133871], [-76.6280791889999, 39.2500388710001], [-76.628478189, 39.250164871], [-76.629371189, 39.250388871], [-76.62978419, 39.250500872], [-76.63122319, 39.250853872], [-76.63140319, 39.2509148720001], [-76.6318341899999, 39.251082872], [-76.63194319, 39.2511348720001], [-76.6320591899999, 39.2512038720001], [-76.6326031899999, 39.251551872], [-76.632744191, 39.251662872], [-76.63287019, 39.2517738710001], [-76.63314719, 39.252051872], [-76.633286191, 39.2522018720001], [-76.633448191, 39.252429872], [-76.63362819, 39.252748872], [-76.633691191, 39.2528748720001], [-76.6337441909999, 39.2529848720001], [-76.6338791909999, 39.253396872], [-76.634026191, 39.253938872], [-76.634052191, 39.2540708720001], [-76.634208191, 39.254616872], [-76.6342901909999, 39.2549658720001], [-76.634313191, 39.255117872], [-76.634315191, 39.2552998720001], [-76.634299192, 39.255477872], [-76.634269191, 39.2556188720001], [-76.634155192, 39.2559068730001], [-76.634005191, 39.2561568720001], [-76.6338581909999, 39.2563268720001], [-76.633573191, 39.2566368730001], [-76.633182191, 39.257098872], [-76.633084191, 39.2572348730001], [-76.632946191, 39.257446873], [-76.632770191, 39.2577388730001], [-76.632272191, 39.257604873], [-76.6319481909999, 39.2575478730001], [-76.63009219, 39.2588318730001], [-76.62980319, 39.258739873], [-76.6294961899999, 39.2586768730001], [-76.62925819, 39.258576873], [-76.629037189, 39.258509873], [-76.628934189, 39.2584538730001], [-76.6288891889999, 39.2583628730001], [-76.62885019, 39.258190873], [-76.6287271899999, 39.2579108730001], [-76.628566189, 39.257702873], [-76.628381189, 39.2576168730001]]]}, "properties": {"FIPS": "24510250207", "nmtc_class": "Severe Distress", "qualifies": "YES", "poverty_pct": 21.8, "income_pct_benchmark": 0.475470271292183, "unemployment_ratio": 2.222222328186035, "metro": "Metro"}}, {"type": "Feature", "geometry": {"type": "MultiPolygon", "coordinates": [[[[-76.566990167, 39.2147778670001], [-76.5664821669999, 39.214770866], [-76.565848167, 39.214786867], [-76.5654961669999, 39.2148438670001], [-76.565238167, 39.214895867], [-76.5651091669999, 39.214899867], [-76.564825167, 39.2149338670001], [-76.564554809, 39.2149971520001], [-76.564378167, 39.215031867], [-76.564241167, 39.2150728670001], [-76.564101167, 39.2150948670001], [-76.564012167, 39.215077367], [-76.5639691659999, 39.214949867], [-76.563932166, 39.214898867], [-76.5637351669999, 39.2147498670001], [-76.563544166, 39.214648867], [-76.563394166, 39.2145548670001], [-76.563259167, 39.2144598670001], [-76.563162167, 39.214424867], [-76.5630861659999, 39.2144188670001], [-76.5630191659999, 39.2144238670001], [-76.562898166, 39.214476866], [-76.562807167, 39.214546867], [-76.5626861659999, 39.214609867], [-76.5625021659999, 39.2146418670001], [-76.562306166, 39.2146408670001], [-76.562035166, 39.214674867], [-76.561892166, 39.214674867], [-76.561816166, 39.214691867], [-76.561589166, 39.2148668670001], [-76.561476166, 39.2149308670001], [-76.5613331659999, 39.2149588670001], [-76.5612121659999, 39.2150058670001], [-76.561095166, 39.2151188670001], [-76.5610191649999, 39.215165867], [-76.560831166, 39.2151888670001], [-76.5607481659999, 39.2152288670001], [-76.560710166, 39.2152698670001], [-76.560657166, 39.215286867], [-76.560494674, 39.2152288710001], [-76.560371166, 39.215215867], [-76.560304166, 39.2152328670001], [-76.5602431659999, 39.215285867], [-76.560197166, 39.2153678670001], [-76.5601671649999, 39.215466867], [-76.560166166, 39.215554867], [-76.5601881649999, 39.215659867], [-76.560270165, 39.2158038680001], [-76.5602133679999, 39.2158588670001], [-76.560127165, 39.215846867], [-76.560089166, 39.2158118670001], [-76.560022166, 39.2157238670001], [-76.559978165, 39.2155888670001], [-76.5598961649999, 39.215401867], [-76.559787165, 39.2153158670001], [-76.5596901649999, 39.215257867], [-76.559592165, 39.215221867], [-76.559494166, 39.2152038670001], [-76.559374165, 39.2152098670001], [-76.5591331649999, 39.215237867], [-76.559035165, 39.215277867], [-76.5589291649999, 39.215377867], [-76.558609165, 39.2154978670001], [-76.558668166, 39.215962867], [-76.558609165, 39.2159208670001], [-76.558553165, 39.2157248670001], [-76.5585011649999, 39.215642867], [-76.558439165, 39.2154808670001], [-76.558412165, 39.2153838670001], [-76.5584131649999, 39.215259867], [-76.558289165, 39.215107867], [-76.558199165, 39.215053867], [-76.558109165, 39.215026867], [-76.557838164, 39.2150038670001], [-76.557411165, 39.2150428670001], [-76.556953165, 39.215105867], [-76.556661165, 39.2151798670001], [-76.556494164, 39.215260867], [-76.5563401639999, 39.2153678670001], [-76.5561621639999, 39.215552867], [-76.555952164, 39.215870867], [-76.555700164, 39.2161988670001], [-76.555594164, 39.216478867], [-76.555548164, 39.2166468670001], [-76.555469164, 39.2167328670001], [-76.553474163, 39.217063868], [-76.5533901639999, 39.217058868], [-76.552940163, 39.216927868], [-76.5528571629999, 39.216921868], [-76.552172163, 39.217104868], [-76.550892162, 39.2175208680001], [-76.550414163, 39.2174278680001], [-76.5502651629999, 39.217348868], [-76.5499541619999, 39.2171638670001], [-76.5497121619999, 39.2170278680001], [-76.5495741619999, 39.216876868], [-76.549478162, 39.216698867], [-76.549359162, 39.216360868], [-76.549204163, 39.2150518670001], [-76.549113162, 39.2140378670001], [-76.5490801619999, 39.2138158670001], [-76.548997162, 39.213702867], [-76.548755162, 39.2135828670001], [-76.548506162, 39.213479867], [-76.548499162, 39.213414867], [-76.548500162, 39.2133558670001], [-76.548549162, 39.2133128670001], [-76.548798162, 39.2133188670001], [-76.5493685599999, 39.213463469], [-76.549535162, 39.2135008670001], [-76.5496851619999, 39.2134738670001], [-76.5497231619999, 39.213394867], [-76.549879162, 39.2132748670001], [-76.5499811619999, 39.213166867], [-76.5500461619999, 39.213029867], [-76.550079162, 39.2129308670001], [-76.5501821619999, 39.2127108670001], [-76.550498162, 39.2122108670001], [-76.5505201619999, 39.2121238670001], [-76.550499162, 39.212023867], [-76.550386162, 39.2117598670001], [-76.550233162, 39.2114468670001], [-76.550106162, 39.211267867], [-76.5499781619999, 39.2111058670001], [-76.5497791619999, 39.210915867], [-76.5491931619999, 39.2105188670001], [-76.5488281619999, 39.210356866], [-76.5484491619999, 39.210218866], [-76.547809162, 39.2100538660001], [-76.547534161, 39.2100088660001], [-76.547234162, 39.209995866], [-76.5464271609999, 39.2099138660001], [-76.545904161, 39.209886866], [-76.5454571609999, 39.210080867], [-76.54493216, 39.210442867], [-76.544709161, 39.210554866], [-76.54378916, 39.2111518670001], [-76.54344116, 39.211391867], [-76.54333216, 39.211502867], [-76.54299116, 39.2117598670001], [-76.54281216, 39.211857867], [-76.54249816, 39.212068867], [-76.54219016, 39.212288867], [-76.5419321589999, 39.212463867], [-76.54185816, 39.212490867], [-76.541654159, 39.2125268670001], [-76.540553159, 39.213232867], [-76.5396601589999, 39.213778867], [-76.5394571589999, 39.213600867], [-76.541341159, 39.2123708670001], [-76.5411411589999, 39.212068867], [-76.5410931599999, 39.2119588670001], [-76.54108816, 39.2118948670001], [-76.541110159, 39.211839867], [-76.541137159, 39.2118018670001], [-76.5411871589999, 39.2117598670001], [-76.54124716, 39.211742867], [-76.5413181599999, 39.2117388670001], [-76.5414591589999, 39.2118078670001], [-76.5415511589999, 39.211837867], [-76.541628703, 39.211830454], [-76.541666159, 39.2117788670001], [-76.5416591589999, 39.211678867], [-76.541671159, 39.211450867], [-76.541645159, 39.2112638670001], [-76.541695159, 39.211094867], [-76.5417501599999, 39.2109928670001], [-76.541767159, 39.2109258670001], [-76.54175416, 39.210800867], [-76.541413959, 39.21059423], [-76.541363159, 39.210557867], [-76.54130916, 39.2104808670001], [-76.5412561589999, 39.2103708670001], [-76.54108816, 39.210149867], [-76.540958159, 39.210017867], [-76.540860159, 39.2100093670001], [-76.540811159, 39.209970866], [-76.5407841589999, 39.209923867], [-76.540733159, 39.209925867], [-76.5404016589999, 39.2100748670001], [-76.5403121589999, 39.2100518670001], [-76.540165159, 39.210059867], [-76.5400391589999, 39.210088867], [-76.539919159, 39.2101648670001], [-76.539853159, 39.210238367], [-76.539700158, 39.2103158670001], [-76.539421159, 39.2104338670001], [-76.5393121589999, 39.210466867], [-76.539112159, 39.210416867], [-76.538722159, 39.210403867], [-76.5383261579999, 39.2104808670001], [-76.537665158, 39.210714867], [-76.536745158, 39.2110858670001], [-76.535931158, 39.2115548670001], [-76.535340157, 39.2119388680001], [-76.5343511569999, 39.2128568680001], [-76.534107158, 39.212958868], [-76.5339951569999, 39.212981868], [-76.533843157, 39.212957868], [-76.533620158, 39.212873867], [-76.533558157, 39.212786867], [-76.533549157, 39.212670867], [-76.5335641569999, 39.2125658670001], [-76.533647157, 39.212450867], [-76.533812157, 39.2123198680001], [-76.533884157, 39.212271867], [-76.533912157, 39.212123868], [-76.5338781569999, 39.212059867], [-76.5332491569999, 39.2115088680001], [-76.5328471559999, 39.211117867], [-76.532814157, 39.2110128670001], [-76.532814157, 39.2109268670001], [-76.5328681569999, 39.210822867], [-76.532931157, 39.210732867], [-76.5330911569999, 39.210643867], [-76.533153157, 39.210617867], [-76.534957157, 39.2106788670001], [-76.5350441569999, 39.210667867], [-76.535213157, 39.210593867], [-76.535242157, 39.210526867], [-76.535242157, 39.2104588670001], [-76.535223157, 39.210417867], [-76.535130157, 39.2103858670001], [-76.5340494169999, 39.210346008], [-76.532881157, 39.2102948670001], [-76.5324011559999, 39.2100008670001], [-76.5323051569999, 39.2095598670001], [-76.5327801559999, 39.2087668670001], [-76.532953157, 39.208552866], [-76.533034157, 39.208326867], [-76.533055157, 39.2082248660001], [-76.533059157, 39.2081318670001], [-76.5330451569999, 39.207963867], [-76.532983157, 39.207859867], [-76.5328931559999, 39.207765866], [-76.54322216, 39.2015228650001], [-76.5433431589999, 39.201337865], [-76.54590716, 39.1996828640001], [-76.550088161, 39.1972148630001], [-76.551880162, 39.1977908640001], [-76.5551751629999, 39.198879864], [-76.5637881659999, 39.2014148640001], [-76.566630167, 39.2019978640001], [-76.567398167, 39.202124864], [-76.5691651669999, 39.2031048640001], [-76.569343168, 39.203160864], [-76.5705541679999, 39.203651864], [-76.5711161679999, 39.203827865], [-76.573718169, 39.2045288640001], [-76.57707117, 39.205516865], [-76.57729717, 39.205593865], [-76.577442171, 39.2057638650001], [-76.57751817, 39.2058788650001], [-76.57769217, 39.206051865], [-76.5778644229999, 39.206138034], [-76.57800417, 39.206200864], [-76.5781478229999, 39.2062529290001], [-76.57835317, 39.2063188650001], [-76.578528171, 39.206380865], [-76.578687171, 39.206480864], [-76.5787631709999, 39.2065448650001], [-76.5788761709999, 39.206620865], [-76.579192171, 39.206888864], [-76.5792101709999, 39.206988865], [-76.579178171, 39.207208865], [-76.5791421709999, 39.2073578640001], [-76.579105171, 39.2074708650001], [-76.578949171, 39.2077588650001], [-76.5788701709999, 39.207865865], [-76.5785361709999, 39.2082618650001], [-76.578421283, 39.208263286], [-76.5782171709999, 39.2082558650001], [-76.577826171, 39.208219865], [-76.576950171, 39.2080738650001], [-76.57647617, 39.208058865], [-76.5762421699999, 39.208080865], [-76.57608617, 39.208061865], [-76.5759711699999, 39.2080798650001], [-76.575839362, 39.2080381160001], [-76.5757261699999, 39.207993865], [-76.57562167, 39.207898865], [-76.5755211739999, 39.207904903], [-76.575423169, 39.207910865], [-76.57513417, 39.207883865], [-76.57498817, 39.2078998650001], [-76.5748701689999, 39.2079368650001], [-76.57469817, 39.208043865], [-76.5744021689999, 39.2080788650001], [-76.574095169, 39.208245865], [-76.5737191699999, 39.2084868650001], [-76.5735931689999, 39.2085318650001], [-76.5735021689999, 39.2085958660001], [-76.573261169, 39.2088418650001], [-76.572829169, 39.2092198650001], [-76.572256169, 39.2097418660001], [-76.572111169, 39.209883865], [-76.572019169, 39.2100258660001], [-76.5719491689999, 39.210201865], [-76.571619169, 39.2106028650001], [-76.571467169, 39.2108468660001], [-76.571420169, 39.210963866], [-76.5714261689999, 39.211034866], [-76.571546169, 39.211195866], [-76.5716961689999, 39.211374866], [-76.571861169, 39.211487866], [-76.572183169, 39.211814866], [-76.572243169, 39.211956866], [-76.572337169, 39.212151866], [-76.572627169, 39.2125728660001], [-76.572753169, 39.2126848660001], [-76.5728481689999, 39.212788866], [-76.572864169, 39.212837866], [-76.57284117, 39.213146866], [-76.572814169, 39.2133948660001], [-76.57419817, 39.213595866], [-76.5741761689999, 39.2137258660001], [-76.572796169, 39.213530866], [-76.57276917, 39.2138558670001], [-76.572725169, 39.213933867], [-76.57272917, 39.213983866], [-76.572772169, 39.214007866], [-76.5728451699999, 39.214020866], [-76.5730201699999, 39.2141348660001], [-76.5730896699999, 39.214206367], [-76.57309717, 39.214263867], [-76.572699169, 39.214382867], [-76.57272717, 39.214593866], [-76.57271817, 39.2146438660001], [-76.572654169, 39.214696866], [-76.57253917, 39.2148448660001], [-76.5724171689999, 39.2151218660001], [-76.572365169, 39.2152618660001], [-76.57231817, 39.2154968670001], [-76.572191169, 39.2158838660001], [-76.57211217, 39.2162378670001], [-76.572075169, 39.2165548670001], [-76.57211717, 39.2168058670001], [-76.57216317, 39.2170038670001], [-76.572243169, 39.217128867], [-76.572428169, 39.2173398670001], [-76.5726011689999, 39.2174538670001], [-76.57278917, 39.2175648670001], [-76.572987169, 39.217645867], [-76.57316517, 39.217737867], [-76.5733601699999, 39.217802867], [-76.573468169, 39.217868867], [-76.5735391699999, 39.217943867], [-76.5735851699999, 39.2180378670001], [-76.57361317, 39.218114867], [-76.57359817, 39.2182028670001], [-76.57356917, 39.2182978670001], [-76.57346217, 39.218456867], [-76.57338717, 39.2185148670001], [-76.573330169, 39.2185338670001], [-76.573231474, 39.2185333190001], [-76.5731561699999, 39.218525867], [-76.57260317, 39.218349867], [-76.57230717, 39.2181978670001], [-76.571725169, 39.217756867], [-76.571413169, 39.2175668670001], [-76.571281169, 39.217540867], [-76.571065169, 39.2174078670001], [-76.5706381689999, 39.2171648670001], [-76.570579169, 39.2171008670001], [-76.570072168, 39.2168238670001], [-76.5697191679999, 39.216660867], [-76.5695381689999, 39.2166218670001], [-76.569313168, 39.2164608670001], [-76.5691131679999, 39.2162648670001], [-76.5689811679999, 39.2161958670001], [-76.568784169, 39.2160808670001], [-76.5686671679999, 39.2159928670001], [-76.568476169, 39.215737867], [-76.567912168, 39.2151368660001], [-76.567703168, 39.214988867], [-76.567254168, 39.214815867], [-76.566990167, 39.2147778670001]]], [[[-76.582135174, 39.2319978700001], [-76.582115387, 39.231984385], [-76.582140507, 39.2319915360001], [-76.582137173, 39.231930869], [-76.582114174, 39.23188387], [-76.582067173, 39.2318318700001], [-76.5819921739999, 39.23180287], [-76.581912173, 39.2317618700001], [-76.581757173, 39.231706869], [-76.581719673, 39.23165887], [-76.581738673, 39.2316093700001], [-76.5818046739999, 39.231604369], [-76.581899174, 39.2316518700001], [-76.582021173, 39.2316778690001], [-76.5820871729999, 39.231670869], [-76.582142173, 39.23161887], [-76.582162173, 39.2314478700001], [-76.582257173, 39.2311168700001], [-76.582215173, 39.231040869], [-76.582000173, 39.2308858690001], [-76.581870173, 39.2308168690001], [-76.581598173, 39.23075787], [-76.5813201729999, 39.2307058690001], [-76.581193173, 39.2306898690001], [-76.5811411729999, 39.2306648690001], [-76.5808231729999, 39.230267869], [-76.580790173, 39.23019787], [-76.580732173, 39.230140869], [-76.580520173, 39.2300308690001], [-76.580361173, 39.229960869], [-76.580347172, 39.229912869], [-76.580355173, 39.229840869], [-76.5803981719999, 39.229726869], [-76.580431173, 39.229664869], [-76.5804831729999, 39.229620869], [-76.580545173, 39.2295848690001], [-76.5807091729999, 39.2296148690001], [-76.5808881729999, 39.229677869], [-76.5810011729999, 39.229688869], [-76.581092784, 39.2296640530001], [-76.581107673, 39.2296068690001], [-76.581054173, 39.229575869], [-76.580898173, 39.2295168690001], [-76.580819173, 39.2294718690001], [-76.580772173, 39.229395369], [-76.580817173, 39.2293443690001], [-76.5808901729999, 39.229344869], [-76.580998172, 39.229373869], [-76.581130173, 39.2294548690001], [-76.5812076729999, 39.229464369], [-76.581281173, 39.229411869], [-76.581300173, 39.2293608690001], [-76.5813101729999, 39.2292688690001], [-76.581291173, 39.229210869], [-76.5812541729999, 39.229143869], [-76.581172173, 39.229090869], [-76.581111173, 39.229057869], [-76.581054173, 39.2290388690001], [-76.580932173, 39.229078869], [-76.5808041729999, 39.2290858690001], [-76.5807341729999, 39.2290708690001], [-76.580673173, 39.229033869], [-76.580659173, 39.2289788690001], [-76.580669173, 39.228909869], [-76.580707173, 39.2288588690001], [-76.5808251719999, 39.228831869], [-76.580811173, 39.2287568690001], [-76.580727173, 39.2287088690001], [-76.580619172, 39.22862037], [-76.580562172, 39.228630869], [-76.580515173, 39.2286858690001], [-76.580425173, 39.228699869], [-76.580354173, 39.228688869], [-76.5803311719999, 39.228629869], [-76.5803281729999, 39.2284108690001], [-76.5803521719999, 39.228355869], [-76.580427173, 39.2283503690001], [-76.580455172, 39.228396869], [-76.5805301729999, 39.228418869], [-76.5806011729999, 39.228420869], [-76.580630173, 39.228377869], [-76.580644172, 39.2283188690001], [-76.580631173, 39.228201869], [-76.580594673, 39.2281198690001], [-76.5805121719999, 39.227997869], [-76.5804701719999, 39.2278948690001], [-76.580495173, 39.227748869], [-76.5805371719999, 39.2276718690001], [-76.580552873, 39.2275818810001], [-76.5805761729999, 39.227525869], [-76.580574172, 39.2274858690001], [-76.580607672, 39.227427369], [-76.580692173, 39.2273958690001], [-76.5808481729999, 39.2273748690001], [-76.580994173, 39.227320869], [-76.581216173, 39.227320869], [-76.581265172, 39.2273068690001], [-76.581485173, 39.2271318690001], [-76.581553173, 39.2270608680001], [-76.5815891729999, 39.226913868], [-76.581611173, 39.2267188690001], [-76.581584173, 39.2266588690001], [-76.580410172, 39.225699869], [-76.580205172, 39.2255548680001], [-76.5801741719999, 39.2255128680001], [-76.5800371729999, 39.225377869], [-76.5801511729999, 39.225281868], [-76.580190172, 39.2252008680001], [-76.580138172, 39.224978868], [-76.5800811719999, 39.224575868], [-76.580082172, 39.2244278680001], [-76.5800651719999, 39.2243258680001], [-76.580026172, 39.224286868], [-76.579997173, 39.2241388680001], [-76.579998172, 39.223994868], [-76.579963172, 39.2238888680001], [-76.579987173, 39.223795868], [-76.580030172, 39.223680868], [-76.5800421719999, 39.2235978680001], [-76.5800601719999, 39.2235328680001], [-76.5799481719999, 39.2233938680001], [-76.579874173, 39.2233728680001], [-76.576809171, 39.2233288680001], [-76.576817171, 39.222995868], [-76.5798071729999, 39.223050868], [-76.579944172, 39.2230328680001], [-76.579986172, 39.223000868], [-76.580010172, 39.222958868], [-76.580013172, 39.222528868], [-76.579960172, 39.2224498680001], [-76.579743172, 39.2224098680001], [-76.579445172, 39.222390868], [-76.579421172, 39.2222348670001], [-76.5794311719999, 39.2221618680001], [-76.5794321719999, 39.221917868], [-76.579414672, 39.2218228680001], [-76.579219037, 39.221777408], [-76.579086172, 39.2217538670001], [-76.5788001719999, 39.221763868], [-76.576249171, 39.221562867], [-76.576269171, 39.2214208670001], [-76.579447172, 39.221670867], [-76.579462172, 39.2213338680001], [-76.579127172, 39.221336868], [-76.579039171, 39.221294867], [-76.578975172, 39.2212778680001], [-76.578747171, 39.2212628680001], [-76.5786011719999, 39.2212628680001], [-76.578296171, 39.2212818670001], [-76.577918172, 39.2212768680001], [-76.577742171, 39.221292867], [-76.577712671, 39.221249367], [-76.577871171, 39.2212338670001], [-76.577981172, 39.2211938680001], [-76.5780181709999, 39.221136867], [-76.5780299209999, 39.2210846180001], [-76.578346171, 39.221133867], [-76.578454171, 39.221113867], [-76.578506171, 39.2210768670001], [-76.5785831709999, 39.2210538670001], [-76.579036172, 39.2210338680001], [-76.579083172, 39.2210058680001], [-76.579067172, 39.2206898680001], [-76.5787371709999, 39.220684867], [-76.5787081719999, 39.2203588680001], [-76.5787091719999, 39.2201818680001], [-76.5785781709999, 39.2201778670001], [-76.5785711719999, 39.219892867], [-76.578719172, 39.2198898680001], [-76.5786951709999, 39.218954867], [-76.579788172, 39.2188958670001], [-76.579737172, 39.218703867], [-76.579667172, 39.218372867], [-76.579605172, 39.218122867], [-76.579537171, 39.217937867], [-76.5794121719999, 39.2176808670001], [-76.579332171, 39.217493866], [-76.5792491709999, 39.217335867], [-76.578904172, 39.216827867], [-76.578785172, 39.216553866], [-76.578568171, 39.216146866], [-76.578518171, 39.2159758670001], [-76.578528171, 39.215844867], [-76.578575171, 39.2157658670001], [-76.5786641709999, 39.215706866], [-76.5787571709999, 39.2156908660001], [-76.578841171, 39.215691866], [-76.579102171, 39.215780867], [-76.579237172, 39.2158408660001], [-76.579312171, 39.2159228670001], [-76.5794551709999, 39.216118867], [-76.579577172, 39.2161958660001], [-76.5797001719999, 39.216232867], [-76.5797991709999, 39.2162198670001], [-76.579922171, 39.2161928670001], [-76.5800161719999, 39.216142866], [-76.580115172, 39.2161068670001], [-76.580203172, 39.2161028670001], [-76.580314172, 39.2161308660001], [-76.580393171, 39.2161968660001], [-76.580539172, 39.216206866], [-76.580638172, 39.2162428670001], [-76.580714172, 39.2162888660001], [-76.580806172, 39.216547866], [-76.5808781429999, 39.216594824], [-76.5809631719999, 39.216639866], [-76.5810741719999, 39.216644866], [-76.5813431719999, 39.2166228660001], [-76.581498172, 39.2165578670001], [-76.581791172, 39.2163858660001], [-76.582026172, 39.216259866], [-76.582342173, 39.2161558670001], [-76.582412173, 39.216119866], [-76.5824421729999, 39.2160838660001], [-76.582454173, 39.2160388660001], [-76.582460173, 39.2159338660001], [-76.5828301719999, 39.2159038660001], [-76.582892172, 39.215877866], [-76.581575172, 39.2159318670001], [-76.581565172, 39.215827867], [-76.582930173, 39.2157698660001], [-76.582944173, 39.2158148660001], [-76.583016673, 39.215822867], [-76.583383673, 39.215808366], [-76.583309173, 39.2154368660001], [-76.583621173, 39.2153918660001], [-76.5837021729999, 39.2158168660001], [-76.584235173, 39.215786866], [-76.5843721729999, 39.215756866], [-76.584456173, 39.2156848660001], [-76.5846051729999, 39.2155088660001], [-76.584817173, 39.2152778660001], [-76.584996173, 39.215197866], [-76.585352174, 39.2151898660001], [-76.5854631729999, 39.215153866], [-76.585512845, 39.2151177060001], [-76.585598174, 39.2150998660001], [-76.585832173, 39.2150968660001], [-76.585937174, 39.215128866], [-76.5861801729999, 39.2151228660001], [-76.5868531739999, 39.2149658660001], [-76.586888174, 39.214924866], [-76.586889174, 39.2148068660001], [-76.586912174, 39.214770866], [-76.586977174, 39.214729866], [-76.587106174, 39.214698866], [-76.587170174, 39.2146488660001], [-76.5872116739999, 39.2145768660001], [-76.587241174, 39.2144858660001], [-76.5873001739999, 39.214435866], [-76.5873001739999, 39.2143948660001], [-76.5873241739999, 39.214322866], [-76.587447174, 39.2142598660001], [-76.587766801, 39.214216139], [-76.5875839029999, 39.213495875], [-76.587541, 39.213463], [-76.587303173, 39.213558866], [-76.586774174, 39.2135618660001], [-76.586374174, 39.213638866], [-76.5859561729999, 39.213730866], [-76.585699173, 39.213663866], [-76.585518173, 39.2136408650001], [-76.585268173, 39.2136508660001], [-76.5848771729999, 39.213752866], [-76.584623173, 39.213780866], [-76.584285732, 39.2139498650001], [-76.583632173, 39.2142648660001], [-76.583444173, 39.214317866], [-76.583277172, 39.214387866], [-76.583155173, 39.2144008660001], [-76.582745173, 39.2143398660001], [-76.581966172, 39.2142878660001], [-76.581333172, 39.214253866], [-76.5812561719999, 39.2142428660001], [-76.5811801719999, 39.2141938660001], [-76.581014172, 39.213841866], [-76.5808891719999, 39.2136138660001], [-76.5809011709999, 39.213491866], [-76.5808721719999, 39.2133688660001], [-76.580856672, 39.2129998660001], [-76.5809611719999, 39.212633866], [-76.581174172, 39.212176866], [-76.580778171, 39.2120378650001], [-76.580846172, 39.211934865], [-76.5807381719999, 39.2118788660001], [-76.580868172, 39.211638866], [-76.581407172, 39.2118128660001], [-76.5818401719999, 39.2112058650001], [-76.5818611719999, 39.2111188650001], [-76.5816581719999, 39.211010865], [-76.581622172, 39.2109548660001], [-76.581607172, 39.2109118650001], [-76.5816331719999, 39.210832866], [-76.581780172, 39.2105978650001], [-76.582267172, 39.2099458650001], [-76.5823291719999, 39.209934865], [-76.582501173, 39.210002865], [-76.582746172, 39.2099278650001], [-76.5822431719999, 39.209681865], [-76.5824021719999, 39.209504865], [-76.581295172, 39.208992865], [-76.5813871719999, 39.208893865], [-76.582556172, 39.209436865], [-76.5830961729999, 39.209707865], [-76.583417172, 39.2092878650001], [-76.583453172, 39.2091538650001], [-76.5834801729999, 39.2088668650001], [-76.583490173, 39.2086458650001], [-76.583327173, 39.2082778650001], [-76.583083172, 39.207906865], [-76.5821351719999, 39.207713864], [-76.582161172, 39.2074318640001], [-76.5822221719999, 39.207167864], [-76.584079173, 39.207928865], [-76.584351173, 39.208202864], [-76.585352173, 39.2092888650001], [-76.5858201739999, 39.2098088650001], [-76.586789174, 39.2107138650001], [-76.587749174, 39.2117768650001], [-76.588228174, 39.2122648650001], [-76.5891641749999, 39.213112865], [-76.589838174, 39.213763865], [-76.590077175, 39.213986865], [-76.590689175, 39.2145138660001], [-76.5911891749999, 39.2149138660001], [-76.5936891759999, 39.217313867], [-76.596376177, 39.2198008670001], [-76.597439177, 39.2208138670001], [-76.597617178, 39.220982867], [-76.597925178, 39.221275867], [-76.5984731779999, 39.221768867], [-76.6001181779999, 39.2232478670001], [-76.600667179, 39.2237418670001], [-76.6004071789999, 39.2240038680001], [-76.600052179, 39.224441868], [-76.599310179, 39.225305867], [-76.599631178, 39.225841868], [-76.599949179, 39.2263928680001], [-76.599891178, 39.226467868], [-76.599799178, 39.2266188680001], [-76.599362178, 39.2274678680001], [-76.598710179, 39.228737868], [-76.598238179, 39.2296368690001], [-76.597983178, 39.2301008690001], [-76.597478178, 39.2310718690001], [-76.597316178, 39.2314048690001], [-76.596525178, 39.232929869], [-76.596185178, 39.233582869], [-76.595789178, 39.234316869], [-76.595944178, 39.23436187], [-76.596576179, 39.234540869], [-76.597338178, 39.2347798690001], [-76.597744179, 39.234905869], [-76.597418178, 39.2354658690001], [-76.5968561779999, 39.23654787], [-76.5956871779999, 39.23886887], [-76.595554178, 39.2391508710001], [-76.5952131779999, 39.2396438710001], [-76.595333178, 39.23978087], [-76.595486178, 39.239925871], [-76.595741178, 39.240185871], [-76.595937178, 39.240371871], [-76.596460178, 39.2407168710001], [-76.596956178, 39.2409848710001], [-76.594030178, 39.241025871], [-76.593107178, 39.2410568710001], [-76.5926741769999, 39.240550871], [-76.591991177, 39.239674871], [-76.590605177, 39.2381728710001], [-76.590135176, 39.2377038700001], [-76.587912176, 39.23542087], [-76.585868175, 39.23328687], [-76.585465175, 39.2328868700001], [-76.585041174, 39.232409869], [-76.581971174, 39.23208587], [-76.582135174, 39.2319978700001]]]]}, "properties": {"FIPS": "24510250500", "nmtc_class": "Severe Distress", "qualifies": "YES", "poverty_pct": 27.1, "income_pct_benchmark": 0.492097551753474, "unemployment_ratio": 1.796296238899231, "metro": "Metro"}}, {"type": "Feature", "geometry": {"type": "Polygon", "coordinates": [[[-76.577957176, 39.296918882], [-76.578655177, 39.2968868820001], [-76.579331177, 39.296859883], [-76.5800431769999, 39.2968248820001], [-76.580756177, 39.2967978830001], [-76.581442177, 39.2967768830001], [-76.582171177, 39.296759883], [-76.582884177, 39.2967278830001], [-76.583587178, 39.296694882], [-76.5836681769999, 39.2976938830001], [-76.583684178, 39.298186883], [-76.583723178, 39.298814883], [-76.5838631779999, 39.3009368840001], [-76.583905178, 39.3018148840001], [-76.5845861779999, 39.3017898840001], [-76.584590179, 39.3018888830001], [-76.584652179, 39.301925883], [-76.584848178, 39.3019308830001], [-76.585356178, 39.3019048830001], [-76.585360179, 39.3023048840001], [-76.5851051779999, 39.3022948830001], [-76.5847861779999, 39.302295884], [-76.583903179, 39.302320883], [-76.5825571779999, 39.3023728840001], [-76.5811241769999, 39.302438884], [-76.5797061769999, 39.3024898840001], [-76.578280177, 39.3025568840001], [-76.578252176, 39.3019968830001], [-76.578213177, 39.3011388840001], [-76.5781511759999, 39.300092884], [-76.5780871759999, 39.299036883], [-76.5780171759999, 39.2979478830001], [-76.577957176, 39.296918882]]]}, "properties": {"FIPS": "24510070200", "nmtc_class": "Severe Distress", "qualifies": "YES", "poverty_pct": 48.5, "income_pct_benchmark": 0.250694772662823, "unemployment_ratio": 4.537036895751953, "metro": "Metro"}}, {"type": "Feature", "geometry": {"type": "Polygon", "coordinates": [[[-76.6294321939999, 39.317088885], [-76.629110194, 39.3164248850001], [-76.628663193, 39.3156768850001], [-76.628468193, 39.3154078850001], [-76.628374193, 39.315290884], [-76.6278641929999, 39.3147568840001], [-76.6280431929999, 39.3146638850001], [-76.629273193, 39.313976884], [-76.6294811929999, 39.3138368840001], [-76.629665194, 39.313724885], [-76.6297331929999, 39.3137068840001], [-76.6298421929999, 39.313694884], [-76.6301571939999, 39.3136768840001], [-76.630754193, 39.313668884], [-76.631390194, 39.3136518840001], [-76.6314141939999, 39.314426884], [-76.6326041949999, 39.314430884], [-76.633915195, 39.314409884], [-76.6343181939999, 39.314408884], [-76.634527195, 39.3144018840001], [-76.634594195, 39.314393884], [-76.634690195, 39.3143748840001], [-76.634797195, 39.3143308840001], [-76.635051195, 39.314203884], [-76.635603195, 39.3138808840001], [-76.636129195, 39.313560884], [-76.636685195, 39.313253884], [-76.637785196, 39.3126228840001], [-76.638900196, 39.3137278840001], [-76.6393641969999, 39.314210884], [-76.640305196, 39.3151468840001], [-76.639947197, 39.3153638840001], [-76.639452197, 39.315644884], [-76.639404197, 39.315691884], [-76.639392196, 39.3157508840001], [-76.639408196, 39.3158458840001], [-76.6387041959999, 39.3162178850001], [-76.638381196, 39.316361885], [-76.637098196, 39.316866885], [-76.637006195, 39.3168968840001], [-76.636905196, 39.3169218840001], [-76.636685196, 39.316950885], [-76.636440196, 39.316970884], [-76.635468195, 39.316967885], [-76.634616195, 39.3169898840001], [-76.6339581949999, 39.317018885], [-76.632660195, 39.316907885], [-76.632388195, 39.3168908850001], [-76.631478194, 39.316814885], [-76.631179194, 39.3168008850001], [-76.630596194, 39.3168098850001], [-76.6304001939999, 39.3168288850001], [-76.630211194, 39.316861885], [-76.630103194, 39.3168748850001], [-76.630001194, 39.3168968840001], [-76.629685194, 39.3169798850001], [-76.6294321939999, 39.317088885]]]}, "properties": {"FIPS": "24510130100", "nmtc_class": "Severe Distress", "qualifies": "YES", "poverty_pct": 30.6, "income_pct_benchmark": 0.820720294923906, "unemployment_ratio": 0.46296295523643494, "metro": "Metro"}}, {"type": "Feature", "geometry": {"type": "Polygon", "coordinates": [[[-76.603586185, 39.321579887], [-76.605814186, 39.319464886], [-76.606760187, 39.3195228860001], [-76.607313187, 39.3195538860001], [-76.6078751869999, 39.319559886], [-76.608638188, 39.3195478860001], [-76.609069188, 39.319541886], [-76.609511187, 39.3195268860001], [-76.6095341879999, 39.3200198860001], [-76.609539188, 39.320283886], [-76.6095341879999, 39.320929887], [-76.609530188, 39.3211918860001], [-76.609521187, 39.321535887], [-76.609486187, 39.3221568870001], [-76.6094701869999, 39.3228328870001], [-76.609458188, 39.323450887], [-76.6094451869999, 39.323780887], [-76.609427188, 39.3247928870001], [-76.609428188, 39.325407887], [-76.6090401869999, 39.3259438870001], [-76.608866188, 39.3264778870001], [-76.608570188, 39.326435888], [-76.607457187, 39.326257888], [-76.6072401869999, 39.326197887], [-76.607365187, 39.325991888], [-76.6051091859999, 39.325140887], [-76.6033261859999, 39.3244378870001], [-76.601470185, 39.3237148870001], [-76.602733186, 39.322408887], [-76.603586185, 39.321579887]]]}, "properties": {"FIPS": "24510090400", "nmtc_class": "Severe Distress", "qualifies": "YES", "poverty_pct": 33.5, "income_pct_benchmark": 0.294630872483221, "unemployment_ratio": 0.6851851940155029, "metro": "Metro"}}, {"type": "Feature", "geometry": {"type": "Polygon", "coordinates": [[[-76.645870198, 39.2988108800001], [-76.645852197, 39.298532881], [-76.6458361969999, 39.29808288], [-76.6458101969999, 39.2976368810001], [-76.645737197, 39.29646288], [-76.645673197, 39.29576688], [-76.645667197, 39.29544588], [-76.6456121969999, 39.29524788], [-76.645588198, 39.2946268800001], [-76.6455221969999, 39.2939028800001], [-76.6462791969999, 39.2938668790001], [-76.6497251979999, 39.2937558790001], [-76.650385198, 39.2937058800001], [-76.650386198, 39.29373088], [-76.650479199, 39.2950798800001], [-76.650520199, 39.2963608800001], [-76.650569199, 39.2969408800001], [-76.650572199, 39.2972628800001], [-76.650563199, 39.29751688], [-76.6506011989999, 39.2981418800001], [-76.650609199, 39.29867088], [-76.651356199, 39.29864588], [-76.651347199, 39.298954881], [-76.6509071999999, 39.300172881], [-76.650772199, 39.300379881], [-76.650632199, 39.300573881], [-76.6504631989999, 39.300783881], [-76.650179199, 39.301077881], [-76.649481199, 39.3016028810001], [-76.6492281989999, 39.301745881], [-76.648950199, 39.301885881], [-76.6483531979999, 39.3021418810001], [-76.6481671989999, 39.3022058810001], [-76.647937199, 39.302267881], [-76.6477191979999, 39.302312881], [-76.6477891979999, 39.3030698810001], [-76.647316199, 39.303097882], [-76.6466891979999, 39.3031008820001], [-76.6461201979999, 39.303119881], [-76.646072198, 39.3024428810001], [-76.646059198, 39.3020998810001], [-76.645999197, 39.3009688810001], [-76.645928197, 39.2997058810001], [-76.6459011979999, 39.2993518810001], [-76.645870198, 39.2988108800001]]]}, "properties": {"FIPS": "24510160400", "nmtc_class": "Severe Distress", "qualifies": "YES", "poverty_pct": 49.1, "income_pct_benchmark": 0.474997636827677, "unemployment_ratio": 3.407407522201538, "metro": "Metro"}}, {"type": "Feature", "geometry": {"type": "Polygon", "coordinates": [[[-76.572249179, 39.365416897], [-76.572270179, 39.365089896], [-76.572300178, 39.3647148960001], [-76.5703341779999, 39.3646278960001], [-76.569199178, 39.3645738970001], [-76.568834178, 39.364587897], [-76.568271177, 39.364628897], [-76.567940177, 39.364590896], [-76.5676531769999, 39.364496896], [-76.5672331769999, 39.364347896], [-76.566833177, 39.364197897], [-76.566632177, 39.364133897], [-76.566203177, 39.3640608970001], [-76.5657481759999, 39.3640388970001], [-76.5653891759999, 39.3639928970001], [-76.564455176, 39.363658897], [-76.563475175, 39.3633398970001], [-76.5625311749999, 39.3629988970001], [-76.5616071749999, 39.362655896], [-76.558609174, 39.3626878970001], [-76.558543174, 39.3616518960001], [-76.558458174, 39.3607998960001], [-76.558404174, 39.3600058960001], [-76.5583741739999, 39.359654896], [-76.558294174, 39.358989896], [-76.558192173, 39.3581838960001], [-76.557916173, 39.356560895], [-76.557861174, 39.3565188960001], [-76.558413173, 39.355900895], [-76.5587791739999, 39.355479895], [-76.559172173, 39.355006895], [-76.559264173, 39.3548838950001], [-76.559492174, 39.3546108950001], [-76.559862174, 39.354190895], [-76.560610174, 39.353312895], [-76.561251174, 39.352600894], [-76.5624921739999, 39.351157894], [-76.5625811749999, 39.3510298940001], [-76.5626711739999, 39.350978894], [-76.562703175, 39.350949894], [-76.562804174, 39.3508318940001], [-76.5629161749999, 39.350680894], [-76.5631641749999, 39.350374894], [-76.563357175, 39.350145894], [-76.5641071749999, 39.3509408940001], [-76.564347176, 39.351161894], [-76.5650491759999, 39.351875894], [-76.5652571749999, 39.352063894], [-76.5654111749999, 39.352187894], [-76.5657281749999, 39.352400894], [-76.566217176, 39.352648894], [-76.566614176, 39.352794895], [-76.567168177, 39.352910895], [-76.567573177, 39.352979895], [-76.568119176, 39.353071894], [-76.568680177, 39.3531688940001], [-76.569185176, 39.3532558950001], [-76.5703171769999, 39.3534468940001], [-76.571271178, 39.353608894], [-76.572551178, 39.353815894], [-76.573017178, 39.3539108940001], [-76.572929178, 39.3540568940001], [-76.5728571779999, 39.354236895], [-76.5727641779999, 39.354644895], [-76.572748178, 39.3549498940001], [-76.572776178, 39.3550158940001], [-76.572819178, 39.3550608950001], [-76.572914178, 39.3551098950001], [-76.573093179, 39.3553098950001], [-76.573121178, 39.355382895], [-76.573119178, 39.3555368950001], [-76.573119178, 39.3556458950001], [-76.573096178, 39.355752894], [-76.573009178, 39.3563218950001], [-76.5729411779999, 39.356713895], [-76.572929178, 39.3568888950001], [-76.572928179, 39.3570448950001], [-76.572970179, 39.357225895], [-76.573057179, 39.3574878950001], [-76.573114178, 39.357634895], [-76.573266179, 39.357881895], [-76.573402178, 39.358018895], [-76.5732741779999, 39.3585988960001], [-76.573173179, 39.359241895], [-76.5731261779999, 39.3596928950001], [-76.573086179, 39.360097895], [-76.5730831779999, 39.360531896], [-76.573095178, 39.361008896], [-76.573112179, 39.361305896], [-76.573193179, 39.3621948960001], [-76.573293179, 39.363150896], [-76.5733501779999, 39.363602896], [-76.573418179, 39.3643278970001], [-76.5735431789999, 39.3651338970001], [-76.573340179, 39.365100897], [-76.573130179, 39.3653638960001], [-76.572854179, 39.365444897], [-76.5725591789999, 39.365423897], [-76.572249179, 39.365416897]]]}, "properties": {"FIPS": "24510270600", "nmtc_class": "Distressed", "qualifies": "YES", "poverty_pct": 8.9, "income_pct_benchmark": 0.781964268834483, "unemployment_ratio": 1.4814814329147339, "metro": "Metro"}}]}