{"type": "FeatureCollection", "features": [{"type": "Feature", "geometry": {"type": "Polygon", "coordinates": [[[-76.64686, 39.28696], [-76.64688, 39.28717], [-76.64689, 39.28741], [-76.64691, 39.28764], [-76.64694, 39.28808], [-76.64694, 39.28816], [-76.64707, 39.28816], [-76.64756, 39.28814], [-76.64821, 39.28811], [-76.64867, 39.28808], [-76.6487, 39.28808], [-76.64919, 39.28806], [-76.64984, 39.28803], [-76.65006, 39.28802], [-76.65007, 39.28802], [-76.65021, 39.28801], [-76.65105, 39.28797], [-76.65143, 39.28796], [-76.65156, 39.28795], [-76.65245, 39.28791], [-76.65287, 39.2879], [-76.65315, 39.28788], [-76.65379, 39.28786], [-76.65378, 39.28785], [-76.65344, 39.28763], [-76.65341, 39.28761], [-76.65336, 39.28758], [-76.65295, 39.28732], [-76.65263, 39.28712], [-76.65262, 39.28711], [-76.65237, 39.28695], [-76.65228, 39.2869], [-76.65228, 39.2869], [-76.6518, 39.28661], [-76.65153, 39.28644], [-76.65102, 39.28612], [-76.6509, 39.28605], [-76.65079, 39.28598], [-76.65059, 39.28585], [-76.65056, 39.28583], [-76.65056, 39.28583], [-76.65052, 39.28581], [-76.65028, 39.28566], [-76.6501, 39.28571], [-76.64999, 39.28575], [-76.64993, 39.28577], [-76.64958, 39.28588], [-76.64924, 39.286], [-76.64887, 39.28613], [-76.64859, 39.28622], [-76.64855, 39.28623], [-76.64816, 39.28637], [-76.64807, 39.2864], [-76.64801, 39.28642], [-76.64771, 39.28652], [-76.64685, 39.2868], [-76.64685, 39.28681], [-76.64685, 39.28681], [-76.64686, 39.28696]]]}, "properties": {"name": "Boyd-Booth", "category": "Vacancy Reduction Priority Geography"}}, {"type": "Feature", "geometry": {"type": "Polygon", "coordinates": [[[-76.61032, 39.24027], [-76.61014, 39.24061], [-76.61019, 39.24061], [-76.6141, 39.2409], [-76.6141, 39.24089], [-76.6141, 39.24088], [-76.61411, 39.24086], [-76.61412, 39.24085], [-76.61413, 39.24083], [-76.61413, 39.24082], [-76.61415, 39.2408], [-76.61416, 39.24079], [-76.61418, 39.24077], [-76.61418, 39.24076], [-76.61419, 39.24075], [-76.6142, 39.24073], [-76.61421, 39.2407], [-76.61422, 39.24068], [-76.61424, 39.24067], [-76.61426, 39.24065], [-76.61427, 39.24062], [-76.61428, 39.24061], [-76.61428, 39.24059], [-76.61428, 39.24059], [-76.61428, 39.24058], [-76.61428, 39.24056], [-76.61428, 39.24054], [-76.6143, 39.24053], [-76.61431, 39.24051], [-76.61431, 39.2405], [-76.61431, 39.24049], [-76.61431, 39.24048], [-76.61433, 39.24045], [-76.61434, 39.24044], [-76.61436, 39.24043], [-76.61436, 39.24043], [-76.61437, 39.24041], [-76.61438, 39.2404], [-76.6144, 39.24039], [-76.61441, 39.24038], [-76.61443, 39.24037], [-76.61444, 39.24036], [-76.61446, 39.24035], [-76.61448, 39.24033], [-76.61449, 39.24032], [-76.6145, 39.24031], [-76.61451, 39.24031], [-76.61451, 39.2403], [-76.61451, 39.24029], [-76.61451, 39.24028], [-76.61451, 39.24027], [-76.61452, 39.24026], [-76.61453, 39.24025], [-76.61454, 39.24024], [-76.61455, 39.24023], [-76.61455, 39.24023], [-76.61456, 39.24022], [-76.61456, 39.24021], [-76.61457, 39.2402], [-76.61459, 39.24018], [-76.6146, 39.24017], [-76.61461, 39.24016], [-76.61462, 39.24014], [-76.61463, 39.24013], [-76.61464, 39.24012], [-76.61464, 39.2401], [-76.61465, 39.24009], [-76.61465, 39.24008], [-76.61472, 39.24], [-76.61493, 39.23979], [-76.61496, 39.23976], [-76.61498, 39.23975], [-76.61499, 39.23974], [-76.61501, 39.23973], [-76.61503, 39.23972], [-76.61505, 39.23971], [-76.61507, 39.2397], [-76.61508, 39.23968], [-76.61509, 39.23967], [-76.6151, 39.23966], [-76.61511, 39.23964], [-76.61514, 39.23964], [-76.61516, 39.23963], [-76.61518, 39.23962], [-76.61521, 39.23961], [-76.61523, 39.2396], [-76.61525, 39.2396], [-76.61527, 39.23959], [-76.61529, 39.23958], [-76.6153, 39.23957], [-76.61531, 39.23955], [-76.61531, 39.23954], [-76.61533, 39.23953], [-76.61535, 39.23952], [-76.61535, 39.23951], [-76.61536, 39.23951], [-76.61537, 39.2395], [-76.61537, 39.23948], [-76.61538, 39.23946], [-76.61539, 39.23943], [-76.61539, 39.2394], [-76.6154, 39.23937], [-76.6154, 39.23934], [-76.6154, 39.23932], [-76.61541, 39.23929], [-76.61543, 39.23927], [-76.61543, 39.23924], [-76.61543, 39.23922], [-76.61543, 39.2392], [-76.61544, 39.23919], [-76.61544, 39.23918], [-76.61545, 39.23917], [-76.61545, 39.23916], [-76.61546, 39.23916], [-76.61547, 39.23916], [-76.61548, 39.23915], [-76.61549, 39.23915], [-76.61551, 39.23913], [-76.61552, 39.23912], [-76.61552, 39.2391], [-76.61552, 39.23909], [-76.61552, 39.23908], [-76.61552, 39.23907], [-76.61552, 39.23906], [-76.61552, 39.23905], [-76.61553, 39.23903], [-76.61554, 39.23903], [-76.61555, 39.23902], [-76.61555, 39.23901], [-76.61556, 39.23901], [-76.61557, 39.23901], [-76.61558, 39.23901], [-76.61558, 39.23901], [-76.61559, 39.23901], [-76.61559, 39.239], [-76.61559, 39.239], [-76.6156, 39.239], [-76.61561, 39.239], [-76.61561, 39.239], [-76.61562, 39.23899], [-76.61562, 39.23898], [-76.61562, 39.23898], [-76.61562, 39.23897], [-76.61562, 39.23896], [-76.61563, 39.23896], [-76.61564, 39.23896], [-76.61564, 39.23895], [-76.61565, 39.23894], [-76.61565, 39.23894], [-76.61566, 39.23893], [-76.61567, 39.23892], [-76.61567, 39.23892], [-76.61568, 39.23891], [-76.61568, 39.23891], [-76.61568, 39.2389], [-76.61569, 39.23889], [-76.61569, 39.23889], [-76.6157, 39.23888], [-76.61571, 39.23887], [-76.61572, 39.23887], [-76.61573, 39.23886], [-76.61573, 39.23886], [-76.61574, 39.23885], [-76.61575, 39.23884], [-76.61575, 39.23884], [-76.61575, 39.23883], [-76.61577, 39.23881], [-76.61577, 39.2388], [-76.61577, 39.23878], [-76.61579, 39.23877], [-76.61582, 39.23875], [-76.61584, 39.23874], [-76.61585, 39.23873], [-76.61585, 39.23873], [-76.6159, 39.23872], [-76.61591, 39.23871], [-76.61593, 39.2387], [-76.61597, 39.23869], [-76.616, 39.23867], [-76.61602, 39.23866], [-76.61602, 39.23866], [-76.61603, 39.23866], [-76.61605, 39.23863], [-76.61606, 39.23862], [-76.61606, 39.23862], [-76.6161, 39.2386], [-76.61613, 39.23857], [-76.61615, 39.23856], [-76.61618, 39.23855], [-76.6162, 39.23854], [-76.61621, 39.23853], [-76.61622, 39.23852], [-76.61622, 39.23851], [-76.61624, 39.2385], [-76.61626, 39.23848], [-76.61627, 39.23847], [-76.61629, 39.23847], [-76.6163, 39.23846], [-76.61632, 39.23845], [-76.61635, 39.23842], [-76.61635, 39.23842], [-76.61636, 39.23841], [-76.61636, 39.23841], [-76.61636, 39.2384], [-76.61633, 39.23835], [-76.61636, 39.23833], [-76.6164, 39.23834], [-76.61642, 39.23835], [-76.61645, 39.23833], [-76.61649, 39.2383], [-76.61652, 39.23827], [-76.61656, 39.23823], [-76.61659, 39.23821], [-76.6166, 39.23821], [-76.6166, 39.2382], [-76.61662, 39.23819], [-76.61668, 39.23817], [-76.61672, 39.23816], [-76.61675, 39.23814], [-76.61678, 39.23812], [-76.61683, 39.23809], [-76.61685, 39.23808], [-76.61687, 39.23807], [-76.61688, 39.23806], [-76.6169, 39.23805], [-76.61692, 39.23803], [-76.61693, 39.23802], [-76.61695, 39.23799], [-76.61697, 39.23796], [-76.61697, 39.23796], [-76.61697, 39.23795], [-76.617, 39.23794], [-76.61702, 39.23792], [-76.61702, 39.23792], [-76.61707, 39.23789], [-76.61709, 39.23787], [-76.61713, 39.23784], [-76.61714, 39.23783], [-76.61715, 39.23782], [-76.61719, 39.23779], [-76.61721, 39.23777], [-76.61723, 39.23775], [-76.61725, 39.23773], [-76.61726, 39.23771], [-76.61728, 39.23769], [-76.6173, 39.23766], [-76.61734, 39.23763], [-76.61735, 39.23762], [-76.61736, 39.23762], [-76.61737, 39.23761], [-76.61737, 39.23761], [-76.6174, 39.23758], [-76.61741, 39.23757], [-76.61744, 39.23755], [-76.61746, 39.23753], [-76.61747, 39.23751], [-76.61748, 39.23751], [-76.61748, 39.2375], [-76.61748, 39.2375], [-76.61748, 39.23749], [-76.61748, 39.23749], [-76.61748, 39.23748], [-76.61751, 39.23746], [-76.61758, 39.2374], [-76.61761, 39.23737], [-76.61765, 39.23734], [-76.61768, 39.2373], [-76.61771, 39.23726], [-76.61774, 39.23723], [-76.61775, 39.23721], [-76.61778, 39.23718], [-76.6178, 39.23716], [-76.61782, 39.23714], [-76.61783, 39.23712], [-76.61764, 39.23703], [-76.61694, 39.23675], [-76.61517, 39.23596], [-76.61484, 39.23581], [-76.61186, 39.23452], [-76.61163, 39.23441], [-76.61086, 39.2337], [-76.60968, 39.23258], [-76.60883, 39.23179], [-76.60863, 39.2316], [-76.60839, 39.23138], [-76.60826, 39.23125], [-76.60812, 39.23113], [-76.60743, 39.23048], [-76.60676, 39.22984], [-76.60608, 39.22921], [-76.60539, 39.22856], [-76.60473, 39.22793], [-76.60351, 39.22679], [-76.60048, 39.22393], [-76.59773, 39.22135], [-76.59744, 39.22148], [-76.5969, 39.22169], [-76.59651, 39.22185], [-76.5961, 39.22202], [-76.59588, 39.22211], [-76.59561, 39.22223], [-76.59511, 39.22243], [-76.59487, 39.22253], [-76.59474, 39.22258], [-76.59456, 39.22261], [-76.5945, 39.22262], [-76.59415, 39.22264], [-76.59357, 39.22268], [-76.59341, 39.22269], [-76.59342, 39.22286], [-76.59345, 39.22308], [-76.59348, 39.22326], [-76.5935, 39.22333], [-76.59356, 39.22349], [-76.59359, 39.2237], [-76.59361, 39.22399], [-76.59364, 39.22428], [-76.59365, 39.2244], [-76.59368, 39.2247], [-76.5937, 39.22497], [-76.59372, 39.22523], [-76.59372, 39.2255], [-76.59372, 39.22583], [-76.59372, 39.22606], [-76.5937, 39.22632], [-76.59369, 39.22651], [-76.59369, 39.22685], [-76.59369, 39.22704], [-76.59371, 39.22722], [-76.59372, 39.22726], [-76.59374, 39.22742], [-76.59375, 39.22748], [-76.59377, 39.22759], [-76.59379, 39.22772], [-76.59383, 39.22786], [-76.59387, 39.22801], [-76.59392, 39.22818], [-76.594, 39.22838], [-76.59405, 39.22851], [-76.59413, 39.22868], [-76.59422, 39.22886], [-76.59432, 39.22903], [-76.59441, 39.22919], [-76.59453, 39.22937], [-76.59466, 39.22955], [-76.59478, 39.2297], [-76.59488, 39.22982], [-76.59499, 39.22994], [-76.59527, 39.23025], [-76.5954, 39.23038], [-76.59546, 39.23047], [-76.59548, 39.23049], [-76.59553, 39.2306], [-76.59556, 39.23072], [-76.59556, 39.23084], [-76.59553, 39.23096], [-76.59549, 39.23106], [-76.59535, 39.23133], [-76.59517, 39.23169], [-76.59514, 39.23175], [-76.59492, 39.23218], [-76.59486, 39.23229], [-76.59473, 39.23256], [-76.59452, 39.23294], [-76.59438, 39.23323], [-76.59427, 39.23344], [-76.59426, 39.23347], [-76.59413, 39.23372], [-76.5941, 39.23377], [-76.59469, 39.23396], [-76.59493, 39.23403], [-76.59538, 39.23417], [-76.59577, 39.23429], [-76.59592, 39.23434], [-76.59657, 39.23454], [-76.59678, 39.2346], [-76.59697, 39.23466], [-76.59718, 39.23472], [-76.59759, 39.23485], [-76.59768, 39.23488], [-76.59775, 39.2349], [-76.59831, 39.23508], [-76.59845, 39.23512], [-76.5988, 39.23522], [-76.59889, 39.23525], [-76.59931, 39.23538], [-76.59968, 39.2355], [-76.59978, 39.23553], [-76.59991, 39.23557], [-76.60033, 39.2357], [-76.60077, 39.23584], [-76.60072, 39.23595], [-76.60064, 39.23609], [-76.6005, 39.23638], [-76.60039, 39.23659], [-76.60024, 39.23689], [-76.59997, 39.23741], [-76.59986, 39.23765], [-76.59971, 39.23796], [-76.59954, 39.23827], [-76.5994, 39.23853], [-76.59907, 39.23918], [-76.5989, 39.23954], [-76.59875, 39.23989], [-76.59871, 39.24004], [-76.59885, 39.24009], [-76.59926, 39.24019], [-76.59982, 39.24034], [-76.60025, 39.24044], [-76.60041, 39.2405], [-76.60067, 39.24056], [-76.60079, 39.24058], [-76.60101, 39.24061], [-76.60123, 39.24061], [-76.60168, 39.24058], [-76.60195, 39.24056], [-76.60246, 39.24054], [-76.60289, 39.24052], [-76.60315, 39.24049], [-76.60334, 39.24049], [-76.60383, 39.24044], [-76.60451, 39.24039], [-76.60517, 39.24035], [-76.60575, 39.24032], [-76.60581, 39.24031], [-76.60636, 39.24028], [-76.60673, 39.24025], [-76.607, 39.24022], [-76.60763, 39.24015], [-76.60823, 39.24007], [-76.60881, 39.24002], [-76.60874, 39.24016], [-76.60869, 39.24024], [-76.60865, 39.24033], [-76.60868, 39.24033], [-76.6091, 39.24027], [-76.60973, 39.2402], [-76.61026, 39.24015], [-76.61033, 39.24014], [-76.61035, 39.24014], [-76.61039, 39.24013], [-76.61032, 39.24027]]]}, "properties": {"name": "Brooklyn", "category": "Vacancy Reduction Priority Geography"}}, {"type": "Feature", "geometry": {"type": "Polygon", "coordinates": [[[-76.64505, 39.28569], [-76.64506, 39.28571], [-76.64507, 39.286], [-76.64508, 39.28611], [-76.64509, 39.28624], [-76.64511, 39.28656], [-76.64514, 39.28706], [-76.64515, 39.28721], [-76.64516, 39.28726], [-76.64516, 39.28733], [-76.64516, 39.28738], [-76.64516, 39.28738], [-76.64519, 39.28737], [-76.64565, 39.28725], [-76.64602, 39.28709], [-76.64642, 39.28695], [-76.64685, 39.2868], [-76.64771, 39.28652], [-76.64801, 39.28642], [-76.64807, 39.2864], [-76.64816, 39.28637], [-76.64855, 39.28623], [-76.64859, 39.28622], [-76.64887, 39.28613], [-76.64924, 39.286], [-76.64958, 39.28588], [-76.64993, 39.28577], [-76.64999, 39.28575], [-76.6501, 39.28571], [-76.65028, 39.28566], [-76.65029, 39.28565], [-76.65055, 39.28556], [-76.65061, 39.28554], [-76.65061, 39.28554], [-76.65063, 39.28553], [-76.65081, 39.28547], [-76.65133, 39.28531], [-76.65168, 39.28518], [-76.65192, 39.28509], [-76.65214, 39.28505], [-76.65218, 39.28503], [-76.65222, 39.28502], [-76.65225, 39.28501], [-76.65228, 39.285], [-76.65239, 39.28495], [-76.65259, 39.28487], [-76.65264, 39.28486], [-76.65271, 39.28483], [-76.65268, 39.28447], [-76.65267, 39.28441], [-76.65266, 39.28403], [-76.65262, 39.28361], [-76.65259, 39.28315], [-76.6526, 39.28314], [-76.65259, 39.28308], [-76.65259, 39.28306], [-76.65257, 39.28287], [-76.65255, 39.28258], [-76.65255, 39.28248], [-76.65254, 39.28232], [-76.65253, 39.28214], [-76.65252, 39.28196], [-76.65252, 39.28195], [-76.65252, 39.28194], [-76.6525, 39.28146], [-76.65255, 39.28144], [-76.65289, 39.28133], [-76.65305, 39.28128], [-76.65353, 39.28112], [-76.65353, 39.28112], [-76.65409, 39.28092], [-76.65415, 39.2809], [-76.65406, 39.28073], [-76.65395, 39.28054], [-76.65395, 39.28053], [-76.65384, 39.28035], [-76.65377, 39.28022], [-76.65375, 39.28019], [-76.6537, 39.2801], [-76.65354, 39.27982], [-76.65354, 39.27982], [-76.65354, 39.27981], [-76.65348, 39.27972], [-76.65346, 39.27967], [-76.65287, 39.27865], [-76.6528, 39.27857], [-76.65274, 39.27846], [-76.65268, 39.27834], [-76.65243, 39.27786], [-76.65236, 39.27774], [-76.65232, 39.27776], [-76.65207, 39.27787], [-76.65153, 39.27805], [-76.65104, 39.2782], [-76.65026, 39.27833], [-76.65012, 39.27833], [-76.64998, 39.27834], [-76.64976, 39.27832], [-76.64954, 39.2783], [-76.64935, 39.27828], [-76.64916, 39.27825], [-76.64911, 39.27838], [-76.6483, 39.27858], [-76.64699, 39.2789], [-76.64651, 39.27905], [-76.64641, 39.27908], [-76.64628, 39.27912], [-76.64522, 39.27942], [-76.64468, 39.27964], [-76.64468, 39.27964], [-76.64471, 39.28006], [-76.64471, 39.28008], [-76.64474, 39.2804], [-76.64474, 39.28044], [-76.64475, 39.28055], [-76.64476, 39.28071], [-76.64477, 39.28089], [-76.64478, 39.28107], [-76.64479, 39.28125], [-76.6448, 39.28143], [-76.64481, 39.2815], [-76.64481, 39.28157], [-76.64481, 39.28161], [-76.64483, 39.28186], [-76.64484, 39.2821], [-76.64484, 39.28211], [-76.64486, 39.28234], [-76.64488, 39.28259], [-76.64488, 39.2827], [-76.64489, 39.28292], [-76.64491, 39.2832], [-76.64492, 39.28348], [-76.64495, 39.28377], [-76.64496, 39.28409], [-76.64497, 39.28418], [-76.64497, 39.28431], [-76.64499, 39.28455], [-76.645, 39.28477], [-76.64502, 39.28504], [-76.64503, 39.28524], [-76.64504, 39.28544], [-76.64505, 39.28569]]]}, "properties": {"name": "Carrollton Ridge", "category": "Vacancy Reduction Priority Geography"}}, {"type": "Feature", "geometry": {"type": "Polygon", "coordinates": [[[-76.58755, 39.21422], [-76.58753, 39.21422], [-76.58752, 39.21422], [-76.5875, 39.21422], [-76.58749, 39.21422], [-76.58749, 39.21422], [-76.58748, 39.21422], [-76.58745, 39.21422], [-76.58745, 39.21422], [-76.58746, 39.21424], [-76.58747, 39.2145], [-76.58747, 39.21471], [-76.58751, 39.21502], [-76.58753, 39.21525], [-76.58756, 39.21562], [-76.58609, 39.21621], [-76.58619, 39.21721], [-76.58619, 39.21743], [-76.58619, 39.21798], [-76.58618, 39.21799], [-76.58626, 39.21895], [-76.58627, 39.21915], [-76.58633, 39.21974], [-76.58637, 39.22023], [-76.58638, 39.22031], [-76.5864, 39.22049], [-76.58643, 39.22088], [-76.58647, 39.22125], [-76.58649, 39.22148], [-76.5865, 39.2216], [-76.58652, 39.22179], [-76.58654, 39.22198], [-76.58656, 39.22229], [-76.5866, 39.22269], [-76.58663, 39.22306], [-76.58667, 39.22345], [-76.5867, 39.22383], [-76.58673, 39.22415], [-76.58674, 39.22422], [-76.58677, 39.22459], [-76.5868, 39.22498], [-76.58681, 39.225], [-76.58684, 39.22536], [-76.58687, 39.22568], [-76.58689, 39.22591], [-76.58691, 39.22613], [-76.58694, 39.22644], [-76.58694, 39.22652], [-76.58696, 39.22672], [-76.58698, 39.2269], [-76.58702, 39.22729], [-76.58703, 39.22742], [-76.58706, 39.22767], [-76.58709, 39.22806], [-76.58712, 39.22831], [-76.58713, 39.22844], [-76.58716, 39.22882], [-76.5872, 39.2292], [-76.58723, 39.22959], [-76.58727, 39.22997], [-76.58727, 39.23016], [-76.58728, 39.23035], [-76.58731, 39.23068], [-76.58731, 39.23074], [-76.58732, 39.23081], [-76.58734, 39.23087], [-76.58736, 39.23094], [-76.58739, 39.23099], [-76.58743, 39.23107], [-76.58749, 39.23114], [-76.58754, 39.2312], [-76.58761, 39.23126], [-76.58767, 39.2313], [-76.58772, 39.23133], [-76.58779, 39.23136], [-76.58788, 39.23139], [-76.58801, 39.23143], [-76.58815, 39.23151], [-76.58828, 39.23156], [-76.58834, 39.23158], [-76.58846, 39.23165], [-76.5885, 39.23168], [-76.58853, 39.23171], [-76.58853, 39.23173], [-76.58853, 39.23173], [-76.58853, 39.23177], [-76.58852, 39.2318], [-76.5885, 39.23183], [-76.58847, 39.23186], [-76.58843, 39.23188], [-76.58837, 39.2319], [-76.58819, 39.2319], [-76.58819, 39.2319], [-76.58833, 39.23194], [-76.58856, 39.23199], [-76.58894, 39.23209], [-76.58913, 39.23214], [-76.58958, 39.23229], [-76.58971, 39.23233], [-76.59007, 39.23243], [-76.59052, 39.2326], [-76.59069, 39.23272], [-76.59114, 39.23286], [-76.59165, 39.23302], [-76.59233, 39.23322], [-76.59277, 39.23336], [-76.59313, 39.23347], [-76.59361, 39.23362], [-76.5941, 39.23377], [-76.59413, 39.23372], [-76.59426, 39.23347], [-76.59427, 39.23344], [-76.59438, 39.23323], [-76.59452, 39.23294], [-76.59473, 39.23256], [-76.59486, 39.23229], [-76.59492, 39.23218], [-76.59514, 39.23175], [-76.59517, 39.23169], [-76.59535, 39.23133], [-76.59549, 39.23106], [-76.59553, 39.23096], [-76.59556, 39.23084], [-76.59556, 39.23072], [-76.59553, 39.2306], [-76.59548, 39.23049], [-76.59546, 39.23047], [-76.5954, 39.23038], [-76.59527, 39.23025], [-76.59499, 39.22994], [-76.59488, 39.22982], [-76.59478, 39.2297], [-76.59466, 39.22955], [-76.59453, 39.22937], [-76.59441, 39.22919], [-76.59432, 39.22903], [-76.59422, 39.22886], [-76.59413, 39.22868], [-76.59405, 39.22851], [-76.594, 39.22838], [-76.59392, 39.22818], [-76.59387, 39.22801], [-76.59383, 39.22786], [-76.59379, 39.22772], [-76.59377, 39.22759], [-76.59375, 39.22748], [-76.59374, 39.22742], [-76.59372, 39.22726], [-76.59371, 39.22722], [-76.59369, 39.22704], [-76.59369, 39.22685], [-76.59369, 39.22651], [-76.5937, 39.22632], [-76.59372, 39.22606], [-76.59372, 39.22583], [-76.59372, 39.2255], [-76.59372, 39.22523], [-76.5937, 39.22497], [-76.59368, 39.2247], [-76.59365, 39.2244], [-76.59364, 39.22428], [-76.59361, 39.22399], [-76.59359, 39.2237], [-76.59356, 39.22349], [-76.5935, 39.22333], [-76.59348, 39.22326], [-76.59345, 39.22308], [-76.59342, 39.22286], [-76.59341, 39.22269], [-76.59357, 39.22268], [-76.59415, 39.22264], [-76.5945, 39.22262], [-76.59456, 39.22261], [-76.59474, 39.22258], [-76.59487, 39.22253], [-76.59511, 39.22243], [-76.59561, 39.22223], [-76.59588, 39.22211], [-76.5961, 39.22202], [-76.59651, 39.22185], [-76.5969, 39.22169], [-76.59744, 39.22148], [-76.59773, 39.22135], [-76.59136, 39.21536], [-76.59052, 39.21456], [-76.5899, 39.21398], [-76.58912, 39.21325], [-76.58911, 39.21325], [-76.5891, 39.21326], [-76.58909, 39.21327], [-76.58908, 39.21327], [-76.58907, 39.21328], [-76.58906, 39.21329], [-76.58905, 39.2133], [-76.58904, 39.21331], [-76.58904, 39.21332], [-76.58903, 39.21333], [-76.58902, 39.21333], [-76.58901, 39.21334], [-76.589, 39.21335], [-76.58899, 39.21336], [-76.58899, 39.21337], [-76.58898, 39.21338], [-76.58897, 39.21339], [-76.58896, 39.2134], [-76.58895, 39.21341], [-76.58895, 39.21341], [-76.58894, 39.21342], [-76.58893, 39.21343], [-76.58892, 39.21344], [-76.58891, 39.21345], [-76.5889, 39.21346], [-76.58889, 39.21346], [-76.58888, 39.21347], [-76.58887, 39.21348], [-76.58886, 39.21349], [-76.58885, 39.2135], [-76.58884, 39.21351], [-76.58883, 39.21351], [-76.58883, 39.21352], [-76.58882, 39.21353], [-76.58881, 39.21354], [-76.5888, 39.21355], [-76.58879, 39.21356], [-76.58879, 39.21357], [-76.58878, 39.21358], [-76.58877, 39.21359], [-76.58876, 39.2136], [-76.58876, 39.21361], [-76.58875, 39.21362], [-76.58874, 39.21362], [-76.58873, 39.21363], [-76.58873, 39.21364], [-76.58872, 39.21365], [-76.58871, 39.21366], [-76.58871, 39.21367], [-76.5887, 39.21368], [-76.58869, 39.21369], [-76.58868, 39.2137], [-76.58868, 39.21371], [-76.58868, 39.21372], [-76.58867, 39.21373], [-76.58867, 39.21374], [-76.58867, 39.21375], [-76.58866, 39.21376], [-76.58866, 39.21378], [-76.58866, 39.21379], [-76.58866, 39.2138], [-76.58865, 39.21381], [-76.58865, 39.21382], [-76.58865, 39.21383], [-76.58865, 39.21384], [-76.58864, 39.21385], [-76.58864, 39.21386], [-76.58864, 39.21387], [-76.58863, 39.21388], [-76.58863, 39.21389], [-76.58863, 39.21391], [-76.58863, 39.21392], [-76.58863, 39.21393], [-76.58862, 39.21394], [-76.58862, 39.21395], [-76.58861, 39.21396], [-76.5886, 39.21397], [-76.5886, 39.21398], [-76.58859, 39.21399], [-76.58858, 39.214], [-76.58857, 39.214], [-76.58857, 39.21401], [-76.58856, 39.21402], [-76.58855, 39.21403], [-76.58854, 39.21404], [-76.58853, 39.21405], [-76.58852, 39.21405], [-76.58851, 39.21406], [-76.5885, 39.21407], [-76.58848, 39.21407], [-76.58847, 39.21408], [-76.58846, 39.21409], [-76.58845, 39.21409], [-76.58844, 39.2141], [-76.58843, 39.2141], [-76.58841, 39.21411], [-76.5884, 39.21412], [-76.58839, 39.21412], [-76.58838, 39.21413], [-76.58836, 39.21413], [-76.58835, 39.21414], [-76.58834, 39.21414], [-76.58833, 39.21414], [-76.58831, 39.21415], [-76.5883, 39.21415], [-76.58829, 39.21416], [-76.58827, 39.21416], [-76.58826, 39.21417], [-76.58825, 39.21417], [-76.58824, 39.21418], [-76.58822, 39.21418], [-76.58821, 39.21419], [-76.5882, 39.2142], [-76.58819, 39.2142], [-76.58817, 39.2142], [-76.58816, 39.21421], [-76.58815, 39.21421], [-76.58813, 39.21421], [-76.58812, 39.21421], [-76.58811, 39.21421], [-76.58809, 39.21421], [-76.58808, 39.21421], [-76.58806, 39.21421], [-76.58805, 39.21421], [-76.58803, 39.21421], [-76.58802, 39.21421], [-76.58801, 39.21422], [-76.58799, 39.21422], [-76.58798, 39.21422], [-76.58796, 39.21422], [-76.58795, 39.21421], [-76.58794, 39.21421], [-76.58793, 39.2142], [-76.58792, 39.21419], [-76.5879, 39.21419], [-76.58789, 39.21418], [-76.58788, 39.21417], [-76.58787, 39.21417], [-76.58786, 39.21416], [-76.58784, 39.21416], [-76.58783, 39.21416], [-76.58782, 39.21416], [-76.5878, 39.21415], [-76.58779, 39.21415], [-76.58777, 39.21415], [-76.58776, 39.21414], [-76.58775, 39.21414], [-76.58773, 39.21414], [-76.58772, 39.21414], [-76.58771, 39.21415], [-76.58769, 39.21415], [-76.58768, 39.21416], [-76.58767, 39.21416], [-76.58766, 39.21417], [-76.58764, 39.21418], [-76.58763, 39.21418], [-76.58762, 39.21419], [-76.5876, 39.21419], [-76.5876, 39.2142], [-76.5876, 39.2142], [-76.58757, 39.21421], [-76.58756, 39.21421], [-76.58755, 39.21422]]]}, "properties": {"name": "Curtis Bay", "category": "Vacancy Reduction Priority Geography"}}, {"type": "Feature", "geometry": {"type": "Polygon", "coordinates": [[[-76.59058, 39.31468], [-76.5906, 39.31505], [-76.59059, 39.31519], [-76.59055, 39.31533], [-76.59049, 39.31546], [-76.5904, 39.31558], [-76.59012, 39.31586], [-76.59009, 39.31589], [-76.58985, 39.31612], [-76.58988, 39.31613], [-76.59042, 39.31624], [-76.59096, 39.31635], [-76.5915, 39.31647], [-76.59205, 39.31659], [-76.59346, 39.31692], [-76.59483, 39.31724], [-76.59494, 39.31713], [-76.59498, 39.31709], [-76.59501, 39.31706], [-76.59518, 39.31689], [-76.59543, 39.31665], [-76.59553, 39.31656], [-76.59589, 39.31621], [-76.59593, 39.31616], [-76.59629, 39.31581], [-76.59644, 39.31568], [-76.59652, 39.31563], [-76.59654, 39.31559], [-76.59667, 39.31548], [-76.59672, 39.31544], [-76.59691, 39.31525], [-76.59699, 39.31517], [-76.59711, 39.31505], [-76.59752, 39.31464], [-76.59783, 39.31432], [-76.59775, 39.31425], [-76.59773, 39.31424], [-76.59705, 39.31426], [-76.59692, 39.31426], [-76.59651, 39.31427], [-76.59631, 39.31428], [-76.59614, 39.31428], [-76.59613, 39.31428], [-76.59596, 39.31429], [-76.59597, 39.31436], [-76.59585, 39.31436], [-76.59556, 39.31437], [-76.59538, 39.31438], [-76.595, 39.31439], [-76.59461, 39.3144], [-76.59422, 39.31441], [-76.59376, 39.31443], [-76.59349, 39.31444], [-76.59312, 39.31445], [-76.59248, 39.31447], [-76.59235, 39.31446], [-76.59233, 39.31414], [-76.59209, 39.31415], [-76.59184, 39.31416], [-76.59185, 39.31427], [-76.59139, 39.31428], [-76.5912, 39.31428], [-76.59069, 39.31428], [-76.59055, 39.31428], [-76.59058, 39.31468]]]}, "properties": {"name": "Darley Park", "category": "Vacancy Reduction Priority Geography"}}, {"type": "Feature", "geometry": {"type": "Polygon", "coordinates": [[[-76.63435, 39.29888], [-76.63444, 39.29908], [-76.6345, 39.29918], [-76.63511, 39.29917], [-76.63584, 39.29915], [-76.6365, 39.29913], [-76.63705, 39.29911], [-76.6373, 39.2991], [-76.63765, 39.29909], [-76.63799, 39.29908], [-76.63816, 39.29907], [-76.63871, 39.29905], [-76.63918, 39.29903], [-76.6399, 39.299], [-76.64013, 39.29899], [-76.64085, 39.29896], [-76.64106, 39.29896], [-76.64111, 39.29896], [-76.64154, 39.29894], [-76.64197, 39.29893], [-76.64224, 39.29892], [-76.6423, 39.29892], [-76.64247, 39.29891], [-76.64294, 39.2989], [-76.64366, 39.29887], [-76.64392, 39.29886], [-76.64435, 39.29885], [-76.64477, 39.29883], [-76.64522, 39.29882], [-76.64571, 39.2988], [-76.64585, 39.29879], [-76.64637, 39.29878], [-76.64642, 39.29878], [-76.64673, 39.29876], [-76.64676, 39.29876], [-76.64721, 39.29875], [-76.64752, 39.29873], [-76.6475, 39.29841], [-76.64749, 39.29832], [-76.64747, 39.29788], [-76.64747, 39.29781], [-76.64745, 39.29755], [-76.64744, 39.29734], [-76.64743, 39.29724], [-76.64742, 39.29697], [-76.6474, 39.29671], [-76.64739, 39.29645], [-76.64738, 39.29639], [-76.64737, 39.29606], [-76.64736, 39.29593], [-76.64735, 39.29577], [-76.64734, 39.2955], [-76.64732, 39.29533], [-76.64731, 39.29515], [-76.64729, 39.29479], [-76.64729, 39.29464], [-76.64728, 39.29448], [-76.64726, 39.29419], [-76.64726, 39.29415], [-76.64725, 39.29402], [-76.64725, 39.29384], [-76.64724, 39.29372], [-76.64723, 39.29355], [-76.64723, 39.29351], [-76.64723, 39.29348], [-76.64721, 39.29322], [-76.6472, 39.2931], [-76.6472, 39.29294], [-76.64679, 39.29295], [-76.64614, 39.29297], [-76.64588, 39.29298], [-76.64547, 39.29299], [-76.64504, 39.29299], [-76.64502, 39.29299], [-76.64473, 39.293], [-76.64445, 39.293], [-76.64422, 39.29301], [-76.64416, 39.29301], [-76.64405, 39.29302], [-76.64334, 39.29304], [-76.6429, 39.29306], [-76.64264, 39.29306], [-76.64259, 39.29306], [-76.64193, 39.2931], [-76.64128, 39.2931], [-76.64123, 39.2931], [-76.64119, 39.2931], [-76.64065, 39.29313], [-76.6403, 39.29314], [-76.6398, 39.29315], [-76.63952, 39.29316], [-76.63931, 39.29317], [-76.63887, 39.29319], [-76.63837, 39.2932], [-76.63788, 39.29322], [-76.63764, 39.29323], [-76.63736, 39.29323], [-76.63695, 39.29324], [-76.6362, 39.29328], [-76.63551, 39.2933], [-76.63458, 39.29333], [-76.63403, 39.29335], [-76.63395, 39.29337], [-76.63376, 39.29337], [-76.63324, 39.2934], [-76.63283, 39.29341], [-76.63237, 39.29343], [-76.63213, 39.29343], [-76.63151, 39.29346], [-76.63136, 39.29346], [-76.63144, 39.2936], [-76.63188, 39.29441], [-76.63191, 39.29445], [-76.63196, 39.29455], [-76.63206, 39.29476], [-76.63209, 39.2948], [-76.63221, 39.29503], [-76.63235, 39.29529], [-76.63236, 39.29533], [-76.63238, 39.29537], [-76.63254, 39.29565], [-76.63266, 39.29588], [-76.63277, 39.29606], [-76.63294, 39.29637], [-76.63297, 39.29642], [-76.63308, 39.29663], [-76.63316, 39.29679], [-76.63322, 39.29687], [-76.63343, 39.29726], [-76.63344, 39.29729], [-76.63355, 39.29749], [-76.63368, 39.29767], [-76.63382, 39.29789], [-76.63389, 39.298], [-76.63403, 39.29824], [-76.63411, 39.29839], [-76.6342, 39.29856], [-76.63435, 39.29888]]]}, "properties": {"name": "Harlem Park", "category": "Vacancy Reduction Priority Geography"}}, {"type": "Feature", "geometry": {"type": "Polygon", "coordinates": [[[-76.58351, 39.29558], [-76.5831, 39.29559], [-76.58281, 39.2956], [-76.58249, 39.29562], [-76.5821, 39.29563], [-76.58204, 39.29475], [-76.58204, 39.29473], [-76.58203, 39.29451], [-76.58202, 39.29443], [-76.58158, 39.29444], [-76.58131, 39.29445], [-76.58099, 39.29447], [-76.58061, 39.29448], [-76.58034, 39.29449], [-76.58022, 39.29451], [-76.57991, 39.29454], [-76.57959, 39.29454], [-76.5792, 39.29453], [-76.57878, 39.29454], [-76.57873, 39.29454], [-76.57848, 39.29457], [-76.57816, 39.29458], [-76.57777, 39.2946], [-76.57744, 39.2946], [-76.57735, 39.2946], [-76.57705, 39.29461], [-76.57673, 39.29462], [-76.57635, 39.29463], [-76.57635, 39.29471], [-76.57636, 39.29489], [-76.57637, 39.29501], [-76.57637, 39.29509], [-76.57639, 39.29542], [-76.57643, 39.29586], [-76.57645, 39.29613], [-76.57648, 39.29655], [-76.5765, 39.29691], [-76.57651, 39.29696], [-76.57652, 39.29713], [-76.57653, 39.29732], [-76.57655, 39.29757], [-76.57656, 39.29767], [-76.57657, 39.29791], [-76.57658, 39.29798], [-76.5766, 39.29827], [-76.5766, 39.29834], [-76.57662, 39.29868], [-76.57663, 39.2988], [-76.57665, 39.29901], [-76.57665, 39.2991], [-76.57704, 39.29906], [-76.57706, 39.29906], [-76.57709, 39.29906], [-76.57736, 39.29904], [-76.57767, 39.29902], [-76.5777, 39.29902], [-76.57806, 39.29901], [-76.57844, 39.299], [-76.57877, 39.29898], [-76.57909, 39.29897], [-76.57947, 39.29896], [-76.57949, 39.29896], [-76.58018, 39.29893], [-76.58088, 39.2989], [-76.58149, 39.29888], [-76.58159, 39.29887], [-76.58191, 39.29886], [-76.5823, 39.29884], [-76.58247, 39.29883], [-76.58298, 39.29881], [-76.583, 39.29881], [-76.58369, 39.29879], [-76.58373, 39.29878], [-76.58438, 39.29875], [-76.58442, 39.29875], [-76.58472, 39.29874], [-76.58509, 39.29872], [-76.58513, 39.29872], [-76.58511, 39.29841], [-76.58508, 39.29793], [-76.58505, 39.29762], [-76.58502, 39.29711], [-76.58499, 39.29661], [-76.58493, 39.29563], [-76.58493, 39.29552], [-76.5845, 39.29553], [-76.58422, 39.29554], [-76.58404, 39.29555], [-76.58351, 39.29558]]]}, "properties": {"name": "McElderry Park", "category": "Vacancy Reduction Priority Geography"}}, {"type": "Feature", "geometry": {"type": "Polygon", "coordinates": [[[-76.64767, 39.30154], [-76.6477, 39.30199], [-76.64771, 39.30211], [-76.64771, 39.30217], [-76.64772, 39.30231], [-76.64783, 39.30229], [-76.64794, 39.30227], [-76.64805, 39.30224], [-76.64817, 39.30221], [-76.64826, 39.30217], [-76.64835, 39.30214], [-76.64859, 39.30204], [-76.64895, 39.30189], [-76.64909, 39.30182], [-76.64923, 39.30175], [-76.64935, 39.30167], [-76.6494, 39.30165], [-76.64948, 39.3016], [-76.64943, 39.30145], [-76.64943, 39.30139], [-76.64943, 39.30134], [-76.64938, 39.30134], [-76.64938, 39.30117], [-76.64937, 39.3011], [-76.64937, 39.30103], [-76.64937, 39.30093], [-76.64936, 39.30083], [-76.64936, 39.30052], [-76.64933, 39.30008], [-76.64931, 39.29975], [-76.64929, 39.29943], [-76.64929, 39.29939], [-76.64927, 39.299], [-76.64926, 39.29881], [-76.64926, 39.29876], [-76.64925, 39.29867], [-76.64938, 39.29867], [-76.64953, 39.29867], [-76.64998, 39.29865], [-76.65006, 39.29865], [-76.65017, 39.29865], [-76.65056, 39.29863], [-76.65065, 39.29862], [-76.65107, 39.29861], [-76.65137, 39.2986], [-76.65152, 39.2986], [-76.65162, 39.2986], [-76.65208, 39.29858], [-76.65214, 39.29858], [-76.65225, 39.29857], [-76.65249, 39.29856], [-76.65252, 39.29856], [-76.65299, 39.29855], [-76.65345, 39.29853], [-76.65342, 39.29808], [-76.6534, 39.29776], [-76.65338, 39.29741], [-76.65338, 39.29731], [-76.65337, 39.29704], [-76.65335, 39.29668], [-76.65334, 39.29661], [-76.65333, 39.29633], [-76.6533, 39.29597], [-76.65328, 39.29561], [-76.65327, 39.29526], [-76.65325, 39.29503], [-76.65325, 39.29499], [-76.65325, 39.29484], [-76.65323, 39.29442], [-76.65322, 39.29431], [-76.65322, 39.29414], [-76.65321, 39.29408], [-76.65317, 39.29359], [-76.65383, 39.29357], [-76.65441, 39.29354], [-76.65474, 39.29353], [-76.65522, 39.29351], [-76.65565, 39.29349], [-76.65627, 39.29347], [-76.65626, 39.29333], [-76.65611, 39.29334], [-76.65558, 39.29336], [-76.65535, 39.29337], [-76.65505, 39.29337], [-76.65475, 39.29335], [-76.65445, 39.2933], [-76.65441, 39.2933], [-76.65407, 39.29322], [-76.65386, 39.29317], [-76.65372, 39.29313], [-76.65332, 39.29303], [-76.65291, 39.29293], [-76.65267, 39.29287], [-76.6524, 39.29281], [-76.65213, 39.29277], [-76.65192, 39.29276], [-76.65174, 39.29276], [-76.6513, 39.29277], [-76.65074, 39.29278], [-76.65033, 39.2928], [-76.6498, 39.29281], [-76.64953, 39.29282], [-76.64894, 39.29285], [-76.64873, 39.29285], [-76.64853, 39.29286], [-76.64823, 39.29289], [-76.64793, 39.29291], [-76.64756, 39.29292], [-76.6472, 39.29293], [-76.6472, 39.29294], [-76.6472, 39.29294], [-76.6472, 39.2931], [-76.64721, 39.29322], [-76.64723, 39.29348], [-76.64723, 39.29351], [-76.64723, 39.29355], [-76.64724, 39.29372], [-76.64725, 39.29384], [-76.64725, 39.29402], [-76.64726, 39.29415], [-76.64726, 39.29419], [-76.64728, 39.29448], [-76.64729, 39.29464], [-76.64729, 39.29479], [-76.64731, 39.29515], [-76.64732, 39.29533], [-76.64734, 39.2955], [-76.64735, 39.29577], [-76.64736, 39.29593], [-76.64737, 39.29606], [-76.64738, 39.29639], [-76.64739, 39.29645], [-76.6474, 39.29671], [-76.64742, 39.29697], [-76.64743, 39.29724], [-76.64744, 39.29734], [-76.64745, 39.29755], [-76.64747, 39.29781], [-76.64747, 39.29788], [-76.64749, 39.29832], [-76.6475, 39.29841], [-76.64752, 39.29873], [-76.64753, 39.29891], [-76.64754, 39.29906], [-76.64754, 39.29912], [-76.64756, 39.2995], [-76.64758, 39.29982], [-76.64759, 39.30004], [-76.64759, 39.30014], [-76.64762, 39.30058], [-76.64763, 39.3009], [-76.64765, 39.30111], [-76.64765, 39.30122], [-76.64767, 39.30154]]]}, "properties": {"name": "Midtown-Edmondson", "category": "Vacancy Reduction Priority Geography"}}, {"type": "Feature", "geometry": {"type": "Polygon", "coordinates": [[[-76.59235, 39.31446], [-76.59248, 39.31447], [-76.59312, 39.31445], [-76.59349, 39.31444], [-76.59376, 39.31443], [-76.59422, 39.31441], [-76.59461, 39.3144], [-76.595, 39.31439], [-76.59538, 39.31438], [-76.59556, 39.31437], [-76.59585, 39.31436], [-76.59597, 39.31436], [-76.59596, 39.31429], [-76.59613, 39.31428], [-76.59614, 39.31428], [-76.59631, 39.31428], [-76.59651, 39.31427], [-76.59692, 39.31426], [-76.59705, 39.31426], [-76.59773, 39.31424], [-76.59769, 39.31421], [-76.59747, 39.31406], [-76.59739, 39.31401], [-76.59723, 39.31391], [-76.59683, 39.3137], [-76.59649, 39.3135], [-76.59616, 39.31331], [-76.59573, 39.31306], [-76.59543, 39.31289], [-76.59535, 39.31284], [-76.5953, 39.31281], [-76.5952, 39.3127], [-76.59512, 39.31259], [-76.5951, 39.31257], [-76.59504, 39.31234], [-76.59502, 39.31225], [-76.595, 39.31215], [-76.59463, 39.31215], [-76.59438, 39.31217], [-76.59416, 39.31218], [-76.5936, 39.3122], [-76.59305, 39.31223], [-76.59239, 39.31225], [-76.59198, 39.31227], [-76.59173, 39.31228], [-76.59154, 39.31229], [-76.59119, 39.31231], [-76.59108, 39.31231], [-76.59083, 39.31232], [-76.59043, 39.31234], [-76.58997, 39.31236], [-76.58949, 39.31239], [-76.58943, 39.31239], [-76.58905, 39.31241], [-76.58869, 39.31242], [-76.58826, 39.31244], [-76.5881, 39.31245], [-76.5875, 39.31247], [-76.58677, 39.31251], [-76.58598, 39.31254], [-76.58542, 39.31257], [-76.5848, 39.3126], [-76.58425, 39.31261], [-76.58408, 39.31261], [-76.58404, 39.31261], [-76.58403, 39.31261], [-76.58387, 39.31274], [-76.58369, 39.31287], [-76.5834, 39.31313], [-76.58323, 39.31328], [-76.58312, 39.31337], [-76.58295, 39.31353], [-76.58292, 39.31355], [-76.58274, 39.31371], [-76.5824, 39.31401], [-76.58214, 39.31424], [-76.58239, 39.31428], [-76.58274, 39.31431], [-76.58292, 39.31432], [-76.58322, 39.31432], [-76.58342, 39.31431], [-76.58366, 39.31431], [-76.58439, 39.31431], [-76.58461, 39.3143], [-76.58498, 39.3143], [-76.585, 39.3143], [-76.58576, 39.3143], [-76.58612, 39.31429], [-76.58647, 39.31431], [-76.58653, 39.31431], [-76.58688, 39.3143], [-76.58722, 39.3143], [-76.58763, 39.3143], [-76.58786, 39.3143], [-76.5884, 39.3143], [-76.5888, 39.3143], [-76.58942, 39.31429], [-76.59003, 39.31429], [-76.59055, 39.31428], [-76.59069, 39.31428], [-76.5912, 39.31428], [-76.59139, 39.31428], [-76.59185, 39.31427], [-76.59184, 39.31416], [-76.59209, 39.31415], [-76.59233, 39.31414], [-76.59235, 39.31446]]]}, "properties": {"name": "South Clifton Park", "category": "Vacancy Reduction Priority Geography"}}, {"type": "Feature", "geometry": {"type": "Polygon", "coordinates": [[[-76.6298, 39.26891], [-76.6298, 39.26891], [-76.62981, 39.26891], [-76.62982, 39.26891], [-76.62982, 39.26891], [-76.62983, 39.26892], [-76.62984, 39.26892], [-76.62984, 39.26892], [-76.62985, 39.26892], [-76.62986, 39.26892], [-76.62987, 39.26892], [-76.62987, 39.26893], [-76.62988, 39.26893], [-76.62989, 39.26893], [-76.62989, 39.26893], [-76.6299, 39.26893], [-76.62991, 39.26893], [-76.62991, 39.26893], [-76.62992, 39.26893], [-76.62993, 39.26894], [-76.62993, 39.26894], [-76.62994, 39.26894], [-76.62995, 39.26894], [-76.62995, 39.26894], [-76.62996, 39.26894], [-76.62997, 39.26894], [-76.62998, 39.26894], [-76.62998, 39.26895], [-76.62999, 39.26895], [-76.63, 39.26895], [-76.63, 39.26895], [-76.63001, 39.26895], [-76.63002, 39.26895], [-76.63002, 39.26895], [-76.63003, 39.26896], [-76.63004, 39.26896], [-76.63004, 39.26896], [-76.63005, 39.26896], [-76.63006, 39.26896], [-76.63006, 39.26896], [-76.63007, 39.26896], [-76.63008, 39.26897], [-76.63008, 39.26897], [-76.63009, 39.26897], [-76.6301, 39.26897], [-76.6301, 39.26897], [-76.63011, 39.26897], [-76.63012, 39.26897], [-76.63013, 39.26898], [-76.63013, 39.26898], [-76.63014, 39.26898], [-76.63015, 39.26898], [-76.63015, 39.26898], [-76.63016, 39.26898], [-76.63017, 39.26899], [-76.63017, 39.26899], [-76.63018, 39.26899], [-76.63019, 39.26899], [-76.63019, 39.26899], [-76.6302, 39.26899], [-76.63021, 39.26899], [-76.63021, 39.269], [-76.63022, 39.269], [-76.63023, 39.269], [-76.63023, 39.269], [-76.63024, 39.269], [-76.63025, 39.269], [-76.63025, 39.269], [-76.63026, 39.269], [-76.63027, 39.26901], [-76.63028, 39.26901], [-76.63028, 39.26901], [-76.63029, 39.26901], [-76.6303, 39.26901], [-76.6303, 39.26901], [-76.63031, 39.26901], [-76.63032, 39.26902], [-76.63032, 39.26902], [-76.63033, 39.26902], [-76.63034, 39.26902], [-76.63034, 39.26902], [-76.63035, 39.26902], [-76.63036, 39.26902], [-76.63036, 39.26902], [-76.63037, 39.26903], [-76.63038, 39.26903], [-76.63038, 39.26903], [-76.63039, 39.26903], [-76.6304, 39.26903], [-76.63041, 39.26903], [-76.63041, 39.26903], [-76.63042, 39.26904], [-76.63043, 39.26904], [-76.63043, 39.26904], [-76.63044, 39.26904], [-76.63045, 39.26904], [-76.63045, 39.26904], [-76.63046, 39.26904], [-76.63047, 39.26905], [-76.63047, 39.26905], [-76.63048, 39.26905], [-76.63049, 39.26905], [-76.63049, 39.26905], [-76.6305, 39.26905], [-76.63051, 39.26905], [-76.63051, 39.26906], [-76.63052, 39.26906], [-76.63053, 39.26906], [-76.63054, 39.26906], [-76.63054, 39.26906], [-76.63055, 39.26906], [-76.63056, 39.26906], [-76.63056, 39.26907], [-76.63057, 39.26907], [-76.63058, 39.26907], [-76.63058, 39.26907], [-76.63059, 39.26907], [-76.6306, 39.26907], [-76.6306, 39.26907], [-76.63061, 39.26907], [-76.63062, 39.26907], [-76.63062, 39.26908], [-76.63063, 39.26908], [-76.63064, 39.26908], [-76.63065, 39.26908], [-76.63065, 39.26908], [-76.63066, 39.26908], [-76.63067, 39.26908], [-76.63067, 39.26908], [-76.63068, 39.26908], [-76.63069, 39.26908], [-76.63069, 39.26908], [-76.6307, 39.26908], [-76.63071, 39.26908], [-76.63072, 39.26908], [-76.63072, 39.26908], [-76.63073, 39.26909], [-76.63074, 39.26909], [-76.63074, 39.26909], [-76.63075, 39.26909], [-76.63076, 39.26909], [-76.63076, 39.26909], [-76.63077, 39.26909], [-76.63078, 39.26909], [-76.63079, 39.26909], [-76.63079, 39.26909], [-76.6308, 39.26909], [-76.63081, 39.26909], [-76.63081, 39.2691], [-76.63082, 39.2691], [-76.63083, 39.2691], [-76.63083, 39.2691], [-76.63084, 39.2691], [-76.63085, 39.2691], [-76.63086, 39.2691], [-76.63086, 39.2691], [-76.63087, 39.2691], [-76.63088, 39.26911], [-76.63088, 39.26911], [-76.63089, 39.26911], [-76.6309, 39.26911], [-76.6309, 39.26911], [-76.63091, 39.26911], [-76.63092, 39.26911], [-76.63092, 39.26911], [-76.63093, 39.26911], [-76.63094, 39.26911], [-76.63095, 39.26912], [-76.63095, 39.26912], [-76.63096, 39.26912], [-76.63097, 39.26912], [-76.63097, 39.26912], [-76.63098, 39.26912], [-76.63099, 39.26912], [-76.63099, 39.26912], [-76.631, 39.26912], [-76.63101, 39.26912], [-76.63101, 39.26913], [-76.63102, 39.26913], [-76.63103, 39.26913], [-76.63104, 39.26913], [-76.63104, 39.26913], [-76.63105, 39.26913], [-76.63106, 39.26913], [-76.63106, 39.26913], [-76.63107, 39.26913], [-76.63108, 39.26914], [-76.63108, 39.26914], [-76.63109, 39.26914], [-76.63111, 39.26914], [-76.63111, 39.26914], [-76.63111, 39.26914], [-76.63111, 39.26914], [-76.63111, 39.26915], [-76.63113, 39.26915], [-76.63113, 39.26915], [-76.63114, 39.26915], [-76.63114, 39.26915], [-76.63115, 39.26916], [-76.63116, 39.26916], [-76.63116, 39.26916], [-76.63117, 39.26916], [-76.63118, 39.26916], [-76.63118, 39.26917], [-76.63119, 39.26917], [-76.6312, 39.26917], [-76.6312, 39.26917], [-76.63121, 39.26917], [-76.63122, 39.26918], [-76.63122, 39.26918], [-76.63123, 39.26918], [-76.63124, 39.26918], [-76.63124, 39.26918], [-76.63125, 39.26919], [-76.63125, 39.26919], [-76.63126, 39.26919], [-76.63127, 39.26919], [-76.63127, 39.2692], [-76.63128, 39.2692], [-76.63129, 39.2692], [-76.63129, 39.2692], [-76.6313, 39.2692], [-76.63131, 39.26921], [-76.63131, 39.26921], [-76.63132, 39.26921], [-76.63133, 39.26921], [-76.63133, 39.26921], [-76.63134, 39.26921], [-76.63135, 39.26922], [-76.63135, 39.26922], [-76.63136, 39.26922], [-76.63137, 39.26922], [-76.63138, 39.26922], [-76.63138, 39.26922], [-76.63139, 39.26922], [-76.6314, 39.26922], [-76.6314, 39.26922], [-76.63141, 39.26922], [-76.63142, 39.26922], [-76.63142, 39.26923], [-76.63143, 39.26923], [-76.63144, 39.26923], [-76.63145, 39.26923], [-76.63145, 39.26923], [-76.63146, 39.26923], [-76.63147, 39.26923], [-76.63147, 39.26923], [-76.63148, 39.26923], [-76.63149, 39.26923], [-76.63149, 39.26923], [-76.6315, 39.26923], [-76.63151, 39.26923], [-76.63153, 39.26923], [-76.63153, 39.26922], [-76.63154, 39.26922], [-76.63154, 39.26921], [-76.63154, 39.26921], [-76.63154, 39.2692], [-76.63154, 39.2692], [-76.63154, 39.26919], [-76.63155, 39.26918], [-76.63155, 39.26918], [-76.63155, 39.26917], [-76.63155, 39.26917], [-76.63155, 39.26916], [-76.63156, 39.26914], [-76.63155, 39.26914], [-76.63155, 39.26914], [-76.63155, 39.26914], [-76.63155, 39.26914], [-76.63155, 39.26914], [-76.63156, 39.26913], [-76.63156, 39.26912], [-76.63156, 39.26912], [-76.63156, 39.26911], [-76.63156, 39.26911], [-76.63156, 39.2691], [-76.63156, 39.2691], [-76.63156, 39.26909], [-76.63157, 39.26909], [-76.63157, 39.26908], [-76.63157, 39.26908], [-76.63157, 39.26907], [-76.63157, 39.26907], [-76.63157, 39.26906], [-76.63157, 39.26905], [-76.63158, 39.26905], [-76.63158, 39.26904], [-76.63158, 39.26904], [-76.63158, 39.26903], [-76.63158, 39.26903], [-76.63158, 39.26902], [-76.63159, 39.26902], [-76.63159, 39.26901], [-76.63159, 39.26901], [-76.63159, 39.269], [-76.63159, 39.269], [-76.6316, 39.26899], [-76.6316, 39.26899], [-76.6316, 39.26898], [-76.6316, 39.26898], [-76.6316, 39.26897], [-76.63161, 39.26896], [-76.63161, 39.26896], [-76.63161, 39.26895], [-76.63161, 39.26895], [-76.63162, 39.26894], [-76.63162, 39.26894], [-76.63162, 39.26893], [-76.63162, 39.26893], [-76.63163, 39.26891], [-76.63163, 39.26891], [-76.63163, 39.26891], [-76.63163, 39.26891], [-76.63163, 39.26891], [-76.63164, 39.2689], [-76.63164, 39.26889], [-76.63164, 39.26889], [-76.63165, 39.26888], [-76.63165, 39.26888], [-76.63165, 39.26887], [-76.63165, 39.26887], [-76.63166, 39.26886], [-76.63166, 39.26886], [-76.63166, 39.26885], [-76.63166, 39.26885], [-76.63167, 39.26884], [-76.63167, 39.26884], [-76.63167, 39.26883], [-76.63167, 39.26883], [-76.63168, 39.26882], [-76.63168, 39.26882], [-76.63168, 39.26881], [-76.63168, 39.2688], [-76.63168, 39.2688], [-76.63169, 39.26878], [-76.63169, 39.26878], [-76.63169, 39.26878], [-76.63169, 39.26878], [-76.63169, 39.26878], [-76.6317, 39.26877], [-76.6317, 39.26876], [-76.6317, 39.26876], [-76.6317, 39.26875], [-76.6317, 39.26875], [-76.63171, 39.26874], [-76.63171, 39.26874], [-76.63171, 39.26873], [-76.63171, 39.26873], [-76.63172, 39.26872], [-76.63172, 39.26872], [-76.63172, 39.26871], [-76.63172, 39.26871], [-76.63172, 39.2687], [-76.63172, 39.26869], [-76.63172, 39.26869], [-76.63172, 39.26868], [-76.63172, 39.26868], [-76.63173, 39.26867], [-76.63173, 39.26867], [-76.63173, 39.26866], [-76.63173, 39.26866], [-76.63173, 39.26865], [-76.63173, 39.26865], [-76.63174, 39.26864], [-76.63174, 39.26864], [-76.63174, 39.26863], [-76.63174, 39.26862], [-76.63174, 39.26862], [-76.63174, 39.26861], [-76.63174, 39.26861], [-76.63174, 39.2686], [-76.63174, 39.2686], [-76.63174, 39.26859], [-76.63174, 39.26859], [-76.63174, 39.26858], [-76.63175, 39.26858], [-76.63175, 39.26857], [-76.63175, 39.26855], [-76.63175, 39.26855], [-76.63175, 39.26855], [-76.63175, 39.26855], [-76.63175, 39.26855], [-76.63177, 39.26847], [-76.63179, 39.26842], [-76.6318, 39.26838], [-76.63182, 39.26832], [-76.63182, 39.2683], [-76.63183, 39.26827], [-76.63185, 39.26824], [-76.63185, 39.26821], [-76.63186, 39.26817], [-76.63186, 39.26814], [-76.63186, 39.26811], [-76.63186, 39.26806], [-76.63185, 39.26801], [-76.63185, 39.268], [-76.63185, 39.26798], [-76.63185, 39.26797], [-76.63185, 39.26793], [-76.63186, 39.26789], [-76.63187, 39.26783], [-76.63187, 39.26779], [-76.63187, 39.26775], [-76.63187, 39.26769], [-76.63187, 39.26765], [-76.63187, 39.26759], [-76.63187, 39.26754], [-76.63187, 39.26749], [-76.63187, 39.26743], [-76.63187, 39.26736], [-76.63186, 39.26732], [-76.63185, 39.2673], [-76.63186, 39.26727], [-76.63186, 39.26724], [-76.63188, 39.26722], [-76.6319, 39.26718], [-76.63192, 39.26715], [-76.63196, 39.2671], [-76.63196, 39.2671], [-76.63199, 39.26706], [-76.63202, 39.26702], [-76.63204, 39.26698], [-76.63207, 39.26695], [-76.6321, 39.26693], [-76.63214, 39.2669], [-76.63217, 39.26688], [-76.63221, 39.26686], [-76.63225, 39.26684], [-76.63229, 39.26682], [-76.63233, 39.26679], [-76.63236, 39.26675], [-76.63238, 39.26672], [-76.63242, 39.26669], [-76.63246, 39.26667], [-76.63251, 39.26665], [-76.63256, 39.26663], [-76.63262, 39.26661], [-76.63274, 39.26657], [-76.63282, 39.26655], [-76.63291, 39.26653], [-76.63291, 39.26653], [-76.63294, 39.26651], [-76.63294, 39.26649], [-76.63295, 39.26648], [-76.63298, 39.26647], [-76.63301, 39.26646], [-76.63304, 39.26644], [-76.63308, 39.2664], [-76.63309, 39.26638], [-76.6331, 39.26637], [-76.63312, 39.26637], [-76.63313, 39.26637], [-76.63316, 39.26638], [-76.63317, 39.26639], [-76.63319, 39.2664], [-76.63321, 39.2664], [-76.63323, 39.26639], [-76.63326, 39.26637], [-76.63327, 39.26636], [-76.63329, 39.26635], [-76.63332, 39.26635], [-76.63339, 39.26632], [-76.63344, 39.2663], [-76.6335, 39.26625], [-76.63352, 39.26623], [-76.63353, 39.2662], [-76.63354, 39.26618], [-76.63355, 39.26617], [-76.63358, 39.26617], [-76.6336, 39.26617], [-76.63363, 39.26616], [-76.63369, 39.26613], [-76.63373, 39.2661], [-76.63377, 39.26607], [-76.63393, 39.26599], [-76.63402, 39.26595], [-76.63409, 39.26591], [-76.63419, 39.26585], [-76.63432, 39.26579], [-76.63454, 39.2657], [-76.63457, 39.26569], [-76.63461, 39.26568], [-76.63468, 39.26567], [-76.63478, 39.26566], [-76.63486, 39.26565], [-76.63494, 39.26563], [-76.63538, 39.26558], [-76.63554, 39.26555], [-76.63572, 39.26555], [-76.63575, 39.26555], [-76.63578, 39.26556], [-76.63585, 39.26557], [-76.63588, 39.26559], [-76.63598, 39.26563], [-76.63604, 39.26568], [-76.63613, 39.26573], [-76.63617, 39.26575], [-76.63624, 39.26579], [-76.63629, 39.26582], [-76.63635, 39.26585], [-76.63652, 39.26594], [-76.63655, 39.26599], [-76.63659, 39.26606], [-76.63661, 39.26611], [-76.63663, 39.26615], [-76.63664, 39.26618], [-76.63665, 39.2662], [-76.63667, 39.26622], [-76.63668, 39.26624], [-76.63669, 39.26626], [-76.63669, 39.26628], [-76.63669, 39.2663], [-76.63669, 39.26632], [-76.6367, 39.26633], [-76.63671, 39.26635], [-76.63673, 39.26637], [-76.63674, 39.26639], [-76.63676, 39.26642], [-76.63678, 39.2665], [-76.6368, 39.26657], [-76.63681, 39.2666], [-76.63681, 39.26663], [-76.63682, 39.26667], [-76.63682, 39.26669], [-76.63682, 39.26671], [-76.63684, 39.26676], [-76.63686, 39.26684], [-76.63689, 39.26694], [-76.63689, 39.26698], [-76.6369, 39.26702], [-76.6369, 39.26703], [-76.6369, 39.26705], [-76.63691, 39.26706], [-76.63693, 39.26707], [-76.63695, 39.2671], [-76.63697, 39.26713], [-76.63698, 39.26715], [-76.63698, 39.26717], [-76.63698, 39.26719], [-76.63699, 39.26721], [-76.63699, 39.26722], [-76.637, 39.26724], [-76.63701, 39.26726], [-76.63702, 39.26728], [-76.63703, 39.2673], [-76.63703, 39.26733], [-76.63703, 39.26735], [-76.63704, 39.26738], [-76.63706, 39.2674], [-76.63708, 39.26744], [-76.63709, 39.26746], [-76.6371, 39.26749], [-76.63711, 39.2675], [-76.63711, 39.26751], [-76.63712, 39.26755], [-76.63713, 39.26761], [-76.63715, 39.26766], [-76.63717, 39.2677], [-76.63721, 39.26775], [-76.63726, 39.26779], [-76.63729, 39.26781], [-76.63735, 39.26785], [-76.63742, 39.26789], [-76.63748, 39.26792], [-76.63751, 39.26794], [-76.63754, 39.26796], [-76.63759, 39.268], [-76.63766, 39.26807], [-76.63773, 39.26812], [-76.63778, 39.26816], [-76.63783, 39.26819], [-76.63787, 39.26821], [-76.63792, 39.26823], [-76.63797, 39.26824], [-76.63803, 39.26826], [-76.63808, 39.26827], [-76.63812, 39.26828], [-76.63818, 39.2683], [-76.63819, 39.2683], [-76.63821, 39.26832], [-76.63824, 39.26832], [-76.63826, 39.26833], [-76.63829, 39.26833], [-76.63843, 39.26847], [-76.63845, 39.26851], [-76.63847, 39.26854], [-76.63847, 39.26854], [-76.63847, 39.26855], [-76.63847, 39.26855], [-76.63847, 39.26855], [-76.63848, 39.26855], [-76.63848, 39.26856], [-76.63848, 39.26856], [-76.63848, 39.26856], [-76.63848, 39.26856], [-76.63848, 39.26857], [-76.63849, 39.26857], [-76.63849, 39.26857], [-76.63849, 39.26857], [-76.63849, 39.26858], [-76.63849, 39.26858], [-76.63849, 39.26858], [-76.63849, 39.26858], [-76.6385, 39.26859], [-76.6385, 39.26859], [-76.6385, 39.26859], [-76.6385, 39.26859], [-76.6385, 39.26859], [-76.6385, 39.2686], [-76.63851, 39.2686], [-76.63851, 39.2686], [-76.63851, 39.2686], [-76.63851, 39.26861], [-76.63851, 39.26861], [-76.63851, 39.26861], [-76.63852, 39.26861], [-76.63852, 39.26862], [-76.63852, 39.26862], [-76.63852, 39.26862], [-76.63852, 39.26862], [-76.63852, 39.26863], [-76.63853, 39.26863], [-76.63853, 39.26863], [-76.63853, 39.26863], [-76.63853, 39.26864], [-76.63853, 39.26864], [-76.63853, 39.26864], [-76.63854, 39.26864], [-76.63854, 39.26865], [-76.63854, 39.26865], [-76.63854, 39.26865], [-76.63854, 39.26865], [-76.63855, 39.26866], [-76.63855, 39.26866], [-76.63855, 39.26866], [-76.63855, 39.26866], [-76.63855, 39.26866], [-76.63855, 39.26867], [-76.63856, 39.26867], [-76.63856, 39.26867], [-76.63856, 39.26867], [-76.63856, 39.26868], [-76.63856, 39.26868], [-76.63857, 39.26868], [-76.63857, 39.26868], [-76.63857, 39.26869], [-76.63857, 39.26869], [-76.63857, 39.26869], [-76.63857, 39.26869], [-76.63857, 39.26869], [-76.63858, 39.2687], [-76.63858, 39.2687], [-76.63858, 39.2687], [-76.63858, 39.2687], [-76.63858, 39.2687], [-76.63858, 39.26871], [-76.63859, 39.26871], [-76.63859, 39.26871], [-76.63859, 39.26871], [-76.63859, 39.26872], [-76.63859, 39.26872], [-76.63859, 39.26872], [-76.6386, 39.26872], [-76.6386, 39.26873], [-76.6386, 39.26873], [-76.6386, 39.26873], [-76.6386, 39.26873], [-76.6386, 39.26874], [-76.63861, 39.26874], [-76.63861, 39.26874], [-76.63861, 39.26874], [-76.63861, 39.26875], [-76.63861, 39.26875], [-76.63861, 39.26875], [-76.63861, 39.26875], [-76.63862, 39.26876], [-76.63862, 39.26876], [-76.63862, 39.26876], [-76.63862, 39.26876], [-76.63862, 39.26877], [-76.63862, 39.26877], [-76.63863, 39.26877], [-76.63863, 39.26877], [-76.63863, 39.26878], [-76.63863, 39.26878], [-76.63863, 39.26878], [-76.63863, 39.26878], [-76.63863, 39.26879], [-76.63864, 39.26879], [-76.63864, 39.26879], [-76.63864, 39.26879], [-76.63864, 39.2688], [-76.63864, 39.2688], [-76.63865, 39.2688], [-76.63865, 39.2688], [-76.63865, 39.26881], [-76.63865, 39.26881], [-76.63865, 39.26881], [-76.63865, 39.26881], [-76.63866, 39.26881], [-76.63866, 39.26882], [-76.63866, 39.26882], [-76.63866, 39.26882], [-76.63866, 39.26882], [-76.63866, 39.26883], [-76.63867, 39.26883], [-76.63867, 39.26883], [-76.63867, 39.26883], [-76.63867, 39.26884], [-76.63867, 39.26884], [-76.63867, 39.26884], [-76.63868, 39.26884], [-76.63868, 39.26885], [-76.63868, 39.26885], [-76.63868, 39.26885], [-76.63868, 39.26885], [-76.63868, 39.26886], [-76.63869, 39.26886], [-76.63869, 39.26886], [-76.63869, 39.26886], [-76.63869, 39.26887], [-76.63869, 39.26887], [-76.63869, 39.26887], [-76.63869, 39.26887], [-76.63869, 39.26888], [-76.6387, 39.26888], [-76.6387, 39.26888], [-76.6387, 39.26888], [-76.6387, 39.26889], [-76.6387, 39.26889], [-76.6387, 39.26889], [-76.6387, 39.26889], [-76.6387, 39.2689], [-76.6387, 39.2689], [-76.63871, 39.2689], [-76.63871, 39.2689], [-76.63871, 39.26891], [-76.63871, 39.26891], [-76.63871, 39.26891], [-76.63871, 39.26892], [-76.63871, 39.26892], [-76.63871, 39.26892], [-76.63871, 39.26892], [-76.63871, 39.26893], [-76.63872, 39.26893], [-76.63872, 39.26893], [-76.63872, 39.26893], [-76.63872, 39.26893], [-76.63873, 39.26894], [-76.63873, 39.26894], [-76.63873, 39.26894], [-76.63873, 39.26894], [-76.63873, 39.26894], [-76.63874, 39.26895], [-76.63874, 39.26895], [-76.63874, 39.26895], [-76.63874, 39.26895], [-76.63875, 39.26896], [-76.63875, 39.26896], [-76.63875, 39.26896], [-76.63875, 39.26896], [-76.63875, 39.26896], [-76.63876, 39.26897], [-76.63876, 39.26897], [-76.63876, 39.26897], [-76.63876, 39.26897], [-76.63877, 39.26897], [-76.63877, 39.26898], [-76.63877, 39.26898], [-76.63877, 39.26898], [-76.63877, 39.26898], [-76.63878, 39.26898], [-76.63878, 39.26899], [-76.63878, 39.26899], [-76.63878, 39.26899], [-76.63879, 39.26899], [-76.63879, 39.269], [-76.63879, 39.269], [-76.63879, 39.269], [-76.63879, 39.269], [-76.6388, 39.269], [-76.6388, 39.26901], [-76.6388, 39.26901], [-76.6388, 39.26901], [-76.6388, 39.26901], [-76.63881, 39.26902], [-76.63881, 39.26902], [-76.63881, 39.26902], [-76.63881, 39.26902], [-76.64131, 39.26702], [-76.64412, 39.26486], [-76.64406, 39.2648], [-76.6439, 39.26468], [-76.64386, 39.26465], [-76.64354, 39.26438], [-76.6433, 39.26419], [-76.64316, 39.26409], [-76.64308, 39.26401], [-76.6429, 39.26387], [-76.64278, 39.26378], [-76.64256, 39.2636], [-76.64242, 39.26349], [-76.64233, 39.26338], [-76.64229, 39.26333], [-76.64225, 39.26328], [-76.64214, 39.26313], [-76.64191, 39.26277], [-76.64179, 39.26255], [-76.64173, 39.26246], [-76.6417, 39.2624], [-76.64167, 39.26235], [-76.64164, 39.26221], [-76.64163, 39.26206], [-76.64165, 39.26192], [-76.64166, 39.26189], [-76.64173, 39.26162], [-76.6418, 39.26149], [-76.64185, 39.26133], [-76.64191, 39.26123], [-76.64194, 39.26118], [-76.64213, 39.26091], [-76.6423, 39.26068], [-76.64248, 39.26044], [-76.64263, 39.26025], [-76.64284, 39.25997], [-76.64293, 39.25986], [-76.64314, 39.25959], [-76.64316, 39.25957], [-76.64316, 39.25957], [-76.6432, 39.25951], [-76.64328, 39.2594], [-76.64331, 39.25936], [-76.64304, 39.25922], [-76.64278, 39.25907], [-76.64251, 39.25893], [-76.64226, 39.25877], [-76.642, 39.25861], [-76.64176, 39.25845], [-76.64151, 39.25828], [-76.64128, 39.25811], [-76.64105, 39.25793], [-76.64082, 39.25775], [-76.6406, 39.25757], [-76.63952, 39.25628], [-76.63849, 39.25505], [-76.63755, 39.25393], [-76.63737, 39.25408], [-76.63723, 39.25424], [-76.63716, 39.25431], [-76.6371, 39.25439], [-76.63686, 39.25472], [-76.63668, 39.25505], [-76.63656, 39.25531], [-76.63648, 39.25556], [-76.6364, 39.25585], [-76.63635, 39.25615], [-76.63631, 39.25652], [-76.63623, 39.25726], [-76.63615, 39.25775], [-76.63609, 39.2584], [-76.63605, 39.25865], [-76.63603, 39.25879], [-76.63595, 39.25928], [-76.63589, 39.25982], [-76.63581, 39.26046], [-76.63578, 39.26071], [-76.63561, 39.2607], [-76.63552, 39.26069], [-76.63539, 39.26068], [-76.63535, 39.26042], [-76.63527, 39.26002], [-76.63523, 39.25985], [-76.63519, 39.25972], [-76.63513, 39.2596], [-76.63504, 39.25952], [-76.63499, 39.25949], [-76.63458, 39.25924], [-76.63428, 39.25905], [-76.63419, 39.25899], [-76.63403, 39.25887], [-76.63398, 39.25884], [-76.63386, 39.25878], [-76.63376, 39.25867], [-76.6337, 39.25858], [-76.63368, 39.25848], [-76.6336, 39.25839], [-76.63349, 39.25825], [-76.63343, 39.25818], [-76.63337, 39.2581], [-76.63323, 39.25797], [-76.63307, 39.25784], [-76.63294, 39.25776], [-76.63279, 39.25769], [-76.63277, 39.25772], [-76.63262, 39.25766], [-76.63236, 39.25759], [-76.63222, 39.25756], [-76.63198, 39.25767], [-76.63099, 39.25811], [-76.62966, 39.25869], [-76.62966, 39.25869], [-76.62967, 39.25869], [-76.62968, 39.25869], [-76.62969, 39.2587], [-76.6297, 39.2587], [-76.62971, 39.2587], [-76.62972, 39.2587], [-76.62973, 39.2587], [-76.62975, 39.2587], [-76.62976, 39.25871], [-76.62977, 39.25871], [-76.62978, 39.25871], [-76.62979, 39.25872], [-76.6298, 39.25872], [-76.62981, 39.25872], [-76.62982, 39.25872], [-76.62983, 39.25872], [-76.62984, 39.25872], [-76.62985, 39.25872], [-76.62986, 39.25873], [-76.62986, 39.25874], [-76.62987, 39.25874], [-76.62988, 39.25875], [-76.62989, 39.25875], [-76.6299, 39.25876], [-76.62991, 39.25876], [-76.62992, 39.25876], [-76.62993, 39.25877], [-76.62994, 39.25877], [-76.62995, 39.25876], [-76.62996, 39.25876], [-76.62997, 39.25876], [-76.62998, 39.25876], [-76.62999, 39.25876], [-76.63, 39.25877], [-76.63001, 39.25878], [-76.63002, 39.25878], [-76.63005, 39.25879], [-76.63009, 39.2588], [-76.63012, 39.25881], [-76.63013, 39.25882], [-76.63015, 39.25882], [-76.63016, 39.25883], [-76.63018, 39.25883], [-76.63019, 39.25884], [-76.63021, 39.25885], [-76.63022, 39.25885], [-76.63024, 39.25886], [-76.63025, 39.25886], [-76.63027, 39.25886], [-76.63028, 39.25886], [-76.63029, 39.25885], [-76.6303, 39.25885], [-76.63031, 39.25886], [-76.63033, 39.25886], [-76.63035, 39.25887], [-76.63036, 39.25887], [-76.63037, 39.25886], [-76.63037, 39.25885], [-76.63038, 39.25885], [-76.63038, 39.25884], [-76.63039, 39.25883], [-76.63039, 39.25882], [-76.63039, 39.25881], [-76.63042, 39.25882], [-76.63042, 39.25883], [-76.63043, 39.25884], [-76.63044, 39.25885], [-76.63045, 39.25885], [-76.63046, 39.25886], [-76.63048, 39.25887], [-76.6305, 39.25887], [-76.63051, 39.25888], [-76.63052, 39.25889], [-76.63054, 39.2589], [-76.63055, 39.2589], [-76.63056, 39.25891], [-76.63058, 39.25892], [-76.6306, 39.25892], [-76.63062, 39.25893], [-76.63063, 39.25893], [-76.63065, 39.25893], [-76.63067, 39.25894], [-76.63069, 39.25894], [-76.6307, 39.25894], [-76.63072, 39.25895], [-76.63074, 39.25895], [-76.63076, 39.25895], [-76.63077, 39.25895], [-76.63079, 39.25895], [-76.63081, 39.25896], [-76.63082, 39.25897], [-76.63084, 39.25897], [-76.63086, 39.25897], [-76.63087, 39.25897], [-76.63089, 39.25897], [-76.63091, 39.25897], [-76.63093, 39.25897], [-76.63095, 39.25897], [-76.63097, 39.25897], [-76.63099, 39.25897], [-76.63101, 39.25897], [-76.63103, 39.25897], [-76.63105, 39.25896], [-76.63107, 39.25896], [-76.63109, 39.25896], [-76.63111, 39.25896], [-76.63113, 39.25895], [-76.63116, 39.25895], [-76.63118, 39.25894], [-76.6312, 39.25894], [-76.63123, 39.25893], [-76.63125, 39.25893], [-76.63128, 39.25892], [-76.6313, 39.25891], [-76.63132, 39.25891], [-76.63134, 39.25891], [-76.63135, 39.25891], [-76.63137, 39.25891], [-76.63139, 39.25891], [-76.63142, 39.25891], [-76.63144, 39.25891], [-76.63146, 39.25891], [-76.63149, 39.25891], [-76.63151, 39.25891], [-76.63154, 39.25892], [-76.63156, 39.25892], [-76.63159, 39.25893], [-76.63161, 39.25893], [-76.63163, 39.25893], [-76.63165, 39.25893], [-76.63167, 39.25893], [-76.63169, 39.25893], [-76.63171, 39.25893], [-76.63173, 39.25892], [-76.63175, 39.25892], [-76.63177, 39.25891], [-76.63179, 39.2589], [-76.6318, 39.2589], [-76.63182, 39.25889], [-76.63184, 39.25888], [-76.63187, 39.25888], [-76.6319, 39.25886], [-76.63192, 39.25885], [-76.63194, 39.25883], [-76.63196, 39.25882], [-76.63198, 39.2588], [-76.63199, 39.25879], [-76.632, 39.25878], [-76.63202, 39.25877], [-76.63203, 39.25876], [-76.63205, 39.25875], [-76.63206, 39.25874], [-76.63208, 39.25874], [-76.63209, 39.25873], [-76.6321, 39.25873], [-76.63211, 39.25872], [-76.63212, 39.25871], [-76.63212, 39.2587], [-76.63214, 39.25869], [-76.63214, 39.25868], [-76.63215, 39.25868], [-76.63217, 39.25868], [-76.63219, 39.25868], [-76.6322, 39.25869], [-76.63221, 39.25869], [-76.63221, 39.2587], [-76.6322, 39.25871], [-76.6322, 39.25871], [-76.6322, 39.25872], [-76.63214, 39.25876], [-76.63212, 39.25877], [-76.63208, 39.25879], [-76.63206, 39.25881], [-76.63204, 39.25882], [-76.63202, 39.25883], [-76.63201, 39.25884], [-76.63199, 39.25885], [-76.63198, 39.25886], [-76.63197, 39.25887], [-76.63196, 39.25887], [-76.63195, 39.25888], [-76.63195, 39.25888], [-76.63194, 39.25887], [-76.63194, 39.25888], [-76.63192, 39.25889], [-76.63191, 39.25889], [-76.63189, 39.2589], [-76.63188, 39.25891], [-76.63186, 39.25892], [-76.63184, 39.25893], [-76.63183, 39.25893], [-76.63181, 39.25894], [-76.6318, 39.25895], [-76.63178, 39.25896], [-76.63176, 39.25896], [-76.63175, 39.25897], [-76.63173, 39.25897], [-76.6317, 39.25897], [-76.63168, 39.25897], [-76.63166, 39.25897], [-76.63164, 39.25897], [-76.63162, 39.25897], [-76.6316, 39.25897], [-76.63159, 39.25897], [-76.63157, 39.25898], [-76.63155, 39.25898], [-76.63154, 39.25898], [-76.63152, 39.25898], [-76.63151, 39.25898], [-76.63148, 39.25898], [-76.63147, 39.25898], [-76.63145, 39.25898], [-76.63144, 39.25898], [-76.63142, 39.25898], [-76.6314, 39.25899], [-76.63138, 39.25899], [-76.63137, 39.25899], [-76.63134, 39.259], [-76.63133, 39.259], [-76.63131, 39.259], [-76.6313, 39.259], [-76.63128, 39.25901], [-76.63126, 39.25901], [-76.63124, 39.25902], [-76.63123, 39.25903], [-76.63121, 39.25903], [-76.63119, 39.25904], [-76.63117, 39.25904], [-76.63115, 39.25904], [-76.63114, 39.25904], [-76.63113, 39.25905], [-76.63111, 39.25906], [-76.6311, 39.25907], [-76.63108, 39.25908], [-76.63107, 39.25909], [-76.63106, 39.2591], [-76.63106, 39.25912], [-76.63106, 39.25912], [-76.63104, 39.25913], [-76.63102, 39.25913], [-76.63101, 39.25913], [-76.63099, 39.25914], [-76.63098, 39.25914], [-76.63096, 39.25914], [-76.63094, 39.25914], [-76.63093, 39.25914], [-76.63091, 39.25914], [-76.63089, 39.25914], [-76.63088, 39.25913], [-76.63087, 39.25913], [-76.63086, 39.25914], [-76.63084, 39.25914], [-76.63083, 39.25914], [-76.63082, 39.25914], [-76.6308, 39.25914], [-76.63079, 39.25914], [-76.63077, 39.25913], [-76.63076, 39.25913], [-76.63074, 39.25913], [-76.63073, 39.25913], [-76.63071, 39.25913], [-76.63069, 39.25913], [-76.63067, 39.25914], [-76.63066, 39.25914], [-76.63065, 39.25915], [-76.63065, 39.25915], [-76.63065, 39.25916], [-76.63066, 39.25917], [-76.63066, 39.25917], [-76.63068, 39.25918], [-76.63069, 39.25918], [-76.6307, 39.25918], [-76.63072, 39.25918], [-76.63073, 39.25918], [-76.63075, 39.25919], [-76.63076, 39.25919], [-76.63078, 39.25919], [-76.63079, 39.25919], [-76.63081, 39.25919], [-76.63083, 39.25919], [-76.63085, 39.25919], [-76.63087, 39.25919], [-76.63088, 39.25919], [-76.6309, 39.25919], [-76.63092, 39.25919], [-76.63093, 39.25919], [-76.63095, 39.25919], [-76.63096, 39.25919], [-76.63098, 39.25919], [-76.631, 39.25919], [-76.63101, 39.25919], [-76.63102, 39.2592], [-76.63104, 39.25921], [-76.63104, 39.25922], [-76.63105, 39.25923], [-76.63106, 39.25924], [-76.63106, 39.25926], [-76.63108, 39.25928], [-76.63109, 39.25929], [-76.63109, 39.25931], [-76.6311, 39.25932], [-76.6311, 39.25934], [-76.6311, 39.25936], [-76.6311, 39.25937], [-76.6311, 39.25938], [-76.63109, 39.2594], [-76.63108, 39.25941], [-76.63107, 39.25943], [-76.63106, 39.25944], [-76.63105, 39.25945], [-76.63104, 39.25946], [-76.63102, 39.25947], [-76.63101, 39.25948], [-76.631, 39.25948], [-76.63098, 39.25948], [-76.63096, 39.25949], [-76.63095, 39.2595], [-76.63094, 39.2595], [-76.63092, 39.25951], [-76.63091, 39.25951], [-76.6309, 39.25952], [-76.6309, 39.25953], [-76.6309, 39.25954], [-76.6309, 39.25955], [-76.6309, 39.25955], [-76.6309, 39.25956], [-76.6309, 39.25957], [-76.63089, 39.25958], [-76.63089, 39.25959], [-76.63089, 39.2596], [-76.6309, 39.25961], [-76.63091, 39.25962], [-76.63093, 39.25963], [-76.63093, 39.25964], [-76.63093, 39.25964], [-76.63092, 39.25965], [-76.63091, 39.25965], [-76.6309, 39.25964], [-76.63089, 39.25964], [-76.63086, 39.25963], [-76.63085, 39.25962], [-76.63084, 39.25962], [-76.63082, 39.25961], [-76.63081, 39.25961], [-76.63079, 39.25961], [-76.63077, 39.25962], [-76.63076, 39.25962], [-76.63074, 39.25962], [-76.63072, 39.25962], [-76.63069, 39.25962], [-76.63067, 39.25962], [-76.63066, 39.25961], [-76.63065, 39.25961], [-76.63066, 39.2596], [-76.63066, 39.2596], [-76.63067, 39.25959], [-76.63068, 39.25958], [-76.6307, 39.25958], [-76.63073, 39.25958], [-76.63073, 39.25957], [-76.63073, 39.25957], [-76.63073, 39.25956], [-76.63073, 39.25956], [-76.63071, 39.25956], [-76.6307, 39.25956], [-76.63069, 39.25956], [-76.63067, 39.25956], [-76.63065, 39.25956], [-76.63063, 39.25957], [-76.63061, 39.25957], [-76.6306, 39.25957], [-76.63058, 39.25957], [-76.63057, 39.25957], [-76.63054, 39.25958], [-76.63052, 39.25959], [-76.6305, 39.2596], [-76.63049, 39.25962], [-76.63047, 39.25963], [-76.63045, 39.25965], [-76.63043, 39.25968], [-76.6304, 39.25971], [-76.63037, 39.25974], [-76.63034, 39.25979], [-76.63032, 39.25982], [-76.63031, 39.25986], [-76.63029, 39.25989], [-76.63028, 39.25993], [-76.63027, 39.25995], [-76.63026, 39.25997], [-76.63025, 39.25998], [-76.63024, 39.26001], [-76.63024, 39.26003], [-76.63023, 39.26006], [-76.63022, 39.26007], [-76.63022, 39.26009], [-76.63021, 39.26011], [-76.6302, 39.26012], [-76.6302, 39.26014], [-76.63019, 39.26015], [-76.63018, 39.26017], [-76.63018, 39.26018], [-76.63017, 39.2602], [-76.63016, 39.26022], [-76.63015, 39.26023], [-76.63014, 39.26024], [-76.63012, 39.26027], [-76.63011, 39.26027], [-76.6301, 39.26029], [-76.63009, 39.2603], [-76.63008, 39.26032], [-76.63007, 39.26034], [-76.63006, 39.26036], [-76.63004, 39.26037], [-76.63003, 39.26039], [-76.63002, 39.2604], [-76.63, 39.26042], [-76.62999, 39.26044], [-76.62998, 39.26046], [-76.62997, 39.26048], [-76.62996, 39.26051], [-76.62995, 39.26053], [-76.62994, 39.26055], [-76.62993, 39.26057], [-76.62991, 39.26059], [-76.6299, 39.26061], [-76.62989, 39.26063], [-76.62987, 39.26066], [-76.62984, 39.26068], [-76.62984, 39.26069], [-76.62984, 39.26069], [-76.62983, 39.2607], [-76.62983, 39.2607], [-76.62983, 39.2607], [-76.62982, 39.26071], [-76.62982, 39.26071], [-76.62982, 39.26072], [-76.62982, 39.26072], [-76.62982, 39.26073], [-76.62982, 39.26073], [-76.62982, 39.26074], [-76.62981, 39.26074], [-76.62981, 39.26075], [-76.62981, 39.26075], [-76.62981, 39.26076], [-76.6298, 39.26077], [-76.6298, 39.26077], [-76.6298, 39.26078], [-76.6298, 39.26078], [-76.62979, 39.26079], [-76.62979, 39.2608], [-76.62979, 39.26081], [-76.62979, 39.26081], [-76.62978, 39.26082], [-76.62978, 39.26083], [-76.62978, 39.26083], [-76.62978, 39.26084], [-76.62978, 39.26084], [-76.62978, 39.26084], [-76.62977, 39.26084], [-76.62977, 39.26085], [-76.62977, 39.26085], [-76.62976, 39.26085], [-76.62976, 39.26085], [-76.62975, 39.26086], [-76.62975, 39.26086], [-76.62975, 39.26086], [-76.62975, 39.26087], [-76.62975, 39.26087], [-76.62976, 39.26088], [-76.62976, 39.26088], [-76.62977, 39.26088], [-76.62977, 39.26089], [-76.62978, 39.26089], [-76.62979, 39.26089], [-76.62979, 39.2609], [-76.6298, 39.2609], [-76.62981, 39.26091], [-76.62981, 39.26091], [-76.62982, 39.26091], [-76.62982, 39.26092], [-76.62982, 39.26092], [-76.62981, 39.26093], [-76.62981, 39.26093], [-76.62981, 39.26093], [-76.6298, 39.26093], [-76.62979, 39.26093], [-76.62979, 39.26093], [-76.62979, 39.26093], [-76.62978, 39.26093], [-76.62978, 39.26093], [-76.62977, 39.26093], [-76.62977, 39.26093], [-76.62976, 39.26092], [-76.62976, 39.26092], [-76.62976, 39.26092], [-76.62975, 39.26092], [-76.62974, 39.26092], [-76.62973, 39.26092], [-76.62972, 39.26092], [-76.62971, 39.26092], [-76.6297, 39.26092], [-76.6297, 39.26093], [-76.6297, 39.26095], [-76.62969, 39.26096], [-76.62969, 39.26097], [-76.62968, 39.26098], [-76.62968, 39.26098], [-76.62967, 39.26099], [-76.62967, 39.26102], [-76.62966, 39.26103], [-76.62966, 39.26104], [-76.62965, 39.26105], [-76.62964, 39.26107], [-76.62964, 39.26107], [-76.62963, 39.26108], [-76.62963, 39.26109], [-76.62962, 39.2611], [-76.62962, 39.2611], [-76.62962, 39.2611], [-76.62961, 39.26111], [-76.62961, 39.26111], [-76.62961, 39.26112], [-76.6296, 39.26112], [-76.6296, 39.26112], [-76.6296, 39.26113], [-76.6296, 39.26113], [-76.62959, 39.26114], [-76.62959, 39.26114], [-76.62958, 39.26115], [-76.62958, 39.26115], [-76.62958, 39.26116], [-76.62957, 39.26116], [-76.62957, 39.26117], [-76.62956, 39.26117], [-76.62955, 39.26118], [-76.62955, 39.26118], [-76.62954, 39.26119], [-76.62954, 39.26119], [-76.62953, 39.2612], [-76.62953, 39.26121], [-76.62953, 39.26121], [-76.62952, 39.26122], [-76.62952, 39.26122], [-76.62951, 39.26123], [-76.62951, 39.26124], [-76.62951, 39.26124], [-76.6295, 39.26125], [-76.6295, 39.26126], [-76.6295, 39.26126], [-76.62949, 39.26127], [-76.62949, 39.26128], [-76.62949, 39.26129], [-76.62948, 39.2613], [-76.62948, 39.2613], [-76.62948, 39.26131], [-76.62947, 39.26132], [-76.62947, 39.26132], [-76.62946, 39.26133], [-76.62946, 39.26134], [-76.62946, 39.26135], [-76.62945, 39.26135], [-76.62945, 39.26136], [-76.62945, 39.26137], [-76.62944, 39.26138], [-76.62944, 39.26138], [-76.62943, 39.26139], [-76.62943, 39.2614], [-76.62943, 39.2614], [-76.62943, 39.26141], [-76.62943, 39.26142], [-76.62943, 39.26143], [-76.62943, 39.26143], [-76.62942, 39.26144], [-76.62942, 39.26145], [-76.62942, 39.26145], [-76.62942, 39.26146], [-76.62941, 39.26147], [-76.62941, 39.26148], [-76.62941, 39.26149], [-76.6294, 39.26149], [-76.6294, 39.2615], [-76.6294, 39.26151], [-76.62939, 39.26152], [-76.62939, 39.26153], [-76.62938, 39.26154], [-76.62938, 39.26155], [-76.62938, 39.26156], [-76.62937, 39.26157], [-76.62937, 39.26157], [-76.62936, 39.26158], [-76.62935, 39.26159], [-76.62935, 39.2616], [-76.62935, 39.26161], [-76.62934, 39.26162], [-76.62934, 39.26163], [-76.62933, 39.26164], [-76.62933, 39.26165], [-76.62932, 39.26166], [-76.62932, 39.26167], [-76.62931, 39.26168], [-76.62931, 39.26168], [-76.62931, 39.26169], [-76.62931, 39.2617], [-76.6293, 39.26171], [-76.6293, 39.26172], [-76.6293, 39.26173], [-76.62929, 39.26174], [-76.62929, 39.26174], [-76.62929, 39.26175], [-76.62928, 39.26176], [-76.62928, 39.26178], [-76.62928, 39.26179], [-76.62927, 39.2618], [-76.62927, 39.26181], [-76.62926, 39.26181], [-76.62926, 39.26182], [-76.62926, 39.26183], [-76.62925, 39.26183], [-76.62925, 39.26184], [-76.62924, 39.26184], [-76.62923, 39.26184], [-76.62923, 39.26185], [-76.62923, 39.26186], [-76.62923, 39.26186], [-76.62923, 39.26187], [-76.62923, 39.26188], [-76.62923, 39.26188], [-76.62923, 39.26189], [-76.62923, 39.2619], [-76.62923, 39.2619], [-76.62923, 39.26191], [-76.62924, 39.26192], [-76.62924, 39.26192], [-76.62925, 39.26193], [-76.62925, 39.26194], [-76.62925, 39.26194], [-76.62926, 39.26195], [-76.62926, 39.26195], [-76.62926, 39.26196], [-76.62927, 39.26196], [-76.62927, 39.26197], [-76.62928, 39.26197], [-76.62928, 39.26197], [-76.62929, 39.26197], [-76.6293, 39.26197], [-76.6293, 39.26198], [-76.62931, 39.26198], [-76.62931, 39.26199], [-76.62932, 39.26199], [-76.62932, 39.26199], [-76.62933, 39.262], [-76.62934, 39.26201], [-76.62934, 39.26201], [-76.62935, 39.26202], [-76.62936, 39.26202], [-76.62936, 39.26203], [-76.62937, 39.26203], [-76.62938, 39.26204], [-76.62938, 39.26204], [-76.62939, 39.26204], [-76.6294, 39.26205], [-76.6294, 39.26205], [-76.6294, 39.26206], [-76.6294, 39.26207], [-76.62941, 39.26207], [-76.62941, 39.26208], [-76.62942, 39.26208], [-76.62942, 39.26209], [-76.62942, 39.26209], [-76.62943, 39.2621], [-76.62944, 39.2621], [-76.62945, 39.2621], [-76.62945, 39.2621], [-76.62946, 39.2621], [-76.62947, 39.2621], [-76.62947, 39.2621], [-76.62948, 39.26211], [-76.62949, 39.26211], [-76.62949, 39.26212], [-76.6295, 39.26212], [-76.62951, 39.26212], [-76.62952, 39.26212], [-76.62952, 39.26212], [-76.62953, 39.26212], [-76.62954, 39.26212], [-76.62955, 39.26213], [-76.62955, 39.26213], [-76.62956, 39.26214], [-76.62957, 39.26214], [-76.62958, 39.26215], [-76.62958, 39.26215], [-76.62958, 39.26216], [-76.62959, 39.26217], [-76.62959, 39.26218], [-76.62959, 39.26218], [-76.62959, 39.26219], [-76.62959, 39.2622], [-76.62959, 39.26221], [-76.62959, 39.26221], [-76.62959, 39.26222], [-76.62959, 39.26223], [-76.62959, 39.26224], [-76.62959, 39.26224], [-76.6296, 39.26225], [-76.6296, 39.26225], [-76.6296, 39.26226], [-76.62959, 39.26227], [-76.62958, 39.26227], [-76.62958, 39.26227], [-76.62957, 39.26228], [-76.62957, 39.26228], [-76.62956, 39.26229], [-76.62956, 39.26229], [-76.62956, 39.2623], [-76.62956, 39.2623], [-76.62956, 39.2623], [-76.62955, 39.2623], [-76.62955, 39.2623], [-76.62954, 39.2623], [-76.62953, 39.2623], [-76.62953, 39.2623], [-76.62952, 39.26231], [-76.62952, 39.26231], [-76.62951, 39.26231], [-76.6295, 39.26232], [-76.6295, 39.26232], [-76.6295, 39.26233], [-76.62949, 39.26234], [-76.62949, 39.26234], [-76.62949, 39.26235], [-76.62948, 39.26235], [-76.62947, 39.26235], [-76.62946, 39.26235], [-76.62946, 39.26236], [-76.62945, 39.26236], [-76.62945, 39.26237], [-76.62945, 39.26237], [-76.62945, 39.26238], [-76.62945, 39.26238], [-76.62944, 39.26238], [-76.62943, 39.26239], [-76.62943, 39.26239], [-76.62942, 39.2624], [-76.62941, 39.2624], [-76.62941, 39.26241], [-76.6294, 39.26241], [-76.62939, 39.26242], [-76.62937, 39.26244], [-76.62936, 39.26245], [-76.62936, 39.26245], [-76.62935, 39.26246], [-76.62934, 39.26247], [-76.62932, 39.26248], [-76.62931, 39.26248], [-76.6293, 39.26248], [-76.62929, 39.26249], [-76.62928, 39.26249], [-76.62928, 39.26249], [-76.62928, 39.2625], [-76.62927, 39.2625], [-76.62927, 39.2625], [-76.62926, 39.2625], [-76.62926, 39.26251], [-76.62926, 39.26251], [-76.62926, 39.26252], [-76.62926, 39.26252], [-76.62926, 39.26252], [-76.62925, 39.26253], [-76.62925, 39.26253], [-76.62924, 39.26253], [-76.62923, 39.26253], [-76.62923, 39.26254], [-76.62922, 39.26254], [-76.62922, 39.26254], [-76.62921, 39.26255], [-76.62921, 39.26255], [-76.6292, 39.26256], [-76.6292, 39.26256], [-76.6292, 39.26257], [-76.6292, 39.26257], [-76.6292, 39.26258], [-76.62921, 39.26258], [-76.62921, 39.26259], [-76.62921, 39.26259], [-76.62921, 39.26261], [-76.6292, 39.26262], [-76.6292, 39.26265], [-76.6292, 39.26267], [-76.6292, 39.26268], [-76.62919, 39.26269], [-76.62919, 39.26271], [-76.62919, 39.26272], [-76.62919, 39.26273], [-76.62919, 39.26274], [-76.62918, 39.26275], [-76.62918, 39.26276], [-76.62918, 39.26276], [-76.62918, 39.26277], [-76.62918, 39.26277], [-76.62917, 39.26277], [-76.62916, 39.26277], [-76.62915, 39.26277], [-76.62914, 39.26277], [-76.62914, 39.26278], [-76.62913, 39.26278], [-76.62913, 39.26278], [-76.62912, 39.26278], [-76.62912, 39.26279], [-76.62911, 39.26279], [-76.6291, 39.26279], [-76.62909, 39.26279], [-76.62909, 39.26279], [-76.62908, 39.2628], [-76.62908, 39.26281], [-76.62907, 39.26281], [-76.62907, 39.26282], [-76.62907, 39.26283], [-76.62906, 39.26284], [-76.62906, 39.26285], [-76.62905, 39.26286], [-76.62905, 39.26287], [-76.62905, 39.26287], [-76.62905, 39.26288], [-76.62905, 39.26289], [-76.62904, 39.26289], [-76.62904, 39.2629], [-76.62904, 39.2629], [-76.62904, 39.26291], [-76.62904, 39.26291], [-76.62904, 39.26292], [-76.62904, 39.26292], [-76.62904, 39.26293], [-76.62904, 39.26293], [-76.62904, 39.26294], [-76.62904, 39.26295], [-76.62903, 39.26295], [-76.62903, 39.26296], [-76.62903, 39.26296], [-76.62903, 39.26297], [-76.62902, 39.26298], [-76.62902, 39.26298], [-76.62902, 39.26299], [-76.62902, 39.26299], [-76.62902, 39.263], [-76.62901, 39.263], [-76.62901, 39.263], [-76.62901, 39.26301], [-76.62901, 39.26301], [-76.629, 39.26302], [-76.629, 39.26302], [-76.629, 39.26303], [-76.629, 39.26303], [-76.62899, 39.26304], [-76.62899, 39.26304], [-76.62899, 39.26305], [-76.62899, 39.26305], [-76.62899, 39.26306], [-76.62899, 39.26306], [-76.62899, 39.26307], [-76.62898, 39.26307], [-76.62898, 39.26308], [-76.62897, 39.26308], [-76.62897, 39.26309], [-76.62897, 39.2631], [-76.62896, 39.2631], [-76.62896, 39.26311], [-76.62896, 39.26311], [-76.62896, 39.26312], [-76.62895, 39.26312], [-76.62895, 39.26313], [-76.62895, 39.26313], [-76.62894, 39.26314], [-76.62894, 39.26314], [-76.62894, 39.26315], [-76.62894, 39.26316], [-76.62894, 39.26316], [-76.62893, 39.26316], [-76.62893, 39.26317], [-76.62892, 39.26317], [-76.62892, 39.26318], [-76.62892, 39.26318], [-76.62892, 39.26319], [-76.62891, 39.26319], [-76.62891, 39.2632], [-76.6289, 39.2632], [-76.62889, 39.26322], [-76.62889, 39.26322], [-76.62889, 39.26322], [-76.62889, 39.26323], [-76.62889, 39.26324], [-76.62889, 39.26324], [-76.62889, 39.26325], [-76.62889, 39.26325], [-76.62889, 39.26326], [-76.62889, 39.26326], [-76.6289, 39.26326], [-76.6289, 39.26327], [-76.6289, 39.26327], [-76.6289, 39.26328], [-76.62891, 39.26328], [-76.62891, 39.26329], [-76.62891, 39.2633], [-76.62891, 39.2633], [-76.6289, 39.26331], [-76.6289, 39.26332], [-76.6289, 39.26332], [-76.6289, 39.26333], [-76.6289, 39.26333], [-76.62889, 39.26334], [-76.62889, 39.26334], [-76.62889, 39.26335], [-76.62888, 39.26335], [-76.62888, 39.26336], [-76.62887, 39.26336], [-76.62886, 39.26337], [-76.62886, 39.26338], [-76.62886, 39.26338], [-76.62885, 39.26339], [-76.62885, 39.2634], [-76.62885, 39.26341], [-76.62884, 39.26341], [-76.62884, 39.26342], [-76.62884, 39.26342], [-76.62884, 39.26343], [-76.62884, 39.26343], [-76.62883, 39.26344], [-76.62883, 39.26344], [-76.62883, 39.26345], [-76.62882, 39.26345], [-76.62883, 39.26346], [-76.62883, 39.26346], [-76.62883, 39.26347], [-76.62883, 39.26347], [-76.62882, 39.26348], [-76.62882, 39.26348], [-76.62882, 39.2635], [-76.62889, 39.26355], [-76.62887, 39.26357], [-76.6288, 39.26353], [-76.62878, 39.26353], [-76.62877, 39.26354], [-76.62876, 39.26354], [-76.62875, 39.26354], [-76.62874, 39.26355], [-76.62874, 39.26355], [-76.62873, 39.26355], [-76.62872, 39.26355], [-76.62872, 39.26355], [-76.62871, 39.26356], [-76.6287, 39.26356], [-76.6287, 39.26356], [-76.62869, 39.26356], [-76.62869, 39.26356], [-76.62868, 39.26357], [-76.62867, 39.26357], [-76.62867, 39.26357], [-76.62866, 39.26357], [-76.62866, 39.26358], [-76.62865, 39.26358], [-76.62865, 39.26358], [-76.62864, 39.26358], [-76.62864, 39.26358], [-76.62864, 39.26359], [-76.62863, 39.26359], [-76.62862, 39.26359], [-76.62862, 39.2636], [-76.62862, 39.2636], [-76.62861, 39.26361], [-76.62861, 39.26361], [-76.6286, 39.26362], [-76.62852, 39.26359], [-76.62847, 39.26367], [-76.62853, 39.26369], [-76.62852, 39.2637], [-76.62852, 39.2637], [-76.62852, 39.26371], [-76.62852, 39.26371], [-76.62852, 39.26372], [-76.62851, 39.26373], [-76.6285, 39.26372], [-76.62849, 39.26373], [-76.62845, 39.26371], [-76.62834, 39.26389], [-76.62838, 39.26391], [-76.62838, 39.26391], [-76.6284, 39.26392], [-76.6284, 39.26392], [-76.62844, 39.26393], [-76.62848, 39.26386], [-76.62848, 39.26388], [-76.62848, 39.26389], [-76.62849, 39.26391], [-76.62849, 39.26392], [-76.62849, 39.26392], [-76.6285, 39.26393], [-76.6285, 39.26394], [-76.62851, 39.26394], [-76.62851, 39.26394], [-76.62845, 39.26403], [-76.6284, 39.26409], [-76.62834, 39.26407], [-76.62833, 39.26408], [-76.62826, 39.26406], [-76.62826, 39.26408], [-76.6282, 39.26405], [-76.62819, 39.26406], [-76.6282, 39.26406], [-76.62818, 39.26408], [-76.62818, 39.26408], [-76.62818, 39.26408], [-76.62818, 39.26409], [-76.62817, 39.2641], [-76.62817, 39.2641], [-76.62816, 39.26411], [-76.62816, 39.26411], [-76.62815, 39.26413], [-76.62815, 39.26413], [-76.62815, 39.26413], [-76.62815, 39.26414], [-76.62814, 39.26416], [-76.62814, 39.26415], [-76.62813, 39.26416], [-76.62825, 39.2642], [-76.62822, 39.26422], [-76.62821, 39.26423], [-76.6282, 39.26423], [-76.62819, 39.26424], [-76.62818, 39.26424], [-76.62818, 39.26425], [-76.62817, 39.26425], [-76.62816, 39.26426], [-76.62815, 39.26427], [-76.62814, 39.26427], [-76.62814, 39.26428], [-76.62813, 39.26429], [-76.62812, 39.26429], [-76.62812, 39.2643], [-76.62811, 39.26431], [-76.62811, 39.26431], [-76.62811, 39.26432], [-76.6281, 39.26433], [-76.6281, 39.26434], [-76.62809, 39.26434], [-76.62809, 39.26435], [-76.62808, 39.26436], [-76.62808, 39.26436], [-76.62808, 39.26437], [-76.62808, 39.26438], [-76.62807, 39.26438], [-76.62807, 39.26439], [-76.62806, 39.2644], [-76.62806, 39.2644], [-76.62805, 39.26441], [-76.62804, 39.26442], [-76.62804, 39.26442], [-76.62803, 39.26443], [-76.62803, 39.26443], [-76.628, 39.26442], [-76.62798, 39.26447], [-76.628, 39.26448], [-76.62799, 39.26448], [-76.62799, 39.26449], [-76.62798, 39.2645], [-76.62798, 39.26451], [-76.62797, 39.26452], [-76.62797, 39.26453], [-76.62796, 39.26454], [-76.62795, 39.26455], [-76.62795, 39.26456], [-76.62795, 39.26456], [-76.62794, 39.26457], [-76.62793, 39.26458], [-76.62793, 39.26458], [-76.62792, 39.26459], [-76.62792, 39.2646], [-76.62792, 39.26461], [-76.62791, 39.26462], [-76.62791, 39.26462], [-76.6279, 39.26463], [-76.6279, 39.26464], [-76.62789, 39.26465], [-76.62789, 39.26465], [-76.62788, 39.26465], [-76.62788, 39.26466], [-76.62788, 39.26466], [-76.62788, 39.26467], [-76.62787, 39.26467], [-76.62787, 39.26468], [-76.62786, 39.26468], [-76.62786, 39.26469], [-76.62785, 39.2647], [-76.62785, 39.2647], [-76.62784, 39.26471], [-76.62784, 39.26472], [-76.62784, 39.26472], [-76.62784, 39.26473], [-76.62784, 39.26474], [-76.62784, 39.26474], [-76.62785, 39.26475], [-76.62781, 39.26479], [-76.62781, 39.26479], [-76.6278, 39.26479], [-76.62779, 39.26479], [-76.62778, 39.2648], [-76.62777, 39.26481], [-76.62777, 39.26481], [-76.62777, 39.26482], [-76.62777, 39.26482], [-76.62777, 39.26483], [-76.62776, 39.26483], [-76.62776, 39.26484], [-76.62775, 39.26484], [-76.62774, 39.26483], [-76.62773, 39.26485], [-76.6277, 39.26489], [-76.62771, 39.2649], [-76.62771, 39.26491], [-76.62769, 39.2649], [-76.62768, 39.26494], [-76.62768, 39.26498], [-76.62766, 39.26499], [-76.62766, 39.26499], [-76.62765, 39.265], [-76.62764, 39.265], [-76.62764, 39.26501], [-76.62763, 39.26501], [-76.62762, 39.26501], [-76.62761, 39.26501], [-76.6276, 39.26501], [-76.62759, 39.26502], [-76.62759, 39.26502], [-76.62758, 39.26502], [-76.62758, 39.26503], [-76.62757, 39.26503], [-76.62757, 39.26504], [-76.62757, 39.26505], [-76.62756, 39.26506], [-76.62756, 39.26507], [-76.62725, 39.26513], [-76.62723, 39.26514], [-76.62723, 39.26515], [-76.62723, 39.26516], [-76.62724, 39.26516], [-76.62724, 39.26517], [-76.62724, 39.26518], [-76.62724, 39.26518], [-76.62723, 39.26519], [-76.62722, 39.26519], [-76.62721, 39.2652], [-76.62719, 39.2652], [-76.62718, 39.26521], [-76.62717, 39.26521], [-76.62717, 39.26521], [-76.62716, 39.26522], [-76.62715, 39.26523], [-76.62714, 39.26524], [-76.62714, 39.26525], [-76.62713, 39.26526], [-76.62713, 39.26527], [-76.62712, 39.26528], [-76.62712, 39.26528], [-76.62711, 39.26529], [-76.62711, 39.2653], [-76.6271, 39.2653], [-76.62709, 39.26531], [-76.62708, 39.26531], [-76.62708, 39.26532], [-76.62707, 39.26533], [-76.62707, 39.26534], [-76.62706, 39.26535], [-76.62706, 39.26536], [-76.62705, 39.26537], [-76.62705, 39.26538], [-76.62704, 39.26539], [-76.62704, 39.2654], [-76.62703, 39.26541], [-76.62703, 39.26541], [-76.62702, 39.26542], [-76.62702, 39.26543], [-76.62701, 39.26544], [-76.627, 39.26545], [-76.62699, 39.26545], [-76.62698, 39.26545], [-76.62697, 39.26546], [-76.62696, 39.26546], [-76.62696, 39.26547], [-76.62695, 39.26548], [-76.62695, 39.26549], [-76.62695, 39.2655], [-76.62695, 39.26551], [-76.62695, 39.26553], [-76.62695, 39.26554], [-76.62696, 39.26555], [-76.62696, 39.26556], [-76.62696, 39.26557], [-76.62696, 39.26558], [-76.62696, 39.26559], [-76.62696, 39.26559], [-76.62695, 39.2656], [-76.62695, 39.26561], [-76.62694, 39.26562], [-76.62693, 39.26563], [-76.62693, 39.26563], [-76.62692, 39.26564], [-76.62692, 39.26565], [-76.62692, 39.26565], [-76.62691, 39.26566], [-76.62691, 39.26567], [-76.62691, 39.26567], [-76.62691, 39.26568], [-76.6269, 39.26569], [-76.62689, 39.26569], [-76.62689, 39.2657], [-76.62688, 39.26571], [-76.62688, 39.26572], [-76.62687, 39.26576], [-76.62686, 39.26577], [-76.62686, 39.26578], [-76.62686, 39.26579], [-76.62686, 39.26579], [-76.62686, 39.2658], [-76.62685, 39.26581], [-76.62685, 39.26582], [-76.62685, 39.26582], [-76.62684, 39.26583], [-76.62684, 39.26584], [-76.62684, 39.26585], [-76.62685, 39.26586], [-76.62685, 39.26586], [-76.62685, 39.26587], [-76.62685, 39.26588], [-76.62686, 39.26589], [-76.62686, 39.26589], [-76.62686, 39.2659], [-76.62686, 39.26591], [-76.62686, 39.26591], [-76.62687, 39.26592], [-76.62687, 39.26593], [-76.62688, 39.26593], [-76.62688, 39.26594], [-76.62688, 39.26595], [-76.62688, 39.26596], [-76.62688, 39.26596], [-76.62688, 39.26597], [-76.62688, 39.26598], [-76.62689, 39.26599], [-76.62689, 39.26599], [-76.62689, 39.266], [-76.62689, 39.26601], [-76.62689, 39.26601], [-76.6269, 39.26602], [-76.6269, 39.26603], [-76.6269, 39.26603], [-76.6269, 39.26604], [-76.6269, 39.26605], [-76.62689, 39.26606], [-76.62689, 39.26606], [-76.62687, 39.26612], [-76.62687, 39.26613], [-76.62686, 39.26614], [-76.62685, 39.26615], [-76.62685, 39.26615], [-76.62685, 39.26616], [-76.62685, 39.26617], [-76.62685, 39.26618], [-76.62685, 39.26618], [-76.62685, 39.26619], [-76.62685, 39.2662], [-76.62685, 39.26621], [-76.62685, 39.26622], [-76.62685, 39.26622], [-76.62685, 39.26623], [-76.62684, 39.26624], [-76.62684, 39.26625], [-76.62684, 39.26625], [-76.62684, 39.26626], [-76.62684, 39.26627], [-76.62683, 39.26628], [-76.62683, 39.26628], [-76.62683, 39.26629], [-76.62683, 39.2663], [-76.62682, 39.26631], [-76.62682, 39.26631], [-76.62681, 39.26632], [-76.62681, 39.26633], [-76.6268, 39.26633], [-76.6268, 39.26634], [-76.6268, 39.26635], [-76.6268, 39.26635], [-76.6268, 39.26636], [-76.6268, 39.26637], [-76.62679, 39.26637], [-76.62678, 39.26638], [-76.62678, 39.26638], [-76.62677, 39.26638], [-76.62676, 39.26638], [-76.62675, 39.26638], [-76.62674, 39.26638], [-76.62673, 39.26641], [-76.62673, 39.26643], [-76.62671, 39.26645], [-76.62671, 39.26646], [-76.6267, 39.26646], [-76.62669, 39.26647], [-76.62669, 39.26647], [-76.62668, 39.26648], [-76.62667, 39.26649], [-76.62667, 39.26649], [-76.62666, 39.2665], [-76.62665, 39.2665], [-76.62664, 39.26651], [-76.62664, 39.26652], [-76.62663, 39.26652], [-76.62662, 39.26653], [-76.62662, 39.26653], [-76.62661, 39.26654], [-76.6266, 39.26654], [-76.6266, 39.26655], [-76.6266, 39.26656], [-76.6266, 39.26657], [-76.6266, 39.26657], [-76.62659, 39.26658], [-76.62659, 39.26658], [-76.62658, 39.26659], [-76.62657, 39.26659], [-76.62657, 39.26659], [-76.62656, 39.2666], [-76.62655, 39.2666], [-76.62655, 39.2666], [-76.62654, 39.26661], [-76.62653, 39.26661], [-76.62652, 39.26661], [-76.62652, 39.26661], [-76.62651, 39.26662], [-76.62651, 39.26663], [-76.6265, 39.26663], [-76.62649, 39.26663], [-76.62649, 39.26663], [-76.62648, 39.26664], [-76.62648, 39.26665], [-76.62647, 39.26665], [-76.62647, 39.26666], [-76.62646, 39.26667], [-76.62645, 39.26667], [-76.62645, 39.26668], [-76.62645, 39.26669], [-76.62644, 39.26669], [-76.62644, 39.2667], [-76.62643, 39.2667], [-76.62643, 39.26671], [-76.62643, 39.26672], [-76.62642, 39.26673], [-76.62642, 39.26674], [-76.62642, 39.26674], [-76.62641, 39.26675], [-76.62641, 39.26675], [-76.6264, 39.26675], [-76.6264, 39.26675], [-76.62639, 39.26675], [-76.62639, 39.26676], [-76.62639, 39.26677], [-76.62638, 39.26677], [-76.62638, 39.26678], [-76.62637, 39.26679], [-76.62637, 39.26679], [-76.62636, 39.2668], [-76.62636, 39.2668], [-76.62635, 39.26681], [-76.62635, 39.26681], [-76.62634, 39.26682], [-76.62634, 39.26683], [-76.62633, 39.26683], [-76.62633, 39.26684], [-76.62633, 39.26684], [-76.62633, 39.26685], [-76.62633, 39.26686], [-76.62633, 39.26686], [-76.62633, 39.26687], [-76.62632, 39.26687], [-76.62632, 39.26688], [-76.62631, 39.26689], [-76.62631, 39.26689], [-76.62631, 39.2669], [-76.62631, 39.2669], [-76.6263, 39.26691], [-76.6263, 39.26691], [-76.62629, 39.26692], [-76.62629, 39.26692], [-76.62628, 39.26693], [-76.62628, 39.26694], [-76.62627, 39.26694], [-76.62627, 39.26695], [-76.62627, 39.26696], [-76.62627, 39.26696], [-76.62627, 39.26697], [-76.62627, 39.26697], [-76.62627, 39.26698], [-76.62627, 39.26698], [-76.62627, 39.26699], [-76.62627, 39.267], [-76.62626, 39.267], [-76.62626, 39.267], [-76.62625, 39.26701], [-76.62624, 39.26701], [-76.62623, 39.26701], [-76.62623, 39.26701], [-76.62622, 39.26701], [-76.62622, 39.26702], [-76.62621, 39.26702], [-76.6262, 39.26702], [-76.62619, 39.26702], [-76.62619, 39.26702], [-76.62618, 39.26702], [-76.62617, 39.26703], [-76.62617, 39.26704], [-76.62617, 39.26704], [-76.62616, 39.26705], [-76.62616, 39.26705], [-76.62615, 39.26706], [-76.62615, 39.26707], [-76.62614, 39.26707], [-76.62614, 39.26708], [-76.62614, 39.26709], [-76.62613, 39.26709], [-76.62613, 39.2671], [-76.62612, 39.2671], [-76.62611, 39.2671], [-76.62611, 39.2671], [-76.6261, 39.26711], [-76.6261, 39.26711], [-76.62609, 39.26712], [-76.62608, 39.26712], [-76.62607, 39.26712], [-76.62607, 39.26713], [-76.62606, 39.26713], [-76.62605, 39.26714], [-76.62605, 39.26714], [-76.62604, 39.26715], [-76.62603, 39.26715], [-76.62602, 39.26715], [-76.62602, 39.26715], [-76.62601, 39.26715], [-76.626, 39.26715], [-76.62599, 39.26715], [-76.62599, 39.26716], [-76.62598, 39.26716], [-76.62597, 39.26716], [-76.62596, 39.26716], [-76.62596, 39.26716], [-76.62595, 39.26717], [-76.62595, 39.26717], [-76.62594, 39.26718], [-76.62594, 39.26718], [-76.62593, 39.26719], [-76.62593, 39.26719], [-76.62592, 39.2672], [-76.62592, 39.2672], [-76.62591, 39.2672], [-76.6259, 39.2672], [-76.62589, 39.2672], [-76.62589, 39.26719], [-76.62589, 39.26719], [-76.62588, 39.26719], [-76.62587, 39.26719], [-76.62587, 39.26719], [-76.62586, 39.26719], [-76.62586, 39.26719], [-76.62586, 39.26718], [-76.62585, 39.26717], [-76.62585, 39.26717], [-76.62585, 39.26716], [-76.62585, 39.26715], [-76.62585, 39.26715], [-76.62585, 39.26714], [-76.62584, 39.26714], [-76.62584, 39.26713], [-76.62583, 39.26713], [-76.62582, 39.26713], [-76.62582, 39.26713], [-76.62581, 39.26713], [-76.6258, 39.26713], [-76.62579, 39.26713], [-76.62578, 39.26713], [-76.62578, 39.26713], [-76.62577, 39.26712], [-76.62577, 39.26712], [-76.62576, 39.26712], [-76.62575, 39.26712], [-76.62574, 39.26713], [-76.62574, 39.26713], [-76.62574, 39.26713], [-76.62574, 39.26714], [-76.62573, 39.26714], [-76.62572, 39.26714], [-76.62572, 39.26714], [-76.62571, 39.26715], [-76.6257, 39.26715], [-76.6257, 39.26715], [-76.6257, 39.26716], [-76.62569, 39.26716], [-76.62569, 39.26717], [-76.62569, 39.26717], [-76.6257, 39.26718], [-76.6257, 39.26718], [-76.62571, 39.26719], [-76.62571, 39.26719], [-76.62571, 39.2672], [-76.62571, 39.26721], [-76.62571, 39.26721], [-76.62571, 39.26722], [-76.6257, 39.26722], [-76.62569, 39.26722], [-76.62569, 39.26722], [-76.62568, 39.26722], [-76.62568, 39.26722], [-76.62567, 39.26722], [-76.62566, 39.26722], [-76.62566, 39.26722], [-76.62565, 39.26722], [-76.62564, 39.26721], [-76.62564, 39.26721], [-76.62563, 39.26721], [-76.62563, 39.26722], [-76.62562, 39.26722], [-76.62561, 39.26723], [-76.6256, 39.26723], [-76.6256, 39.26723], [-76.62559, 39.26723], [-76.62559, 39.26723], [-76.62558, 39.26723], [-76.62558, 39.26723], [-76.62557, 39.26723], [-76.62556, 39.26723], [-76.62555, 39.26723], [-76.62554, 39.26723], [-76.62553, 39.26724], [-76.62552, 39.26725], [-76.62552, 39.26725], [-76.62552, 39.26727], [-76.62552, 39.26727], [-76.62552, 39.26727], [-76.62552, 39.26729], [-76.62552, 39.2673], [-76.62551, 39.2673], [-76.62551, 39.26731], [-76.6255, 39.26731], [-76.62549, 39.26731], [-76.62549, 39.26731], [-76.62548, 39.26731], [-76.62547, 39.26731], [-76.62546, 39.26732], [-76.62545, 39.26732], [-76.62545, 39.26732], [-76.62544, 39.26733], [-76.62543, 39.26733], [-76.62542, 39.26733], [-76.62541, 39.26733], [-76.6254, 39.26733], [-76.62538, 39.26733], [-76.62538, 39.26734], [-76.62537, 39.26734], [-76.62537, 39.26735], [-76.62536, 39.26736], [-76.62536, 39.26737], [-76.62535, 39.26738], [-76.62534, 39.26739], [-76.62533, 39.2674], [-76.62532, 39.26741], [-76.62531, 39.26742], [-76.62531, 39.26743], [-76.62531, 39.26744], [-76.62531, 39.26745], [-76.62531, 39.26747], [-76.62532, 39.26748], [-76.6254, 39.26752], [-76.62545, 39.26753], [-76.62552, 39.26755], [-76.62559, 39.26758], [-76.62564, 39.2676], [-76.62569, 39.26762], [-76.62574, 39.26765], [-76.62576, 39.26769], [-76.62577, 39.26772], [-76.62577, 39.26778], [-76.62577, 39.26778], [-76.62576, 39.2678], [-76.62574, 39.26782], [-76.62572, 39.26784], [-76.62569, 39.26789], [-76.62568, 39.2679], [-76.62567, 39.26791], [-76.62564, 39.26792], [-76.62562, 39.26793], [-76.62561, 39.26793], [-76.62559, 39.26793], [-76.62556, 39.26793], [-76.62552, 39.26792], [-76.62548, 39.26791], [-76.62544, 39.2679], [-76.62539, 39.26789], [-76.62537, 39.2679], [-76.62536, 39.2679], [-76.62535, 39.2679], [-76.62534, 39.26791], [-76.62534, 39.26791], [-76.62533, 39.26792], [-76.62531, 39.26793], [-76.6253, 39.26793], [-76.62529, 39.26792], [-76.62527, 39.26794], [-76.62526, 39.26794], [-76.62523, 39.26795], [-76.62522, 39.26795], [-76.62532, 39.26798], [-76.62544, 39.26801], [-76.62547, 39.26802], [-76.62553, 39.26804], [-76.62562, 39.26806], [-76.62573, 39.2681], [-76.62583, 39.26813], [-76.62591, 39.26815], [-76.62613, 39.26819], [-76.62653, 39.26828], [-76.6268, 39.2683], [-76.62706, 39.26833], [-76.62717, 39.26835], [-76.62738, 39.26838], [-76.6276, 39.26842], [-76.62791, 39.26848], [-76.62816, 39.26854], [-76.62816, 39.26854], [-76.6283, 39.26858], [-76.62866, 39.26866], [-76.62881, 39.2687], [-76.62894, 39.26873], [-76.62907, 39.26876], [-76.62916, 39.26877], [-76.62917, 39.26877], [-76.62918, 39.26877], [-76.62919, 39.26877], [-76.6292, 39.26877], [-76.6292, 39.26877], [-76.62921, 39.26877], [-76.62922, 39.26877], [-76.62922, 39.26877], [-76.62923, 39.26877], [-76.62924, 39.26877], [-76.62924, 39.26877], [-76.62925, 39.26877], [-76.62926, 39.26877], [-76.62927, 39.26877], [-76.62927, 39.26877], [-76.62928, 39.26877], [-76.62929, 39.26877], [-76.62929, 39.26877], [-76.6293, 39.26877], [-76.62931, 39.26877], [-76.62932, 39.26877], [-76.62932, 39.26877], [-76.62933, 39.26877], [-76.62934, 39.26877], [-76.62934, 39.26877], [-76.62935, 39.26877], [-76.62936, 39.26878], [-76.62936, 39.26878], [-76.62937, 39.26878], [-76.62938, 39.26878], [-76.62939, 39.26878], [-76.62939, 39.26878], [-76.6294, 39.26878], [-76.62941, 39.26878], [-76.62941, 39.26878], [-76.62942, 39.26879], [-76.62943, 39.26879], [-76.62943, 39.26879], [-76.62944, 39.26879], [-76.62945, 39.26879], [-76.62945, 39.26879], [-76.62946, 39.26879], [-76.62947, 39.2688], [-76.62947, 39.2688], [-76.62948, 39.2688], [-76.62949, 39.2688], [-76.62949, 39.2688], [-76.6295, 39.26881], [-76.62951, 39.26881], [-76.62951, 39.26881], [-76.62952, 39.26881], [-76.62953, 39.26881], [-76.62953, 39.26882], [-76.62954, 39.26882], [-76.62955, 39.26882], [-76.62955, 39.26882], [-76.62956, 39.26882], [-76.62957, 39.26883], [-76.62957, 39.26883], [-76.62958, 39.26883], [-76.62959, 39.26883], [-76.62959, 39.26884], [-76.6296, 39.26884], [-76.6296, 39.26884], [-76.62961, 39.26884], [-76.62962, 39.26884], [-76.62962, 39.26885], [-76.62963, 39.26885], [-76.62964, 39.26885], [-76.62964, 39.26885], [-76.62965, 39.26886], [-76.62966, 39.26886], [-76.62966, 39.26886], [-76.62967, 39.26886], [-76.62967, 39.26886], [-76.62968, 39.26887], [-76.62968, 39.26887], [-76.62969, 39.26887], [-76.62969, 39.26887], [-76.6297, 39.26887], [-76.62971, 39.26888], [-76.62971, 39.26888], [-76.62972, 39.26888], [-76.62973, 39.26888], [-76.62973, 39.26889], [-76.62974, 39.26889], [-76.62975, 39.26889], [-76.62975, 39.26889], [-76.62976, 39.26889], [-76.62977, 39.2689], [-76.62977, 39.2689], [-76.62978, 39.2689], [-76.62979, 39.2689], [-76.62979, 39.2689], [-76.6298, 39.26891]]]}, "properties": {"name": "Westport", "category": "Vacancy Reduction Priority Geography"}}, {"type": "Feature", "geometry": {"type": "Polygon", "coordinates": [[[-76.65296, 39.31853], [-76.65314, 39.31856], [-76.65328, 39.3186], [-76.65347, 39.31866], [-76.65366, 39.31872], [-76.65397, 39.31882], [-76.65441, 39.31896], [-76.65493, 39.31913], [-76.6554, 39.31927], [-76.65579, 39.31941], [-76.65595, 39.31933], [-76.6561, 39.31929], [-76.6566, 39.31917], [-76.65679, 39.3191], [-76.65688, 39.31907], [-76.65717, 39.31895], [-76.65741, 39.31883], [-76.6576, 39.31872], [-76.65767, 39.31869], [-76.65813, 39.31836], [-76.65837, 39.31815], [-76.65859, 39.31792], [-76.6588, 39.3177], [-76.65882, 39.31768], [-76.65893, 39.31757], [-76.659, 39.31749], [-76.65928, 39.31717], [-76.65934, 39.31709], [-76.65938, 39.317], [-76.65942, 39.3169], [-76.65943, 39.3168], [-76.65942, 39.31668], [-76.65933, 39.31648], [-76.65912, 39.31603], [-76.65897, 39.31568], [-76.65891, 39.3155], [-76.65916, 39.31541], [-76.6596, 39.31526], [-76.65977, 39.3152], [-76.65988, 39.31517], [-76.65996, 39.31514], [-76.66025, 39.31505], [-76.6605, 39.31499], [-76.66081, 39.31491], [-76.66096, 39.31488], [-76.6612, 39.31482], [-76.66156, 39.31475], [-76.66175, 39.31472], [-76.66193, 39.3147], [-76.66227, 39.31465], [-76.66256, 39.31461], [-76.66316, 39.31456], [-76.66345, 39.31455], [-76.66353, 39.31455], [-76.66438, 39.31452], [-76.6645, 39.31453], [-76.66485, 39.31451], [-76.66519, 39.31449], [-76.6656, 39.31447], [-76.66602, 39.31445], [-76.66611, 39.31444], [-76.66638, 39.31444], [-76.66671, 39.31442], [-76.66703, 39.31441], [-76.66771, 39.31439], [-76.66789, 39.31439], [-76.66963, 39.31432], [-76.67101, 39.31427], [-76.67125, 39.31427], [-76.67193, 39.31423], [-76.67267, 39.31422], [-76.6742, 39.31416], [-76.67443, 39.31416], [-76.6758, 39.31409], [-76.6765, 39.31407], [-76.67758, 39.31403], [-76.67781, 39.31401], [-76.6791, 39.31398], [-76.67946, 39.31396], [-76.68004, 39.31394], [-76.68011, 39.31394], [-76.68041, 39.31393], [-76.68077, 39.31392], [-76.68113, 39.31393], [-76.68143, 39.31398], [-76.68164, 39.31397], [-76.68178, 39.31396], [-76.68192, 39.31392], [-76.68197, 39.3139], [-76.68214, 39.31383], [-76.68229, 39.31374], [-76.68233, 39.31371], [-76.68247, 39.31359], [-76.68258, 39.31346], [-76.68268, 39.31334], [-76.68274, 39.31326], [-76.68331, 39.31326], [-76.68381, 39.31326], [-76.68425, 39.31327], [-76.68442, 39.31328], [-76.68462, 39.31328], [-76.68476, 39.31327], [-76.68492, 39.31319], [-76.6851, 39.31306], [-76.68522, 39.31295], [-76.68531, 39.31289], [-76.68544, 39.31282], [-76.68551, 39.31277], [-76.6855, 39.31276], [-76.68513, 39.31255], [-76.68504, 39.3125], [-76.68469, 39.31229], [-76.6844, 39.31213], [-76.6842, 39.312], [-76.68414, 39.31197], [-76.68404, 39.31192], [-76.68413, 39.31184], [-76.6842, 39.31177], [-76.68426, 39.31168], [-76.6843, 39.31159], [-76.68432, 39.3115], [-76.68431, 39.31142], [-76.68429, 39.31134], [-76.68425, 39.31123], [-76.6842, 39.3111], [-76.68417, 39.31102], [-76.68413, 39.31091], [-76.68411, 39.31081], [-76.6841, 39.31071], [-76.6841, 39.31061], [-76.68411, 39.3105], [-76.68412, 39.31036], [-76.68415, 39.31023], [-76.68418, 39.31011], [-76.68421, 39.30999], [-76.68424, 39.30988], [-76.68427, 39.30974], [-76.6843, 39.30961], [-76.68433, 39.30944], [-76.68434, 39.30929], [-76.68435, 39.30921], [-76.68439, 39.30912], [-76.68441, 39.30898], [-76.68443, 39.30883], [-76.68453, 39.30876], [-76.68457, 39.30873], [-76.68463, 39.3087], [-76.6847, 39.30864], [-76.68475, 39.30863], [-76.68478, 39.30859], [-76.68482, 39.30855], [-76.68486, 39.30853], [-76.68489, 39.3085], [-76.68492, 39.30848], [-76.68496, 39.30844], [-76.68498, 39.30842], [-76.685, 39.3084], [-76.68501, 39.30838], [-76.68503, 39.30834], [-76.68505, 39.30832], [-76.68506, 39.30826], [-76.68508, 39.30821], [-76.6851, 39.3081], [-76.68512, 39.30803], [-76.68513, 39.30798], [-76.68516, 39.30794], [-76.68517, 39.30791], [-76.6852, 39.30787], [-76.68522, 39.30782], [-76.68523, 39.30776], [-76.68526, 39.30771], [-76.68527, 39.30764], [-76.68527, 39.30757], [-76.68528, 39.30752], [-76.68528, 39.30748], [-76.68527, 39.30744], [-76.68526, 39.3074], [-76.68523, 39.30735], [-76.68519, 39.3073], [-76.68515, 39.30726], [-76.6851, 39.30722], [-76.68504, 39.30717], [-76.68497, 39.30712], [-76.68493, 39.30709], [-76.68488, 39.30707], [-76.68483, 39.30704], [-76.6848, 39.30702], [-76.68475, 39.307], [-76.68468, 39.30699], [-76.68462, 39.30699], [-76.68452, 39.30698], [-76.68441, 39.30698], [-76.68432, 39.30697], [-76.68426, 39.30697], [-76.68419, 39.30696], [-76.68411, 39.30694], [-76.68404, 39.30692], [-76.68387, 39.30687], [-76.68378, 39.30684], [-76.68366, 39.30681], [-76.68349, 39.30678], [-76.68337, 39.30676], [-76.6833, 39.30675], [-76.68321, 39.30674], [-76.68309, 39.30674], [-76.68291, 39.30675], [-76.68273, 39.30676], [-76.68256, 39.30677], [-76.68242, 39.30678], [-76.68226, 39.30678], [-76.6821, 39.30678], [-76.68199, 39.30679], [-76.68184, 39.30679], [-76.68169, 39.30679], [-76.68164, 39.30679], [-76.68159, 39.30679], [-76.6815, 39.30678], [-76.68142, 39.30677], [-76.68133, 39.30675], [-76.68124, 39.30672], [-76.68118, 39.3067], [-76.6811, 39.30667], [-76.681, 39.30664], [-76.68089, 39.30661], [-76.68075, 39.30657], [-76.68064, 39.30653], [-76.68058, 39.30651], [-76.6805, 39.30648], [-76.68042, 39.30645], [-76.68026, 39.30639], [-76.68017, 39.30635], [-76.68007, 39.30631], [-76.67996, 39.30625], [-76.67983, 39.3062], [-76.67974, 39.30615], [-76.67967, 39.30611], [-76.67963, 39.30607], [-76.67952, 39.306], [-76.67936, 39.30588], [-76.67932, 39.30586], [-76.6793, 39.30592], [-76.6792, 39.30688], [-76.67912, 39.30682], [-76.67899, 39.30673], [-76.67887, 39.30668], [-76.67874, 39.30664], [-76.67861, 39.30662], [-76.67841, 39.30663], [-76.67824, 39.30666], [-76.67807, 39.30668], [-76.6779, 39.3067], [-76.67765, 39.30675], [-76.67746, 39.30678], [-76.6774, 39.30679], [-76.6772, 39.30681], [-76.67701, 39.30681], [-76.67692, 39.3068], [-76.67681, 39.30677], [-76.6767, 39.30673], [-76.67651, 39.30665], [-76.67644, 39.30661], [-76.67635, 39.30656], [-76.67626, 39.30648], [-76.67618, 39.30639], [-76.67608, 39.30629], [-76.676, 39.3062], [-76.67587, 39.3061], [-76.67577, 39.30603], [-76.67568, 39.30597], [-76.67561, 39.30593], [-76.67556, 39.3059], [-76.6755, 39.30588], [-76.67542, 39.30588], [-76.67535, 39.30589], [-76.67513, 39.30597], [-76.67494, 39.30603], [-76.67458, 39.30614], [-76.67434, 39.30619], [-76.67408, 39.30629], [-76.67412, 39.3062], [-76.67413, 39.30608], [-76.67414, 39.3059], [-76.67412, 39.30572], [-76.67408, 39.30557], [-76.67404, 39.30543], [-76.67395, 39.30515], [-76.67387, 39.30492], [-76.67378, 39.30461], [-76.67369, 39.30433], [-76.67358, 39.30401], [-76.67352, 39.30382], [-76.6735, 39.30367], [-76.6735, 39.3035], [-76.67353, 39.30334], [-76.67355, 39.30321], [-76.67361, 39.30307], [-76.67365, 39.30297], [-76.67376, 39.30281], [-76.67394, 39.30257], [-76.67388, 39.30249], [-76.67383, 39.30242], [-76.67357, 39.30214], [-76.67328, 39.30182], [-76.67298, 39.30152], [-76.67267, 39.30124], [-76.67242, 39.30107], [-76.67225, 39.30095], [-76.67214, 39.30085], [-76.67207, 39.30074], [-76.67203, 39.30068], [-76.67184, 39.30039], [-76.67177, 39.3003], [-76.67167, 39.30021], [-76.67155, 39.30014], [-76.67146, 39.3001], [-76.671, 39.29995], [-76.67036, 39.29979], [-76.67015, 39.29975], [-76.66984, 39.29964], [-76.66972, 39.29959], [-76.66971, 39.29972], [-76.66969, 39.29985], [-76.66967, 39.29997], [-76.66964, 39.3001], [-76.6696, 39.30022], [-76.66929, 39.30088], [-76.6692, 39.30101], [-76.66911, 39.30114], [-76.669, 39.30127], [-76.66889, 39.30139], [-76.66877, 39.30151], [-76.66865, 39.30162], [-76.66852, 39.30173], [-76.66838, 39.30184], [-76.66823, 39.30194], [-76.66809, 39.30203], [-76.66793, 39.30212], [-76.66777, 39.30221], [-76.66761, 39.30228], [-76.66744, 39.30236], [-76.66726, 39.30242], [-76.66709, 39.30248], [-76.66598, 39.30277], [-76.66601, 39.30287], [-76.66602, 39.30288], [-76.66604, 39.30293], [-76.66604, 39.30293], [-76.66609, 39.30306], [-76.66611, 39.30312], [-76.66617, 39.30325], [-76.66624, 39.30347], [-76.66593, 39.30349], [-76.66566, 39.3035], [-76.66544, 39.30351], [-76.66537, 39.30352], [-76.66487, 39.30353], [-76.66412, 39.30356], [-76.66375, 39.30358], [-76.66373, 39.30359], [-76.66372, 39.3036], [-76.66364, 39.30356], [-76.66363, 39.30353], [-76.66354, 39.30346], [-76.66072, 39.30429], [-76.66057, 39.30436], [-76.66041, 39.30444], [-76.66026, 39.3045], [-76.6601, 39.30456], [-76.65993, 39.30462], [-76.65972, 39.30468], [-76.6595, 39.30473], [-76.65929, 39.30478], [-76.65907, 39.30482], [-76.65884, 39.30486], [-76.65862, 39.30489], [-76.6584, 39.30491], [-76.65817, 39.30493], [-76.65795, 39.30494], [-76.65772, 39.30494], [-76.65749, 39.30494], [-76.65728, 39.30492], [-76.65706, 39.3049], [-76.65685, 39.30486], [-76.65664, 39.30483], [-76.65643, 39.30478], [-76.65623, 39.30473], [-76.65602, 39.30467], [-76.65583, 39.3046], [-76.65563, 39.30453], [-76.65376, 39.3039], [-76.6521, 39.30347], [-76.65138, 39.30332], [-76.65073, 39.30322], [-76.65069, 39.30337], [-76.65057, 39.30337], [-76.65046, 39.30338], [-76.65026, 39.30344], [-76.65024, 39.30345], [-76.65017, 39.30348], [-76.65009, 39.30351], [-76.65003, 39.30356], [-76.64998, 39.3036], [-76.64991, 39.30367], [-76.64985, 39.30375], [-76.64982, 39.3038], [-76.64968, 39.30408], [-76.64972, 39.30478], [-76.64974, 39.30508], [-76.64974, 39.30516], [-76.64962, 39.30517], [-76.64921, 39.30518], [-76.64919, 39.30518], [-76.64875, 39.3052], [-76.64834, 39.30521], [-76.64789, 39.30523], [-76.64787, 39.30493], [-76.64787, 39.30481], [-76.64786, 39.30469], [-76.64785, 39.30445], [-76.64784, 39.30431], [-76.64783, 39.30414], [-76.64782, 39.30391], [-76.6478, 39.3036], [-76.64779, 39.30339], [-76.64777, 39.30305], [-76.64777, 39.30301], [-76.64775, 39.3028], [-76.64774, 39.3027], [-76.64774, 39.3026], [-76.64773, 39.30248], [-76.64772, 39.30239], [-76.64771, 39.30217], [-76.64771, 39.30211], [-76.6477, 39.30199], [-76.64767, 39.30154], [-76.64765, 39.30122], [-76.64765, 39.30111], [-76.64763, 39.3009], [-76.64762, 39.30058], [-76.64759, 39.30014], [-76.64759, 39.30004], [-76.64758, 39.29982], [-76.64756, 39.2995], [-76.64754, 39.29912], [-76.64754, 39.29906], [-76.64753, 39.29891], [-76.64752, 39.29873], [-76.64721, 39.29875], [-76.64676, 39.29876], [-76.64673, 39.29876], [-76.64642, 39.29878], [-76.64637, 39.29878], [-76.64585, 39.29879], [-76.64571, 39.2988], [-76.64522, 39.29882], [-76.64477, 39.29883], [-76.64435, 39.29885], [-76.64392, 39.29886], [-76.64366, 39.29887], [-76.64294, 39.2989], [-76.64247, 39.29891], [-76.6423, 39.29892], [-76.64224, 39.29892], [-76.64197, 39.29893], [-76.64154, 39.29894], [-76.64111, 39.29896], [-76.64106, 39.29896], [-76.64085, 39.29896], [-76.64013, 39.29899], [-76.6399, 39.299], [-76.63918, 39.29903], [-76.63871, 39.29905], [-76.63816, 39.29907], [-76.63799, 39.29908], [-76.63765, 39.29909], [-76.6373, 39.2991], [-76.63705, 39.29911], [-76.6365, 39.29913], [-76.63584, 39.29915], [-76.63511, 39.29917], [-76.6345, 39.29918], [-76.63444, 39.29908], [-76.63435, 39.29888], [-76.6342, 39.29856], [-76.63411, 39.29839], [-76.63403, 39.29824], [-76.63389, 39.298], [-76.63382, 39.29789], [-76.63368, 39.29767], [-76.63355, 39.29749], [-76.63344, 39.29729], [-76.63343, 39.29726], [-76.63322, 39.29687], [-76.63316, 39.29679], [-76.63308, 39.29663], [-76.63297, 39.29642], [-76.63294, 39.29637], [-76.63277, 39.29606], [-76.63266, 39.29588], [-76.63254, 39.29565], [-76.63238, 39.29537], [-76.63202, 39.29539], [-76.63164, 39.29541], [-76.63125, 39.29542], [-76.63089, 39.29543], [-76.6308, 39.29544], [-76.63082, 39.29576], [-76.63084, 39.29616], [-76.63086, 39.29652], [-76.63088, 39.29695], [-76.63086, 39.29695], [-76.63072, 39.29696], [-76.63068, 39.29696], [-76.63068, 39.29696], [-76.63062, 39.29699], [-76.63058, 39.297], [-76.63051, 39.29705], [-76.63043, 39.2971], [-76.63041, 39.29716], [-76.63038, 39.29721], [-76.63013, 39.29741], [-76.62993, 39.29757], [-76.62987, 39.29763], [-76.62976, 39.29771], [-76.62949, 39.29794], [-76.62928, 39.29811], [-76.6291, 39.29826], [-76.6287, 39.29859], [-76.62861, 39.29867], [-76.62852, 39.29859], [-76.62826, 39.29837], [-76.62794, 39.29811], [-76.62773, 39.29795], [-76.62768, 39.29791], [-76.62762, 39.29797], [-76.62746, 39.2981], [-76.62722, 39.2983], [-76.62698, 39.2985], [-76.62639, 39.29898], [-76.62615, 39.29918], [-76.62594, 39.29935], [-76.62576, 39.29949], [-76.6256, 39.29961], [-76.62529, 39.29936], [-76.62491, 39.29906], [-76.62453, 39.29875], [-76.62421, 39.29849], [-76.62403, 39.29835], [-76.62374, 39.29861], [-76.62357, 39.29876], [-76.62351, 39.29883], [-76.62341, 39.29893], [-76.62336, 39.29898], [-76.62324, 39.29912], [-76.62313, 39.29923], [-76.62292, 39.29947], [-76.62273, 39.29966], [-76.62256, 39.29982], [-76.62242, 39.29994], [-76.62223, 39.30009], [-76.62208, 39.3002], [-76.6219, 39.30035], [-76.62182, 39.30041], [-76.62174, 39.30047], [-76.62169, 39.30052], [-76.62165, 39.30055], [-76.62152, 39.30065], [-76.62131, 39.30083], [-76.6211, 39.30098], [-76.62088, 39.30113], [-76.62079, 39.3012], [-76.62054, 39.30138], [-76.62049, 39.30143], [-76.6204, 39.30153], [-76.62034, 39.30163], [-76.62031, 39.30175], [-76.62031, 39.302], [-76.62036, 39.30223], [-76.62041, 39.30247], [-76.62045, 39.30275], [-76.62052, 39.30298], [-76.62056, 39.30316], [-76.62057, 39.30328], [-76.62059, 39.30334], [-76.62063, 39.30357], [-76.62068, 39.30378], [-76.62075, 39.30421], [-76.62076, 39.30434], [-76.62077, 39.30441], [-76.62079, 39.30479], [-76.62079, 39.30481], [-76.62089, 39.30567], [-76.62092, 39.30594], [-76.62092, 39.30614], [-76.62092, 39.30616], [-76.62096, 39.30646], [-76.62099, 39.30672], [-76.62101, 39.30688], [-76.62102, 39.3071], [-76.621, 39.30724], [-76.62099, 39.30733], [-76.62097, 39.30742], [-76.62095, 39.30748], [-76.62093, 39.30755], [-76.6209, 39.30764], [-76.62086, 39.30776], [-76.62075, 39.30799], [-76.62059, 39.30833], [-76.62053, 39.30846], [-76.62046, 39.30859], [-76.62028, 39.30896], [-76.62021, 39.30912], [-76.6202, 39.30914], [-76.62015, 39.30924], [-76.62045, 39.30942], [-76.62075, 39.30961], [-76.62111, 39.30981], [-76.62156, 39.31008], [-76.62165, 39.31013], [-76.62207, 39.31036], [-76.62257, 39.31065], [-76.62281, 39.3108], [-76.62288, 39.31084], [-76.62299, 39.3109], [-76.62311, 39.31097], [-76.62341, 39.31114], [-76.62374, 39.31132], [-76.62395, 39.31145], [-76.62407, 39.3115], [-76.62433, 39.31165], [-76.62455, 39.31179], [-76.62474, 39.31194], [-76.62496, 39.31208], [-76.62512, 39.3122], [-76.62526, 39.31231], [-76.6254, 39.31243], [-76.62555, 39.31257], [-76.62569, 39.31272], [-76.62583, 39.31287], [-76.6259, 39.31294], [-76.626, 39.31305], [-76.62616, 39.31322], [-76.6263, 39.31337], [-76.62646, 39.31354], [-76.62686, 39.31394], [-76.62709, 39.31419], [-76.62734, 39.31446], [-76.62755, 39.31468], [-76.62785, 39.31503], [-76.62814, 39.31535], [-76.62831, 39.31553], [-76.6285, 39.31577], [-76.62863, 39.31595], [-76.62875, 39.31614], [-76.62888, 39.31637], [-76.62899, 39.31659], [-76.62912, 39.31685], [-76.62916, 39.31694], [-76.62921, 39.31706], [-76.62926, 39.31717], [-76.62935, 39.31713], [-76.62941, 39.3171], [-76.62953, 39.31703], [-76.62965, 39.31699], [-76.62971, 39.31696], [-76.6298, 39.31693], [-76.62987, 39.31691], [-76.63, 39.31688], [-76.63005, 39.31687], [-76.63026, 39.31684], [-76.63039, 39.31683], [-76.63064, 39.31681], [-76.63087, 39.31681], [-76.63111, 39.3168], [-76.63136, 39.31681], [-76.63166, 39.31682], [-76.63199, 39.31683], [-76.63225, 39.31686], [-76.6326, 39.31687], [-76.63262, 39.31699], [-76.63289, 39.31702], [-76.63317, 39.31704], [-76.63347, 39.31705], [-76.63371, 39.31707], [-76.63392, 39.31709], [-76.63397, 39.31709], [-76.6342, 39.31707], [-76.63452, 39.31705], [-76.63482, 39.31704], [-76.63514, 39.31702], [-76.63551, 39.31702], [-76.6361, 39.31704], [-76.63618, 39.31704], [-76.63638, 39.31704], [-76.63665, 39.31703], [-76.63691, 39.317], [-76.63712, 39.31697], [-76.63732, 39.31687], [-76.63754, 39.31677], [-76.63777, 39.31668], [-76.63802, 39.31658], [-76.63826, 39.31651], [-76.63842, 39.31644], [-76.63917, 39.31603], [-76.63941, 39.31592], [-76.63962, 39.31583], [-76.63987, 39.31575], [-76.64005, 39.31571], [-76.64027, 39.31567], [-76.64052, 39.31565], [-76.64081, 39.31564], [-76.64148, 39.31563], [-76.64202, 39.31565], [-76.64244, 39.31565], [-76.64268, 39.31566], [-76.64289, 39.31571], [-76.64313, 39.31579], [-76.6435, 39.31594], [-76.64357, 39.31575], [-76.64381, 39.31553], [-76.6441, 39.31526], [-76.6443, 39.31507], [-76.64432, 39.31506], [-76.64453, 39.31485], [-76.64454, 39.31484], [-76.64474, 39.31467], [-76.64479, 39.31462], [-76.64507, 39.31436], [-76.64525, 39.31418], [-76.64533, 39.31411], [-76.64543, 39.31402], [-76.64558, 39.31389], [-76.64578, 39.3137], [-76.64582, 39.31366], [-76.64592, 39.31356], [-76.64603, 39.31346], [-76.64625, 39.31325], [-76.64623, 39.31318], [-76.64627, 39.31315], [-76.64636, 39.31321], [-76.6466, 39.31339], [-76.64672, 39.31348], [-76.64695, 39.31368], [-76.64725, 39.31392], [-76.64765, 39.31426], [-76.64799, 39.31454], [-76.64819, 39.31476], [-76.64829, 39.31485], [-76.64845, 39.31499], [-76.6487, 39.31521], [-76.649, 39.31545], [-76.64908, 39.31553], [-76.6493, 39.3157], [-76.64943, 39.31581], [-76.64976, 39.31608], [-76.64989, 39.31618], [-76.65011, 39.31635], [-76.65012, 39.31636], [-76.65029, 39.31651], [-76.65048, 39.31668], [-76.65061, 39.31679], [-76.65085, 39.317], [-76.651, 39.31711], [-76.65106, 39.31716], [-76.65122, 39.31729], [-76.65132, 39.31736], [-76.65139, 39.31745], [-76.65142, 39.31748], [-76.65145, 39.31754], [-76.65148, 39.31757], [-76.65169, 39.31774], [-76.65189, 39.3179], [-76.65207, 39.31806], [-76.6522, 39.31819], [-76.65227, 39.31829], [-76.65238, 39.31845], [-76.65249, 39.31857], [-76.65265, 39.31853], [-76.65277, 39.31852], [-76.65296, 39.31853]]]}, "properties": {"name": "WNADA", "category": "Vacancy Reduction Priority Geography"}}, {"type": "Feature", "geometry": {"type": "Polygon", "coordinates": [[[-76.67696, 39.2939], [-76.67659, 39.29391], [-76.67639, 39.29392], [-76.67554, 39.29395], [-76.67419, 39.29399], [-76.67413, 39.29399], [-76.67316, 39.29404], [-76.67276, 39.29405], [-76.67276, 39.29417], [-76.67276, 39.29424], [-76.67276, 39.29431], [-76.67275, 39.29451], [-76.67277, 39.29469], [-76.67277, 39.29476], [-76.67279, 39.29504], [-76.6728, 39.29533], [-76.67282, 39.2954], [-76.67286, 39.29612], [-76.67287, 39.29629], [-76.67286, 39.29644], [-76.67287, 39.29648], [-76.67291, 39.29653], [-76.67296, 39.29659], [-76.67321, 39.29677], [-76.67351, 39.29697], [-76.67365, 39.29706], [-76.67383, 39.29717], [-76.67415, 39.29737], [-76.67444, 39.29747], [-76.67448, 39.29748], [-76.67456, 39.2975], [-76.67498, 39.29763], [-76.6753, 39.29773], [-76.6754, 39.29775], [-76.67558, 39.29777], [-76.67574, 39.29774], [-76.67594, 39.29764], [-76.67613, 39.29748], [-76.67613, 39.29748], [-76.67712, 39.2967], [-76.67775, 39.29649], [-76.67819, 39.29619], [-76.67854, 39.2959], [-76.67949, 39.2956], [-76.67988, 39.29559], [-76.67981, 39.29429], [-76.67977, 39.29391], [-76.67976, 39.29379], [-76.67964, 39.2938], [-76.6796, 39.2938], [-76.67837, 39.29385], [-76.67728, 39.29389], [-76.67722, 39.2939], [-76.67711, 39.29389], [-76.67696, 39.2939]]]}, "properties": {"name": "Edgewood Strategic Blocks", "category": "Vacancy Reduction Priority Geography"}}, {"type": "Feature", "geometry": {"type": "Polygon", "coordinates": [[[-76.64479, 39.31463], [-76.64474, 39.31467], [-76.64456, 39.31484], [-76.64454, 39.31485], [-76.64454, 39.31486], [-76.64435, 39.31504], [-76.64444, 39.31512], [-76.64483, 39.31548], [-76.64563, 39.31496], [-76.64503, 39.31441], [-76.64479, 39.31463]]]}, "properties": {"name": "Auchentoroly-Parkwood Strategic Blocks", "category": "Vacancy Reduction Priority Geography"}}, {"type": "Feature", "geometry": {"type": "MultiPolygon", "coordinates": [[[[-76.6472, 39.29293], [-76.64756, 39.29292], [-76.64793, 39.29291], [-76.64823, 39.29289], [-76.64853, 39.29286], [-76.64873, 39.29285], [-76.64894, 39.29285], [-76.64953, 39.29282], [-76.6498, 39.29281], [-76.65033, 39.2928], [-76.65074, 39.29278], [-76.6513, 39.29277], [-76.65174, 39.29276], [-76.65192, 39.29276], [-76.65213, 39.29277], [-76.6524, 39.29281], [-76.65267, 39.29287], [-76.65291, 39.29293], [-76.65332, 39.29303], [-76.6535, 39.29308], [-76.65377, 39.29286], [-76.65431, 39.29253], [-76.65617, 39.29156], [-76.66002, 39.28951], [-76.65996, 39.28939], [-76.6598, 39.28903], [-76.65977, 39.28899], [-76.65976, 39.28897], [-76.65975, 39.28896], [-76.65746, 39.2902], [-76.65728, 39.29021], [-76.65647, 39.29024], [-76.65573, 39.29027], [-76.6557, 39.28974], [-76.65555, 39.28778], [-76.65315, 39.28788], [-76.65287, 39.2879], [-76.65245, 39.28791], [-76.65156, 39.28795], [-76.65143, 39.28796], [-76.65105, 39.28797], [-76.65021, 39.28801], [-76.65007, 39.28802], [-76.65006, 39.28802], [-76.64984, 39.28803], [-76.64919, 39.28806], [-76.6487, 39.28808], [-76.64867, 39.28808], [-76.64821, 39.28811], [-76.64756, 39.28814], [-76.64707, 39.28816], [-76.64694, 39.28816], [-76.64694, 39.28817], [-76.64696, 39.28855], [-76.64696, 39.28857], [-76.64697, 39.2886], [-76.64698, 39.28889], [-76.64699, 39.28905], [-76.647, 39.28916], [-76.647, 39.28918], [-76.64702, 39.28948], [-76.64703, 39.28971], [-76.64703, 39.28981], [-76.64704, 39.29007], [-76.64705, 39.29012], [-76.64706, 39.29038], [-76.64706, 39.29038], [-76.64706, 39.29039], [-76.64707, 39.29056], [-76.64707, 39.29056], [-76.64707, 39.2907], [-76.64708, 39.29087], [-76.64711, 39.29128], [-76.64712, 39.29162], [-76.64715, 39.292], [-76.64716, 39.29224], [-76.64717, 39.29246], [-76.64718, 39.29262], [-76.64719, 39.29281], [-76.6472, 39.29293], [-76.6472, 39.29293]]], [[[-76.6472, 39.29293], [-76.64679, 39.29295], [-76.64678, 39.29295], [-76.64678, 39.29295], [-76.64679, 39.29295], [-76.6472, 39.29294], [-76.6472, 39.29293]]]]}, "properties": {"name": "Penrose/Fayette Street Outreach Strategic Blocks", "category": "Vacancy Reduction Priority Geography"}}, {"type": "Feature", "geometry": {"type": "Polygon", "coordinates": [[[-76.65616, 39.28776], [-76.65555, 39.28778], [-76.65573, 39.29027], [-76.65746, 39.2902], [-76.65977, 39.28895], [-76.65883, 39.28764], [-76.66008, 39.28759], [-76.66017, 39.28722], [-76.66021, 39.28704], [-76.66019, 39.28705], [-76.66017, 39.28705], [-76.66016, 39.28705], [-76.66014, 39.28705], [-76.66012, 39.28705], [-76.6601, 39.28705], [-76.66009, 39.28705], [-76.66007, 39.28704], [-76.66006, 39.28704], [-76.66002, 39.28702], [-76.65998, 39.28699], [-76.65995, 39.28697], [-76.65992, 39.28694], [-76.65984, 39.28687], [-76.65981, 39.28675], [-76.65976, 39.28666], [-76.6595, 39.28647], [-76.65937, 39.28637], [-76.65936, 39.28635], [-76.65934, 39.28632], [-76.65932, 39.28628], [-76.65926, 39.28619], [-76.6592, 39.28609], [-76.65917, 39.2861], [-76.65917, 39.28609], [-76.65916, 39.28605], [-76.65913, 39.28593], [-76.6591, 39.28593], [-76.659, 39.28581], [-76.65891, 39.28569], [-76.65906, 39.28545], [-76.65906, 39.28544], [-76.65911, 39.28532], [-76.65917, 39.28519], [-76.6582, 39.28536], [-76.65813, 39.28537], [-76.65781, 39.28422], [-76.65733, 39.28248], [-76.65727, 39.28252], [-76.65628, 39.28316], [-76.65593, 39.28339], [-76.6555, 39.28367], [-76.65519, 39.28388], [-76.65496, 39.28402], [-76.6548, 39.28409], [-76.65466, 39.28415], [-76.65453, 39.2842], [-76.65393, 39.28441], [-76.65382, 39.28445], [-76.65346, 39.28457], [-76.65346, 39.28457], [-76.65315, 39.28468], [-76.65304, 39.28471], [-76.65271, 39.28483], [-76.65264, 39.28486], [-76.65259, 39.28487], [-76.65258, 39.28488], [-76.65239, 39.28495], [-76.65228, 39.285], [-76.65225, 39.28501], [-76.65222, 39.28502], [-76.65218, 39.28503], [-76.65214, 39.28505], [-76.65192, 39.28509], [-76.65168, 39.28518], [-76.65133, 39.28531], [-76.65081, 39.28547], [-76.65063, 39.28553], [-76.65061, 39.28554], [-76.65061, 39.28554], [-76.65055, 39.28556], [-76.65029, 39.28565], [-76.65028, 39.28566], [-76.65052, 39.28581], [-76.65056, 39.28583], [-76.65056, 39.28583], [-76.65059, 39.28585], [-76.65079, 39.28598], [-76.6509, 39.28605], [-76.65102, 39.28612], [-76.65153, 39.28644], [-76.6518, 39.28661], [-76.65228, 39.2869], [-76.65235, 39.28694], [-76.65296, 39.28674], [-76.65299, 39.28673], [-76.65296, 39.28668], [-76.65229, 39.28535], [-76.65283, 39.28517], [-76.65283, 39.28516], [-76.65277, 39.28505], [-76.6527, 39.28493], [-76.6527, 39.28493], [-76.6527, 39.28493], [-76.65268, 39.28489], [-76.65384, 39.28449], [-76.65466, 39.28643], [-76.6549, 39.2867], [-76.65492, 39.28672], [-76.65498, 39.28679], [-76.65534, 39.28677], [-76.65554, 39.28676], [-76.656, 39.28674], [-76.65611, 39.28673], [-76.65616, 39.28776]]]}, "properties": {"name": "Shipley Hill Strategic Blocks", "category": "Vacancy Reduction Priority Geography"}}, {"type": "Feature", "geometry": {"type": "MultiPolygon", "coordinates": [[[[-76.595, 39.31214], [-76.59522, 39.31212], [-76.59525, 39.31212], [-76.5954, 39.31212], [-76.59586, 39.3121], [-76.59632, 39.31207], [-76.5967, 39.31204], [-76.59704, 39.31205], [-76.59757, 39.31202], [-76.59774, 39.31201], [-76.59776, 39.31201], [-76.59793, 39.312], [-76.59808, 39.31199], [-76.59845, 39.31197], [-76.59905, 39.31194], [-76.59936, 39.31193], [-76.59973, 39.31191], [-76.60016, 39.31189], [-76.60064, 39.31187], [-76.60072, 39.31187], [-76.60087, 39.31186], [-76.60109, 39.31185], [-76.6012, 39.31184], [-76.60169, 39.31182], [-76.60189, 39.31181], [-76.60226, 39.31179], [-76.60262, 39.31177], [-76.60279, 39.31177], [-76.60284, 39.31177], [-76.60289, 39.31177], [-76.60312, 39.31175], [-76.60324, 39.31175], [-76.60366, 39.31173], [-76.60409, 39.31171], [-76.60409, 39.31157], [-76.60409, 39.31158], [-76.60375, 39.3064], [-76.60373, 39.30606], [-76.6037, 39.30606], [-76.6037, 39.30606], [-76.60369, 39.30597], [-76.60369, 39.30591], [-76.60367, 39.30559], [-76.60364, 39.30527], [-76.60364, 39.3051], [-76.60364, 39.30501], [-76.60364, 39.305], [-76.60361, 39.30471], [-76.6036, 39.30444], [-76.60358, 39.30426], [-76.60358, 39.30423], [-76.60358, 39.30421], [-76.60358, 39.30417], [-76.60357, 39.30402], [-76.60357, 39.30394], [-76.60357, 39.30393], [-76.6031, 39.30395], [-76.60286, 39.30396], [-76.60218, 39.304], [-76.60217, 39.304], [-76.60196, 39.30463], [-76.60184, 39.30499], [-76.60178, 39.30517], [-76.60174, 39.30525], [-76.60168, 39.30539], [-76.60161, 39.30551], [-76.60148, 39.3057], [-76.60134, 39.30587], [-76.60121, 39.30602], [-76.6011, 39.30616], [-76.59464, 39.30639], [-76.59467, 39.30686], [-76.59468, 39.30691], [-76.59469, 39.30712], [-76.59471, 39.30747], [-76.59474, 39.308], [-76.59476, 39.30825], [-76.59476, 39.30829], [-76.59476, 39.30829], [-76.59477, 39.30841], [-76.59478, 39.30855], [-76.59478, 39.30862], [-76.59478, 39.30869], [-76.5948, 39.30895], [-76.59481, 39.30922], [-76.59483, 39.3096], [-76.59483, 39.30961], [-76.59485, 39.30974], [-76.59488, 39.3103], [-76.5949, 39.31066], [-76.59491, 39.31071], [-76.59491, 39.3108], [-76.59492, 39.31091], [-76.59493, 39.31104], [-76.59494, 39.31124], [-76.59496, 39.31143], [-76.59497, 39.31162], [-76.59497, 39.31165], [-76.59498, 39.31176], [-76.59498, 39.31203], [-76.595, 39.31214], [-76.595, 39.31214]]], [[[-76.595, 39.31214], [-76.59499, 39.31214], [-76.595, 39.31215], [-76.595, 39.31214]]]]}, "properties": {"name": "Oliver Strategic Blocks", "category": "Vacancy Reduction Priority Geography"}}, {"type": "Feature", "geometry": {"type": "Polygon", "coordinates": [[[-76.57056, 39.29596], [-76.57065, 39.29718], [-76.57069, 39.29818], [-76.57513, 39.29802], [-76.57511, 39.29772], [-76.57549, 39.29772], [-76.57547, 39.29735], [-76.57545, 39.29712], [-76.57547, 39.29701], [-76.57539, 39.29588], [-76.5753, 39.29588], [-76.57522, 39.29588], [-76.57356, 39.29549], [-76.57077, 39.29592], [-76.57056, 39.29586], [-76.57056, 39.29596]]]}, "properties": {"name": "Ellwood Park/Monument Strategic Blocks", "category": "Vacancy Reduction Priority Geography"}}, {"type": "Feature", "geometry": {"type": "Polygon", "coordinates": [[[-76.662, 39.29844], [-76.66291, 39.29839], [-76.66392, 39.29834], [-76.66392, 39.2981], [-76.66509, 39.29805], [-76.66512, 39.29805], [-76.66512, 39.29804], [-76.66511, 39.29796], [-76.66509, 39.29772], [-76.66509, 39.29761], [-76.66507, 39.29738], [-76.66507, 39.29714], [-76.66505, 39.29682], [-76.66505, 39.29669], [-76.66503, 39.29642], [-76.66502, 39.29623], [-76.665, 39.29589], [-76.66499, 39.2958], [-76.66146, 39.29591], [-76.66114, 39.29591], [-76.66115, 39.29609], [-76.66023, 39.29612], [-76.66025, 39.29641], [-76.65956, 39.29645], [-76.6595, 39.29646], [-76.65951, 39.29676], [-76.65953, 39.29712], [-76.65958, 39.29796], [-76.65959, 39.29829], [-76.66201, 39.29815], [-76.662, 39.29844]]]}, "properties": {"name": "Mosher Strategic Blocks", "category": "Vacancy Reduction Priority Geography"}}, {"type": "Feature", "geometry": {"type": "Polygon", "coordinates": [[[-76.67276, 39.29405], [-76.67316, 39.29404], [-76.67413, 39.29399], [-76.67419, 39.29399], [-76.67554, 39.29395], [-76.67639, 39.29392], [-76.67659, 39.29391], [-76.67696, 39.2939], [-76.67711, 39.29389], [-76.67722, 39.2939], [-76.67728, 39.29389], [-76.67837, 39.29385], [-76.6796, 39.2938], [-76.67964, 39.2938], [-76.67976, 39.29379], [-76.68063, 39.29377], [-76.68069, 39.29376], [-76.6812, 39.29375], [-76.68131, 39.29374], [-76.6816, 39.29373], [-76.68168, 39.29373], [-76.68262, 39.2937], [-76.6827, 39.2937], [-76.68336, 39.29367], [-76.68347, 39.29367], [-76.68392, 39.29365], [-76.68395, 39.29365], [-76.68386, 39.29228], [-76.68248, 39.29162], [-76.68053, 39.29163], [-76.68036, 39.29172], [-76.67935, 39.29174], [-76.67635, 39.29183], [-76.67478, 39.29184], [-76.6742, 39.29178], [-76.67264, 39.29182], [-76.67262, 39.29182], [-76.67263, 39.29184], [-76.67264, 39.29223], [-76.67265, 39.29253], [-76.67266, 39.29283], [-76.67267, 39.29301], [-76.67268, 39.29333], [-76.67274, 39.29384], [-76.67276, 39.29405]]]}, "properties": {"name": "Allendale Strategic Blocks", "category": "Vacancy Reduction Priority Geography"}}, {"type": "Feature", "geometry": {"type": "Polygon", "coordinates": [[[-76.68111, 39.29564], [-76.68132, 39.29563], [-76.68384, 39.29551], [-76.68407, 39.2955], [-76.68408, 39.2955], [-76.68395, 39.29365], [-76.68392, 39.29365], [-76.68347, 39.29367], [-76.68336, 39.29367], [-76.6827, 39.2937], [-76.68262, 39.2937], [-76.68168, 39.29373], [-76.6816, 39.29373], [-76.68131, 39.29374], [-76.6812, 39.29375], [-76.68069, 39.29376], [-76.68063, 39.29377], [-76.67976, 39.29379], [-76.67977, 39.29391], [-76.67981, 39.29429], [-76.67988, 39.29559], [-76.6803, 39.29558], [-76.68111, 39.29564]]]}, "properties": {"name": "Edmondson Village Strategic Blocks", "category": "Vacancy Reduction Priority Geography"}}, {"type": "Feature", "geometry": {"type": "Polygon", "coordinates": [[[-76.58213, 39.30372], [-76.58216, 39.30479], [-76.58267, 39.30477], [-76.5826, 39.3037], [-76.58213, 39.30372]]]}, "properties": {"name": "Biddle Street Strategic Blocks", "category": "Vacancy Reduction Priority Geography"}}, {"type": "Feature", "geometry": {"type": "Polygon", "coordinates": [[[-76.5823, 39.30982], [-76.5823, 39.30983], [-76.58231, 39.31066], [-76.58233, 39.3127], [-76.58251, 39.31269], [-76.5831, 39.31266], [-76.5831, 39.31265], [-76.58309, 39.3125], [-76.58308, 39.31224], [-76.58308, 39.31222], [-76.58307, 39.31217], [-76.58307, 39.31209], [-76.58306, 39.31196], [-76.58306, 39.31193], [-76.58305, 39.31192], [-76.58305, 39.31192], [-76.58305, 39.31191], [-76.58305, 39.31188], [-76.58302, 39.31143], [-76.58302, 39.31137], [-76.583, 39.31113], [-76.58299, 39.31084], [-76.58295, 39.31006], [-76.5829, 39.30896], [-76.58289, 39.30858], [-76.58288, 39.30843], [-76.58287, 39.3081], [-76.58286, 39.30795], [-76.58285, 39.30775], [-76.58284, 39.30762], [-76.58282, 39.30741], [-76.58281, 39.30728], [-76.58281, 39.30721], [-76.5828, 39.30699], [-76.58279, 39.30689], [-76.58279, 39.30689], [-76.58277, 39.30646], [-76.58267, 39.30477], [-76.58216, 39.30479], [-76.58126, 39.30482], [-76.58136, 39.3064], [-76.58096, 39.30641], [-76.58095, 39.30619], [-76.58032, 39.30622], [-76.58032, 39.30621], [-76.57993, 39.30623], [-76.57995, 39.30648], [-76.58033, 39.30646], [-76.58035, 39.3067], [-76.58098, 39.30667], [-76.58097, 39.30646], [-76.58137, 39.30645], [-76.5814, 39.30694], [-76.58157, 39.30969], [-76.58224, 39.30968], [-76.5823, 39.30968], [-76.5823, 39.30982]]]}, "properties": {"name": "Berea Strategic Blocks", "category": "Vacancy Reduction Priority Geography"}}, {"type": "Feature", "geometry": {"type": "Polygon", "coordinates": [[[-76.58141, 39.3013], [-76.58145, 39.30187], [-76.58177, 39.30185], [-76.58173, 39.30129], [-76.58141, 39.3013]]]}, "properties": {"name": "Milton-Montford Strategic Blocks", "category": "Vacancy Reduction Priority Geography"}}, {"type": "Feature", "geometry": {"type": "Polygon", "coordinates": [[[-76.57857, 39.30081], [-76.5792, 39.30078], [-76.57917, 39.30033], [-76.57854, 39.30035], [-76.57857, 39.30081]]]}, "properties": {"name": "Madison-Eastend Strategic Blocks", "category": "Vacancy Reduction Priority Geography"}}, {"type": "Feature", "geometry": {"type": "Polygon", "coordinates": [[[-76.58044, 39.31493], [-76.57446, 39.31499], [-76.57446, 39.31563], [-76.57997, 39.31558], [-76.5803, 39.3153], [-76.58044, 39.3153], [-76.58044, 39.31493]]]}, "properties": {"name": "Four by Four Strategic Blocks", "category": "Vacancy Reduction Priority Geography"}}, {"type": "Feature", "geometry": {"type": "Polygon", "coordinates": [[[-76.5926, 39.30576], [-76.5927, 39.30584], [-76.59278, 39.30587], [-76.59293, 39.30591], [-76.59319, 39.30597], [-76.59349, 39.30596], [-76.59383, 39.30595], [-76.59423, 39.30594], [-76.5942, 39.30538], [-76.5942, 39.30538], [-76.59432, 39.30537], [-76.59448, 39.30537], [-76.59448, 39.30536], [-76.59441, 39.30527], [-76.59424, 39.30515], [-76.59414, 39.30506], [-76.59409, 39.30436], [-76.59409, 39.30432], [-76.59364, 39.30433], [-76.59362, 39.30434], [-76.59362, 39.30433], [-76.59361, 39.30413], [-76.59369, 39.30405], [-76.59381, 39.30396], [-76.59399, 39.3041], [-76.59406, 39.30415], [-76.59429, 39.30396], [-76.59438, 39.30389], [-76.59418, 39.30375], [-76.59408, 39.30375], [-76.59407, 39.30366], [-76.59399, 39.30366], [-76.59399, 39.30355], [-76.59398, 39.30326], [-76.59398, 39.30322], [-76.59391, 39.30224], [-76.59389, 39.30187], [-76.59389, 39.30187], [-76.59387, 39.30163], [-76.59386, 39.30154], [-76.59387, 39.30154], [-76.5939, 39.30154], [-76.59402, 39.30153], [-76.59401, 39.3014], [-76.59385, 39.30142], [-76.59385, 39.3014], [-76.59381, 39.30053], [-76.59356, 39.30054], [-76.59339, 39.30055], [-76.5931, 39.30056], [-76.59234, 39.30058], [-76.59227, 39.29953], [-76.59227, 39.29952], [-76.59158, 39.29955], [-76.59138, 39.29955], [-76.59125, 39.29956], [-76.5909, 39.29957], [-76.59004, 39.2996], [-76.59004, 39.2996], [-76.59004, 39.29961], [-76.59006, 39.2999], [-76.59007, 39.30007], [-76.59007, 39.30011], [-76.59009, 39.30049], [-76.59009, 39.30066], [-76.58929, 39.30071], [-76.58929, 39.30062], [-76.58926, 39.30003], [-76.58923, 39.29964], [-76.58923, 39.29964], [-76.58923, 39.29964], [-76.58923, 39.29963], [-76.58923, 39.29963], [-76.58877, 39.29965], [-76.58792, 39.29968], [-76.58792, 39.29968], [-76.58791, 39.29968], [-76.58784, 39.29969], [-76.5878, 39.29969], [-76.58753, 39.29972], [-76.58731, 39.29974], [-76.58672, 39.29974], [-76.58675, 39.30002], [-76.58733, 39.3], [-76.58739, 39.30078], [-76.58679, 39.30081], [-76.58687, 39.30217], [-76.58689, 39.30246], [-76.58702, 39.30251], [-76.58768, 39.3028], [-76.58812, 39.30308], [-76.5881, 39.30261], [-76.5881, 39.30261], [-76.58822, 39.3026], [-76.58849, 39.3026], [-76.58848, 39.30244], [-76.58858, 39.30244], [-76.58861, 39.30294], [-76.58872, 39.30294], [-76.58873, 39.30312], [-76.58873, 39.30316], [-76.58898, 39.30315], [-76.58898, 39.3032], [-76.58884, 39.30321], [-76.58885, 39.30337], [-76.58885, 39.30346], [-76.58885, 39.30355], [-76.58932, 39.3039], [-76.58952, 39.30389], [-76.58982, 39.30411], [-76.58994, 39.30417], [-76.5899, 39.30343], [-76.59036, 39.30341], [-76.59044, 39.3034], [-76.59123, 39.30337], [-76.59123, 39.30337], [-76.59124, 39.30365], [-76.59125, 39.30388], [-76.59126, 39.30409], [-76.59127, 39.30442], [-76.59127, 39.30443], [-76.59124, 39.30443], [-76.59046, 39.30447], [-76.59046, 39.30447], [-76.59046, 39.3045], [-76.59047, 39.30456], [-76.5912, 39.3051], [-76.59131, 39.30514], [-76.59131, 39.30535], [-76.59145, 39.3054], [-76.59161, 39.30549], [-76.59176, 39.30557], [-76.59206, 39.30572], [-76.59214, 39.30576], [-76.59214, 39.30576], [-76.59235, 39.3056], [-76.5926, 39.30576]]]}, "properties": {"name": "EBDI", "category": "Major Redevelopment"}}, {"type": "Feature", "geometry": {"type": "Polygon", "coordinates": [[[-76.67117, 39.34688], [-76.6715, 39.34724], [-76.6733, 39.3462], [-76.6736, 39.34646], [-76.67409, 39.34614], [-76.6745, 39.34649], [-76.6753, 39.34595], [-76.67501, 39.34579], [-76.67301, 39.34467], [-76.67389, 39.34391], [-76.67417, 39.34387], [-76.67339, 39.34363], [-76.67407, 39.34196], [-76.67427, 39.34155], [-76.67471, 39.34168], [-76.6755, 39.3419], [-76.67567, 39.34155], [-76.67489, 39.34133], [-76.67386, 39.34103], [-76.67354, 39.34181], [-76.67333, 39.34227], [-76.67269, 39.3421], [-76.67254, 39.34273], [-76.67245, 39.34286], [-76.67205, 39.34269], [-76.67222, 39.34249], [-76.6724, 39.34162], [-76.6724, 39.34156], [-76.67243, 39.34156], [-76.6728, 39.34154], [-76.67283, 39.34154], [-76.67278, 39.34132], [-76.67276, 39.34132], [-76.67234, 39.34134], [-76.67228, 39.34134], [-76.67227, 39.34134], [-76.67231, 39.34122], [-76.67239, 39.34108], [-76.6726, 39.34113], [-76.6726, 39.34112], [-76.67274, 39.34083], [-76.67278, 39.34073], [-76.67229, 39.34059], [-76.67225, 39.34069], [-76.67211, 39.341], [-76.67211, 39.34101], [-76.67173, 39.34086], [-76.67165, 39.341], [-76.67222, 39.34122], [-76.67216, 39.34133], [-76.67184, 39.3415], [-76.6714, 39.34219], [-76.671, 39.34203], [-76.67052, 39.34271], [-76.67046, 39.34279], [-76.67025, 39.3432], [-76.66972, 39.3435], [-76.66989, 39.34368], [-76.66806, 39.34434], [-76.66908, 39.34719], [-76.6712, 39.34599], [-76.67174, 39.34657], [-76.67117, 39.34688]]]}, "properties": {"name": "ParkHeights", "category": "Major Redevelopment"}}, {"type": "Feature", "geometry": {"type": "Polygon", "coordinates": [[[-76.63603, 39.28975], [-76.63608, 39.28984], [-76.6361, 39.29028], [-76.6361, 39.29032], [-76.63607, 39.29039], [-76.6361, 39.29065], [-76.63611, 39.29093], [-76.63613, 39.29093], [-76.63639, 39.29093], [-76.63639, 39.29101], [-76.63641, 39.2913], [-76.6362, 39.29131], [-76.63616, 39.29131], [-76.63618, 39.29159], [-76.63619, 39.2919], [-76.63622, 39.29237], [-76.6355, 39.2924], [-76.63464, 39.29245], [-76.63434, 39.29246], [-76.63436, 39.29273], [-76.63436, 39.29274], [-76.63412, 39.29275], [-76.63401, 39.29276], [-76.634, 39.29247], [-76.63398, 39.29216], [-76.63395, 39.29168], [-76.63391, 39.291], [-76.63389, 39.29072], [-76.63388, 39.29056], [-76.63388, 39.29045], [-76.63387, 39.29035], [-76.63384, 39.28991], [-76.63382, 39.28958], [-76.63445, 39.28955], [-76.63497, 39.28954], [-76.63496, 39.28926], [-76.6338, 39.28931], [-76.63306, 39.28934], [-76.63308, 39.28958], [-76.6331, 39.28994], [-76.63313, 39.28999], [-76.63314, 39.29037], [-76.63316, 39.29059], [-76.63284, 39.2906], [-76.63266, 39.2906], [-76.63266, 39.29061], [-76.63267, 39.29077], [-76.63237, 39.29078], [-76.63224, 39.29079], [-76.63227, 39.29104], [-76.63318, 39.29102], [-76.63322, 39.2917], [-76.63325, 39.29219], [-76.63327, 39.2925], [-76.6323, 39.29253], [-76.63233, 39.29306], [-76.63402, 39.29299], [-76.63403, 39.29335], [-76.63458, 39.29333], [-76.63553, 39.2933], [-76.63695, 39.29324], [-76.63694, 39.2928], [-76.63692, 39.29234], [-76.63741, 39.29232], [-76.63752, 39.29232], [-76.63749, 39.29182], [-76.63748, 39.29179], [-76.6369, 39.29182], [-76.63689, 39.29157], [-76.63689, 39.29142], [-76.63735, 39.2914], [-76.63735, 39.29128], [-76.63734, 39.29125], [-76.63732, 39.29098], [-76.63731, 39.2909], [-76.63724, 39.2909], [-76.63724, 39.2908], [-76.63722, 39.29056], [-76.63722, 39.29055], [-76.63727, 39.29055], [-76.63726, 39.29038], [-76.63726, 39.29035], [-76.63725, 39.29031], [-76.63715, 39.29031], [-76.63713, 39.28992], [-76.63713, 39.28981], [-76.63751, 39.2898], [-76.63748, 39.28916], [-76.63684, 39.28918], [-76.63676, 39.28917], [-76.63634, 39.28919], [-76.63595, 39.28921], [-76.63596, 39.28924], [-76.63597, 39.2894], [-76.63601, 39.2894], [-76.63602, 39.28942], [-76.63603, 39.28975]]]}, "properties": {"name": "Poppleton", "category": "Major Redevelopment"}}, {"type": "Feature", "geometry": {"type": "Polygon", "coordinates": [[[-76.69675, 39.2931], [-76.69743, 39.29301], [-76.69786, 39.29295], [-76.6978, 39.2928], [-76.69765, 39.29244], [-76.69721, 39.2913], [-76.69715, 39.29115], [-76.69711, 39.29104], [-76.69697, 39.28999], [-76.69495, 39.28897], [-76.69308, 39.29038], [-76.69294, 39.29026], [-76.69262, 39.28998], [-76.69222, 39.29026], [-76.69212, 39.29031], [-76.692, 39.29021], [-76.69188, 39.2901], [-76.69118, 39.28959], [-76.69078, 39.28929], [-76.69026, 39.28894], [-76.68973, 39.28862], [-76.68936, 39.28841], [-76.68911, 39.28829], [-76.6889, 39.28818], [-76.68892, 39.2884], [-76.68894, 39.28888], [-76.68896, 39.2892], [-76.68896, 39.28922], [-76.68897, 39.2895], [-76.68898, 39.28974], [-76.68899, 39.28982], [-76.68902, 39.29006], [-76.68906, 39.29025], [-76.68907, 39.2903], [-76.68912, 39.29051], [-76.68917, 39.29076], [-76.68924, 39.29112], [-76.68926, 39.2914], [-76.68932, 39.29217], [-76.69056, 39.29213], [-76.69258, 39.29205], [-76.69356, 39.29202], [-76.69365, 39.29201], [-76.69364, 39.29189], [-76.69381, 39.29183], [-76.69388, 39.29177], [-76.69462, 39.2924], [-76.69476, 39.29249], [-76.69491, 39.29257], [-76.69516, 39.29268], [-76.69544, 39.2928], [-76.69572, 39.29294], [-76.69595, 39.29303], [-76.69605, 39.29308], [-76.69619, 39.29318], [-76.69645, 39.29315], [-76.69675, 39.2931]]]}, "properties": {"name": "Uplands", "category": "Major Redevelopment"}}, {"type": "Feature", "geometry": {"type": "Polygon", "coordinates": [[[-76.59379, 39.28925], [-76.59441, 39.29839], [-76.59482, 39.29837], [-76.59541, 39.29834], [-76.59644, 39.2983], [-76.59674, 39.29829], [-76.5976, 39.29825], [-76.59913, 39.29819], [-76.5996, 39.29817], [-76.60008, 39.29815], [-76.60062, 39.29814], [-76.6009, 39.29812], [-76.6014, 39.2981], [-76.6019, 39.29808], [-76.60257, 39.29805], [-76.604, 39.29799], [-76.60412, 39.29779], [-76.60431, 39.29755], [-76.60463, 39.2973], [-76.6048, 39.29709], [-76.60489, 39.29695], [-76.60495, 39.29681], [-76.60505, 39.2965], [-76.60543, 39.29576], [-76.60579, 39.29516], [-76.60586, 39.29504], [-76.60552, 39.29475], [-76.60544, 39.29467], [-76.60494, 39.29424], [-76.60392, 39.2934], [-76.60381, 39.29329], [-76.60363, 39.2929], [-76.60353, 39.29266], [-76.60339, 39.29241], [-76.60305, 39.29166], [-76.60301, 39.29158], [-76.59969, 39.29254], [-76.59942, 39.28873], [-76.59933, 39.28736], [-76.59918, 39.28534], [-76.59358, 39.28558], [-76.59379, 39.28925]]]}, "properties": {"name": "Oldtn/Somm/Perk", "category": "Major Redevelopment"}}, {"type": "Feature", "geometry": {"type": "Polygon", "coordinates": [[[-76.59261, 39.32379], [-76.59265, 39.32352], [-76.59242, 39.32352], [-76.59238, 39.32348], [-76.59221, 39.32322], [-76.59199, 39.32297], [-76.59183, 39.32284], [-76.59163, 39.32267], [-76.59069, 39.32194], [-76.58978, 39.32263], [-76.58922, 39.323], [-76.58917, 39.32297], [-76.58891, 39.32278], [-76.58878, 39.32287], [-76.58861, 39.32331], [-76.58867, 39.32337], [-76.58866, 39.32379], [-76.59233, 39.32379], [-76.59247, 39.32379], [-76.59261, 39.32379]]]}, "properties": {"name": "Tivoly Triangle", "category": "Major Redevelopment"}}]}