{"type": "FeatureCollection", "features": [{"type": "Feature", "geometry": {"type": "Polygon", "coordinates": [[[-76.5995, 39.3463], [-76.6017, 39.3453], [-76.6039, 39.3455], [-76.6046, 39.3457], [-76.6056, 39.3459], [-76.6081, 39.3462], [-76.6097, 39.3472], [-76.6098, 39.3502], [-76.6098, 39.3518], [-76.6099, 39.3528], [-76.6099, 39.3543], [-76.61, 39.3553], [-76.6047, 39.355], [-76.6023, 39.3547], [-76.5983, 39.3542], [-76.5995, 39.3463]]]}, "properties": {"GEOID20": "24510271002", "JURSCODE": "BACI", "Eligibility_Status": "Ineligible", "Qualifying_Criteria1_CPR_30": "No", "Qualifying_Criteria2_CPR_30MOE": "No", "F2024_Child_Poverty_Rate__2026_": 7.4, "F2024_Child_Poverty_Rate_Margin_Of_Error": 11.2, "SCHOOL_BND_INT_CPG_TOTAL": 3, "SCHOOL_NAME": "Walter P Carter Elementary/Middle, Govans Elementary, Roland Park Elementary/Middle"}}, {"type": "Feature", "geometry": {"type": "Polygon", "coordinates": [[[-76.6815, 39.326], [-76.6826, 39.3258], [-76.6871, 39.3245], [-76.69, 39.3237], [-76.6886, 39.3265], [-76.6886, 39.3292], [-76.6898, 39.3307], [-76.6901, 39.3326], [-76.6894, 39.334], [-76.6893, 39.3366], [-76.6894, 39.3387], [-76.6894, 39.3408], [-76.6829, 39.3414], [-76.6782, 39.3396], [-76.6791, 39.3384], [-76.6792, 39.3382], [-76.679, 39.3362], [-76.6787, 39.3334], [-76.6786, 39.332], [-76.6797, 39.3298], [-76.6815, 39.326]]]}, "properties": {"GEOID20": "24510151000", "JURSCODE": "BACI", "Eligibility_Status": "Eligible", "Qualifying_Criteria1_CPR_30": "Yes", "Qualifying_Criteria2_CPR_30MOE": "No", "F2024_Child_Poverty_Rate__2026_": 30.7, "F2024_Child_Poverty_Rate_Margin_Of_Error": 18.2, "SCHOOL_BND_INT_CPG_TOTAL": 5, "SCHOOL_NAME": "Liberty Elementary, Pimlico Elementary/Middle, Arlington Elementary/Middle, Callaway Elementary, Calvin M Rodwell Elementary"}}, {"type": "Feature", "geometry": {"type": "Polygon", "coordinates": [[[-76.5895, 39.2858], [-76.5903, 39.2878], [-76.5905, 39.2917], [-76.5874, 39.2918], [-76.5872, 39.2879], [-76.5879, 39.2858], [-76.5895, 39.2858]]]}, "properties": {"GEOID20": "24510020100", "JURSCODE": "BACI", "Eligibility_Status": "Ineligible", "Qualifying_Criteria1_CPR_30": "No", "Qualifying_Criteria2_CPR_30MOE": "No", "F2024_Child_Poverty_Rate__2026_": 6.5, "F2024_Child_Poverty_Rate_Margin_Of_Error": 9.6, "SCHOOL_BND_INT_CPG_TOTAL": 2, "SCHOOL_NAME": "Wolfe Street Academy, Commodore John Rogers Elementary/Middle"}}, {"type": "Feature", "geometry": {"type": "Polygon", "coordinates": [[[-76.6605, 39.2997], [-76.6598, 39.2989], [-76.6596, 39.2983], [-76.6595, 39.2959], [-76.6594, 39.2934], [-76.6633, 39.2932], [-76.6636, 39.2932], [-76.6643, 39.2936], [-76.6649, 39.2945], [-76.6676, 39.2944], [-76.6697, 39.2945], [-76.6694, 39.2957], [-76.6691, 39.2963], [-76.6692, 39.2966], [-76.6691, 39.2971], [-76.669, 39.2983], [-76.669, 39.2992], [-76.6688, 39.2994], [-76.6683, 39.2994], [-76.6678, 39.2994], [-76.6672, 39.2993], [-76.6652, 39.2992], [-76.6617, 39.3004], [-76.6608, 39.3002], [-76.6606, 39.2998], [-76.6605, 39.2997]]]}, "properties": {"GEOID20": "24510160600", "JURSCODE": "BACI", "Eligibility_Status": "Ineligible", "Qualifying_Criteria1_CPR_30": "No", "Qualifying_Criteria2_CPR_30MOE": "No", "F2024_Child_Poverty_Rate__2026_": 0.0, "F2024_Child_Poverty_Rate_Margin_Of_Error": 9.4, "SCHOOL_BND_INT_CPG_TOTAL": 3, "SCHOOL_NAME": "Billie Holiday Elementary School (Formerly James Mosher Es), Mary E Rodman Elementary, Belmont Elementary"}}, {"type": "Feature", "geometry": {"type": "Polygon", "coordinates": [[[-76.6098, 39.3722], [-76.6099, 39.3687], [-76.6099, 39.3676], [-76.6099, 39.3663], [-76.61, 39.3649], [-76.61, 39.3616], [-76.61, 39.3603], [-76.61, 39.3584], [-76.61, 39.3565], [-76.61, 39.3553], [-76.6099, 39.3543], [-76.6149, 39.3539], [-76.6162, 39.3538], [-76.6176, 39.3537], [-76.621, 39.3535], [-76.6242, 39.3538], [-76.6277, 39.3535], [-76.6294, 39.3543], [-76.63, 39.3567], [-76.63, 39.3574], [-76.6303, 39.3586], [-76.6301, 39.3598], [-76.6298, 39.3602], [-76.6293, 39.3604], [-76.6294, 39.3609], [-76.6295, 39.3615], [-76.628, 39.3659], [-76.6282, 39.3658], [-76.6289, 39.3652], [-76.6292, 39.3652], [-76.6303, 39.3654], [-76.6312, 39.3655], [-76.6316, 39.3687], [-76.633, 39.3688], [-76.6341, 39.3694], [-76.634, 39.3695], [-76.6338, 39.3698], [-76.6335, 39.3709], [-76.6329, 39.372], [-76.6234, 39.3721], [-76.6196, 39.372], [-76.6155, 39.3721], [-76.6098, 39.3722]]]}, "properties": {"GEOID20": "24510271200", "JURSCODE": "BACI", "Eligibility_Status": "Ineligible", "Qualifying_Criteria1_CPR_30": "No", "Qualifying_Criteria2_CPR_30MOE": "No", "F2024_Child_Poverty_Rate__2026_": 3.3, "F2024_Child_Poverty_Rate_Margin_Of_Error": 4.1, "SCHOOL_BND_INT_CPG_TOTAL": 2, "SCHOOL_NAME": "Govans Elementary, Roland Park Elementary/Middle"}}, {"type": "Feature", "geometry": {"type": "Polygon", "coordinates": [[[-76.5997, 39.2711], [-76.6009, 39.269], [-76.6008, 39.2685], [-76.6006, 39.268], [-76.6008, 39.2668], [-76.5978, 39.2663], [-76.5944, 39.2657], [-76.5928, 39.265], [-76.5953, 39.263], [-76.5972, 39.2636], [-76.5993, 39.262], [-76.6028, 39.2659], [-76.6041, 39.2648], [-76.6043, 39.2643], [-76.6048, 39.2643], [-76.6032, 39.2618], [-76.6053, 39.2629], [-76.6039, 39.2615], [-76.6062, 39.2632], [-76.6064, 39.2632], [-76.6066, 39.2624], [-76.6067, 39.2622], [-76.6072, 39.2623], [-76.6074, 39.2623], [-76.6081, 39.2621], [-76.6081, 39.2619], [-76.6077, 39.2615], [-76.605, 39.2592], [-76.6056, 39.2596], [-76.6059, 39.2594], [-76.6062, 39.2594], [-76.6064, 39.2592], [-76.6066, 39.259], [-76.6064, 39.2588], [-76.6067, 39.2586], [-76.607, 39.2585], [-76.6071, 39.2582], [-76.6073, 39.2579], [-76.6073, 39.2576], [-76.6076, 39.2574], [-76.6078, 39.2571], [-76.6079, 39.2569], [-76.6086, 39.2567], [-76.6097, 39.2563], [-76.6103, 39.256], [-76.6101, 39.2571], [-76.6103, 39.2578], [-76.6106, 39.2623], [-76.6078, 39.2631], [-76.6067, 39.2641], [-76.6064, 39.2645], [-76.6065, 39.2661], [-76.6064, 39.2665], [-76.6061, 39.2667], [-76.6056, 39.267], [-76.6073, 39.2672], [-76.612, 39.2676], [-76.6119, 39.2685], [-76.6117, 39.27], [-76.6115, 39.2709], [-76.6118, 39.2727], [-76.6088, 39.2728], [-76.6067, 39.2729], [-76.6051, 39.273], [-76.6012, 39.2716], [-76.5997, 39.2711]]]}, "properties": {"GEOID20": "24510240400", "JURSCODE": "BACI", "Eligibility_Status": "Ineligible", "Qualifying_Criteria1_CPR_30": "No", "Qualifying_Criteria2_CPR_30MOE": "No", "F2024_Child_Poverty_Rate__2026_": 6.2, "F2024_Child_Poverty_Rate_Margin_Of_Error": 9.8, "SCHOOL_BND_INT_CPG_TOTAL": 2, "SCHOOL_NAME": "Francis Scott Key Elementary/Middle, Thomas Johnson Elementary/Middle"}}, {"type": "Feature", "geometry": {"type": "Polygon", "coordinates": [[[-76.5812, 39.2515], [-76.5825, 39.2496], [-76.5824, 39.2495], [-76.5822, 39.2496], [-76.5824, 39.2493], [-76.5814, 39.2499], [-76.5804, 39.2509], [-76.5817, 39.2489], [-76.5804, 39.2496], [-76.5796, 39.2497], [-76.5781, 39.2513], [-76.5794, 39.2493], [-76.5808, 39.2474], [-76.581, 39.2469], [-76.5806, 39.2466], [-76.5777, 39.2498], [-76.5777, 39.2481], [-76.5766, 39.249], [-76.5772, 39.248], [-76.5768, 39.248], [-76.5752, 39.2472], [-76.575, 39.2469], [-76.5743, 39.2476], [-76.5735, 39.2484], [-76.5746, 39.2468], [-76.5744, 39.2469], [-76.5742, 39.2469], [-76.574, 39.247], [-76.5739, 39.2468], [-76.574, 39.2464], [-76.5738, 39.2463], [-76.5734, 39.2459], [-76.5719, 39.2475], [-76.5717, 39.2476], [-76.5727, 39.2464], [-76.5725, 39.2454], [-76.5715, 39.2466], [-76.5721, 39.2453], [-76.5718, 39.2452], [-76.5719, 39.2449], [-76.5716, 39.2449], [-76.5715, 39.2449], [-76.5702, 39.2458], [-76.5706, 39.2453], [-76.5712, 39.2445], [-76.5708, 39.2442], [-76.5706, 39.2439], [-76.5701, 39.2436], [-76.5712, 39.2432], [-76.5713, 39.243], [-76.5712, 39.2425], [-76.571, 39.2425], [-76.5707, 39.2426], [-76.5704, 39.2427], [-76.5697, 39.2428], [-76.5694, 39.2424], [-76.5691, 39.2415], [-76.5682, 39.2415], [-76.5673, 39.2423], [-76.5662, 39.2415], [-76.567, 39.241], [-76.5674, 39.2407], [-76.5675, 39.2404], [-76.5678, 39.2403], [-76.5677, 39.2401], [-76.5672, 39.2403], [-76.5665, 39.2407], [-76.566, 39.241], [-76.5657, 39.2411], [-76.5653, 39.2407], [-76.5646, 39.2402], [-76.5648, 39.24], [-76.5658, 39.2394], [-76.5655, 39.2392], [-76.565, 39.2392], [-76.5644, 39.239], [-76.5641, 39.2387], [-76.564, 39.2382], [-76.5636, 39.2377], [-76.5608, 39.2388], [-76.5634, 39.2375], [-76.5634, 39.2369], [-76.5602, 39.2355], [-76.5593, 39.2346], [-76.5587, 39.233], [-76.5603, 39.2319], [-76.5601, 39.2311], [-76.5627, 39.2305], [-76.563, 39.2302], [-76.5626, 39.2287], [-76.5623, 39.2278], [-76.5623, 39.2273], [-76.5635, 39.2259], [-76.5642, 39.225], [-76.5644, 39.2245], [-76.5662, 39.2253], [-76.567, 39.226], [-76.5675, 39.2263], [-76.5679, 39.2266], [-76.5684, 39.2266], [-76.5686, 39.2269], [-76.5708, 39.2274], [-76.5717, 39.2273], [-76.5725, 39.2271], [-76.5731, 39.2269], [-76.5741, 39.2264], [-76.5757, 39.2259], [-76.5764, 39.2256], [-76.5768, 39.2255], [-76.5776, 39.226], [-76.5779, 39.2262], [-76.5783, 39.2264], [-76.5788, 39.2267], [-76.579, 39.2269], [-76.579, 39.2273], [-76.5789, 39.2279], [-76.5789, 39.2281], [-76.5791, 39.2287], [-76.5792, 39.229], [-76.5792, 39.2293], [-76.5791, 39.2298], [-76.5795, 39.2301], [-76.5797, 39.2303], [-76.5798, 39.2307], [-76.5802, 39.2312], [-76.5809, 39.2313], [-76.5811, 39.2315], [-76.5814, 39.2316], [-76.5815, 39.2317], [-76.5818, 39.2319], [-76.5821, 39.232], [-76.5855, 39.2329], [-76.5901, 39.2377], [-76.5927, 39.2406], [-76.597, 39.241], [-76.5957, 39.2402], [-76.5952, 39.2396], [-76.5968, 39.2395], [-76.6005, 39.2405], [-76.6012, 39.2406], [-76.6045, 39.2404], [-76.6072, 39.2402], [-76.6087, 39.2402], [-76.6088, 39.2406], [-76.6112, 39.2407], [-76.6139, 39.2413], [-76.6138, 39.2415], [-76.6135, 39.2415], [-76.613, 39.2414], [-76.6127, 39.242], [-76.6126, 39.2424], [-76.6125, 39.2427], [-76.6122, 39.2434], [-76.6122, 39.2437], [-76.612, 39.2439], [-76.6119, 39.2444], [-76.6119, 39.2446], [-76.6118, 39.2455], [-76.6118, 39.246], [-76.6117, 39.2462], [-76.6115, 39.2461], [-76.6113, 39.2461], [-76.6114, 39.2464], [-76.6111, 39.2466], [-76.6108, 39.2467], [-76.6105, 39.2465], [-76.6102, 39.2464], [-76.6099, 39.2463], [-76.6097, 39.2464], [-76.6094, 39.2466], [-76.6091, 39.2466], [-76.6088, 39.2463], [-76.609, 39.2462], [-76.6091, 39.2459], [-76.609, 39.2457], [-76.609, 39.2456], [-76.6088, 39.2454], [-76.6087, 39.2452], [-76.6086, 39.2449], [-76.6086, 39.2447], [-76.6085, 39.2445], [-76.6084, 39.2444], [-76.6083, 39.2441], [-76.6082, 39.2439], [-76.6081, 39.2437], [-76.6079, 39.2433], [-76.6077, 39.2432], [-76.6076, 39.2434], [-76.6071, 39.2439], [-76.6066, 39.2441], [-76.6059, 39.244], [-76.6055, 39.2437], [-76.6055, 39.2435], [-76.6051, 39.2433], [-76.605, 39.2432], [-76.6047, 39.2434], [-76.6048, 39.2436], [-76.6037, 39.2438], [-76.6033, 39.2438], [-76.6031, 39.2436], [-76.6022, 39.2436], [-76.6017, 39.2436], [-76.6014, 39.2437], [-76.6012, 39.244], [-76.6012, 39.2442], [-76.6014, 39.2444], [-76.6015, 39.2446], [-76.6014, 39.2449], [-76.6011, 39.2453], [-76.6008, 39.2458], [-76.6007, 39.2459], [-76.6005, 39.2462], [-76.6001, 39.2465], [-76.5999, 39.2469], [-76.5997, 39.2473], [-76.5994, 39.2475], [-76.5991, 39.2479], [-76.5989, 39.248], [-76.5986, 39.2482], [-76.5983, 39.2482], [-76.598, 39.2481], [-76.598, 39.2479], [-76.5983, 39.2479], [-76.5984, 39.2476], [-76.5985, 39.2473], [-76.5986, 39.2468], [-76.5985, 39.2465], [-76.5982, 39.2464], [-76.5978, 39.2465], [-76.5976, 39.2464], [-76.5975, 39.2463], [-76.5977, 39.2461], [-76.5979, 39.246], [-76.5983, 39.2456], [-76.5985, 39.2453], [-76.5988, 39.2451], [-76.5988, 39.2449], [-76.5985, 39.2447], [-76.598, 39.2446], [-76.5977, 39.2445], [-76.5973, 39.2446], [-76.597, 39.2446], [-76.5968, 39.2446], [-76.5966, 39.2444], [-76.5963, 39.2443], [-76.5961, 39.2442], [-76.5955, 39.2443], [-76.5953, 39.2445], [-76.5953, 39.2448], [-76.5951, 39.245], [-76.595, 39.2452], [-76.595, 39.245], [-76.5951, 39.2447], [-76.595, 39.2445], [-76.595, 39.2439], [-76.595, 39.2437], [-76.5948, 39.2441], [-76.5948, 39.2444], [-76.5947, 39.2446], [-76.5946, 39.2448], [-76.594, 39.2449], [-76.5939, 39.245], [-76.5934, 39.2452], [-76.5932, 39.2451], [-76.5929, 39.245], [-76.5926, 39.2449], [-76.5925, 39.2447], [-76.5926, 39.2445], [-76.5926, 39.2443], [-76.5921, 39.2437], [-76.5919, 39.2436], [-76.5917, 39.2438], [-76.5918, 39.2439], [-76.5919, 39.2442], [-76.5917, 39.2446], [-76.5914, 39.245], [-76.5914, 39.2455], [-76.5915, 39.2457], [-76.5916, 39.246], [-76.5919, 39.2461], [-76.5922, 39.2463], [-76.5924, 39.2464], [-76.5924, 39.2467], [-76.5923, 39.2469], [-76.5919, 39.2473], [-76.5917, 39.2476], [-76.5921, 39.2478], [-76.5925, 39.2481], [-76.5926, 39.2484], [-76.5929, 39.2492], [-76.593, 39.2494], [-76.5926, 39.2498], [-76.5924, 39.25], [-76.592, 39.2501], [-76.5915, 39.2502], [-76.5913, 39.2504], [-76.591, 39.2504], [-76.5905, 39.2503], [-76.5897, 39.2502], [-76.5892, 39.2503], [-76.5887, 39.2504], [-76.5879, 39.2505], [-76.5875, 39.2505], [-76.5872, 39.2507], [-76.5867, 39.2503], [-76.5867, 39.25], [-76.5866, 39.2497], [-76.5867, 39.2495], [-76.5866, 39.2494], [-76.5866, 39.2492], [-76.5867, 39.249], [-76.5867, 39.2487], [-76.5868, 39.2485], [-76.5868, 39.2483], [-76.5868, 39.2481], [-76.5868, 39.248], [-76.5869, 39.2474], [-76.5869, 39.2472], [-76.5868, 39.247], [-76.5869, 39.2468], [-76.587, 39.2467], [-76.587, 39.2464], [-76.5868, 39.2462], [-76.5863, 39.246], [-76.586, 39.2459], [-76.5858, 39.2458], [-76.5855, 39.2458], [-76.5854, 39.2463], [-76.5855, 39.2467], [-76.5855, 39.2472], [-76.5854, 39.2476], [-76.5854, 39.2482], [-76.5854, 39.2485], [-76.5854, 39.2488], [-76.5853, 39.2489], [-76.5852, 39.2493], [-76.5852, 39.2495], [-76.5853, 39.2497], [-76.5857, 39.2499], [-76.5855, 39.2503], [-76.5851, 39.2504], [-76.5848, 39.251], [-76.5845, 39.2514], [-76.5844, 39.2513], [-76.5842, 39.2511], [-76.5844, 39.2497], [-76.5846, 39.2495], [-76.5847, 39.2494], [-76.5842, 39.2493], [-76.5841, 39.2494], [-76.584, 39.2494], [-76.584, 39.2491], [-76.5837, 39.2489], [-76.5837, 39.2487], [-76.5833, 39.2482], [-76.5832, 39.2495], [-76.583, 39.2496], [-76.5822, 39.2506], [-76.582, 39.2508], [-76.5818, 39.2513], [-76.5818, 39.2515], [-76.5813, 39.2516], [-76.5812, 39.2515]]]}, "properties": {"GEOID20": "24510250600", "JURSCODE": "BACI", "Eligibility_Status": "Ineligible", "Qualifying_Criteria1_CPR_30": "No", "Qualifying_Criteria2_CPR_30MOE": "No", "F2024_Child_Poverty_Rate__2026_": null, "F2024_Child_Poverty_Rate_Margin_Of_Error": null, "SCHOOL_BND_INT_CPG_TOTAL": 2, "SCHOOL_NAME": "Maree G. Farring Elementary/Middle, Curtis Bay Elementary/Middle"}}, {"type": "Feature", "geometry": {"type": "Polygon", "coordinates": [[[-76.5986, 39.3646], [-76.5985, 39.3644], [-76.5985, 39.3642], [-76.5984, 39.3641], [-76.5983, 39.364], [-76.5982, 39.3637], [-76.5981, 39.3635], [-76.5979, 39.3631], [-76.5979, 39.3629], [-76.598, 39.3629], [-76.598, 39.3625], [-76.5982, 39.3619], [-76.5982, 39.3615], [-76.5982, 39.3613], [-76.5982, 39.3609], [-76.5981, 39.3606], [-76.5981, 39.3604], [-76.5982, 39.3601], [-76.5981, 39.3599], [-76.5978, 39.3585], [-76.5973, 39.3579], [-76.5967, 39.3572], [-76.5961, 39.3567], [-76.5959, 39.3566], [-76.5956, 39.3561], [-76.5953, 39.3558], [-76.595, 39.3552], [-76.5947, 39.3542], [-76.5957, 39.354], [-76.5969, 39.354], [-76.5978, 39.3541], [-76.6011, 39.3545], [-76.6033, 39.3548], [-76.61, 39.3555], [-76.61, 39.3568], [-76.61, 39.3586], [-76.61, 39.3607], [-76.61, 39.363], [-76.61, 39.3651], [-76.6082, 39.365], [-76.6066, 39.3647], [-76.6057, 39.3646], [-76.605, 39.3646], [-76.603, 39.365], [-76.5993, 39.3659], [-76.5992, 39.3652], [-76.599, 39.365], [-76.5989, 39.3648], [-76.5986, 39.3646]]]}, "properties": {"GEOID20": "24510270805", "JURSCODE": "BACI", "Eligibility_Status": "Ineligible", "Qualifying_Criteria1_CPR_30": "No", "Qualifying_Criteria2_CPR_30MOE": "No", "F2024_Child_Poverty_Rate__2026_": 11.7, "F2024_Child_Poverty_Rate_Margin_Of_Error": 11.1, "SCHOOL_BND_INT_CPG_TOTAL": 4, "SCHOOL_NAME": "Govans Elementary, Roland Park Elementary/Middle, Northwood Elementary, Leith Walk Elementary/Middle"}}, {"type": "Feature", "geometry": {"type": "Polygon", "coordinates": [[[-76.5769, 39.2922], [-76.5778, 39.2946], [-76.578, 39.2969], [-76.5758, 39.297], [-76.5744, 39.2971], [-76.5726, 39.2963], [-76.5725, 39.2942], [-76.5724, 39.2924], [-76.5741, 39.2923], [-76.5762, 39.2922], [-76.5769, 39.2922]]]}, "properties": {"GEOID20": "24510060100", "JURSCODE": "BACI", "Eligibility_Status": "Ineligible", "Qualifying_Criteria1_CPR_30": "No", "Qualifying_Criteria2_CPR_30MOE": "No", "F2024_Child_Poverty_Rate__2026_": 24.8, "F2024_Child_Poverty_Rate_Margin_Of_Error": 32.3, "SCHOOL_BND_INT_CPG_TOTAL": 2, "SCHOOL_NAME": "William Paca Elementary, Highlandtown Elementary/Middle #215"}}, {"type": "Feature", "geometry": {"type": "Polygon", "coordinates": [[[-76.6246, 39.3036], [-76.6252, 39.3034], [-76.6269, 39.3048], [-76.6279, 39.3056], [-76.6298, 39.3072], [-76.6327, 39.3095], [-76.633, 39.3104], [-76.628, 39.3106], [-76.6247, 39.3108], [-76.623, 39.3107], [-76.6204, 39.3091], [-76.6207, 39.3082], [-76.621, 39.307], [-76.6208, 39.3048], [-76.6221, 39.3043], [-76.6229, 39.3042], [-76.6244, 39.3037], [-76.6246, 39.3036]]]}, "properties": {"GEOID20": "24510140100", "JURSCODE": "BACI", "Eligibility_Status": "Ineligible", "Qualifying_Criteria1_CPR_30": "No", "Qualifying_Criteria2_CPR_30MOE": "No", "F2024_Child_Poverty_Rate__2026_": 0.0, "F2024_Child_Poverty_Rate_Margin_Of_Error": 18.2, "SCHOOL_BND_INT_CPG_TOTAL": 3, "SCHOOL_NAME": "Dorothy I. Height Elementary School , Mount Royal Elementary/Middle, The Historic Samuel Coleridge-Taylor Elementary"}}, {"type": "Feature", "geometry": {"type": "Polygon", "coordinates": [[[-76.6455, 39.2798], [-76.6466, 39.2828], [-76.6468, 39.2862], [-76.6459, 39.2882], [-76.6438, 39.2883], [-76.6423, 39.2874], [-76.6422, 39.2844], [-76.642, 39.2816], [-76.6443, 39.2802], [-76.6455, 39.2798]]]}, "properties": {"GEOID20": "24510190300", "JURSCODE": "BACI", "Eligibility_Status": "Ineligible", "Qualifying_Criteria1_CPR_30": "No", "Qualifying_Criteria2_CPR_30MOE": "No", "F2024_Child_Poverty_Rate__2026_": 2.1, "F2024_Child_Poverty_Rate_Margin_Of_Error": 3.9, "SCHOOL_BND_INT_CPG_TOTAL": 4, "SCHOOL_NAME": "George Washington Elementary, Franklin Square Elementary/Middle, Mary Ann Winterling Elementary @ Bentalou, Frederick Elementary"}}, {"type": "Feature", "geometry": {"type": "Polygon", "coordinates": [[[-76.5764, 39.2842], [-76.5765, 39.2863], [-76.5759, 39.2869], [-76.5761, 39.2911], [-76.5748, 39.2923], [-76.5726, 39.2924], [-76.5718, 39.2913], [-76.5716, 39.2875], [-76.5714, 39.2844], [-76.5736, 39.2844], [-76.5764, 39.2842]]]}, "properties": {"GEOID20": "24510010200", "JURSCODE": "BACI", "Eligibility_Status": "Ineligible", "Qualifying_Criteria1_CPR_30": "No", "Qualifying_Criteria2_CPR_30MOE": "No", "F2024_Child_Poverty_Rate__2026_": 0.0, "F2024_Child_Poverty_Rate_Margin_Of_Error": 11.5, "SCHOOL_BND_INT_CPG_TOTAL": 2, "SCHOOL_NAME": "Hampstead Hill Academy, Highlandtown Elementary/Middle #215"}}, {"type": "Feature", "geometry": {"type": "Polygon", "coordinates": [[[-76.6829, 39.3414], [-76.6894, 39.3408], [-76.6894, 39.3387], [-76.6893, 39.3366], [-76.6894, 39.334], [-76.6901, 39.3326], [-76.6898, 39.3307], [-76.6886, 39.3292], [-76.6913, 39.33], [-76.6964, 39.3317], [-76.7017, 39.3333], [-76.7054, 39.3345], [-76.7087, 39.3356], [-76.711, 39.3363], [-76.7112, 39.3424], [-76.7113, 39.3483], [-76.7096, 39.3508], [-76.7074, 39.3524], [-76.7057, 39.3528], [-76.7034, 39.3516], [-76.7024, 39.3512], [-76.6998, 39.3497], [-76.6969, 39.3482], [-76.695, 39.3471], [-76.6944, 39.3466], [-76.691, 39.3448], [-76.6883, 39.3432], [-76.6847, 39.3419], [-76.6829, 39.3414]]]}, "properties": {"GEOID20": "24510280102", "JURSCODE": "BACI", "Eligibility_Status": "Eligible", "Qualifying_Criteria1_CPR_30": "Yes", "Qualifying_Criteria2_CPR_30MOE": "Yes", "F2024_Child_Poverty_Rate__2026_": 62.2, "F2024_Child_Poverty_Rate_Margin_Of_Error": 38.3, "SCHOOL_BND_INT_CPG_TOTAL": 5, "SCHOOL_NAME": "Liberty Elementary, Arlington Elementary/Middle, Cross Country Elementary, Callaway Elementary, Calvin M Rodwell Elementary"}}, {"type": "Feature", "geometry": {"type": "Polygon", "coordinates": [[[-76.5869, 39.2838], [-76.588, 39.2833], [-76.5883, 39.2824], [-76.5886, 39.2821], [-76.5887, 39.282], [-76.5881, 39.2819], [-76.5886, 39.2815], [-76.5881, 39.2814], [-76.5874, 39.2815], [-76.5873, 39.2813], [-76.5873, 39.2809], [-76.5873, 39.2805], [-76.5874, 39.2802], [-76.5877, 39.28], [-76.5871, 39.2795], [-76.5877, 39.2793], [-76.5904, 39.2803], [-76.5907, 39.2802], [-76.591, 39.2803], [-76.5907, 39.2806], [-76.591, 39.281], [-76.5911, 39.2812], [-76.5912, 39.2818], [-76.5918, 39.2804], [-76.5923, 39.2804], [-76.5924, 39.2816], [-76.5926, 39.2817], [-76.593, 39.2816], [-76.593, 39.2803], [-76.5932, 39.281], [-76.594, 39.2805], [-76.5939, 39.2802], [-76.5946, 39.2804], [-76.5944, 39.28], [-76.5944, 39.2798], [-76.5948, 39.2801], [-76.5951, 39.2799], [-76.5953, 39.2798], [-76.5946, 39.2792], [-76.5954, 39.2797], [-76.5957, 39.2794], [-76.5961, 39.279], [-76.5963, 39.2791], [-76.5964, 39.2786], [-76.5965, 39.2791], [-76.5967, 39.2792], [-76.5975, 39.279], [-76.598, 39.279], [-76.599, 39.2791], [-76.5996, 39.2789], [-76.5999, 39.279], [-76.6007, 39.2795], [-76.6007, 39.2799], [-76.6006, 39.2804], [-76.6002, 39.2815], [-76.5988, 39.2816], [-76.5989, 39.2817], [-76.5989, 39.2821], [-76.5982, 39.2821], [-76.598, 39.282], [-76.5978, 39.2821], [-76.5968, 39.2822], [-76.599, 39.2823], [-76.5991, 39.2833], [-76.5987, 39.2854], [-76.5954, 39.2855], [-76.5908, 39.2857], [-76.5879, 39.2858], [-76.5869, 39.2847], [-76.5869, 39.2838]]]}, "properties": {"GEOID20": "24510020300", "JURSCODE": "BACI", "Eligibility_Status": "Ineligible", "Qualifying_Criteria1_CPR_30": "No", "Qualifying_Criteria2_CPR_30MOE": "No", "F2024_Child_Poverty_Rate__2026_": 11.6, "F2024_Child_Poverty_Rate_Margin_Of_Error": 21.4, "SCHOOL_BND_INT_CPG_TOTAL": 3, "SCHOOL_NAME": "City Springs Elementary/Middle, Wolfe Street Academy, Hampstead Hill Academy"}}, {"type": "Feature", "geometry": {"type": "Polygon", "coordinates": [[[-76.6808, 39.2842], [-76.6773, 39.2834], [-76.6759, 39.283], [-76.6722, 39.2811], [-76.6722, 39.2808], [-76.6717, 39.2797], [-76.6719, 39.2759], [-76.6727, 39.2758], [-76.6732, 39.2754], [-76.6738, 39.2752], [-76.6742, 39.2752], [-76.6748, 39.275], [-76.6751, 39.2747], [-76.6754, 39.2742], [-76.6756, 39.2741], [-76.6759, 39.2741], [-76.6764, 39.2743], [-76.6783, 39.276], [-76.6787, 39.2764], [-76.6792, 39.2768], [-76.6797, 39.2772], [-76.68, 39.2772], [-76.6804, 39.2771], [-76.6807, 39.2772], [-76.681, 39.2771], [-76.6811, 39.2769], [-76.6816, 39.2769], [-76.6817, 39.2771], [-76.6821, 39.2773], [-76.6826, 39.2772], [-76.683, 39.2771], [-76.6833, 39.2768], [-76.6836, 39.2766], [-76.6839, 39.2766], [-76.6849, 39.2775], [-76.6856, 39.2787], [-76.6855, 39.2795], [-76.6868, 39.2825], [-76.6868, 39.2843], [-76.6867, 39.2845], [-76.6867, 39.286], [-76.686, 39.2869], [-76.6828, 39.2849], [-76.6816, 39.2843], [-76.6808, 39.2842]]]}, "properties": {"GEOID20": "24510200800", "JURSCODE": "BACI", "Eligibility_Status": "Eligible", "Qualifying_Criteria1_CPR_30": "Yes", "Qualifying_Criteria2_CPR_30MOE": "No", "F2024_Child_Poverty_Rate__2026_": 46.1, "F2024_Child_Poverty_Rate_Margin_Of_Error": 21.9, "SCHOOL_BND_INT_CPG_TOTAL": 3, "SCHOOL_NAME": "Mary E Rodman Elementary, Violetville Elementary/Middle, Beechfield Elementary/Middle"}}, {"type": "Feature", "geometry": {"type": "Polygon", "coordinates": [[[-76.6157, 39.3233], [-76.6155, 39.3194], [-76.6154, 39.3172], [-76.6153, 39.3154], [-76.6151, 39.3123], [-76.6159, 39.311], [-76.6193, 39.311], [-76.6194, 39.3121], [-76.6196, 39.3152], [-76.6197, 39.3178], [-76.62, 39.3218], [-76.6201, 39.3232], [-76.62, 39.3231], [-76.6174, 39.3232], [-76.6157, 39.3233]]]}, "properties": {"GEOID20": "24510120600", "JURSCODE": "BACI", "Eligibility_Status": "Eligible", "Qualifying_Criteria1_CPR_30": "Yes", "Qualifying_Criteria2_CPR_30MOE": "No", "F2024_Child_Poverty_Rate__2026_": 51.2, "F2024_Child_Poverty_Rate_Margin_Of_Error": 39.8, "SCHOOL_BND_INT_CPG_TOTAL": 3, "SCHOOL_NAME": "Dallas F Nicholas Sr Elem, Margaret Brent Elementary/Middle, Barclay Elementary/Middle"}}, {"type": "Feature", "geometry": {"type": "Polygon", "coordinates": [[[-76.673, 39.3432], [-76.6749, 39.3413], [-76.677, 39.3419], [-76.6782, 39.3422], [-76.6786, 39.3422], [-76.6794, 39.342], [-76.6804, 39.3417], [-76.681, 39.3417], [-76.6818, 39.3419], [-76.6827, 39.3423], [-76.6835, 39.3431], [-76.6829, 39.3438], [-76.6814, 39.3453], [-76.6807, 39.346], [-76.6794, 39.3469], [-76.6762, 39.3489], [-76.6755, 39.3488], [-76.6743, 39.3481], [-76.6735, 39.3474], [-76.6727, 39.3466], [-76.6724, 39.3447], [-76.673, 39.3432]]]}, "properties": {"GEOID20": "24510271802", "JURSCODE": "BACI", "Eligibility_Status": "Eligible", "Qualifying_Criteria1_CPR_30": "Yes", "Qualifying_Criteria2_CPR_30MOE": "Yes", "F2024_Child_Poverty_Rate__2026_": 46.1, "F2024_Child_Poverty_Rate_Margin_Of_Error": 30.0, "SCHOOL_BND_INT_CPG_TOTAL": 3, "SCHOOL_NAME": "Park Heights Academy, Pimlico Elementary/Middle, Arlington Elementary/Middle"}}, {"type": "Feature", "geometry": {"type": "Polygon", "coordinates": [[[-76.6101, 39.2406], [-76.6085, 39.2407], [-76.6088, 39.24], [-76.6066, 39.2403], [-76.6038, 39.2405], [-76.601, 39.2406], [-76.6002, 39.2405], [-76.5963, 39.2394], [-76.5969, 39.2365], [-76.5993, 39.2354], [-76.6024, 39.2363], [-76.6036, 39.2337], [-76.6042, 39.2326], [-76.6064, 39.2318], [-76.6082, 39.2311], [-76.6089, 39.2318], [-76.6108, 39.2336], [-76.6117, 39.2344], [-76.617, 39.2367], [-76.6179, 39.2371], [-76.6153, 39.2399], [-76.6147, 39.2401], [-76.6146, 39.2403], [-76.6142, 39.2407], [-76.6141, 39.241], [-76.6112, 39.2407], [-76.6101, 39.2406]]]}, "properties": {"GEOID20": "24510250401", "JURSCODE": "BACI", "Eligibility_Status": "Ineligible", "Qualifying_Criteria1_CPR_30": "No", "Qualifying_Criteria2_CPR_30MOE": "No", "F2024_Child_Poverty_Rate__2026_": 19.5, "F2024_Child_Poverty_Rate_Margin_Of_Error": 18.5, "SCHOOL_BND_INT_CPG_TOTAL": 3, "SCHOOL_NAME": "Lakeland Elementary/Middle, Maree G. Farring Elementary/Middle, Curtis Bay Elementary/Middle"}}, {"type": "Feature", "geometry": {"type": "Polygon", "coordinates": [[[-76.5662, 39.3526], [-76.5653, 39.3521], [-76.5641, 39.3509], [-76.5643, 39.349], [-76.5662, 39.3468], [-76.5672, 39.3455], [-76.5679, 39.3444], [-76.5686, 39.3433], [-76.5691, 39.3428], [-76.5722, 39.3449], [-76.5739, 39.3456], [-76.5743, 39.3457], [-76.5753, 39.3456], [-76.579, 39.3452], [-76.5808, 39.3453], [-76.5811, 39.3461], [-76.5811, 39.3466], [-76.5811, 39.3472], [-76.5811, 39.3481], [-76.5813, 39.3483], [-76.5818, 39.3485], [-76.5819, 39.3488], [-76.5817, 39.3491], [-76.5809, 39.3495], [-76.5798, 39.35], [-76.5796, 39.3503], [-76.5793, 39.3504], [-76.5788, 39.3503], [-76.5781, 39.3498], [-76.5778, 39.3497], [-76.5772, 39.35], [-76.5772, 39.3507], [-76.5774, 39.3515], [-76.5778, 39.352], [-76.5778, 39.3523], [-76.5775, 39.3525], [-76.5766, 39.3525], [-76.5762, 39.3526], [-76.5755, 39.3526], [-76.5745, 39.3525], [-76.574, 39.3529], [-76.5733, 39.3535], [-76.5731, 39.3538], [-76.5713, 39.3536], [-76.5687, 39.3532], [-76.5672, 39.3529], [-76.5662, 39.3526]]]}, "properties": {"GEOID20": "24510270301", "JURSCODE": "BACI", "Eligibility_Status": "Ineligible", "Qualifying_Criteria1_CPR_30": "No", "Qualifying_Criteria2_CPR_30MOE": "No", "F2024_Child_Poverty_Rate__2026_": 0.0, "F2024_Child_Poverty_Rate_Margin_Of_Error": 4.8, "SCHOOL_BND_INT_CPG_TOTAL": 3, "SCHOOL_NAME": "Garrett Heights Elementary/Middle, Hamilton Elementary/Middle, Northwood Elementary"}}, {"type": "Feature", "geometry": {"type": "Polygon", "coordinates": [[[-76.6095, 39.3112], [-76.6092, 39.3091], [-76.6082, 39.3048], [-76.6111, 39.3047], [-76.6115, 39.3051], [-76.6119, 39.3056], [-76.6126, 39.3059], [-76.6135, 39.306], [-76.6147, 39.306], [-76.6155, 39.3063], [-76.6175, 39.3075], [-76.6194, 39.3086], [-76.6211, 39.3096], [-76.6233, 39.3109], [-76.6216, 39.3109], [-76.6198, 39.311], [-76.6179, 39.311], [-76.615, 39.3111], [-76.6125, 39.3112], [-76.6097, 39.3113], [-76.6095, 39.3114], [-76.6095, 39.3112]]]}, "properties": {"GEOID20": "24510120500", "JURSCODE": "BACI", "Eligibility_Status": "Ineligible", "Qualifying_Criteria1_CPR_30": "No", "Qualifying_Criteria2_CPR_30MOE": "No", "F2024_Child_Poverty_Rate__2026_": 6.6, "F2024_Child_Poverty_Rate_Margin_Of_Error": 10.8, "SCHOOL_BND_INT_CPG_TOTAL": 3, "SCHOOL_NAME": "Dallas F Nicholas Sr Elem, Mount Royal Elementary/Middle, Dr Bernard Harris Elementary"}}, {"type": "Feature", "geometry": {"type": "Polygon", "coordinates": [[[-76.6472, 39.3453], [-76.6493, 39.3451], [-76.6502, 39.345], [-76.651, 39.3447], [-76.6517, 39.3441], [-76.6542, 39.3422], [-76.6549, 39.342], [-76.6565, 39.3416], [-76.6575, 39.3411], [-76.658, 39.3409], [-76.6581, 39.3411], [-76.6577, 39.3416], [-76.6572, 39.3422], [-76.6572, 39.3426], [-76.6573, 39.343], [-76.6578, 39.3435], [-76.6589, 39.3444], [-76.6595, 39.3453], [-76.6596, 39.3459], [-76.6592, 39.3476], [-76.6595, 39.3503], [-76.6599, 39.3528], [-76.6602, 39.3553], [-76.6563, 39.3568], [-76.6544, 39.3577], [-76.6538, 39.3584], [-76.653, 39.3594], [-76.6524, 39.3599], [-76.6517, 39.3602], [-76.651, 39.3604], [-76.6506, 39.3602], [-76.6504, 39.3592], [-76.6499, 39.3567], [-76.6495, 39.3557], [-76.6489, 39.355], [-76.6481, 39.3542], [-76.6477, 39.3534], [-76.6469, 39.3516], [-76.6465, 39.3503], [-76.6464, 39.3496], [-76.6471, 39.3456], [-76.6472, 39.3453]]]}, "properties": {"GEOID20": "24510130805", "JURSCODE": "BACI", "Eligibility_Status": "Ineligible", "Qualifying_Criteria1_CPR_30": "No", "Qualifying_Criteria2_CPR_30MOE": "No", "F2024_Child_Poverty_Rate__2026_": 0.0, "F2024_Child_Poverty_Rate_Margin_Of_Error": 25.4, "SCHOOL_BND_INT_CPG_TOTAL": 3, "SCHOOL_NAME": "Park Heights Academy, The Mount Washington School, Pimlico Elementary/Middle"}}, {"type": "Feature", "geometry": {"type": "Polygon", "coordinates": [[[-76.6501, 39.288], [-76.65, 39.2858], [-76.6522, 39.285], [-76.6549, 39.2841], [-76.6562, 39.2832], [-76.6583, 39.2819], [-76.659, 39.2814], [-76.66, 39.2826], [-76.6596, 39.2844], [-76.6593, 39.2858], [-76.6594, 39.2862], [-76.6602, 39.2869], [-76.6605, 39.287], [-76.6615, 39.2873], [-76.6624, 39.2874], [-76.6629, 39.2874], [-76.6596, 39.2876], [-76.6573, 39.2878], [-76.6547, 39.2879], [-76.6529, 39.2879], [-76.6501, 39.288]]]}, "properties": {"GEOID20": "24510200400", "JURSCODE": "BACI", "Eligibility_Status": "Eligible", "Qualifying_Criteria1_CPR_30": "Yes", "Qualifying_Criteria2_CPR_30MOE": "No", "F2024_Child_Poverty_Rate__2026_": 35.7, "F2024_Child_Poverty_Rate_Margin_Of_Error": 35.3, "SCHOOL_BND_INT_CPG_TOTAL": 2, "SCHOOL_NAME": "Mary Ann Winterling Elementary @ Bentalou, Frederick Elementary"}}, {"type": "Feature", "geometry": {"type": "Polygon", "coordinates": [[[-76.654, 39.3303], [-76.6546, 39.3299], [-76.6555, 39.329], [-76.6566, 39.3264], [-76.6575, 39.3255], [-76.6578, 39.3257], [-76.6582, 39.3262], [-76.6585, 39.3266], [-76.6598, 39.3266], [-76.6633, 39.3273], [-76.6651, 39.3304], [-76.6651, 39.3334], [-76.6627, 39.3345], [-76.6598, 39.3357], [-76.6569, 39.3364], [-76.6563, 39.3355], [-76.656, 39.3349], [-76.6559, 39.3345], [-76.656, 39.3335], [-76.6558, 39.3332], [-76.6554, 39.3327], [-76.6546, 39.3313], [-76.654, 39.3303]]]}, "properties": {"GEOID20": "24510151200", "JURSCODE": "BACI", "Eligibility_Status": "Ineligible", "Qualifying_Criteria1_CPR_30": "No", "Qualifying_Criteria2_CPR_30MOE": "No", "F2024_Child_Poverty_Rate__2026_": 4.0, "F2024_Child_Poverty_Rate_Margin_Of_Error": 7.3, "SCHOOL_BND_INT_CPG_TOTAL": 3, "SCHOOL_NAME": "Dr Nathan A Pitts-Ashburton Elementary/Middle, Gwynns Falls Elementary, Park Heights Academy"}}, {"type": "Feature", "geometry": {"type": "Polygon", "coordinates": [[[-76.5885, 39.3087], [-76.5883, 39.3067], [-76.5895, 39.3056], [-76.5913, 39.3056], [-76.5966, 39.3053], [-76.5981, 39.3063], [-76.5969, 39.3085], [-76.594, 39.3086], [-76.5909, 39.3087], [-76.5885, 39.3088], [-76.5885, 39.3087]]]}, "properties": {"GEOID20": "24510080700", "JURSCODE": "BACI", "Eligibility_Status": "Eligible", "Qualifying_Criteria1_CPR_30": "Yes", "Qualifying_Criteria2_CPR_30MOE": "Yes", "F2024_Child_Poverty_Rate__2026_": 65.2, "F2024_Child_Poverty_Rate_Margin_Of_Error": 34.0, "SCHOOL_BND_INT_CPG_TOTAL": 3, "SCHOOL_NAME": "Harford Heights Elementary, Collington Square Elementary/Middle, Dr Bernard Harris Elementary"}}, {"type": "Feature", "geometry": {"type": "Polygon", "coordinates": [[[-76.6478, 39.2791], [-76.6482, 39.2794], [-76.6496, 39.282], [-76.6498, 39.283], [-76.6499, 39.285], [-76.65, 39.2865], [-76.6487, 39.2881], [-76.6469, 39.287], [-76.6467, 39.2842], [-76.6464, 39.2795], [-76.6478, 39.2791]]]}, "properties": {"GEOID20": "24510200300", "JURSCODE": "BACI", "Eligibility_Status": "Ineligible", "Qualifying_Criteria1_CPR_30": "No", "Qualifying_Criteria2_CPR_30MOE": "No", "F2024_Child_Poverty_Rate__2026_": 8.4, "F2024_Child_Poverty_Rate_Margin_Of_Error": 15.7, "SCHOOL_BND_INT_CPG_TOTAL": 3, "SCHOOL_NAME": "George Washington Elementary, Mary Ann Winterling Elementary @ Bentalou, Frederick Elementary"}}, {"type": "Feature", "geometry": {"type": "Polygon", "coordinates": [[[-76.6338, 39.3531], [-76.6329, 39.3532], [-76.6303, 39.3534], [-76.6291, 39.3531], [-76.6289, 39.3521], [-76.6286, 39.3516], [-76.6284, 39.3506], [-76.6281, 39.3493], [-76.6282, 39.3487], [-76.6279, 39.3483], [-76.6279, 39.3481], [-76.6276, 39.3478], [-76.6267, 39.3458], [-76.6258, 39.3444], [-76.6256, 39.3436], [-76.6257, 39.3426], [-76.6258, 39.3418], [-76.6257, 39.3396], [-76.6251, 39.3385], [-76.6242, 39.3375], [-76.624, 39.3365], [-76.6251, 39.3371], [-76.6263, 39.3379], [-76.6273, 39.3388], [-76.6279, 39.3393], [-76.6284, 39.3394], [-76.6289, 39.3395], [-76.6301, 39.3393], [-76.6312, 39.3393], [-76.6317, 39.3394], [-76.6321, 39.3397], [-76.6325, 39.3402], [-76.6331, 39.3407], [-76.6345, 39.3416], [-76.635, 39.3424], [-76.6354, 39.3439], [-76.6377, 39.3433], [-76.6383, 39.3431], [-76.6393, 39.3431], [-76.6403, 39.3434], [-76.6413, 39.3467], [-76.6431, 39.3523], [-76.642, 39.3534], [-76.6415, 39.3535], [-76.6407, 39.3534], [-76.6403, 39.3532], [-76.64, 39.3529], [-76.6398, 39.3529], [-76.6394, 39.3532], [-76.6387, 39.3535], [-76.6375, 39.3539], [-76.6368, 39.3538], [-76.634, 39.3531], [-76.6338, 39.3531]]]}, "properties": {"GEOID20": "24510271400", "JURSCODE": "BACI", "Eligibility_Status": "Ineligible", "Qualifying_Criteria1_CPR_30": "No", "Qualifying_Criteria2_CPR_30MOE": "No", "F2024_Child_Poverty_Rate__2026_": 0.9, "F2024_Child_Poverty_Rate_Margin_Of_Error": 1.5, "SCHOOL_BND_INT_CPG_TOTAL": 3, "SCHOOL_NAME": "Hampden Elementary/Middle, Roland Park Elementary/Middle, Medfield Heights Elementary"}}, {"type": "Feature", "geometry": {"type": "Polygon", "coordinates": [[[-76.6929, 39.3531], [-76.6975, 39.3528], [-76.7002, 39.3547], [-76.7024, 39.3562], [-76.7023, 39.3564], [-76.7021, 39.3588], [-76.7014, 39.3611], [-76.6976, 39.3606], [-76.6951, 39.3593], [-76.6914, 39.3574], [-76.6886, 39.356], [-76.6897, 39.355], [-76.692, 39.3538], [-76.6929, 39.3531]]]}, "properties": {"GEOID20": "24510272006", "JURSCODE": "BACI", "Eligibility_Status": "Ineligible", "Qualifying_Criteria1_CPR_30": "No", "Qualifying_Criteria2_CPR_30MOE": "No", "F2024_Child_Poverty_Rate__2026_": 17.7, "F2024_Child_Poverty_Rate_Margin_Of_Error": 14.1, "SCHOOL_BND_INT_CPG_TOTAL": 2, "SCHOOL_NAME": "Fallstaff Elementary/Middle, Cross Country Elementary"}}, {"type": "Feature", "geometry": {"type": "Polygon", "coordinates": [[[-76.6919, 39.2815], [-76.6931, 39.2829], [-76.6936, 39.2843], [-76.6938, 39.2848], [-76.6938, 39.2856], [-76.6941, 39.2861], [-76.6946, 39.2867], [-76.6951, 39.2871], [-76.6955, 39.2875], [-76.6957, 39.2884], [-76.6962, 39.2889], [-76.6971, 39.2891], [-76.6973, 39.2893], [-76.698, 39.2931], [-76.6953, 39.2934], [-76.6925, 39.2935], [-76.6894, 39.2932], [-76.6892, 39.291], [-76.689, 39.2899], [-76.6875, 39.2875], [-76.6867, 39.285], [-76.6867, 39.2844], [-76.6868, 39.2842], [-76.6867, 39.2817], [-76.6907, 39.2815], [-76.6919, 39.2815]]]}, "properties": {"GEOID20": "24510280404", "JURSCODE": "BACI", "Eligibility_Status": "Eligible", "Qualifying_Criteria1_CPR_30": "Yes", "Qualifying_Criteria2_CPR_30MOE": "Yes", "F2024_Child_Poverty_Rate__2026_": 40.2, "F2024_Child_Poverty_Rate_Margin_Of_Error": 37.1, "SCHOOL_BND_INT_CPG_TOTAL": 3, "SCHOOL_NAME": "Wildwood Elementary Middle School, Thomas Jefferson Elementary/Middle, Beechfield Elementary/Middle"}}, {"type": "Feature", "geometry": {"type": "Polygon", "coordinates": [[[-76.5728, 39.3003], [-76.5726, 39.2981], [-76.5744, 39.2971], [-76.5758, 39.297], [-76.578, 39.2969], [-76.5782, 39.3001], [-76.5783, 39.3026], [-76.5728, 39.3027], [-76.5728, 39.3007], [-76.5728, 39.3003]]]}, "properties": {"GEOID20": "24510070100", "JURSCODE": "BACI", "Eligibility_Status": "Eligible", "Qualifying_Criteria1_CPR_30": "Yes", "Qualifying_Criteria2_CPR_30MOE": "Yes", "F2024_Child_Poverty_Rate__2026_": 44.0, "F2024_Child_Poverty_Rate_Margin_Of_Error": 30.4, "SCHOOL_BND_INT_CPG_TOTAL": 3, "SCHOOL_NAME": "William Paca Elementary, Lakewood Elementary, Armistead Gardens Elementary/Middle"}}, {"type": "Feature", "geometry": {"type": "Polygon", "coordinates": [[[-76.5928, 39.3462], [-76.5916, 39.3461], [-76.5893, 39.3461], [-76.5881, 39.346], [-76.5871, 39.3459], [-76.5859, 39.3459], [-76.5846, 39.3459], [-76.5835, 39.3459], [-76.5829, 39.3458], [-76.5813, 39.3453], [-76.5807, 39.3449], [-76.5807, 39.3444], [-76.581, 39.344], [-76.5813, 39.3431], [-76.5815, 39.3427], [-76.5815, 39.3419], [-76.5815, 39.3418], [-76.5805, 39.3417], [-76.5793, 39.3416], [-76.5791, 39.3415], [-76.5789, 39.3414], [-76.5784, 39.3407], [-76.5782, 39.34], [-76.5779, 39.3398], [-76.5768, 39.3393], [-76.5764, 39.339], [-76.5764, 39.3388], [-76.577, 39.3386], [-76.5785, 39.3396], [-76.5796, 39.34], [-76.5806, 39.3403], [-76.5816, 39.3404], [-76.5834, 39.3405], [-76.5843, 39.3403], [-76.5855, 39.34], [-76.5861, 39.3399], [-76.5878, 39.34], [-76.59, 39.3402], [-76.5914, 39.3402], [-76.5933, 39.34], [-76.5953, 39.3394], [-76.5968, 39.3391], [-76.5974, 39.3391], [-76.5981, 39.3393], [-76.5988, 39.3395], [-76.5998, 39.34], [-76.6, 39.3417], [-76.5998, 39.344], [-76.5976, 39.345], [-76.5966, 39.3449], [-76.5962, 39.3449], [-76.5957, 39.3451], [-76.5937, 39.346], [-76.5932, 39.3461], [-76.5928, 39.3462]]]}, "properties": {"GEOID20": "24510270903", "JURSCODE": "BACI", "Eligibility_Status": "Ineligible", "Qualifying_Criteria1_CPR_30": "No", "Qualifying_Criteria2_CPR_30MOE": "No", "F2024_Child_Poverty_Rate__2026_": 1.6, "F2024_Child_Poverty_Rate_Margin_Of_Error": 3.1, "SCHOOL_BND_INT_CPG_TOTAL": 4, "SCHOOL_NAME": "Montebello Elementary/Middle, Walter P Carter Elementary/Middle, Garrett Heights Elementary/Middle, Northwood Elementary"}}, {"type": "Feature", "geometry": {"type": "Polygon", "coordinates": [[[-76.5554, 39.3186], [-76.5552, 39.3181], [-76.5564, 39.317], [-76.5571, 39.3166], [-76.5593, 39.3153], [-76.5607, 39.3147], [-76.563, 39.3138], [-76.5638, 39.3136], [-76.5654, 39.3136], [-76.5675, 39.3135], [-76.5702, 39.3134], [-76.5707, 39.3135], [-76.5716, 39.3141], [-76.5728, 39.3146], [-76.5731, 39.3151], [-76.5729, 39.3173], [-76.5727, 39.3181], [-76.5718, 39.3201], [-76.5713, 39.3198], [-76.5704, 39.3184], [-76.57, 39.3188], [-76.5667, 39.3192], [-76.5661, 39.3193], [-76.5628, 39.3198], [-76.5605, 39.3202], [-76.5604, 39.3204], [-76.5593, 39.3211], [-76.5583, 39.3214], [-76.5576, 39.3214], [-76.5573, 39.3213], [-76.5559, 39.3201], [-76.5555, 39.3191], [-76.5554, 39.3186]]]}, "properties": {"GEOID20": "24510260302", "JURSCODE": "BACI", "Eligibility_Status": "Eligible", "Qualifying_Criteria1_CPR_30": "Yes", "Qualifying_Criteria2_CPR_30MOE": "Yes", "F2024_Child_Poverty_Rate__2026_": 52.6, "F2024_Child_Poverty_Rate_Margin_Of_Error": 44.8, "SCHOOL_BND_INT_CPG_TOTAL": 2, "SCHOOL_NAME": "The Belair-Edison School, Sinclair Lane Elementary"}}, {"type": "Feature", "geometry": {"type": "Polygon", "coordinates": [[[-76.538, 39.3367], [-76.5359, 39.337], [-76.5339, 39.3372], [-76.5326, 39.3371], [-76.5321, 39.337], [-76.5316, 39.3366], [-76.5312, 39.336], [-76.531, 39.3359], [-76.5307, 39.3359], [-76.5303, 39.336], [-76.5297, 39.3361], [-76.5297, 39.3312], [-76.533, 39.3306], [-76.5345, 39.3303], [-76.5405, 39.3294], [-76.5418, 39.3294], [-76.5438, 39.3314], [-76.5442, 39.3318], [-76.5454, 39.3325], [-76.5477, 39.3337], [-76.5481, 39.3342], [-76.5491, 39.3357], [-76.5514, 39.3377], [-76.5517, 39.3381], [-76.5506, 39.3388], [-76.5481, 39.3406], [-76.5464, 39.3418], [-76.5453, 39.3422], [-76.545, 39.3418], [-76.5446, 39.3412], [-76.5437, 39.3407], [-76.5432, 39.3404], [-76.5427, 39.3399], [-76.5415, 39.3395], [-76.541, 39.3382], [-76.5408, 39.3379], [-76.5394, 39.337], [-76.539, 39.3368], [-76.538, 39.3367]]]}, "properties": {"GEOID20": "24510260102", "JURSCODE": "BACI", "Eligibility_Status": "Ineligible", "Qualifying_Criteria1_CPR_30": "No", "Qualifying_Criteria2_CPR_30MOE": "No", "F2024_Child_Poverty_Rate__2026_": 13.5, "F2024_Child_Poverty_Rate_Margin_Of_Error": 7.1, "SCHOOL_BND_INT_CPG_TOTAL": 5, "SCHOOL_NAME": "Moravia Park Primary, Furley Elementary, Hazelwood Elementary/Middle, Gardenville Elementary, Glenmount Elementary/Middle"}}, {"type": "Feature", "geometry": {"type": "Polygon", "coordinates": [[[-76.5929, 39.2856], [-76.5937, 39.2876], [-76.5939, 39.2904], [-76.5933, 39.2916], [-76.5904, 39.2905], [-76.5901, 39.2863], [-76.5929, 39.2856]]]}, "properties": {"GEOID20": "24510020200", "JURSCODE": "BACI", "Eligibility_Status": "Eligible", "Qualifying_Criteria1_CPR_30": "Yes", "Qualifying_Criteria2_CPR_30MOE": "Yes", "F2024_Child_Poverty_Rate__2026_": 44.6, "F2024_Child_Poverty_Rate_Margin_Of_Error": 32.1, "SCHOOL_BND_INT_CPG_TOTAL": 3, "SCHOOL_NAME": "City Springs Elementary/Middle, Wolfe Street Academy, Commodore John Rogers Elementary/Middle"}}, {"type": "Feature", "geometry": {"type": "Polygon", "coordinates": [[[-76.6541, 39.2766], [-76.6552, 39.2759], [-76.6554, 39.276], [-76.6559, 39.2762], [-76.6562, 39.2762], [-76.6564, 39.2762], [-76.6566, 39.2763], [-76.6567, 39.2763], [-76.6574, 39.2761], [-76.6583, 39.2774], [-76.6593, 39.2791], [-76.6602, 39.2807], [-76.659, 39.2814], [-76.6579, 39.2821], [-76.6559, 39.2834], [-76.6545, 39.2842], [-76.6513, 39.2853], [-76.65, 39.2857], [-76.6498, 39.2836], [-76.6497, 39.2822], [-76.6488, 39.2806], [-76.648, 39.2791], [-76.6499, 39.2786], [-76.6527, 39.2776], [-76.6533, 39.2773], [-76.6541, 39.2766]]]}, "properties": {"GEOID20": "24510200500", "JURSCODE": "BACI", "Eligibility_Status": "Eligible", "Qualifying_Criteria1_CPR_30": "Yes", "Qualifying_Criteria2_CPR_30MOE": "Yes", "F2024_Child_Poverty_Rate__2026_": 49.1, "F2024_Child_Poverty_Rate_Margin_Of_Error": 15.2, "SCHOOL_BND_INT_CPG_TOTAL": 3, "SCHOOL_NAME": "George Washington Elementary, Mary Ann Winterling Elementary @ Bentalou, Frederick Elementary"}}, {"type": "Feature", "geometry": {"type": "Polygon", "coordinates": [[[-76.5524, 39.3262], [-76.551, 39.3253], [-76.549, 39.323], [-76.5486, 39.3225], [-76.5484, 39.3218], [-76.5491, 39.3217], [-76.5514, 39.3203], [-76.5543, 39.3184], [-76.555, 39.318], [-76.5553, 39.3183], [-76.5555, 39.3191], [-76.5559, 39.3201], [-76.5573, 39.3213], [-76.5576, 39.3214], [-76.5583, 39.3214], [-76.5593, 39.3211], [-76.5599, 39.321], [-76.5604, 39.3211], [-76.5606, 39.3215], [-76.5606, 39.3219], [-76.5606, 39.3224], [-76.5607, 39.3228], [-76.5614, 39.3235], [-76.5627, 39.3247], [-76.5642, 39.3251], [-76.5653, 39.3252], [-76.5658, 39.3253], [-76.5675, 39.3264], [-76.566, 39.3277], [-76.5641, 39.3293], [-76.5616, 39.3311], [-76.5613, 39.3308], [-76.5588, 39.329], [-76.5578, 39.3284], [-76.5571, 39.3282], [-76.5558, 39.3279], [-76.5552, 39.3278], [-76.554, 39.3271], [-76.5524, 39.3262]]]}, "properties": {"GEOID20": "24510260202", "JURSCODE": "BACI", "Eligibility_Status": "Eligible", "Qualifying_Criteria1_CPR_30": "Yes", "Qualifying_Criteria2_CPR_30MOE": "Yes", "F2024_Child_Poverty_Rate__2026_": 45.6, "F2024_Child_Poverty_Rate_Margin_Of_Error": 34.2, "SCHOOL_BND_INT_CPG_TOTAL": 4, "SCHOOL_NAME": "Furley Elementary, Gardenville Elementary, The Belair-Edison School, Sinclair Lane Elementary"}}, {"type": "Feature", "geometry": {"type": "Polygon", "coordinates": [[[-76.5757, 39.3336], [-76.5754, 39.3336], [-76.5752, 39.3336], [-76.575, 39.3333], [-76.5751, 39.333], [-76.5753, 39.3323], [-76.5752, 39.3321], [-76.5748, 39.3318], [-76.5739, 39.3313], [-76.5703, 39.3298], [-76.5699, 39.3295], [-76.5696, 39.329], [-76.5696, 39.3285], [-76.5703, 39.3278], [-76.5707, 39.3274], [-76.5707, 39.327], [-76.5706, 39.3268], [-76.5701, 39.3266], [-76.5697, 39.3267], [-76.5691, 39.3271], [-76.5682, 39.3274], [-76.5679, 39.3273], [-76.5676, 39.3266], [-76.569, 39.3252], [-76.5702, 39.3243], [-76.5723, 39.3227], [-76.5743, 39.3211], [-76.5785, 39.3175], [-76.5803, 39.3159], [-76.5821, 39.3146], [-76.5833, 39.3147], [-76.5851, 39.3149], [-76.5865, 39.3153], [-76.5888, 39.3159], [-76.591, 39.3164], [-76.5944, 39.3176], [-76.593, 39.319], [-76.5918, 39.3201], [-76.5907, 39.3212], [-76.5894, 39.3223], [-76.5879, 39.3233], [-76.5873, 39.3237], [-76.5855, 39.326], [-76.5842, 39.3275], [-76.5837, 39.328], [-76.581, 39.3304], [-76.5795, 39.3314], [-76.5779, 39.3327], [-76.5758, 39.3337], [-76.5757, 39.3336]]]}, "properties": {"GEOID20": "24510080101", "JURSCODE": "BACI", "Eligibility_Status": "Ineligible", "Qualifying_Criteria1_CPR_30": "No", "Qualifying_Criteria2_CPR_30MOE": "No", "F2024_Child_Poverty_Rate__2026_": 2.2, "F2024_Child_Poverty_Rate_Margin_Of_Error": 3.7, "SCHOOL_BND_INT_CPG_TOTAL": 8, "SCHOOL_NAME": "Harford Heights Elementary, Montebello Elementary/Middle, Abbottston Elementary, Gardenville Elementary, Garrett Heights Elementary/Middle, The Belair-Edison School, Northwood Elementary, Sinclair Lane Elementary"}}, {"type": "Feature", "geometry": {"type": "Polygon", "coordinates": [[[-76.6493, 39.3157], [-76.6476, 39.3143], [-76.6459, 39.3129], [-76.6434, 39.3108], [-76.6444, 39.31], [-76.649, 39.3098], [-76.6541, 39.3096], [-76.656, 39.3095], [-76.6596, 39.3094], [-76.6599, 39.3104], [-76.6596, 39.3145], [-76.6598, 39.3152], [-76.6579, 39.3158], [-76.6573, 39.3159], [-76.6564, 39.3159], [-76.6556, 39.3157], [-76.6544, 39.3155], [-76.6536, 39.3154], [-76.6529, 39.3155], [-76.6522, 39.3156], [-76.6505, 39.3167], [-76.6493, 39.3157]]]}, "properties": {"GEOID20": "24510150400", "JURSCODE": "BACI", "Eligibility_Status": "Eligible", "Qualifying_Criteria1_CPR_30": "Yes", "Qualifying_Criteria2_CPR_30MOE": "Yes", "F2024_Child_Poverty_Rate__2026_": 46.5, "F2024_Child_Poverty_Rate_Margin_Of_Error": 40.4, "SCHOOL_BND_INT_CPG_TOTAL": 5, "SCHOOL_NAME": "Matthew A Henson Elementary, Gwynns Falls Elementary, Dorothy I. Height Elementary School , Rosemont Elementary/Middle, Robert W Coleman Elementary"}}, {"type": "Feature", "geometry": {"type": "Polygon", "coordinates": [[[-76.6138, 39.3111], [-76.6151, 39.3123], [-76.6153, 39.3154], [-76.6142, 39.3165], [-76.6121, 39.3165], [-76.6095, 39.3162], [-76.6095, 39.3145], [-76.6095, 39.3127], [-76.6095, 39.3114], [-76.6099, 39.3113], [-76.6138, 39.3111], [-76.6138, 39.3111]]]}, "properties": {"GEOID20": "24510120400", "JURSCODE": "BACI", "Eligibility_Status": "Ineligible", "Qualifying_Criteria1_CPR_30": "No", "Qualifying_Criteria2_CPR_30MOE": "No", "F2024_Child_Poverty_Rate__2026_": 6.7, "F2024_Child_Poverty_Rate_Margin_Of_Error": 11.1, "SCHOOL_BND_INT_CPG_TOTAL": 2, "SCHOOL_NAME": "Dallas F Nicholas Sr Elem, Margaret Brent Elementary/Middle"}}, {"type": "Feature", "geometry": {"type": "Polygon", "coordinates": [[[-76.6108, 39.2727], [-76.6119, 39.2736], [-76.6121, 39.2749], [-76.6123, 39.2764], [-76.6125, 39.2777], [-76.6115, 39.2789], [-76.6092, 39.279], [-76.609, 39.2774], [-76.6088, 39.2758], [-76.6086, 39.2743], [-76.6084, 39.2729], [-76.6108, 39.2727]]]}, "properties": {"GEOID20": "24510240300", "JURSCODE": "BACI", "Eligibility_Status": "Ineligible", "Qualifying_Criteria1_CPR_30": "No", "Qualifying_Criteria2_CPR_30MOE": "No", "F2024_Child_Poverty_Rate__2026_": 0.0, "F2024_Child_Poverty_Rate_Margin_Of_Error": 27.1, "SCHOOL_BND_INT_CPG_TOTAL": 2, "SCHOOL_NAME": "Federal Hill Preparatory Academy, Thomas Johnson Elementary/Middle"}}, {"type": "Feature", "geometry": {"type": "Polygon", "coordinates": [[[-76.6611, 39.2762], [-76.6603, 39.2753], [-76.6599, 39.2748], [-76.6596, 39.2747], [-76.6592, 39.2747], [-76.6586, 39.2749], [-76.6585, 39.2751], [-76.658, 39.2757], [-76.6574, 39.2761], [-76.6567, 39.2763], [-76.6566, 39.2763], [-76.6564, 39.2762], [-76.6562, 39.2762], [-76.6559, 39.2762], [-76.6554, 39.276], [-76.6552, 39.2759], [-76.6553, 39.2745], [-76.6549, 39.2704], [-76.6547, 39.2687], [-76.6542, 39.267], [-76.6538, 39.2662], [-76.6527, 39.2653], [-76.6523, 39.2649], [-76.6519, 39.2644], [-76.6517, 39.2638], [-76.6517, 39.2633], [-76.6518, 39.2624], [-76.6516, 39.2608], [-76.6511, 39.2605], [-76.6506, 39.2604], [-76.6508, 39.2595], [-76.6521, 39.2586], [-76.6532, 39.2581], [-76.6578, 39.2567], [-76.6592, 39.2559], [-76.6596, 39.2557], [-76.6626, 39.2568], [-76.6644, 39.258], [-76.6642, 39.2585], [-76.6647, 39.2595], [-76.6655, 39.2622], [-76.6671, 39.2661], [-76.6681, 39.2681], [-76.6697, 39.2707], [-76.6705, 39.2721], [-76.6715, 39.2739], [-76.6713, 39.2759], [-76.67, 39.2755], [-76.6695, 39.2755], [-76.6691, 39.276], [-76.6689, 39.2761], [-76.6683, 39.2759], [-76.668, 39.2759], [-76.6674, 39.2761], [-76.6668, 39.2761], [-76.6659, 39.2757], [-76.6651, 39.2751], [-76.6649, 39.2751], [-76.6648, 39.2754], [-76.6647, 39.2758], [-76.6646, 39.2759], [-76.6639, 39.2761], [-76.6634, 39.276], [-76.6623, 39.2762], [-76.6616, 39.2764], [-76.6612, 39.2763], [-76.6611, 39.2762]]]}, "properties": {"GEOID20": "24510250206", "JURSCODE": "BACI", "Eligibility_Status": "Ineligible", "Qualifying_Criteria1_CPR_30": "No", "Qualifying_Criteria2_CPR_30MOE": "No", "F2024_Child_Poverty_Rate__2026_": 21.9, "F2024_Child_Poverty_Rate_Margin_Of_Error": 23.4, "SCHOOL_BND_INT_CPG_TOTAL": 5, "SCHOOL_NAME": "Lakeland Elementary/Middle, George Washington Elementary, Morrell Park Elementary/Middle, Violetville Elementary/Middle, Frederick Elementary"}}, {"type": "Feature", "geometry": {"type": "Polygon", "coordinates": [[[-76.6221, 39.2863], [-76.6259, 39.2861], [-76.6276, 39.2862], [-76.628, 39.287], [-76.6281, 39.2876], [-76.628, 39.2884], [-76.6275, 39.2901], [-76.6275, 39.2912], [-76.6277, 39.2939], [-76.6273, 39.2946], [-76.6248, 39.2947], [-76.6226, 39.2948], [-76.6225, 39.2928], [-76.6224, 39.2904], [-76.6223, 39.289], [-76.6223, 39.2875], [-76.6221, 39.2863]]]}, "properties": {"GEOID20": "24510040200", "JURSCODE": "BACI", "Eligibility_Status": "Eligible", "Qualifying_Criteria1_CPR_30": "Yes", "Qualifying_Criteria2_CPR_30MOE": "Yes", "F2024_Child_Poverty_Rate__2026_": 43.9, "F2024_Child_Poverty_Rate_Margin_Of_Error": 43.3, "SCHOOL_BND_INT_CPG_TOTAL": 4, "SCHOOL_NAME": "James Mchenry Elementary/Middle, George Washington Elementary, The Historic Samuel Coleridge-Taylor Elementary, Furman L Templeton Elementary"}}, {"type": "Feature", "geometry": {"type": "Polygon", "coordinates": [[[-76.6517, 39.3035], [-76.6533, 39.3038], [-76.657, 39.305], [-76.6579, 39.3054], [-76.6589, 39.3061], [-76.6595, 39.3069], [-76.6598, 39.3074], [-76.66, 39.308], [-76.66, 39.3091], [-76.6591, 39.3094], [-76.6551, 39.3095], [-76.6527, 39.3096], [-76.6512, 39.3078], [-76.6511, 39.3058], [-76.6517, 39.3046], [-76.6517, 39.3035], [-76.6517, 39.3035]]]}, "properties": {"GEOID20": "24510150300", "JURSCODE": "BACI", "Eligibility_Status": "Eligible", "Qualifying_Criteria1_CPR_30": "Yes", "Qualifying_Criteria2_CPR_30MOE": "Yes", "F2024_Child_Poverty_Rate__2026_": 68.8, "F2024_Child_Poverty_Rate_Margin_Of_Error": 24.3, "SCHOOL_BND_INT_CPG_TOTAL": 4, "SCHOOL_NAME": "Sandtown-Winchester Achievement Academy, Matthew A Henson Elementary, Rosemont Elementary/Middle, Billie Holiday Elementary School (Formerly James Mosher Es)"}}, {"type": "Feature", "geometry": {"type": "Polygon", "coordinates": [[[-76.6823, 39.3722], [-76.6803, 39.3722], [-76.6788, 39.3722], [-76.6781, 39.3716], [-76.678, 39.3711], [-76.6775, 39.3697], [-76.6768, 39.3686], [-76.6754, 39.3673], [-76.6743, 39.3664], [-76.674, 39.3662], [-76.6735, 39.3652], [-76.6734, 39.3646], [-76.6736, 39.364], [-76.6746, 39.3633], [-76.6752, 39.3627], [-76.6767, 39.3618], [-76.6792, 39.3605], [-76.683, 39.3585], [-76.6881, 39.3558], [-76.6888, 39.3561], [-76.6926, 39.358], [-76.6961, 39.3598], [-76.6979, 39.3608], [-76.6984, 39.3635], [-76.6976, 39.3643], [-76.6972, 39.365], [-76.6949, 39.3651], [-76.6938, 39.3654], [-76.6923, 39.3659], [-76.6918, 39.366], [-76.6912, 39.3659], [-76.6908, 39.3657], [-76.6903, 39.3653], [-76.6886, 39.3649], [-76.6859, 39.3652], [-76.6853, 39.3654], [-76.6852, 39.3677], [-76.6808, 39.3691], [-76.6822, 39.3705], [-76.6823, 39.371], [-76.6823, 39.3722]]]}, "properties": {"GEOID20": "24510272003", "JURSCODE": "BACI", "Eligibility_Status": "Ineligible", "Qualifying_Criteria1_CPR_30": "No", "Qualifying_Criteria2_CPR_30MOE": "No", "F2024_Child_Poverty_Rate__2026_": 4.6, "F2024_Child_Poverty_Rate_Margin_Of_Error": 5.8, "SCHOOL_BND_INT_CPG_TOTAL": 3, "SCHOOL_NAME": "The Mount Washington School, Fallstaff Elementary/Middle, Cross Country Elementary"}}, {"type": "Feature", "geometry": {"type": "Polygon", "coordinates": [[[-76.605, 39.3284], [-76.5993, 39.3283], [-76.5954, 39.3284], [-76.5952, 39.328], [-76.5949, 39.3277], [-76.5942, 39.3267], [-76.5949, 39.3253], [-76.5973, 39.3229], [-76.5995, 39.3208], [-76.6026, 39.319], [-76.6048, 39.3194], [-76.6036, 39.3216], [-76.6033, 39.3244], [-76.6072, 39.3262], [-76.6089, 39.3265], [-76.6094, 39.3261], [-76.6085, 39.3283], [-76.6063, 39.3283], [-76.605, 39.3284]]]}, "properties": {"GEOID20": "24510090500", "JURSCODE": "BACI", "Eligibility_Status": "Ineligible", "Qualifying_Criteria1_CPR_30": "No", "Qualifying_Criteria2_CPR_30MOE": "No", "F2024_Child_Poverty_Rate__2026_": 0.0, "F2024_Child_Poverty_Rate_Margin_Of_Error": 23.8, "SCHOOL_BND_INT_CPG_TOTAL": 4, "SCHOOL_NAME": "Montebello Elementary/Middle, Abbottston Elementary, Waverly Elementary/Middle, Barclay Elementary/Middle"}}, {"type": "Feature", "geometry": {"type": "Polygon", "coordinates": [[[-76.6632, 39.2874], [-76.6628, 39.2874], [-76.6619, 39.2873], [-76.6612, 39.2872], [-76.6604, 39.287], [-76.6599, 39.2866], [-76.6593, 39.2861], [-76.6593, 39.2856], [-76.6598, 39.2838], [-76.66, 39.2825], [-76.6598, 39.2809], [-76.6596, 39.2797], [-76.6587, 39.2781], [-76.6576, 39.276], [-76.6582, 39.2755], [-76.6585, 39.275], [-76.6588, 39.2748], [-76.6593, 39.2747], [-76.6597, 39.2747], [-76.66, 39.2749], [-76.6606, 39.2757], [-76.6612, 39.2763], [-76.6616, 39.2764], [-76.6623, 39.2762], [-76.6634, 39.276], [-76.6639, 39.2761], [-76.6646, 39.2759], [-76.6647, 39.2758], [-76.6648, 39.2754], [-76.6649, 39.2751], [-76.6651, 39.2751], [-76.6659, 39.2757], [-76.6668, 39.2761], [-76.6674, 39.2761], [-76.668, 39.2759], [-76.6683, 39.2759], [-76.6689, 39.2761], [-76.6691, 39.276], [-76.6695, 39.2755], [-76.67, 39.2755], [-76.6713, 39.2759], [-76.6717, 39.2797], [-76.6722, 39.2808], [-76.6722, 39.2811], [-76.6721, 39.2819], [-76.6723, 39.2858], [-76.6726, 39.2898], [-76.6726, 39.2908], [-76.6727, 39.2916], [-76.6728, 39.2942], [-76.6713, 39.2942], [-76.6702, 39.2943], [-76.6697, 39.2943], [-76.6697, 39.2936], [-76.6694, 39.2933], [-76.669, 39.2931], [-76.6685, 39.2929], [-76.6672, 39.2919], [-76.6665, 39.291], [-76.6658, 39.2897], [-76.6652, 39.2888], [-76.664, 39.2879], [-76.6633, 39.2875], [-76.6632, 39.2874]]]}, "properties": {"GEOID20": "24510200600", "JURSCODE": "BACI", "Eligibility_Status": "Ineligible", "Qualifying_Criteria1_CPR_30": "No", "Qualifying_Criteria2_CPR_30MOE": "No", "F2024_Child_Poverty_Rate__2026_": 2.5, "F2024_Child_Poverty_Rate_Margin_Of_Error": 4.0, "SCHOOL_BND_INT_CPG_TOTAL": 4, "SCHOOL_NAME": "Billie Holiday Elementary School (Formerly James Mosher Es), Mary E Rodman Elementary, Violetville Elementary/Middle, Frederick Elementary"}}, {"type": "Feature", "geometry": {"type": "Polygon", "coordinates": [[[-76.6814, 39.2769], [-76.6811, 39.2769], [-76.6809, 39.2772], [-76.6806, 39.2772], [-76.6802, 39.2771], [-76.6799, 39.2772], [-76.6796, 39.2771], [-76.679, 39.2765], [-76.6786, 39.2763], [-76.678, 39.2757], [-76.6762, 39.2742], [-76.6758, 39.2741], [-76.6755, 39.2742], [-76.6753, 39.2744], [-76.675, 39.2748], [-76.6744, 39.2751], [-76.6741, 39.2752], [-76.6736, 39.2752], [-76.6729, 39.2756], [-76.6725, 39.2758], [-76.6716, 39.2759], [-76.6714, 39.2737], [-76.6701, 39.2716], [-76.669, 39.2698], [-76.6677, 39.2674], [-76.6671, 39.266], [-76.6649, 39.2606], [-76.6646, 39.2592], [-76.6643, 39.2584], [-76.6643, 39.2574], [-76.6717, 39.2606], [-76.6768, 39.263], [-76.68, 39.2644], [-76.6835, 39.2659], [-76.6846, 39.2664], [-76.6861, 39.2669], [-76.6886, 39.2682], [-76.6945, 39.2708], [-76.6989, 39.2727], [-76.6954, 39.2719], [-76.6934, 39.2718], [-76.6909, 39.2719], [-76.6882, 39.2745], [-76.6834, 39.2767], [-76.6831, 39.2771], [-76.6828, 39.2771], [-76.6825, 39.2772], [-76.682, 39.2773], [-76.6817, 39.277], [-76.6814, 39.2769]]]}, "properties": {"GEOID20": "24510250103", "JURSCODE": "BACI", "Eligibility_Status": "Ineligible", "Qualifying_Criteria1_CPR_30": "No", "Qualifying_Criteria2_CPR_30MOE": "No", "F2024_Child_Poverty_Rate__2026_": 4.3, "F2024_Child_Poverty_Rate_Margin_Of_Error": 7.4, "SCHOOL_BND_INT_CPG_TOTAL": 5, "SCHOOL_NAME": "North Bend Elementary/Middle, Mary E Rodman Elementary, Morrell Park Elementary/Middle, Violetville Elementary/Middle, Beechfield Elementary/Middle"}}, {"type": "Feature", "geometry": {"type": "Polygon", "coordinates": [[[-76.6442, 39.2883], [-76.6454, 39.2913], [-76.6455, 39.293], [-76.6449, 39.2939], [-76.6421, 39.294], [-76.6385, 39.2942], [-76.6384, 39.2923], [-76.6383, 39.2909], [-76.6389, 39.2885], [-76.6424, 39.2884], [-76.6442, 39.2883]]]}, "properties": {"GEOID20": "24510190100", "JURSCODE": "BACI", "Eligibility_Status": "Eligible", "Qualifying_Criteria1_CPR_30": "Yes", "Qualifying_Criteria2_CPR_30MOE": "Yes", "F2024_Child_Poverty_Rate__2026_": 89.3, "F2024_Child_Poverty_Rate_Margin_Of_Error": 22.5, "SCHOOL_BND_INT_CPG_TOTAL": 3, "SCHOOL_NAME": "Harlem Park Elementary/Middle, Franklin Square Elementary/Middle, Mary Ann Winterling Elementary @ Bentalou"}}, {"type": "Feature", "geometry": {"type": "Polygon", "coordinates": [[[-76.6313, 39.3316], [-76.6294, 39.3313], [-76.6259, 39.3312], [-76.6258, 39.3305], [-76.6254, 39.3299], [-76.6252, 39.3288], [-76.625, 39.3278], [-76.6251, 39.3265], [-76.6259, 39.3256], [-76.6261, 39.3249], [-76.6262, 39.3209], [-76.6271, 39.3207], [-76.6276, 39.3204], [-76.6285, 39.3193], [-76.6298, 39.3183], [-76.63, 39.3185], [-76.6305, 39.32], [-76.632, 39.3223], [-76.6325, 39.3233], [-76.6333, 39.3241], [-76.6343, 39.3249], [-76.6338, 39.3254], [-76.6333, 39.326], [-76.6331, 39.3266], [-76.6332, 39.327], [-76.6338, 39.3281], [-76.6343, 39.3287], [-76.6345, 39.3293], [-76.6349, 39.3309], [-76.6348, 39.3327], [-76.632, 39.3328], [-76.6313, 39.3316]]]}, "properties": {"GEOID20": "24510130600", "JURSCODE": "BACI", "Eligibility_Status": "Ineligible", "Qualifying_Criteria1_CPR_30": "No", "Qualifying_Criteria2_CPR_30MOE": "No", "F2024_Child_Poverty_Rate__2026_": 0.0, "F2024_Child_Poverty_Rate_Margin_Of_Error": 12.5, "SCHOOL_BND_INT_CPG_TOTAL": 4, "SCHOOL_NAME": "Margaret Brent Elementary/Middle, Barclay Elementary/Middle, Hampden Elementary/Middle, Dorothy I. Height Elementary School "}}, {"type": "Feature", "geometry": {"type": "Polygon", "coordinates": [[[-76.5793, 39.34], [-76.578, 39.3394], [-76.5774, 39.3385], [-76.5777, 39.3382], [-76.5781, 39.3371], [-76.5784, 39.3352], [-76.5779, 39.3344], [-76.5772, 39.334], [-76.5773, 39.3332], [-76.579, 39.3318], [-76.5806, 39.3307], [-76.5827, 39.3289], [-76.5839, 39.3279], [-76.5846, 39.3271], [-76.5852, 39.3273], [-76.5872, 39.3273], [-76.5881, 39.3273], [-76.5893, 39.3275], [-76.5907, 39.3284], [-76.5951, 39.3285], [-76.5951, 39.3325], [-76.5954, 39.334], [-76.596, 39.3348], [-76.598, 39.3365], [-76.5992, 39.3377], [-76.5996, 39.3383], [-76.6, 39.339], [-76.6002, 39.3398], [-76.5998, 39.34], [-76.5988, 39.3395], [-76.5981, 39.3393], [-76.5974, 39.3391], [-76.5968, 39.3391], [-76.5953, 39.3394], [-76.5933, 39.34], [-76.5914, 39.3402], [-76.59, 39.3402], [-76.5878, 39.34], [-76.5861, 39.3399], [-76.5855, 39.34], [-76.5843, 39.3403], [-76.5834, 39.3405], [-76.5816, 39.3404], [-76.5806, 39.3403], [-76.5796, 39.34], [-76.5793, 39.34]]]}, "properties": {"GEOID20": "24510090200", "JURSCODE": "BACI", "Eligibility_Status": "Ineligible", "Qualifying_Criteria1_CPR_30": "No", "Qualifying_Criteria2_CPR_30MOE": "No", "F2024_Child_Poverty_Rate__2026_": 27.4, "F2024_Child_Poverty_Rate_Margin_Of_Error": 19.7, "SCHOOL_BND_INT_CPG_TOTAL": 5, "SCHOOL_NAME": "Montebello Elementary/Middle, Waverly Elementary/Middle, Walter P Carter Elementary/Middle, Garrett Heights Elementary/Middle, Northwood Elementary"}}, {"type": "Feature", "geometry": {"type": "Polygon", "coordinates": [[[-76.5702, 39.2784], [-76.5711, 39.2794], [-76.5713, 39.2824], [-76.5715, 39.2855], [-76.5708, 39.2875], [-76.569, 39.2866], [-76.5689, 39.284], [-76.5688, 39.2825], [-76.5687, 39.2805], [-76.5702, 39.2784]]]}, "properties": {"GEOID20": "24510261100", "JURSCODE": "BACI", "Eligibility_Status": "Ineligible", "Qualifying_Criteria1_CPR_30": "No", "Qualifying_Criteria2_CPR_30MOE": "No", "F2024_Child_Poverty_Rate__2026_": 0.0, "F2024_Child_Poverty_Rate_Margin_Of_Error": 14.4, "SCHOOL_BND_INT_CPG_TOTAL": 2, "SCHOOL_NAME": "Hampstead Hill Academy, Highlandtown Elementary/Middle #215"}}, {"type": "Feature", "geometry": {"type": "Polygon", "coordinates": [[[-76.6305, 39.2721], [-76.6333, 39.2697], [-76.6344, 39.2697], [-76.6373, 39.2701], [-76.6395, 39.2705], [-76.6474, 39.2712], [-76.6519, 39.2716], [-76.6533, 39.2715], [-76.655, 39.2712], [-76.6552, 39.2749], [-76.6541, 39.2766], [-76.6533, 39.2773], [-76.6527, 39.2776], [-76.6499, 39.2786], [-76.648, 39.2791], [-76.6455, 39.2798], [-76.6419, 39.281], [-76.6405, 39.2816], [-76.6391, 39.2824], [-76.6381, 39.2827], [-76.6379, 39.284], [-76.6359, 39.2857], [-76.632, 39.2859], [-76.629, 39.286], [-76.6296, 39.2838], [-76.6327, 39.2836], [-76.6325, 39.2829], [-76.6303, 39.2813], [-76.6346, 39.278], [-76.6309, 39.2751], [-76.6301, 39.2724], [-76.6305, 39.2721]]]}, "properties": {"GEOID20": "24510210200", "JURSCODE": "BACI", "Eligibility_Status": "Ineligible", "Qualifying_Criteria1_CPR_30": "No", "Qualifying_Criteria2_CPR_30MOE": "No", "F2024_Child_Poverty_Rate__2026_": 3.8, "F2024_Child_Poverty_Rate_Margin_Of_Error": 8.4, "SCHOOL_BND_INT_CPG_TOTAL": 6, "SCHOOL_NAME": "James Mchenry Elementary/Middle, George Washington Elementary, Charles Carroll Barrister Elementary, Franklin Square Elementary/Middle, Morrell Park Elementary/Middle, Frederick Elementary"}}, {"type": "Feature", "geometry": {"type": "Polygon", "coordinates": [[[-76.5854, 39.3023], [-76.5847, 39.3019], [-76.5839, 39.3018], [-76.5837, 39.2982], [-76.585, 39.2966], [-76.5877, 39.2965], [-76.5879, 39.2997], [-76.5881, 39.3025], [-76.5875, 39.3029], [-76.5865, 39.3025], [-76.5855, 39.3023], [-76.5854, 39.3023]]]}, "properties": {"GEOID20": "24510070300", "JURSCODE": "BACI", "Eligibility_Status": "Ineligible", "Qualifying_Criteria1_CPR_30": "No", "Qualifying_Criteria2_CPR_30MOE": "No", "F2024_Child_Poverty_Rate__2026_": 29.3, "F2024_Child_Poverty_Rate_Margin_Of_Error": 22.1, "SCHOOL_BND_INT_CPG_TOTAL": 2, "SCHOOL_NAME": "Tench Tilghman Elementary/Middle, Lakewood Elementary"}}, {"type": "Feature", "geometry": {"type": "Polygon", "coordinates": [[[-76.6373, 39.2701], [-76.6389, 39.2689], [-76.6441, 39.2648], [-76.6498, 39.2603], [-76.651, 39.2605], [-76.6514, 39.2607], [-76.6519, 39.2614], [-76.6517, 39.2628], [-76.6517, 39.2637], [-76.6519, 39.2642], [-76.6522, 39.2648], [-76.6526, 39.2652], [-76.6536, 39.2661], [-76.6541, 39.2667], [-76.6545, 39.2679], [-76.6549, 39.2698], [-76.6542, 39.2714], [-76.6525, 39.2716], [-76.6511, 39.2715], [-76.6436, 39.2708], [-76.6391, 39.2704], [-76.6373, 39.2701]]]}, "properties": {"GEOID20": "24510250303", "JURSCODE": "BACI", "Eligibility_Status": "Eligible", "Qualifying_Criteria1_CPR_30": "No", "Qualifying_Criteria2_CPR_30MOE": "Yes", "F2024_Child_Poverty_Rate__2026_": 28.6, "F2024_Child_Poverty_Rate_Margin_Of_Error": 31.1, "SCHOOL_BND_INT_CPG_TOTAL": 4, "SCHOOL_NAME": "Lakeland Elementary/Middle, George Washington Elementary, Morrell Park Elementary/Middle, Westport Academy"}}, {"type": "Feature", "geometry": {"type": "Polygon", "coordinates": [[[-76.6052, 39.2867], [-76.6044, 39.2843], [-76.6044, 39.283], [-76.6049, 39.2844], [-76.6052, 39.2843], [-76.606, 39.2837], [-76.6063, 39.2866], [-76.6068, 39.2866], [-76.6066, 39.2851], [-76.6065, 39.284], [-76.6074, 39.2842], [-76.6076, 39.2865], [-76.6078, 39.2866], [-76.6081, 39.2865], [-76.608, 39.2844], [-76.6087, 39.2849], [-76.6088, 39.286], [-76.6097, 39.2858], [-76.61, 39.2859], [-76.6108, 39.2859], [-76.6108, 39.2852], [-76.6111, 39.2852], [-76.6112, 39.2859], [-76.6115, 39.2859], [-76.6118, 39.2843], [-76.6118, 39.2832], [-76.6116, 39.2822], [-76.6111, 39.2819], [-76.6079, 39.282], [-76.6077, 39.2821], [-76.6077, 39.2823], [-76.6074, 39.2825], [-76.6071, 39.2823], [-76.6071, 39.2815], [-76.6057, 39.281], [-76.6052, 39.2805], [-76.6051, 39.28], [-76.6053, 39.2798], [-76.6059, 39.2796], [-76.6059, 39.2795], [-76.6071, 39.2792], [-76.6098, 39.279], [-76.6126, 39.2789], [-76.6145, 39.279], [-76.6169, 39.2791], [-76.6188, 39.2794], [-76.619, 39.2791], [-76.6193, 39.2796], [-76.6199, 39.2801], [-76.6204, 39.2804], [-76.6223, 39.281], [-76.6244, 39.2816], [-76.625, 39.2819], [-76.6255, 39.2824], [-76.6275, 39.2861], [-76.6259, 39.2861], [-76.6208, 39.2863], [-76.6149, 39.2865], [-76.6121, 39.2866], [-76.61, 39.2867], [-76.6069, 39.2868], [-76.605, 39.2869], [-76.6052, 39.2867]]]}, "properties": {"GEOID20": "24510220100", "JURSCODE": "BACI", "Eligibility_Status": "Ineligible", "Qualifying_Criteria1_CPR_30": "No", "Qualifying_Criteria2_CPR_30MOE": "No", "F2024_Child_Poverty_Rate__2026_": 0.0, "F2024_Child_Poverty_Rate_Margin_Of_Error": 14.1, "SCHOOL_BND_INT_CPG_TOTAL": 5, "SCHOOL_NAME": "City Springs Elementary/Middle, James Mchenry Elementary/Middle, George Washington Elementary, Federal Hill Preparatory Academy, The Historic Samuel Coleridge-Taylor Elementary"}}, {"type": "Feature", "geometry": {"type": "Polygon", "coordinates": [[[-76.6446, 39.3348], [-76.6428, 39.3325], [-76.6418, 39.3313], [-76.6411, 39.3285], [-76.6407, 39.3274], [-76.6409, 39.3274], [-76.6418, 39.328], [-76.6425, 39.3292], [-76.6439, 39.3296], [-76.6449, 39.3309], [-76.648, 39.3302], [-76.6546, 39.3313], [-76.6554, 39.3327], [-76.6558, 39.3332], [-76.656, 39.3335], [-76.6559, 39.3345], [-76.656, 39.3349], [-76.6563, 39.3355], [-76.6564, 39.3373], [-76.6566, 39.3379], [-76.6569, 39.3382], [-76.6579, 39.3394], [-76.6581, 39.3406], [-76.6582, 39.3409], [-76.6577, 39.341], [-76.6568, 39.3415], [-76.6555, 39.3419], [-76.6545, 39.3421], [-76.652, 39.3439], [-76.6512, 39.3445], [-76.6503, 39.3449], [-76.6499, 39.345], [-76.6475, 39.3452], [-76.6473, 39.344], [-76.6474, 39.3419], [-76.6478, 39.3399], [-76.6477, 39.3391], [-76.6473, 39.3384], [-76.6446, 39.3348]]]}, "properties": {"GEOID20": "24510130806", "JURSCODE": "BACI", "Eligibility_Status": "Ineligible", "Qualifying_Criteria1_CPR_30": "No", "Qualifying_Criteria2_CPR_30MOE": "No", "F2024_Child_Poverty_Rate__2026_": 0.0, "F2024_Child_Poverty_Rate_Margin_Of_Error": 24.7, "SCHOOL_BND_INT_CPG_TOTAL": 5, "SCHOOL_NAME": "Hampden Elementary/Middle, Dorothy I. Height Elementary School , Park Heights Academy, The Mount Washington School, Medfield Heights Elementary"}}, {"type": "Feature", "geometry": {"type": "Polygon", "coordinates": [[[-76.6653, 39.357], [-76.6641, 39.3558], [-76.6635, 39.3554], [-76.6622, 39.355], [-76.6614, 39.355], [-76.6608, 39.3551], [-76.6604, 39.3551], [-76.6596, 39.3509], [-76.6591, 39.3479], [-76.6614, 39.3467], [-76.6644, 39.3467], [-76.6688, 39.3466], [-76.6693, 39.3464], [-76.6727, 39.3466], [-76.6735, 39.3474], [-76.6743, 39.3481], [-76.6755, 39.3488], [-76.6762, 39.3491], [-76.6789, 39.3499], [-76.6813, 39.3506], [-76.6826, 39.3513], [-76.6823, 39.3524], [-76.6794, 39.3539], [-76.6763, 39.3552], [-76.673, 39.3566], [-76.6708, 39.3565], [-76.6681, 39.3573], [-76.6656, 39.3573], [-76.6653, 39.357]]]}, "properties": {"GEOID20": "24510271700", "JURSCODE": "BACI", "Eligibility_Status": "Eligible", "Qualifying_Criteria1_CPR_30": "Yes", "Qualifying_Criteria2_CPR_30MOE": "Yes", "F2024_Child_Poverty_Rate__2026_": 34.9, "F2024_Child_Poverty_Rate_Margin_Of_Error": 26.8, "SCHOOL_BND_INT_CPG_TOTAL": 3, "SCHOOL_NAME": "The Mount Washington School, Pimlico Elementary/Middle, Arlington Elementary/Middle"}}, {"type": "Feature", "geometry": {"type": "Polygon", "coordinates": [[[-76.5324, 39.3722], [-76.5298, 39.3662], [-76.5298, 39.3623], [-76.5298, 39.3586], [-76.5309, 39.3569], [-76.5357, 39.3581], [-76.5364, 39.3582], [-76.5378, 39.3583], [-76.5392, 39.3588], [-76.5441, 39.3606], [-76.5478, 39.3619], [-76.5519, 39.3634], [-76.5498, 39.3658], [-76.5466, 39.3695], [-76.5446, 39.3718], [-76.5434, 39.3722], [-76.5399, 39.3721], [-76.5324, 39.3722]]]}, "properties": {"GEOID20": "24510270501", "JURSCODE": "BACI", "Eligibility_Status": "Ineligible", "Qualifying_Criteria1_CPR_30": "No", "Qualifying_Criteria2_CPR_30MOE": "No", "F2024_Child_Poverty_Rate__2026_": 8.3, "F2024_Child_Poverty_Rate_Margin_Of_Error": 11.3, "SCHOOL_BND_INT_CPG_TOTAL": 2, "SCHOOL_NAME": "Woodhome Elementary/Middle, Glenmount Elementary/Middle"}}, {"type": "Feature", "geometry": {"type": "Polygon", "coordinates": [[[-76.5621, 39.2807], [-76.563, 39.2799], [-76.564, 39.279], [-76.5667, 39.2785], [-76.5687, 39.2815], [-76.5688, 39.283], [-76.5689, 39.2845], [-76.5691, 39.2876], [-76.5634, 39.2878], [-76.5624, 39.2858], [-76.5622, 39.2823], [-76.5621, 39.2807]]]}, "properties": {"GEOID20": "24510260900", "JURSCODE": "BACI", "Eligibility_Status": "Ineligible", "Qualifying_Criteria1_CPR_30": "No", "Qualifying_Criteria2_CPR_30MOE": "No", "F2024_Child_Poverty_Rate__2026_": 0.0, "F2024_Child_Poverty_Rate_Margin_Of_Error": 14.2, "SCHOOL_BND_INT_CPG_TOTAL": 4, "SCHOOL_NAME": "Hampstead Hill Academy, Highlandtown Elementary/Middle #215, John Ruhrah Elementary/Middle, Highlandtown Elementary/Middle #237"}}, {"type": "Feature", "geometry": {"type": "Polygon", "coordinates": [[[-76.62, 39.2802], [-76.6194, 39.2798], [-76.6191, 39.2792], [-76.6192, 39.2783], [-76.6201, 39.2765], [-76.6209, 39.2746], [-76.6217, 39.2733], [-76.6219, 39.273], [-76.6222, 39.2732], [-76.6224, 39.2735], [-76.6228, 39.2737], [-76.6231, 39.2739], [-76.6231, 39.2743], [-76.6233, 39.2746], [-76.6234, 39.2745], [-76.6235, 39.2743], [-76.6236, 39.2741], [-76.6238, 39.2741], [-76.6242, 39.2741], [-76.6243, 39.274], [-76.6246, 39.2737], [-76.6252, 39.274], [-76.6252, 39.2739], [-76.6243, 39.273], [-76.6242, 39.2728], [-76.6248, 39.2723], [-76.6252, 39.2719], [-76.6256, 39.2714], [-76.627, 39.2722], [-76.6272, 39.2721], [-76.6264, 39.2716], [-76.6257, 39.271], [-76.6259, 39.2705], [-76.6262, 39.2699], [-76.6264, 39.2699], [-76.6273, 39.2704], [-76.6293, 39.2719], [-76.6297, 39.2721], [-76.6298, 39.272], [-76.628, 39.2705], [-76.6266, 39.2694], [-76.6266, 39.269], [-76.6269, 39.2689], [-76.6282, 39.2692], [-76.6297, 39.2694], [-76.6304, 39.2695], [-76.631, 39.2695], [-76.6313, 39.2695], [-76.6319, 39.2694], [-76.6311, 39.2692], [-76.6311, 39.2691], [-76.6335, 39.2696], [-76.6319, 39.2709], [-76.6301, 39.2724], [-76.6309, 39.2751], [-76.6346, 39.278], [-76.6303, 39.2813], [-76.6325, 39.2829], [-76.6327, 39.2836], [-76.6296, 39.2838], [-76.629, 39.286], [-76.6279, 39.2861], [-76.6258, 39.2828], [-76.6252, 39.2821], [-76.6247, 39.2817], [-76.6232, 39.2812], [-76.6206, 39.2805], [-76.62, 39.2802]]]}, "properties": {"GEOID20": "24510210100", "JURSCODE": "BACI", "Eligibility_Status": "Eligible", "Qualifying_Criteria1_CPR_30": "Yes", "Qualifying_Criteria2_CPR_30MOE": "Yes", "F2024_Child_Poverty_Rate__2026_": 47.2, "F2024_Child_Poverty_Rate_Margin_Of_Error": 39.0, "SCHOOL_BND_INT_CPG_TOTAL": 6, "SCHOOL_NAME": "James Mchenry Elementary/Middle, George Washington Elementary, Charles Carroll Barrister Elementary, Federal Hill Preparatory Academy, Thomas Johnson Elementary/Middle, Westport Academy"}}, {"type": "Feature", "geometry": {"type": "Polygon", "coordinates": [[[-76.6276, 39.2895], [-76.6289, 39.289], [-76.633, 39.2888], [-76.6367, 39.2886], [-76.6382, 39.2898], [-76.6383, 39.2918], [-76.6384, 39.2937], [-76.6366, 39.2943], [-76.6325, 39.2944], [-76.6286, 39.2946], [-76.6277, 39.2944], [-76.6275, 39.2919], [-76.6275, 39.2905], [-76.6276, 39.2895]]]}, "properties": {"GEOID20": "24510280600", "JURSCODE": "BACI", "Eligibility_Status": "Eligible", "Qualifying_Criteria1_CPR_30": "Yes", "Qualifying_Criteria2_CPR_30MOE": "Yes", "F2024_Child_Poverty_Rate__2026_": 46.8, "F2024_Child_Poverty_Rate_Margin_Of_Error": 24.7, "SCHOOL_BND_INT_CPG_TOTAL": 5, "SCHOOL_NAME": "James Mchenry Elementary/Middle, Harlem Park Elementary/Middle, Franklin Square Elementary/Middle, The Historic Samuel Coleridge-Taylor Elementary, Furman L Templeton Elementary"}}, {"type": "Feature", "geometry": {"type": "Polygon", "coordinates": [[[-76.6141, 39.346], [-76.617, 39.3453], [-76.6178, 39.3453], [-76.6197, 39.3455], [-76.6213, 39.3455], [-76.6223, 39.3463], [-76.6225, 39.3479], [-76.623, 39.3506], [-76.6235, 39.3532], [-76.6182, 39.3537], [-76.6168, 39.3538], [-76.615, 39.3539], [-76.6111, 39.3543], [-76.6099, 39.354], [-76.6098, 39.352], [-76.6098, 39.3508], [-76.6097, 39.348], [-76.6107, 39.3462], [-76.6129, 39.3461], [-76.6137, 39.3461], [-76.6141, 39.346]]]}, "properties": {"GEOID20": "24510271101", "JURSCODE": "BACI", "Eligibility_Status": "Ineligible", "Qualifying_Criteria1_CPR_30": "No", "Qualifying_Criteria2_CPR_30MOE": "No", "F2024_Child_Poverty_Rate__2026_": 6.3, "F2024_Child_Poverty_Rate_Margin_Of_Error": 9.7, "SCHOOL_BND_INT_CPG_TOTAL": 2, "SCHOOL_NAME": "Govans Elementary, Roland Park Elementary/Middle"}}, {"type": "Feature", "geometry": {"type": "Polygon", "coordinates": [[[-76.6739, 39.341], [-76.6689, 39.3396], [-76.6683, 39.3394], [-76.6671, 39.3393], [-76.6655, 39.3401], [-76.6651, 39.3403], [-76.6646, 39.3407], [-76.6638, 39.341], [-76.6632, 39.3409], [-76.6626, 39.3408], [-76.6622, 39.3407], [-76.6587, 39.3408], [-76.6581, 39.3406], [-76.6579, 39.3394], [-76.6569, 39.3382], [-76.6566, 39.3379], [-76.6564, 39.3373], [-76.6585, 39.336], [-76.6602, 39.3355], [-76.664, 39.3339], [-76.6659, 39.333], [-76.6663, 39.3336], [-76.6669, 39.3341], [-76.6675, 39.3345], [-76.6682, 39.3348], [-76.6708, 39.3357], [-76.6719, 39.3362], [-76.6762, 39.3391], [-76.6772, 39.3397], [-76.6777, 39.3404], [-76.6771, 39.3411], [-76.6749, 39.3413], [-76.6739, 39.341]]]}, "properties": {"GEOID20": "24510151300", "JURSCODE": "BACI", "Eligibility_Status": "Ineligible", "Qualifying_Criteria1_CPR_30": "No", "Qualifying_Criteria2_CPR_30MOE": "No", "F2024_Child_Poverty_Rate__2026_": 27.5, "F2024_Child_Poverty_Rate_Margin_Of_Error": 23.3, "SCHOOL_BND_INT_CPG_TOTAL": 4, "SCHOOL_NAME": "Dr Nathan A Pitts-Ashburton Elementary/Middle, Park Heights Academy, Pimlico Elementary/Middle, Callaway Elementary"}}, {"type": "Feature", "geometry": {"type": "Polygon", "coordinates": [[[-76.6252, 39.3033], [-76.6244, 39.3037], [-76.6229, 39.3042], [-76.6221, 39.3043], [-76.6207, 39.3037], [-76.6204, 39.3016], [-76.6213, 39.3009], [-76.6231, 39.2993], [-76.6262, 39.2967], [-76.6286, 39.2987], [-76.6297, 39.2995], [-76.6317, 39.3012], [-76.6306, 39.302], [-76.6288, 39.3034], [-76.6269, 39.3048], [-76.6252, 39.3034], [-76.6252, 39.3033]]]}, "properties": {"GEOID20": "24510170200", "JURSCODE": "BACI", "Eligibility_Status": "Eligible", "Qualifying_Criteria1_CPR_30": "Yes", "Qualifying_Criteria2_CPR_30MOE": "Yes", "F2024_Child_Poverty_Rate__2026_": 59.3, "F2024_Child_Poverty_Rate_Margin_Of_Error": 27.7, "SCHOOL_BND_INT_CPG_TOTAL": 3, "SCHOOL_NAME": "Mount Royal Elementary/Middle, The Historic Samuel Coleridge-Taylor Elementary, Furman L Templeton Elementary"}}, {"type": "Feature", "geometry": {"type": "Polygon", "coordinates": [[[-76.643, 39.3152], [-76.6403, 39.3151], [-76.6378, 39.3126], [-76.6341, 39.3105], [-76.635, 39.3103], [-76.6368, 39.3103], [-76.638, 39.3103], [-76.6384, 39.3102], [-76.6425, 39.3101], [-76.6454, 39.3125], [-76.6456, 39.3139], [-76.6443, 39.3151], [-76.6433, 39.3155], [-76.643, 39.3152]]]}, "properties": {"GEOID20": "24510130300", "JURSCODE": "BACI", "Eligibility_Status": "Eligible", "Qualifying_Criteria1_CPR_30": "Yes", "Qualifying_Criteria2_CPR_30MOE": "Yes", "F2024_Child_Poverty_Rate__2026_": 56.2, "F2024_Child_Poverty_Rate_Margin_Of_Error": 27.7, "SCHOOL_BND_INT_CPG_TOTAL": 3, "SCHOOL_NAME": "Sandtown-Winchester Achievement Academy, Dorothy I. Height Elementary School , Mount Royal Elementary/Middle"}}, {"type": "Feature", "geometry": {"type": "Polygon", "coordinates": [[[-76.6812, 39.2939], [-76.6841, 39.2938], [-76.686, 39.2955], [-76.6862, 39.2977], [-76.6863, 39.3002], [-76.6865, 39.3008], [-76.6876, 39.302], [-76.6875, 39.3023], [-76.687, 39.3027], [-76.6861, 39.303], [-76.6859, 39.303], [-76.6812, 39.3005], [-76.6815, 39.2997], [-76.6815, 39.2986], [-76.6813, 39.2964], [-76.6812, 39.2939]]]}, "properties": {"GEOID20": "24510160801", "JURSCODE": "BACI", "Eligibility_Status": "Ineligible", "Qualifying_Criteria1_CPR_30": "No", "Qualifying_Criteria2_CPR_30MOE": "No", "F2024_Child_Poverty_Rate__2026_": 7.6, "F2024_Child_Poverty_Rate_Margin_Of_Error": 12.1, "SCHOOL_BND_INT_CPG_TOTAL": 2, "SCHOOL_NAME": "Wildwood Elementary Middle School, Mary E Rodman Elementary"}}, {"type": "Feature", "geometry": {"type": "Polygon", "coordinates": [[[-76.6433, 39.3532], [-76.642, 39.3489], [-76.6408, 39.3449], [-76.642, 39.3446], [-76.6431, 39.3451], [-76.6445, 39.3454], [-76.6454, 39.3454], [-76.6472, 39.3453], [-76.6464, 39.3495], [-76.6464, 39.3501], [-76.6467, 39.3511], [-76.6476, 39.353], [-76.648, 39.3541], [-76.6485, 39.3547], [-76.6494, 39.3555], [-76.6498, 39.3564], [-76.6503, 39.3582], [-76.6505, 39.36], [-76.6506, 39.3605], [-76.6486, 39.361], [-76.6471, 39.3613], [-76.6453, 39.3587], [-76.6444, 39.3561], [-76.6433, 39.3532]]]}, "properties": {"GEOID20": "24510271503", "JURSCODE": "BACI", "Eligibility_Status": "Ineligible", "Qualifying_Criteria1_CPR_30": "No", "Qualifying_Criteria2_CPR_30MOE": "No", "F2024_Child_Poverty_Rate__2026_": 0.0, "F2024_Child_Poverty_Rate_Margin_Of_Error": 40.8, "SCHOOL_BND_INT_CPG_TOTAL": 3, "SCHOOL_NAME": "The Mount Washington School, Roland Park Elementary/Middle, Medfield Heights Elementary"}}, {"type": "Feature", "geometry": {"type": "Polygon", "coordinates": [[[-76.5521, 39.3379], [-76.5529, 39.3384], [-76.5534, 39.3395], [-76.5543, 39.3405], [-76.5551, 39.3415], [-76.5569, 39.3438], [-76.5572, 39.3457], [-76.5544, 39.3471], [-76.5536, 39.3473], [-76.5519, 39.3475], [-76.5511, 39.3478], [-76.548, 39.3493], [-76.5456, 39.3504], [-76.5434, 39.3514], [-76.543, 39.3518], [-76.5429, 39.3521], [-76.5427, 39.3535], [-76.5407, 39.3536], [-76.5394, 39.3534], [-76.537, 39.3527], [-76.5357, 39.3518], [-76.5363, 39.3498], [-76.5384, 39.348], [-76.5407, 39.3459], [-76.5419, 39.345], [-76.544, 39.3435], [-76.5449, 39.3429], [-76.5464, 39.3418], [-76.5481, 39.3406], [-76.5506, 39.3388], [-76.5517, 39.3381], [-76.5521, 39.3379]]]}, "properties": {"GEOID20": "24510270401", "JURSCODE": "BACI", "Eligibility_Status": "Ineligible", "Qualifying_Criteria1_CPR_30": "No", "Qualifying_Criteria2_CPR_30MOE": "No", "F2024_Child_Poverty_Rate__2026_": 20.4, "F2024_Child_Poverty_Rate_Margin_Of_Error": 22.8, "SCHOOL_BND_INT_CPG_TOTAL": 2, "SCHOOL_NAME": "Gardenville Elementary, Glenmount Elementary/Middle"}}, {"type": "Feature", "geometry": {"type": "Polygon", "coordinates": [[[-76.5296, 39.2957], [-76.5297, 39.291], [-76.5297, 39.2882], [-76.5296, 39.2849], [-76.5357, 39.2818], [-76.5382, 39.2817], [-76.5396, 39.2816], [-76.5432, 39.2815], [-76.5457, 39.2814], [-76.5498, 39.2812], [-76.5506, 39.2812], [-76.5533, 39.2811], [-76.5542, 39.281], [-76.5546, 39.2813], [-76.5547, 39.283], [-76.555, 39.2871], [-76.555, 39.288], [-76.5541, 39.2881], [-76.5543, 39.2888], [-76.5554, 39.2904], [-76.5557, 39.2911], [-76.5556, 39.2918], [-76.5525, 39.292], [-76.5515, 39.2922], [-76.5509, 39.2927], [-76.5496, 39.2943], [-76.5486, 39.2954], [-76.5478, 39.2958], [-76.5449, 39.2959], [-76.5373, 39.2962], [-76.536, 39.2961], [-76.533, 39.2955], [-76.5324, 39.2956], [-76.531, 39.2963], [-76.5301, 39.2967], [-76.5296, 39.2957]]]}, "properties": {"GEOID20": "24510260501", "JURSCODE": "BACI", "Eligibility_Status": "Ineligible", "Qualifying_Criteria1_CPR_30": "No", "Qualifying_Criteria2_CPR_30MOE": "No", "F2024_Child_Poverty_Rate__2026_": 20.9, "F2024_Child_Poverty_Rate_Margin_Of_Error": 23.1, "SCHOOL_BND_INT_CPG_TOTAL": 2, "SCHOOL_NAME": "John Ruhrah Elementary/Middle, Graceland Park/Odonnell Heights Elementary/Middle"}}, {"type": "Feature", "geometry": {"type": "Polygon", "coordinates": [[[-76.5326, 39.3239], [-76.5329, 39.3239], [-76.5332, 39.3239], [-76.5332, 39.3237], [-76.5334, 39.3235], [-76.5335, 39.3233], [-76.5337, 39.3229], [-76.5341, 39.3226], [-76.5344, 39.3223], [-76.5347, 39.3216], [-76.5346, 39.3214], [-76.5345, 39.3212], [-76.5346, 39.3205], [-76.5347, 39.3204], [-76.5348, 39.32], [-76.5357, 39.3195], [-76.5359, 39.3192], [-76.5357, 39.319], [-76.5356, 39.3188], [-76.5357, 39.3181], [-76.5365, 39.3165], [-76.5395, 39.3135], [-76.5403, 39.3124], [-76.5413, 39.3106], [-76.5423, 39.3088], [-76.5433, 39.3074], [-76.5441, 39.3076], [-76.5444, 39.3079], [-76.5455, 39.3089], [-76.5462, 39.3092], [-76.547, 39.3097], [-76.5472, 39.31], [-76.5478, 39.311], [-76.548, 39.3112], [-76.5483, 39.3112], [-76.5485, 39.3112], [-76.5491, 39.3113], [-76.5498, 39.3113], [-76.5501, 39.3113], [-76.5503, 39.3125], [-76.55, 39.3129], [-76.5494, 39.3137], [-76.5494, 39.3141], [-76.5493, 39.3146], [-76.5491, 39.3152], [-76.5458, 39.3176], [-76.5383, 39.3238], [-76.5341, 39.3283], [-76.5336, 39.3275], [-76.5337, 39.3272], [-76.5337, 39.327], [-76.5336, 39.3267], [-76.5333, 39.3261], [-76.5325, 39.3247], [-76.5324, 39.3244], [-76.5325, 39.324], [-76.5326, 39.3239]]]}, "properties": {"GEOID20": "24510260402", "JURSCODE": "BACI", "Eligibility_Status": "Ineligible", "Qualifying_Criteria1_CPR_30": "No", "Qualifying_Criteria2_CPR_30MOE": "No", "F2024_Child_Poverty_Rate__2026_": 18.4, "F2024_Child_Poverty_Rate_Margin_Of_Error": 18.4, "SCHOOL_BND_INT_CPG_TOTAL": 3, "SCHOOL_NAME": "Moravia Park Primary, Armistead Gardens Elementary/Middle, Sinclair Lane Elementary"}}, {"type": "Feature", "geometry": {"type": "Polygon", "coordinates": [[[-76.6411, 39.2813], [-76.6421, 39.2833], [-76.6422, 39.2854], [-76.6424, 39.2879], [-76.6396, 39.2885], [-76.6381, 39.2881], [-76.638, 39.286], [-76.6379, 39.2835], [-76.6387, 39.2825], [-76.6399, 39.2819], [-76.6408, 39.2814], [-76.6411, 39.2813]]]}, "properties": {"GEOID20": "24510190200", "JURSCODE": "BACI", "Eligibility_Status": "Ineligible", "Qualifying_Criteria1_CPR_30": "No", "Qualifying_Criteria2_CPR_30MOE": "No", "F2024_Child_Poverty_Rate__2026_": 14.2, "F2024_Child_Poverty_Rate_Margin_Of_Error": 19.1, "SCHOOL_BND_INT_CPG_TOTAL": 2, "SCHOOL_NAME": "George Washington Elementary, Franklin Square Elementary/Middle"}}, {"type": "Feature", "geometry": {"type": "Polygon", "coordinates": [[[-76.6083, 39.3115], [-76.6095, 39.3127], [-76.6095, 39.3145], [-76.6095, 39.3162], [-76.6095, 39.3181], [-76.6095, 39.3195], [-76.6079, 39.3196], [-76.6058, 39.3195], [-76.6042, 39.3193], [-76.6015, 39.3188], [-76.5949, 39.3173], [-76.5959, 39.3162], [-76.5971, 39.315], [-76.5987, 39.3134], [-76.5994, 39.3119], [-76.6041, 39.3117], [-76.6076, 39.3115], [-76.6083, 39.3115]]]}, "properties": {"GEOID20": "24510090800", "JURSCODE": "BACI", "Eligibility_Status": "Ineligible", "Qualifying_Criteria1_CPR_30": "No", "Qualifying_Criteria2_CPR_30MOE": "No", "F2024_Child_Poverty_Rate__2026_": 5.5, "F2024_Child_Poverty_Rate_Margin_Of_Error": 10.1, "SCHOOL_BND_INT_CPG_TOTAL": 7, "SCHOOL_NAME": "Cecil Elementary, Harford Heights Elementary, Dallas F Nicholas Sr Elem, Abbottston Elementary, Margaret Brent Elementary/Middle, Barclay Elementary/Middle, Dr Bernard Harris Elementary"}}, {"type": "Feature", "geometry": {"type": "Polygon", "coordinates": [[[-76.6012, 39.3405], [-76.6007, 39.3402], [-76.6002, 39.3398], [-76.6, 39.339], [-76.5996, 39.3383], [-76.5992, 39.3377], [-76.598, 39.3365], [-76.596, 39.3348], [-76.5954, 39.334], [-76.5984, 39.334], [-76.6002, 39.334], [-76.602, 39.334], [-76.6046, 39.3343], [-76.6071, 39.3341], [-76.6095, 39.3345], [-76.6095, 39.3368], [-76.6096, 39.3394], [-76.6077, 39.3402], [-76.6064, 39.3401], [-76.6063, 39.3402], [-76.6055, 39.3405], [-76.605, 39.3405], [-76.6025, 39.3406], [-76.6013, 39.3405], [-76.6012, 39.3405]]]}, "properties": {"GEOID20": "24510090100", "JURSCODE": "BACI", "Eligibility_Status": "Ineligible", "Qualifying_Criteria1_CPR_30": "No", "Qualifying_Criteria2_CPR_30MOE": "No", "F2024_Child_Poverty_Rate__2026_": 24.0, "F2024_Child_Poverty_Rate_Margin_Of_Error": 30.7, "SCHOOL_BND_INT_CPG_TOTAL": 3, "SCHOOL_NAME": "Montebello Elementary/Middle, Waverly Elementary/Middle, Walter P Carter Elementary/Middle"}}, {"type": "Feature", "geometry": {"type": "Polygon", "coordinates": [[[-76.6647, 39.3214], [-76.6644, 39.3206], [-76.6638, 39.3198], [-76.6605, 39.3164], [-76.6598, 39.3152], [-76.6612, 39.3148], [-76.6621, 39.3147], [-76.6644, 39.3145], [-76.6679, 39.3144], [-76.6744, 39.3142], [-76.6745, 39.3152], [-76.6746, 39.3173], [-76.6748, 39.3208], [-76.6748, 39.3213], [-76.6725, 39.3223], [-76.6713, 39.3242], [-76.6685, 39.3234], [-76.6648, 39.3217], [-76.6647, 39.3214]]]}, "properties": {"GEOID20": "24510150701", "JURSCODE": "BACI", "Eligibility_Status": "Eligible", "Qualifying_Criteria1_CPR_30": "Yes", "Qualifying_Criteria2_CPR_30MOE": "No", "F2024_Child_Poverty_Rate__2026_": 48.9, "F2024_Child_Poverty_Rate_Margin_Of_Error": 34.3, "SCHOOL_BND_INT_CPG_TOTAL": 3, "SCHOOL_NAME": "Hilton Elementary, Dr Nathan A Pitts-Ashburton Elementary/Middle, Gwynns Falls Elementary"}}, {"type": "Feature", "geometry": {"type": "Polygon", "coordinates": [[[-76.6371, 39.2943], [-76.6386, 39.2967], [-76.6388, 39.2994], [-76.6389, 39.3012], [-76.6382, 39.3034], [-76.6367, 39.3031], [-76.6359, 39.3017], [-76.6351, 39.3003], [-76.6339, 39.298], [-76.6326, 39.2957], [-76.6319, 39.2945], [-76.6356, 39.2943], [-76.6371, 39.2943]]]}, "properties": {"GEOID20": "24510160100", "JURSCODE": "BACI", "Eligibility_Status": "Eligible", "Qualifying_Criteria1_CPR_30": "No", "Qualifying_Criteria2_CPR_30MOE": "Yes", "F2024_Child_Poverty_Rate__2026_": 26.4, "F2024_Child_Poverty_Rate_Margin_Of_Error": 30.3, "SCHOOL_BND_INT_CPG_TOTAL": 4, "SCHOOL_NAME": "Sandtown-Winchester Achievement Academy, Harlem Park Elementary/Middle, Franklin Square Elementary/Middle, Furman L Templeton Elementary"}}, {"type": "Feature", "geometry": {"type": "Polygon", "coordinates": [[[-76.5681, 39.3686], [-76.5672, 39.3684], [-76.5661, 39.368], [-76.5625, 39.3668], [-76.5597, 39.3658], [-76.5582, 39.3654], [-76.5519, 39.3634], [-76.5542, 39.3607], [-76.5563, 39.3584], [-76.5579, 39.3566], [-76.5584, 39.3597], [-76.5585, 39.3617], [-76.5625, 39.363], [-76.5654, 39.364], [-76.5666, 39.3641], [-76.5677, 39.3645], [-76.5688, 39.3646], [-76.5723, 39.3647], [-76.5726, 39.3654], [-76.5733, 39.3651], [-76.5739, 39.3665], [-76.5741, 39.3672], [-76.574, 39.3677], [-76.5736, 39.3685], [-76.5703, 39.3685], [-76.5694, 39.3686], [-76.5685, 39.3686], [-76.5681, 39.3686]]]}, "properties": {"GEOID20": "24510270702", "JURSCODE": "BACI", "Eligibility_Status": "Ineligible", "Qualifying_Criteria1_CPR_30": "No", "Qualifying_Criteria2_CPR_30MOE": "No", "F2024_Child_Poverty_Rate__2026_": 10.0, "F2024_Child_Poverty_Rate_Margin_Of_Error": 14.1, "SCHOOL_BND_INT_CPG_TOTAL": 3, "SCHOOL_NAME": "Woodhome Elementary/Middle, Yorkwood Elementary, Hamilton Elementary/Middle"}}, {"type": "Feature", "geometry": {"type": "Polygon", "coordinates": [[[-76.57, 39.3721], [-76.5717, 39.3704], [-76.5727, 39.3695], [-76.5738, 39.3682], [-76.5741, 39.3675], [-76.5741, 39.3669], [-76.5737, 39.3657], [-76.5734, 39.3636], [-76.5731, 39.3613], [-76.5731, 39.3601], [-76.5733, 39.3586], [-76.5731, 39.3576], [-76.5729, 39.357], [-76.573, 39.3563], [-76.5731, 39.3555], [-76.5729, 39.3551], [-76.5727, 39.3549], [-76.5729, 39.3541], [-76.5741, 39.3541], [-76.5758, 39.3549], [-76.5766, 39.3546], [-76.5779, 39.3545], [-76.5787, 39.3545], [-76.5791, 39.3546], [-76.5799, 39.3549], [-76.5805, 39.3552], [-76.5811, 39.3554], [-76.5821, 39.3556], [-76.589, 39.3555], [-76.5896, 39.3563], [-76.5896, 39.3569], [-76.5895, 39.3575], [-76.589, 39.3588], [-76.5876, 39.3616], [-76.5864, 39.3643], [-76.5861, 39.365], [-76.5858, 39.3655], [-76.5847, 39.3674], [-76.5843, 39.3681], [-76.5836, 39.3693], [-76.579, 39.3721], [-76.57, 39.3721]]]}, "properties": {"GEOID20": "24510270803", "JURSCODE": "BACI", "Eligibility_Status": "Ineligible", "Qualifying_Criteria1_CPR_30": "No", "Qualifying_Criteria2_CPR_30MOE": "No", "F2024_Child_Poverty_Rate__2026_": 14.0, "F2024_Child_Poverty_Rate_Margin_Of_Error": 17.0, "SCHOOL_BND_INT_CPG_TOTAL": 4, "SCHOOL_NAME": "Yorkwood Elementary, Hamilton Elementary/Middle, Northwood Elementary, Leith Walk Elementary/Middle"}}, {"type": "Feature", "geometry": {"type": "Polygon", "coordinates": [[[-76.5785, 39.3545], [-76.5776, 39.3545], [-76.5764, 39.3546], [-76.5748, 39.3545], [-76.5739, 39.3541], [-76.5733, 39.3537], [-76.5735, 39.3534], [-76.5742, 39.3527], [-76.5746, 39.3525], [-76.5758, 39.3526], [-76.5763, 39.3526], [-76.5771, 39.3526], [-76.5777, 39.3525], [-76.5778, 39.3522], [-76.5777, 39.3519], [-76.5773, 39.3512], [-76.5772, 39.3504], [-76.5773, 39.3499], [-76.5779, 39.3497], [-76.5782, 39.3499], [-76.5791, 39.3503], [-76.5794, 39.3504], [-76.5797, 39.3501], [-76.5802, 39.3498], [-76.5815, 39.3493], [-76.5818, 39.349], [-76.5819, 39.3487], [-76.5817, 39.3484], [-76.5812, 39.3482], [-76.581, 39.3477], [-76.5811, 39.3471], [-76.5811, 39.3464], [-76.5811, 39.3459], [-76.5813, 39.3453], [-76.5829, 39.3458], [-76.5835, 39.3459], [-76.5846, 39.3459], [-76.5859, 39.3459], [-76.5871, 39.3459], [-76.5881, 39.346], [-76.5893, 39.3461], [-76.5916, 39.3461], [-76.5918, 39.3478], [-76.5915, 39.3491], [-76.5911, 39.35], [-76.5905, 39.3518], [-76.59, 39.3533], [-76.5897, 39.3544], [-76.5896, 39.3551], [-76.589, 39.3555], [-76.5821, 39.3556], [-76.5811, 39.3554], [-76.5805, 39.3552], [-76.5799, 39.3549], [-76.5791, 39.3546], [-76.5787, 39.3545], [-76.5785, 39.3545]]]}, "properties": {"GEOID20": "24510270902", "JURSCODE": "BACI", "Eligibility_Status": "Ineligible", "Qualifying_Criteria1_CPR_30": "No", "Qualifying_Criteria2_CPR_30MOE": "No", "F2024_Child_Poverty_Rate__2026_": 6.2, "F2024_Child_Poverty_Rate_Margin_Of_Error": 5.8, "SCHOOL_BND_INT_CPG_TOTAL": 3, "SCHOOL_NAME": "Garrett Heights Elementary/Middle, Hamilton Elementary/Middle, Northwood Elementary"}}, {"type": "Feature", "geometry": {"type": "Polygon", "coordinates": [[[-76.6403, 39.3434], [-76.6395, 39.3411], [-76.6386, 39.3394], [-76.6383, 39.3373], [-76.6411, 39.3362], [-76.6446, 39.3348], [-76.6475, 39.3386], [-76.6477, 39.3394], [-76.6477, 39.3402], [-76.6474, 39.3425], [-76.6473, 39.3449], [-76.6459, 39.3454], [-76.6447, 39.3454], [-76.6433, 39.3452], [-76.6423, 39.3448], [-76.6403, 39.3434]]]}, "properties": {"GEOID20": "24510130803", "JURSCODE": "BACI", "Eligibility_Status": "Ineligible", "Qualifying_Criteria1_CPR_30": "No", "Qualifying_Criteria2_CPR_30MOE": "No", "F2024_Child_Poverty_Rate__2026_": 0.0, "F2024_Child_Poverty_Rate_Margin_Of_Error": 11.7, "SCHOOL_BND_INT_CPG_TOTAL": 4, "SCHOOL_NAME": "Park Heights Academy, The Mount Washington School, Roland Park Elementary/Middle, Medfield Heights Elementary"}}, {"type": "Feature", "geometry": {"type": "Polygon", "coordinates": [[[-76.6981, 39.3532], [-76.6954, 39.3513], [-76.6924, 39.3492], [-76.6917, 39.3487], [-76.689, 39.3468], [-76.688, 39.3461], [-76.6861, 39.3447], [-76.6828, 39.3425], [-76.6823, 39.3421], [-76.6811, 39.3417], [-76.6807, 39.3417], [-76.6802, 39.3418], [-76.679, 39.3421], [-76.6784, 39.3422], [-76.6777, 39.3421], [-76.6771, 39.3411], [-76.6777, 39.3404], [-76.6829, 39.3414], [-76.6878, 39.343], [-76.6904, 39.3444], [-76.6941, 39.3464], [-76.6947, 39.3468], [-76.6957, 39.3475], [-76.6995, 39.3496], [-76.7023, 39.3511], [-76.7029, 39.3514], [-76.7052, 39.3525], [-76.7071, 39.3526], [-76.7088, 39.3513], [-76.7114, 39.3495], [-76.7114, 39.3517], [-76.7112, 39.3537], [-76.7112, 39.3553], [-76.7112, 39.3562], [-76.7112, 39.3587], [-76.7113, 39.3612], [-76.7091, 39.3614], [-76.7085, 39.3609], [-76.7078, 39.3603], [-76.7051, 39.3583], [-76.7024, 39.3563], [-76.7006, 39.3549], [-76.6981, 39.3532]]]}, "properties": {"GEOID20": "24510280101", "JURSCODE": "BACI", "Eligibility_Status": "Ineligible", "Qualifying_Criteria1_CPR_30": "No", "Qualifying_Criteria2_CPR_30MOE": "No", "F2024_Child_Poverty_Rate__2026_": 28.9, "F2024_Child_Poverty_Rate_Margin_Of_Error": 25.6, "SCHOOL_BND_INT_CPG_TOTAL": 7, "SCHOOL_NAME": "Park Heights Academy, Pimlico Elementary/Middle, Arlington Elementary/Middle, Fallstaff Elementary/Middle, Cross Country Elementary, Callaway Elementary, Calvin M Rodwell Elementary"}}, {"type": "Feature", "geometry": {"type": "Polygon", "coordinates": [[[-76.6304, 39.2945], [-76.6324, 39.2954], [-76.6338, 39.2979], [-76.6336, 39.2998], [-76.632, 39.301], [-76.6302, 39.2999], [-76.6289, 39.2989], [-76.6277, 39.2979], [-76.6272, 39.2958], [-76.6275, 39.2953], [-76.6277, 39.2946], [-76.6304, 39.2945]]]}, "properties": {"GEOID20": "24510170300", "JURSCODE": "BACI", "Eligibility_Status": "Eligible", "Qualifying_Criteria1_CPR_30": "Yes", "Qualifying_Criteria2_CPR_30MOE": "Yes", "F2024_Child_Poverty_Rate__2026_": 35.3, "F2024_Child_Poverty_Rate_Margin_Of_Error": 22.6, "SCHOOL_BND_INT_CPG_TOTAL": 2, "SCHOOL_NAME": "The Historic Samuel Coleridge-Taylor Elementary, Furman L Templeton Elementary"}}, {"type": "Feature", "geometry": {"type": "Polygon", "coordinates": [[[-76.6633, 39.2932], [-76.6594, 39.2934], [-76.6578, 39.2934], [-76.6547, 39.2935], [-76.6524, 39.2936], [-76.6506, 39.2937], [-76.6503, 39.2924], [-76.6502, 39.2899], [-76.6501, 39.288], [-76.6536, 39.2879], [-76.6556, 39.2878], [-76.6582, 39.2877], [-76.6612, 39.2876], [-76.6631, 39.2874], [-76.6633, 39.2875], [-76.664, 39.2879], [-76.6652, 39.2888], [-76.6658, 39.2897], [-76.6665, 39.291], [-76.6672, 39.2919], [-76.6685, 39.2929], [-76.669, 39.2931], [-76.6694, 39.2933], [-76.6697, 39.2936], [-76.6697, 39.2943], [-76.6676, 39.2944], [-76.6649, 39.2945], [-76.6643, 39.2936], [-76.6636, 39.2932], [-76.6633, 39.2932]]]}, "properties": {"GEOID20": "24510200200", "JURSCODE": "BACI", "Eligibility_Status": "Eligible", "Qualifying_Criteria1_CPR_30": "Yes", "Qualifying_Criteria2_CPR_30MOE": "Yes", "F2024_Child_Poverty_Rate__2026_": 58.5, "F2024_Child_Poverty_Rate_Margin_Of_Error": 34.1, "SCHOOL_BND_INT_CPG_TOTAL": 5, "SCHOOL_NAME": "Harlem Park Elementary/Middle, Billie Holiday Elementary School (Formerly James Mosher Es), Mary Ann Winterling Elementary @ Bentalou, Mary E Rodman Elementary, Frederick Elementary"}}, {"type": "Feature", "geometry": {"type": "Polygon", "coordinates": [[[-76.698, 39.2931], [-76.6973, 39.2893], [-76.6971, 39.2891], [-76.6962, 39.2889], [-76.6957, 39.2884], [-76.6955, 39.2875], [-76.6951, 39.2871], [-76.6946, 39.2867], [-76.6941, 39.2861], [-76.6938, 39.2856], [-76.6938, 39.2848], [-76.6936, 39.2843], [-76.6931, 39.2829], [-76.6933, 39.2815], [-76.6948, 39.2814], [-76.698, 39.2813], [-76.6999, 39.2812], [-76.7021, 39.2809], [-76.7032, 39.2808], [-76.7053, 39.2809], [-76.7056, 39.2808], [-76.7064, 39.2801], [-76.707, 39.2795], [-76.7083, 39.279], [-76.7111, 39.2779], [-76.7112, 39.2788], [-76.7112, 39.286], [-76.711, 39.2896], [-76.7091, 39.2919], [-76.7076, 39.2919], [-76.7041, 39.2924], [-76.703, 39.2924], [-76.7023, 39.2924], [-76.6993, 39.2929], [-76.698, 39.2931]]]}, "properties": {"GEOID20": "24510280403", "JURSCODE": "BACI", "Eligibility_Status": "Eligible", "Qualifying_Criteria1_CPR_30": "Yes", "Qualifying_Criteria2_CPR_30MOE": "No", "F2024_Child_Poverty_Rate__2026_": 33.1, "F2024_Child_Poverty_Rate_Margin_Of_Error": 24.4, "SCHOOL_BND_INT_CPG_TOTAL": 3, "SCHOOL_NAME": "North Bend Elementary/Middle, Thomas Jefferson Elementary/Middle, Beechfield Elementary/Middle"}}, {"type": "Feature", "geometry": {"type": "Polygon", "coordinates": [[[-76.6146, 39.2705], [-76.6161, 39.2726], [-76.6141, 39.2726], [-76.6142, 39.2741], [-76.6143, 39.2762], [-76.6145, 39.2781], [-76.6136, 39.279], [-76.6126, 39.2782], [-76.6123, 39.2768], [-76.6121, 39.2752], [-76.612, 39.2742], [-76.6118, 39.2727], [-76.6115, 39.2709], [-76.6122, 39.2706], [-76.6146, 39.2705]]]}, "properties": {"GEOID20": "24510230200", "JURSCODE": "BACI", "Eligibility_Status": "Ineligible", "Qualifying_Criteria1_CPR_30": "No", "Qualifying_Criteria2_CPR_30MOE": "No", "F2024_Child_Poverty_Rate__2026_": 0.0, "F2024_Child_Poverty_Rate_Margin_Of_Error": 26.2, "SCHOOL_BND_INT_CPG_TOTAL": 2, "SCHOOL_NAME": "Federal Hill Preparatory Academy, Thomas Johnson Elementary/Middle"}}, {"type": "Feature", "geometry": {"type": "Polygon", "coordinates": [[[-76.6143, 39.2951], [-76.6139, 39.2948], [-76.6135, 39.2945], [-76.6123, 39.2945], [-76.6109, 39.2942], [-76.6105, 39.2935], [-76.61, 39.293], [-76.6091, 39.2925], [-76.6082, 39.292], [-76.6074, 39.2914], [-76.6058, 39.29], [-76.606, 39.2894], [-76.6055, 39.2881], [-76.6063, 39.2868], [-76.6093, 39.2867], [-76.6117, 39.2866], [-76.6136, 39.2866], [-76.6169, 39.2864], [-76.6223, 39.2875], [-76.6223, 39.289], [-76.6224, 39.2904], [-76.6225, 39.2928], [-76.6226, 39.2948], [-76.6213, 39.2949], [-76.6191, 39.295], [-76.6156, 39.2951], [-76.6143, 39.2951]]]}, "properties": {"GEOID20": "24510040100", "JURSCODE": "BACI", "Eligibility_Status": "Eligible", "Qualifying_Criteria1_CPR_30": "Yes", "Qualifying_Criteria2_CPR_30MOE": "Yes", "F2024_Child_Poverty_Rate__2026_": 91.0, "F2024_Child_Poverty_Rate_Margin_Of_Error": 23.4, "SCHOOL_BND_INT_CPG_TOTAL": 4, "SCHOOL_NAME": "City Springs Elementary/Middle, George Washington Elementary, Federal Hill Preparatory Academy, The Historic Samuel Coleridge-Taylor Elementary"}}, {"type": "Feature", "geometry": {"type": "Polygon", "coordinates": [[[-76.7018, 39.3196], [-76.7039, 39.3186], [-76.7033, 39.318], [-76.7031, 39.3176], [-76.7026, 39.3159], [-76.702, 39.3157], [-76.701, 39.3158], [-76.7004, 39.316], [-76.7, 39.3171], [-76.6997, 39.3171], [-76.6987, 39.3175], [-76.697, 39.3174], [-76.6968, 39.3171], [-76.6967, 39.3165], [-76.6968, 39.3151], [-76.6966, 39.3149], [-76.694, 39.3146], [-76.6927, 39.3145], [-76.6918, 39.314], [-76.6909, 39.3133], [-76.6904, 39.313], [-76.6901, 39.3126], [-76.69, 39.3119], [-76.6902, 39.3112], [-76.6904, 39.3099], [-76.6903, 39.3094], [-76.689, 39.3078], [-76.6875, 39.3057], [-76.6869, 39.3054], [-76.6866, 39.3051], [-76.6871, 39.3049], [-76.6874, 39.3051], [-76.6878, 39.3052], [-76.6884, 39.3051], [-76.6888, 39.3052], [-76.6904, 39.305], [-76.6908, 39.3048], [-76.6912, 39.3046], [-76.6923, 39.3047], [-76.6942, 39.3049], [-76.6945, 39.3047], [-76.6947, 39.3043], [-76.6949, 39.3041], [-76.6949, 39.3038], [-76.6943, 39.3027], [-76.6945, 39.3023], [-76.6959, 39.3021], [-76.6967, 39.302], [-76.6973, 39.3015], [-76.698, 39.3014], [-76.6985, 39.3015], [-76.6988, 39.3019], [-76.6995, 39.302], [-76.7007, 39.3019], [-76.7012, 39.3013], [-76.7014, 39.3012], [-76.7019, 39.3011], [-76.7028, 39.3006], [-76.7029, 39.3003], [-76.7029, 39.2999], [-76.7036, 39.2996], [-76.7046, 39.2997], [-76.705, 39.2997], [-76.7056, 39.2995], [-76.706, 39.2995], [-76.7063, 39.2998], [-76.7066, 39.3005], [-76.7066, 39.3009], [-76.7057, 39.3018], [-76.7055, 39.302], [-76.7054, 39.3022], [-76.7055, 39.3025], [-76.7061, 39.3028], [-76.707, 39.3031], [-76.7082, 39.3034], [-76.7089, 39.3034], [-76.7092, 39.3032], [-76.7099, 39.3027], [-76.7104, 39.3028], [-76.7112, 39.3047], [-76.7112, 39.3051], [-76.7112, 39.3076], [-76.7112, 39.3101], [-76.7111, 39.3125], [-76.711, 39.3189], [-76.7045, 39.322], [-76.7018, 39.3196]]]}, "properties": {"GEOID20": "24510280301", "JURSCODE": "BACI", "Eligibility_Status": "Ineligible", "Qualifying_Criteria1_CPR_30": "No", "Qualifying_Criteria2_CPR_30MOE": "No", "F2024_Child_Poverty_Rate__2026_": 6.0, "F2024_Child_Poverty_Rate_Margin_Of_Error": 9.8, "SCHOOL_BND_INT_CPG_TOTAL": 3, "SCHOOL_NAME": "Dickey Hill Elementary/Middle, Thomas Jefferson Elementary/Middle, Calvin M Rodwell Elementary"}}, {"type": "Feature", "geometry": {"type": "Polygon", "coordinates": [[[-76.6228, 39.3262], [-76.622, 39.3253], [-76.6212, 39.325], [-76.6203, 39.3243], [-76.6201, 39.3232], [-76.62, 39.3218], [-76.6197, 39.3178], [-76.6196, 39.3152], [-76.6194, 39.3121], [-76.6198, 39.311], [-76.6216, 39.3109], [-76.6233, 39.3109], [-76.6252, 39.3121], [-76.6284, 39.3153], [-76.6291, 39.3164], [-76.6296, 39.3175], [-76.6298, 39.3183], [-76.6285, 39.3193], [-76.6276, 39.3204], [-76.6271, 39.3207], [-76.6262, 39.3209], [-76.6261, 39.3249], [-76.6259, 39.3256], [-76.625, 39.3258], [-76.6236, 39.3264], [-76.6232, 39.3265], [-76.623, 39.3263], [-76.6228, 39.3262]]]}, "properties": {"GEOID20": "24510120700", "JURSCODE": "BACI", "Eligibility_Status": "Ineligible", "Qualifying_Criteria1_CPR_30": "No", "Qualifying_Criteria2_CPR_30MOE": "No", "F2024_Child_Poverty_Rate__2026_": 11.0, "F2024_Child_Poverty_Rate_Margin_Of_Error": 16.5, "SCHOOL_BND_INT_CPG_TOTAL": 6, "SCHOOL_NAME": "Dallas F Nicholas Sr Elem, Margaret Brent Elementary/Middle, Barclay Elementary/Middle, Hampden Elementary/Middle, Dorothy I. Height Elementary School , Mount Royal Elementary/Middle"}}, {"type": "Feature", "geometry": {"type": "Polygon", "coordinates": [[[-76.5898, 39.354], [-76.5904, 39.3522], [-76.591, 39.3506], [-76.5914, 39.3493], [-76.5916, 39.3487], [-76.592, 39.3462], [-76.593, 39.3462], [-76.5936, 39.346], [-76.5955, 39.3452], [-76.596, 39.345], [-76.5964, 39.3449], [-76.5971, 39.3449], [-76.5995, 39.3463], [-76.5983, 39.3542], [-76.5972, 39.354], [-76.596, 39.354], [-76.5943, 39.3541], [-76.5928, 39.3542], [-76.5919, 39.3545], [-76.5907, 39.3551], [-76.59, 39.3553], [-76.5896, 39.3549], [-76.5897, 39.3542], [-76.5898, 39.354]]]}, "properties": {"GEOID20": "24510270901", "JURSCODE": "BACI", "Eligibility_Status": "Eligible", "Qualifying_Criteria1_CPR_30": "Yes", "Qualifying_Criteria2_CPR_30MOE": "No", "F2024_Child_Poverty_Rate__2026_": 35.6, "F2024_Child_Poverty_Rate_Margin_Of_Error": 39.9, "SCHOOL_BND_INT_CPG_TOTAL": 3, "SCHOOL_NAME": "Walter P Carter Elementary/Middle, Govans Elementary, Northwood Elementary"}}, {"type": "Feature", "geometry": {"type": "Polygon", "coordinates": [[[-76.6463, 39.3615], [-76.6477, 39.3612], [-76.6495, 39.3608], [-76.651, 39.3604], [-76.6517, 39.3602], [-76.6524, 39.3599], [-76.653, 39.3594], [-76.6538, 39.3584], [-76.6544, 39.3577], [-76.6563, 39.3568], [-76.6602, 39.3553], [-76.6608, 39.3551], [-76.6614, 39.355], [-76.6622, 39.355], [-76.6635, 39.3554], [-76.6641, 39.3558], [-76.6653, 39.357], [-76.6676, 39.3574], [-76.6709, 39.3569], [-76.6713, 39.3588], [-76.6717, 39.3603], [-76.6718, 39.3608], [-76.6714, 39.3619], [-76.6714, 39.3622], [-76.6716, 39.3625], [-76.6731, 39.3643], [-76.6734, 39.3649], [-76.6737, 39.3654], [-76.6741, 39.3663], [-76.6745, 39.3666], [-76.676, 39.3678], [-76.6769, 39.3686], [-76.6777, 39.3703], [-76.6781, 39.3712], [-76.6782, 39.372], [-76.6718, 39.3721], [-76.666, 39.372], [-76.6578, 39.372], [-76.652, 39.3721], [-76.649, 39.3721], [-76.6486, 39.3685], [-76.6483, 39.3675], [-76.6478, 39.3665], [-76.6475, 39.3652], [-76.6463, 39.3615]]]}, "properties": {"GEOID20": "24510271501", "JURSCODE": "BACI", "Eligibility_Status": "Ineligible", "Qualifying_Criteria1_CPR_30": "No", "Qualifying_Criteria2_CPR_30MOE": "No", "F2024_Child_Poverty_Rate__2026_": 0.0, "F2024_Child_Poverty_Rate_Margin_Of_Error": 3.7, "SCHOOL_BND_INT_CPG_TOTAL": 3, "SCHOOL_NAME": "The Mount Washington School, Roland Park Elementary/Middle, Cross Country Elementary"}}, {"type": "Feature", "geometry": {"type": "Polygon", "coordinates": [[[-76.6231, 39.3406], [-76.6229, 39.3407], [-76.6222, 39.3409], [-76.6217, 39.3411], [-76.6214, 39.3411], [-76.6204, 39.3405], [-76.6184, 39.3386], [-76.6176, 39.3386], [-76.6167, 39.3388], [-76.6147, 39.3395], [-76.6135, 39.3402], [-76.6123, 39.341], [-76.6118, 39.3406], [-76.6113, 39.3403], [-76.6104, 39.3399], [-76.6096, 39.3394], [-76.6095, 39.3368], [-76.6095, 39.3345], [-76.6095, 39.331], [-76.6103, 39.331], [-76.6113, 39.3313], [-76.613, 39.332], [-76.6139, 39.3326], [-76.6145, 39.3327], [-76.6152, 39.3325], [-76.6163, 39.3315], [-76.618, 39.3325], [-76.6201, 39.3339], [-76.6232, 39.3359], [-76.6237, 39.3363], [-76.624, 39.337], [-76.6249, 39.3381], [-76.6256, 39.3393], [-76.6258, 39.3416], [-76.6251, 39.3417], [-76.6247, 39.342], [-76.6243, 39.3418], [-76.6237, 39.3411], [-76.6233, 39.3407], [-76.6231, 39.3406]]]}, "properties": {"GEOID20": "24510120100", "JURSCODE": "BACI", "Eligibility_Status": "Ineligible", "Qualifying_Criteria1_CPR_30": "No", "Qualifying_Criteria2_CPR_30MOE": "No", "F2024_Child_Poverty_Rate__2026_": 0.0, "F2024_Child_Poverty_Rate_Margin_Of_Error": 10.0, "SCHOOL_BND_INT_CPG_TOTAL": 5, "SCHOOL_NAME": "Waverly Elementary/Middle, Barclay Elementary/Middle, Hampden Elementary/Middle, Walter P Carter Elementary/Middle, Roland Park Elementary/Middle"}}, {"type": "Feature", "geometry": {"type": "Polygon", "coordinates": [[[-76.6711, 39.3111], [-76.6744, 39.3131], [-76.6727, 39.3142], [-76.6661, 39.3145], [-76.6635, 39.3146], [-76.6617, 39.3147], [-76.6614, 39.3133], [-76.6613, 39.3115], [-76.6659, 39.3113], [-76.6711, 39.3111]]]}, "properties": {"GEOID20": "24510150702", "JURSCODE": "BACI", "Eligibility_Status": "Eligible", "Qualifying_Criteria1_CPR_30": "Yes", "Qualifying_Criteria2_CPR_30MOE": "Yes", "F2024_Child_Poverty_Rate__2026_": 54.6, "F2024_Child_Poverty_Rate_Margin_Of_Error": 29.3, "SCHOOL_BND_INT_CPG_TOTAL": 2, "SCHOOL_NAME": "Hilton Elementary, Gwynns Falls Elementary"}}, {"type": "Feature", "geometry": {"type": "Polygon", "coordinates": [[[-76.6143, 39.306], [-76.6132, 39.306], [-76.6124, 39.3059], [-76.6117, 39.3055], [-76.6114, 39.305], [-76.6114, 39.3042], [-76.6116, 39.3033], [-76.6115, 39.3], [-76.6112, 39.2968], [-76.6111, 39.2951], [-76.611, 39.2945], [-76.6127, 39.2945], [-76.6137, 39.2945], [-76.6142, 39.295], [-76.6143, 39.2955], [-76.614, 39.2964], [-76.6141, 39.2976], [-76.6143, 39.3011], [-76.6145, 39.3046], [-76.6143, 39.306]]]}, "properties": {"GEOID20": "24510110100", "JURSCODE": "BACI", "Eligibility_Status": "Ineligible", "Qualifying_Criteria1_CPR_30": "No", "Qualifying_Criteria2_CPR_30MOE": "No", "F2024_Child_Poverty_Rate__2026_": 0.0, "F2024_Child_Poverty_Rate_Margin_Of_Error": 77.8, "SCHOOL_BND_INT_CPG_TOTAL": 3, "SCHOOL_NAME": "City Springs Elementary/Middle, Mount Royal Elementary/Middle, The Historic Samuel Coleridge-Taylor Elementary"}}, {"type": "Feature", "geometry": {"type": "Polygon", "coordinates": [[[-76.5542, 39.2882], [-76.5549, 39.288], [-76.555, 39.2871], [-76.5548, 39.2841], [-76.5546, 39.2814], [-76.5554, 39.281], [-76.5582, 39.2808], [-76.5621, 39.2814], [-76.5623, 39.2838], [-76.5624, 39.2869], [-76.5626, 39.2888], [-76.5599, 39.2917], [-76.5571, 39.2918], [-76.555, 39.2919], [-76.5557, 39.2915], [-76.5556, 39.2908], [-76.5544, 39.2889], [-76.5542, 39.2882]]]}, "properties": {"GEOID20": "24510260700", "JURSCODE": "BACI", "Eligibility_Status": "Eligible", "Qualifying_Criteria1_CPR_30": "No", "Qualifying_Criteria2_CPR_30MOE": "Yes", "F2024_Child_Poverty_Rate__2026_": 29.9, "F2024_Child_Poverty_Rate_Margin_Of_Error": 24.4, "SCHOOL_BND_INT_CPG_TOTAL": 3, "SCHOOL_NAME": "Hampstead Hill Academy, John Ruhrah Elementary/Middle, Highlandtown Elementary/Middle #237"}}, {"type": "Feature", "geometry": {"type": "Polygon", "coordinates": [[[-76.5504, 39.3113], [-76.5498, 39.3113], [-76.5495, 39.3113], [-76.5487, 39.3113], [-76.5484, 39.3112], [-76.5481, 39.3112], [-76.5479, 39.3112], [-76.5474, 39.3102], [-76.5471, 39.3098], [-76.5468, 39.3095], [-76.5456, 39.309], [-76.5445, 39.308], [-76.5442, 39.3076], [-76.5436, 39.3074], [-76.5447, 39.3046], [-76.5461, 39.3026], [-76.5478, 39.302], [-76.5507, 39.3011], [-76.5535, 39.3002], [-76.555, 39.3011], [-76.557, 39.3026], [-76.5609, 39.3056], [-76.5645, 39.3083], [-76.5612, 39.309], [-76.5587, 39.3095], [-76.5561, 39.3102], [-76.5536, 39.3101], [-76.553, 39.3107], [-76.5522, 39.311], [-76.5519, 39.3112], [-76.5512, 39.3114], [-76.5507, 39.3114], [-76.5504, 39.3113]]]}, "properties": {"GEOID20": "24510260401", "JURSCODE": "BACI", "Eligibility_Status": "Eligible", "Qualifying_Criteria1_CPR_30": "Yes", "Qualifying_Criteria2_CPR_30MOE": "Yes", "F2024_Child_Poverty_Rate__2026_": 76.7, "F2024_Child_Poverty_Rate_Margin_Of_Error": 14.3, "SCHOOL_BND_INT_CPG_TOTAL": 3, "SCHOOL_NAME": "Moravia Park Primary, Armistead Gardens Elementary/Middle, Sinclair Lane Elementary"}}, {"type": "Feature", "geometry": {"type": "Polygon", "coordinates": [[[-76.6198, 39.2949], [-76.6219, 39.2948], [-76.624, 39.2948], [-76.6251, 39.2947], [-76.6277, 39.2946], [-76.6275, 39.2953], [-76.6272, 39.2958], [-76.6241, 39.2984], [-76.6226, 39.2998], [-76.6209, 39.3012], [-76.6203, 39.3018], [-76.6202, 39.3011], [-76.62, 39.2982], [-76.6199, 39.2962], [-76.6198, 39.2949]]]}, "properties": {"GEOID20": "24510170100", "JURSCODE": "BACI", "Eligibility_Status": "Ineligible", "Qualifying_Criteria1_CPR_30": "No", "Qualifying_Criteria2_CPR_30MOE": "No", "F2024_Child_Poverty_Rate__2026_": 29.4, "F2024_Child_Poverty_Rate_Margin_Of_Error": 26.7, "SCHOOL_BND_INT_CPG_TOTAL": 3, "SCHOOL_NAME": "Mount Royal Elementary/Middle, The Historic Samuel Coleridge-Taylor Elementary, Furman L Templeton Elementary"}}, {"type": "Feature", "geometry": {"type": "Polygon", "coordinates": [[[-76.5653, 39.3252], [-76.5642, 39.3251], [-76.5627, 39.3247], [-76.5614, 39.3235], [-76.5607, 39.3228], [-76.5606, 39.3224], [-76.5606, 39.3219], [-76.5606, 39.3215], [-76.5604, 39.3211], [-76.5599, 39.321], [-76.5602, 39.3204], [-76.5612, 39.3201], [-76.5633, 39.3197], [-76.5665, 39.3192], [-76.5675, 39.3191], [-76.5704, 39.3187], [-76.571, 39.3195], [-76.5715, 39.32], [-76.5728, 39.321], [-76.5737, 39.3216], [-76.5729, 39.3223], [-76.5707, 39.3239], [-76.5694, 39.3249], [-76.5675, 39.3264], [-76.5658, 39.3253], [-76.5653, 39.3252]]]}, "properties": {"GEOID20": "24510260301", "JURSCODE": "BACI", "Eligibility_Status": "Eligible", "Qualifying_Criteria1_CPR_30": "No", "Qualifying_Criteria2_CPR_30MOE": "Yes", "F2024_Child_Poverty_Rate__2026_": 21.6, "F2024_Child_Poverty_Rate_Margin_Of_Error": 15.2, "SCHOOL_BND_INT_CPG_TOTAL": 4, "SCHOOL_NAME": "Furley Elementary, Gardenville Elementary, The Belair-Edison School, Sinclair Lane Elementary"}}, {"type": "Feature", "geometry": {"type": "Polygon", "coordinates": [[[-76.6788, 39.3049], [-76.6786, 39.3047], [-76.6783, 39.3047], [-76.6777, 39.3045], [-76.6775, 39.3044], [-76.6769, 39.3042], [-76.6762, 39.3039], [-76.6757, 39.3037], [-76.6753, 39.3034], [-76.6748, 39.303], [-76.6744, 39.3025], [-76.674, 39.3021], [-76.6735, 39.3015], [-76.6735, 39.3012], [-76.6736, 39.3008], [-76.6736, 39.3002], [-76.6735, 39.2998], [-76.6733, 39.2993], [-76.6732, 39.2987], [-76.6728, 39.2977], [-76.6724, 39.2974], [-76.6719, 39.297], [-76.6713, 39.2965], [-76.6707, 39.2964], [-76.6706, 39.2955], [-76.6705, 39.2945], [-76.6706, 39.2943], [-76.6723, 39.2942], [-76.6756, 39.2941], [-76.6797, 39.2939], [-76.6812, 39.2939], [-76.6813, 39.2964], [-76.6815, 39.2986], [-76.6815, 39.2997], [-76.6812, 39.3005], [-76.6859, 39.303], [-76.6861, 39.303], [-76.687, 39.3027], [-76.6875, 39.3023], [-76.6876, 39.302], [-76.6865, 39.3008], [-76.6863, 39.3002], [-76.6881, 39.2992], [-76.6896, 39.3051], [-76.6885, 39.3051], [-76.6881, 39.3052], [-76.6876, 39.3052], [-76.6871, 39.3049], [-76.6869, 39.3049], [-76.6863, 39.3055], [-76.6856, 39.3059], [-76.685, 39.306], [-76.6844, 39.3061], [-76.6829, 39.3063], [-76.6822, 39.3065], [-76.6816, 39.3066], [-76.6807, 39.3063], [-76.6796, 39.3057], [-76.6794, 39.3055], [-76.6789, 39.305], [-76.6788, 39.3049]]]}, "properties": {"GEOID20": "24510160802", "JURSCODE": "BACI", "Eligibility_Status": "Eligible", "Qualifying_Criteria1_CPR_30": "Yes", "Qualifying_Criteria2_CPR_30MOE": "Yes", "F2024_Child_Poverty_Rate__2026_": 55.9, "F2024_Child_Poverty_Rate_Margin_Of_Error": 24.9, "SCHOOL_BND_INT_CPG_TOTAL": 4, "SCHOOL_NAME": "Windsor Hills Elementary/Middle, Wildwood Elementary Middle School, Dickey Hill Elementary/Middle, Mary E Rodman Elementary"}}, {"type": "Feature", "geometry": {"type": "Polygon", "coordinates": [[[-76.6354, 39.3439], [-76.635, 39.3424], [-76.6345, 39.3416], [-76.6331, 39.3407], [-76.6325, 39.3402], [-76.6321, 39.3397], [-76.6317, 39.3394], [-76.6312, 39.3393], [-76.6301, 39.3393], [-76.6289, 39.3395], [-76.6284, 39.3394], [-76.6279, 39.3393], [-76.6273, 39.3388], [-76.6263, 39.3379], [-76.6251, 39.3371], [-76.624, 39.3365], [-76.624, 39.3334], [-76.6242, 39.3328], [-76.6242, 39.3322], [-76.6246, 39.3317], [-76.6255, 39.3314], [-76.6268, 39.3313], [-76.6304, 39.3312], [-76.6314, 39.3328], [-76.6343, 39.3327], [-76.6356, 39.3332], [-76.6361, 39.3348], [-76.6374, 39.3376], [-76.639, 39.34], [-76.6397, 39.3415], [-76.6395, 39.3431], [-76.6392, 39.3431], [-76.6381, 39.3431], [-76.6362, 39.3438], [-76.6354, 39.3439]]]}, "properties": {"GEOID20": "24510130700", "JURSCODE": "BACI", "Eligibility_Status": "Ineligible", "Qualifying_Criteria1_CPR_30": "No", "Qualifying_Criteria2_CPR_30MOE": "No", "F2024_Child_Poverty_Rate__2026_": 3.0, "F2024_Child_Poverty_Rate_Margin_Of_Error": 5.4, "SCHOOL_BND_INT_CPG_TOTAL": 4, "SCHOOL_NAME": "Barclay Elementary/Middle, Hampden Elementary/Middle, Roland Park Elementary/Middle, Medfield Heights Elementary"}}, {"type": "Feature", "geometry": {"type": "Polygon", "coordinates": [[[-76.6074, 39.3721], [-76.5979, 39.3718], [-76.5971, 39.3715], [-76.5973, 39.3709], [-76.5976, 39.3707], [-76.5979, 39.3706], [-76.5982, 39.3703], [-76.5984, 39.3701], [-76.5991, 39.3697], [-76.5997, 39.3694], [-76.6001, 39.3692], [-76.6001, 39.3687], [-76.6002, 39.3683], [-76.5998, 39.3668], [-76.5995, 39.3664], [-76.5993, 39.3659], [-76.603, 39.365], [-76.605, 39.3646], [-76.6057, 39.3646], [-76.6066, 39.3647], [-76.6082, 39.365], [-76.61, 39.3651], [-76.6099, 39.367], [-76.6099, 39.3678], [-76.6099, 39.3705], [-76.6098, 39.3722], [-76.6074, 39.3721]]]}, "properties": {"GEOID20": "24510270804", "JURSCODE": "BACI", "Eligibility_Status": "Ineligible", "Qualifying_Criteria1_CPR_30": "No", "Qualifying_Criteria2_CPR_30MOE": "No", "F2024_Child_Poverty_Rate__2026_": 25.8, "F2024_Child_Poverty_Rate_Margin_Of_Error": 30.2, "SCHOOL_BND_INT_CPG_TOTAL": 3, "SCHOOL_NAME": "Govans Elementary, Roland Park Elementary/Middle, Leith Walk Elementary/Middle"}}, {"type": "Feature", "geometry": {"type": "Polygon", "coordinates": [[[-76.5618, 39.3722], [-76.5617, 39.3705], [-76.5618, 39.3692], [-76.5619, 39.368], [-76.5626, 39.3667], [-76.5667, 39.3682], [-76.5676, 39.3685], [-76.5683, 39.3686], [-76.5694, 39.3686], [-76.5701, 39.3686], [-76.573, 39.3685], [-76.5727, 39.3695], [-76.5717, 39.3704], [-76.57, 39.3721], [-76.5672, 39.3721], [-76.5618, 39.3722]]]}, "properties": {"GEOID20": "24510270701", "JURSCODE": "BACI", "Eligibility_Status": "Eligible", "Qualifying_Criteria1_CPR_30": "Yes", "Qualifying_Criteria2_CPR_30MOE": "No", "F2024_Child_Poverty_Rate__2026_": 37.3, "F2024_Child_Poverty_Rate_Margin_Of_Error": 45.3, "SCHOOL_BND_INT_CPG_TOTAL": 2, "SCHOOL_NAME": "Yorkwood Elementary, Hamilton Elementary/Middle"}}, {"type": "Feature", "geometry": {"type": "Polygon", "coordinates": [[[-76.6172, 39.332], [-76.6151, 39.3308], [-76.6136, 39.3295], [-76.6133, 39.3259], [-76.6139, 39.3234], [-76.6165, 39.3232], [-76.6196, 39.3231], [-76.6201, 39.3231], [-76.6202, 39.324], [-76.6204, 39.3245], [-76.6215, 39.3251], [-76.6221, 39.3254], [-76.6229, 39.3263], [-76.6232, 39.3264], [-76.6234, 39.3265], [-76.6247, 39.3259], [-76.6251, 39.3265], [-76.625, 39.3278], [-76.6252, 39.3288], [-76.6254, 39.3299], [-76.6258, 39.3305], [-76.6259, 39.3312], [-76.6251, 39.3315], [-76.6244, 39.3319], [-76.6242, 39.3324], [-76.6242, 39.3329], [-76.6238, 39.3336], [-76.6237, 39.3363], [-76.6232, 39.3359], [-76.6201, 39.3339], [-76.618, 39.3325], [-76.6172, 39.332]]]}, "properties": {"GEOID20": "24510120202", "JURSCODE": "BACI", "Eligibility_Status": "Ineligible", "Qualifying_Criteria1_CPR_30": "No", "Qualifying_Criteria2_CPR_30MOE": "No", "F2024_Child_Poverty_Rate__2026_": null, "F2024_Child_Poverty_Rate_Margin_Of_Error": null, "SCHOOL_BND_INT_CPG_TOTAL": 5, "SCHOOL_NAME": "Waverly Elementary/Middle, Margaret Brent Elementary/Middle, Barclay Elementary/Middle, Hampden Elementary/Middle, Roland Park Elementary/Middle"}}, {"type": "Feature", "geometry": {"type": "Polygon", "coordinates": [[[-76.5297, 39.3249], [-76.53, 39.3196], [-76.5297, 39.3175], [-76.5298, 39.3171], [-76.5298, 39.3144], [-76.531, 39.3096], [-76.5329, 39.3083], [-76.5347, 39.3071], [-76.5364, 39.306], [-76.5393, 39.3046], [-76.5417, 39.3039], [-76.5453, 39.3036], [-76.5431, 39.3074], [-76.5414, 39.3104], [-76.5407, 39.3117], [-76.54, 39.3128], [-76.5388, 39.3143], [-76.5353, 39.3177], [-76.5357, 39.3183], [-76.5356, 39.3189], [-76.5358, 39.3191], [-76.5359, 39.3193], [-76.5355, 39.3196], [-76.5348, 39.32], [-76.5347, 39.3204], [-76.5345, 39.3206], [-76.5345, 39.3212], [-76.5346, 39.3214], [-76.5346, 39.3218], [-76.5343, 39.3224], [-76.534, 39.3227], [-76.5336, 39.3231], [-76.5335, 39.3234], [-76.5333, 39.3235], [-76.5332, 39.3238], [-76.5331, 39.3239], [-76.5328, 39.3239], [-76.5325, 39.324], [-76.5324, 39.3244], [-76.5325, 39.3247], [-76.5333, 39.3261], [-76.5336, 39.3267], [-76.5337, 39.327], [-76.5337, 39.3272], [-76.5336, 39.3275], [-76.5341, 39.3283], [-76.5342, 39.3284], [-76.5341, 39.3289], [-76.5319, 39.3308], [-76.5297, 39.3291], [-76.5297, 39.3249]]]}, "properties": {"GEOID20": "24510260403", "JURSCODE": "BACI", "Eligibility_Status": "Ineligible", "Qualifying_Criteria1_CPR_30": "No", "Qualifying_Criteria2_CPR_30MOE": "No", "F2024_Child_Poverty_Rate__2026_": 0.0, "F2024_Child_Poverty_Rate_Margin_Of_Error": 43.8, "SCHOOL_BND_INT_CPG_TOTAL": 3, "SCHOOL_NAME": "Moravia Park Primary, Hazelwood Elementary/Middle, Armistead Gardens Elementary/Middle"}}, {"type": "Feature", "geometry": {"type": "Polygon", "coordinates": [[[-76.5866, 39.366], [-76.5855, 39.366], [-76.5859, 39.3653], [-76.5862, 39.3647], [-76.5873, 39.3623], [-76.5878, 39.3613], [-76.5893, 39.3581], [-76.5896, 39.3573], [-76.5897, 39.3568], [-76.5896, 39.3554], [-76.5905, 39.3552], [-76.5917, 39.3546], [-76.5926, 39.3543], [-76.5933, 39.3541], [-76.5947, 39.3542], [-76.5948, 39.3548], [-76.5952, 39.3555], [-76.5955, 39.356], [-76.5958, 39.3563], [-76.596, 39.3566], [-76.5966, 39.3571], [-76.5969, 39.3575], [-76.5976, 39.3584], [-76.5981, 39.3596], [-76.5982, 39.3601], [-76.5981, 39.3603], [-76.5981, 39.3605], [-76.5982, 39.3608], [-76.5982, 39.3611], [-76.5982, 39.3614], [-76.5981, 39.3617], [-76.5981, 39.3624], [-76.598, 39.3628], [-76.5979, 39.3629], [-76.5978, 39.363], [-76.5981, 39.3634], [-76.5981, 39.3637], [-76.5982, 39.3639], [-76.5984, 39.3641], [-76.5985, 39.3642], [-76.5986, 39.3643], [-76.5986, 39.3646], [-76.5988, 39.3647], [-76.5989, 39.3649], [-76.5991, 39.3652], [-76.5992, 39.3655], [-76.5977, 39.3663], [-76.5949, 39.3669], [-76.5939, 39.367], [-76.593, 39.367], [-76.5921, 39.3668], [-76.5877, 39.3662], [-76.587, 39.3661], [-76.5866, 39.366]]]}, "properties": {"GEOID20": "24510270802", "JURSCODE": "BACI", "Eligibility_Status": "Ineligible", "Qualifying_Criteria1_CPR_30": "No", "Qualifying_Criteria2_CPR_30MOE": "No", "F2024_Child_Poverty_Rate__2026_": 4.5, "F2024_Child_Poverty_Rate_Margin_Of_Error": 9.0, "SCHOOL_BND_INT_CPG_TOTAL": 3, "SCHOOL_NAME": "Yorkwood Elementary, Northwood Elementary, Leith Walk Elementary/Middle"}}, {"type": "Feature", "geometry": {"type": "Polygon", "coordinates": [[[-76.5783, 39.3026], [-76.5798, 39.3038], [-76.5799, 39.3057], [-76.58, 39.3075], [-76.5777, 39.3092], [-76.5749, 39.3093], [-76.573, 39.3083], [-76.573, 39.3052], [-76.5728, 39.3027], [-76.5783, 39.3026]]]}, "properties": {"GEOID20": "24510080302", "JURSCODE": "BACI", "Eligibility_Status": "Eligible", "Qualifying_Criteria1_CPR_30": "Yes", "Qualifying_Criteria2_CPR_30MOE": "No", "F2024_Child_Poverty_Rate__2026_": 49.8, "F2024_Child_Poverty_Rate_Margin_Of_Error": 34.0, "SCHOOL_BND_INT_CPG_TOTAL": 3, "SCHOOL_NAME": "Lakewood Elementary, Armistead Gardens Elementary/Middle, Sinclair Lane Elementary"}}, {"type": "Feature", "geometry": {"type": "Polygon", "coordinates": [[[-76.5627, 39.2916], [-76.5625, 39.2884], [-76.5654, 39.2877], [-76.5692, 39.2894], [-76.5693, 39.2911], [-76.5694, 39.292], [-76.5666, 39.2926], [-76.5628, 39.2923], [-76.5627, 39.2916]]]}, "properties": {"GEOID20": "24510260800", "JURSCODE": "BACI", "Eligibility_Status": "Ineligible", "Qualifying_Criteria1_CPR_30": "No", "Qualifying_Criteria2_CPR_30MOE": "No", "F2024_Child_Poverty_Rate__2026_": 9.1, "F2024_Child_Poverty_Rate_Margin_Of_Error": 17.3, "SCHOOL_BND_INT_CPG_TOTAL": 2, "SCHOOL_NAME": "Highlandtown Elementary/Middle #215, Highlandtown Elementary/Middle #237"}}, {"type": "Feature", "geometry": {"type": "Polygon", "coordinates": [[[-76.673, 39.2858], [-76.6723, 39.2858], [-76.6721, 39.2819], [-76.6722, 39.2811], [-76.6759, 39.283], [-76.6773, 39.2834], [-76.6808, 39.2842], [-76.6764, 39.2882], [-76.6749, 39.2873], [-76.6735, 39.2861], [-76.6731, 39.2858], [-76.673, 39.2858]]]}, "properties": {"GEOID20": "24510200702", "JURSCODE": "BACI", "Eligibility_Status": "Eligible", "Qualifying_Criteria1_CPR_30": "No", "Qualifying_Criteria2_CPR_30MOE": "Yes", "F2024_Child_Poverty_Rate__2026_": 24.5, "F2024_Child_Poverty_Rate_Margin_Of_Error": 40.4, "SCHOOL_BND_INT_CPG_TOTAL": 2, "SCHOOL_NAME": "Mary E Rodman Elementary, Beechfield Elementary/Middle"}}, {"type": "Feature", "geometry": {"type": "Polygon", "coordinates": [[[-76.6285, 39.2502], [-76.6279, 39.2503], [-76.6267, 39.2514], [-76.6264, 39.2518], [-76.6261, 39.2517], [-76.6251, 39.2501], [-76.6262, 39.2503], [-76.6267, 39.2505], [-76.627, 39.2504], [-76.6272, 39.2503], [-76.6275, 39.2498], [-76.6261, 39.2493], [-76.6249, 39.2489], [-76.624, 39.2486], [-76.6232, 39.2482], [-76.6225, 39.2478], [-76.6201, 39.2463], [-76.6195, 39.2446], [-76.6215, 39.2419], [-76.6243, 39.2419], [-76.626, 39.2422], [-76.6267, 39.2424], [-76.6277, 39.2428], [-76.6287, 39.2435], [-76.6298, 39.2446], [-76.6345, 39.2504], [-76.6349, 39.2513], [-76.6351, 39.252], [-76.6351, 39.2529], [-76.635, 39.2535], [-76.6348, 39.255], [-76.6342, 39.2573], [-76.6337, 39.2586], [-76.6331, 39.2579], [-76.6331, 39.2572], [-76.6339, 39.2563], [-76.6343, 39.2556], [-76.6343, 39.2551], [-76.6341, 39.2541], [-76.6337, 39.253], [-76.6334, 39.2524], [-76.6329, 39.2518], [-76.6321, 39.2512], [-76.6314, 39.2509], [-76.6294, 39.2504], [-76.6285, 39.2502]]]}, "properties": {"GEOID20": "24510250204", "JURSCODE": "BACI", "Eligibility_Status": "Eligible", "Qualifying_Criteria1_CPR_30": "Yes", "Qualifying_Criteria2_CPR_30MOE": "Yes", "F2024_Child_Poverty_Rate__2026_": 49.2, "F2024_Child_Poverty_Rate_Margin_Of_Error": 18.0, "SCHOOL_BND_INT_CPG_TOTAL": 3, "SCHOOL_NAME": "Lakeland Elementary/Middle, Arundel Elementary/Middle, Westport Academy"}}, {"type": "Feature", "geometry": {"type": "Polygon", "coordinates": [[[-76.694, 39.2809], [-76.6946, 39.28], [-76.6946, 39.2794], [-76.6957, 39.2779], [-76.6957, 39.2776], [-76.6942, 39.2753], [-76.6938, 39.2748], [-76.6928, 39.2721], [-76.6945, 39.2718], [-76.696, 39.272], [-76.7012, 39.2737], [-76.7111, 39.2779], [-76.7083, 39.279], [-76.707, 39.2795], [-76.7064, 39.2801], [-76.7056, 39.2808], [-76.7053, 39.2809], [-76.7032, 39.2808], [-76.7021, 39.2809], [-76.6999, 39.2812], [-76.698, 39.2813], [-76.6948, 39.2814], [-76.694, 39.2809]]]}, "properties": {"GEOID20": "24510250101", "JURSCODE": "BACI", "Eligibility_Status": "Ineligible", "Qualifying_Criteria1_CPR_30": "No", "Qualifying_Criteria2_CPR_30MOE": "No", "F2024_Child_Poverty_Rate__2026_": 6.2, "F2024_Child_Poverty_Rate_Margin_Of_Error": 8.3, "SCHOOL_BND_INT_CPG_TOTAL": 2, "SCHOOL_NAME": "North Bend Elementary/Middle, Beechfield Elementary/Middle"}}, {"type": "Feature", "geometry": {"type": "Polygon", "coordinates": [[[-76.5877, 39.2965], [-76.5876, 39.2942], [-76.5874, 39.2918], [-76.5905, 39.2917], [-76.5939, 39.2915], [-76.5941, 39.2933], [-76.5943, 39.2963], [-76.5939, 39.2984], [-76.5909, 39.2985], [-76.5879, 39.2987], [-76.5877, 39.2965]]]}, "properties": {"GEOID20": "24510060400", "JURSCODE": "BACI", "Eligibility_Status": "Eligible", "Qualifying_Criteria1_CPR_30": "Yes", "Qualifying_Criteria2_CPR_30MOE": "Yes", "F2024_Child_Poverty_Rate__2026_": 31.0, "F2024_Child_Poverty_Rate_Margin_Of_Error": 32.7, "SCHOOL_BND_INT_CPG_TOTAL": 4, "SCHOOL_NAME": "City Springs Elementary/Middle, Tench Tilghman Elementary/Middle, Johnston Square Elementary, Commodore John Rogers Elementary/Middle"}}, {"type": "Feature", "geometry": {"type": "Polygon", "coordinates": [[[-76.5504, 39.3165], [-76.55, 39.3165], [-76.5494, 39.3164], [-76.549, 39.3163], [-76.5489, 39.3161], [-76.5491, 39.3152], [-76.5493, 39.3146], [-76.5494, 39.3141], [-76.5494, 39.3137], [-76.55, 39.3129], [-76.5503, 39.3125], [-76.5506, 39.3113], [-76.551, 39.3114], [-76.5518, 39.3113], [-76.5521, 39.311], [-76.5528, 39.3108], [-76.5534, 39.3103], [-76.5549, 39.3105], [-76.5578, 39.3097], [-76.5609, 39.309], [-76.5655, 39.309], [-76.567, 39.309], [-76.5684, 39.3094], [-76.5695, 39.3094], [-76.5731, 39.3104], [-76.5731, 39.3143], [-76.5728, 39.3146], [-76.5716, 39.3141], [-76.5707, 39.3135], [-76.5702, 39.3134], [-76.5675, 39.3135], [-76.5654, 39.3136], [-76.5638, 39.3136], [-76.563, 39.3138], [-76.5607, 39.3147], [-76.5593, 39.3153], [-76.5571, 39.3166], [-76.5564, 39.317], [-76.5548, 39.3178], [-76.553, 39.3171], [-76.5523, 39.3168], [-76.5508, 39.3165], [-76.5504, 39.3165]]]}, "properties": {"GEOID20": "24510260303", "JURSCODE": "BACI", "Eligibility_Status": "Ineligible", "Qualifying_Criteria1_CPR_30": "No", "Qualifying_Criteria2_CPR_30MOE": "No", "F2024_Child_Poverty_Rate__2026_": 14.0, "F2024_Child_Poverty_Rate_Margin_Of_Error": 25.0, "SCHOOL_BND_INT_CPG_TOTAL": 4, "SCHOOL_NAME": "Lakewood Elementary, Moravia Park Primary, Armistead Gardens Elementary/Middle, Sinclair Lane Elementary"}}, {"type": "Feature", "geometry": {"type": "Polygon", "coordinates": [[[-76.6339, 39.372], [-76.6335, 39.3706], [-76.6338, 39.3698], [-76.634, 39.3694], [-76.6342, 39.3694], [-76.6328, 39.3688], [-76.6316, 39.3675], [-76.6309, 39.3655], [-76.6298, 39.3653], [-76.6291, 39.3652], [-76.6287, 39.3653], [-76.6281, 39.3658], [-76.6279, 39.3651], [-76.6294, 39.3613], [-76.6293, 39.3607], [-76.6295, 39.3603], [-76.63, 39.3601], [-76.6301, 39.3596], [-76.6303, 39.3584], [-76.63, 39.3572], [-76.6299, 39.3559], [-76.6292, 39.3534], [-76.6315, 39.3533], [-76.6333, 39.3531], [-76.634, 39.3531], [-76.6368, 39.3538], [-76.6375, 39.3539], [-76.6387, 39.3535], [-76.6394, 39.3532], [-76.6398, 39.3529], [-76.64, 39.3529], [-76.6403, 39.3532], [-76.6407, 39.3534], [-76.6415, 39.3535], [-76.642, 39.3534], [-76.6441, 39.3553], [-76.6449, 39.3577], [-76.6464, 39.362], [-76.6477, 39.3657], [-76.6479, 39.3667], [-76.6484, 39.3677], [-76.6494, 39.3707], [-76.649, 39.3722], [-76.6451, 39.372], [-76.6349, 39.372], [-76.6339, 39.372]]]}, "properties": {"GEOID20": "24510271300", "JURSCODE": "BACI", "Eligibility_Status": "Ineligible", "Qualifying_Criteria1_CPR_30": "No", "Qualifying_Criteria2_CPR_30MOE": "No", "F2024_Child_Poverty_Rate__2026_": 2.8, "F2024_Child_Poverty_Rate_Margin_Of_Error": 4.6, "SCHOOL_BND_INT_CPG_TOTAL": 2, "SCHOOL_NAME": "The Mount Washington School, Roland Park Elementary/Middle"}}, {"type": "Feature", "geometry": {"type": "Polygon", "coordinates": [[[-76.6095, 39.3166], [-76.6113, 39.3166], [-76.6135, 39.3165], [-76.6154, 39.3172], [-76.6155, 39.3194], [-76.6157, 39.3233], [-76.6132, 39.3234], [-76.6095, 39.3235], [-76.6095, 39.3215], [-76.6095, 39.3203], [-76.6095, 39.319], [-76.6095, 39.3171], [-76.6095, 39.3166]]]}, "properties": {"GEOID20": "24510120300", "JURSCODE": "BACI", "Eligibility_Status": "Eligible", "Qualifying_Criteria1_CPR_30": "Yes", "Qualifying_Criteria2_CPR_30MOE": "Yes", "F2024_Child_Poverty_Rate__2026_": 36.9, "F2024_Child_Poverty_Rate_Margin_Of_Error": 39.8, "SCHOOL_BND_INT_CPG_TOTAL": 3, "SCHOOL_NAME": "Dallas F Nicholas Sr Elem, Margaret Brent Elementary/Middle, Barclay Elementary/Middle"}}, {"type": "Feature", "geometry": {"type": "Polygon", "coordinates": [[[-76.6487, 39.2881], [-76.6502, 39.2894], [-76.6503, 39.2912], [-76.6504, 39.2937], [-76.6455, 39.2939], [-76.6455, 39.2921], [-76.6453, 39.2902], [-76.647, 39.2882], [-76.6487, 39.2881]]]}, "properties": {"GEOID20": "24510200100", "JURSCODE": "BACI", "Eligibility_Status": "Ineligible", "Qualifying_Criteria1_CPR_30": "No", "Qualifying_Criteria2_CPR_30MOE": "No", "F2024_Child_Poverty_Rate__2026_": 3.7, "F2024_Child_Poverty_Rate_Margin_Of_Error": 8.2, "SCHOOL_BND_INT_CPG_TOTAL": 3, "SCHOOL_NAME": "Harlem Park Elementary/Middle, Franklin Square Elementary/Middle, Mary Ann Winterling Elementary @ Bentalou"}}, {"type": "Feature", "geometry": {"type": "Polygon", "coordinates": [[[-76.5865, 39.2859], [-76.5872, 39.2879], [-76.5874, 39.2918], [-76.5847, 39.2919], [-76.5846, 39.2896], [-76.5843, 39.286], [-76.5865, 39.2859]]]}, "properties": {"GEOID20": "24510010500", "JURSCODE": "BACI", "Eligibility_Status": "Ineligible", "Qualifying_Criteria1_CPR_30": "No", "Qualifying_Criteria2_CPR_30MOE": "No", "F2024_Child_Poverty_Rate__2026_": 10.6, "F2024_Child_Poverty_Rate_Margin_Of_Error": 14.4, "SCHOOL_BND_INT_CPG_TOTAL": 3, "SCHOOL_NAME": "Wolfe Street Academy, Commodore John Rogers Elementary/Middle, Hampstead Hill Academy"}}, {"type": "Feature", "geometry": {"type": "Polygon", "coordinates": [[[-76.5976, 39.2983], [-76.6001, 39.2982], [-76.6041, 39.298], [-76.6059, 39.2979], [-76.6066, 39.299], [-76.6073, 39.3014], [-76.6049, 39.3015], [-76.6027, 39.3016], [-76.5978, 39.3018], [-76.5976, 39.2983]]]}, "properties": {"GEOID20": "24510100200", "JURSCODE": "BACI", "Eligibility_Status": "Eligible", "Qualifying_Criteria1_CPR_30": "Yes", "Qualifying_Criteria2_CPR_30MOE": "Yes", "F2024_Child_Poverty_Rate__2026_": 57.4, "F2024_Child_Poverty_Rate_Margin_Of_Error": 30.5, "SCHOOL_BND_INT_CPG_TOTAL": 2, "SCHOOL_NAME": "Johnston Square Elementary, Dr Bernard Harris Elementary"}}, {"type": "Feature", "geometry": {"type": "Polygon", "coordinates": [[[-76.614, 39.3327], [-76.6135, 39.3322], [-76.612, 39.3315], [-76.6106, 39.3311], [-76.6098, 39.331], [-76.6095, 39.3298], [-76.6094, 39.3283], [-76.6094, 39.3254], [-76.6095, 39.3235], [-76.6132, 39.3234], [-76.6135, 39.3282], [-76.6136, 39.3299], [-76.6162, 39.3315], [-76.615, 39.3327], [-76.6142, 39.3327], [-76.614, 39.3327]]]}, "properties": {"GEOID20": "24510120201", "JURSCODE": "BACI", "Eligibility_Status": "Ineligible", "Qualifying_Criteria1_CPR_30": "No", "Qualifying_Criteria2_CPR_30MOE": "No", "F2024_Child_Poverty_Rate__2026_": 7.6, "F2024_Child_Poverty_Rate_Margin_Of_Error": 11.4, "SCHOOL_BND_INT_CPG_TOTAL": 3, "SCHOOL_NAME": "Abbottston Elementary, Waverly Elementary/Middle, Barclay Elementary/Middle"}}, {"type": "Feature", "geometry": {"type": "Polygon", "coordinates": [[[-76.6373, 39.3043], [-76.6382, 39.3034], [-76.6404, 39.3033], [-76.6432, 39.3033], [-76.6446, 39.3032], [-76.6447, 39.3048], [-76.6448, 39.3063], [-76.6449, 39.3076], [-76.645, 39.31], [-76.6425, 39.3101], [-76.6404, 39.3083], [-76.6388, 39.307], [-76.6381, 39.3058], [-76.6375, 39.3046], [-76.6373, 39.3043]]]}, "properties": {"GEOID20": "24510150100", "JURSCODE": "BACI", "Eligibility_Status": "Eligible", "Qualifying_Criteria1_CPR_30": "Yes", "Qualifying_Criteria2_CPR_30MOE": "Yes", "F2024_Child_Poverty_Rate__2026_": 57.3, "F2024_Child_Poverty_Rate_Margin_Of_Error": 31.7, "SCHOOL_BND_INT_CPG_TOTAL": 3, "SCHOOL_NAME": "Sandtown-Winchester Achievement Academy, Matthew A Henson Elementary, Dorothy I. Height Elementary School "}}, {"type": "Feature", "geometry": {"type": "Polygon", "coordinates": [[[-76.5907, 39.2757], [-76.59, 39.2756], [-76.5898, 39.2757], [-76.5896, 39.2757], [-76.5891, 39.2756], [-76.5886, 39.2752], [-76.5893, 39.2736], [-76.5893, 39.273], [-76.5882, 39.2731], [-76.5873, 39.2728], [-76.5877, 39.2716], [-76.5855, 39.2733], [-76.5861, 39.2703], [-76.5855, 39.27], [-76.5849, 39.2694], [-76.583, 39.2701], [-76.5832, 39.2681], [-76.5806, 39.2706], [-76.5827, 39.2674], [-76.5819, 39.2674], [-76.5808, 39.2694], [-76.5806, 39.2696], [-76.5811, 39.2688], [-76.5812, 39.2685], [-76.5811, 39.2684], [-76.5808, 39.2682], [-76.58, 39.2693], [-76.5802, 39.2681], [-76.5803, 39.2676], [-76.5803, 39.267], [-76.5802, 39.267], [-76.5794, 39.2669], [-76.5792, 39.2664], [-76.5781, 39.2662], [-76.5781, 39.2656], [-76.5778, 39.2651], [-76.5775, 39.264], [-76.5781, 39.2628], [-76.5789, 39.2618], [-76.5796, 39.2614], [-76.5799, 39.2613], [-76.5815, 39.2627], [-76.5818, 39.263], [-76.5829, 39.2635], [-76.5835, 39.2628], [-76.5855, 39.2622], [-76.5858, 39.262], [-76.5862, 39.2614], [-76.5864, 39.2613], [-76.5869, 39.2612], [-76.5881, 39.2613], [-76.5885, 39.2613], [-76.588, 39.2624], [-76.5885, 39.2632], [-76.5893, 39.2618], [-76.593, 39.2622], [-76.5928, 39.265], [-76.5944, 39.2657], [-76.5978, 39.2663], [-76.6008, 39.2668], [-76.6006, 39.268], [-76.6008, 39.2685], [-76.6009, 39.269], [-76.5997, 39.2711], [-76.5972, 39.2733], [-76.597, 39.2734], [-76.5967, 39.2739], [-76.5964, 39.274], [-76.5964, 39.2743], [-76.5965, 39.2746], [-76.5943, 39.2754], [-76.5936, 39.2756], [-76.5927, 39.2753], [-76.5921, 39.2762], [-76.5907, 39.276], [-76.5907, 39.2758], [-76.5907, 39.2757]]]}, "properties": {"GEOID20": "24510240100", "JURSCODE": "BACI", "Eligibility_Status": "Ineligible", "Qualifying_Criteria1_CPR_30": "No", "Qualifying_Criteria2_CPR_30MOE": "No", "F2024_Child_Poverty_Rate__2026_": 0.0, "F2024_Child_Poverty_Rate_Margin_Of_Error": 7.1, "SCHOOL_BND_INT_CPG_TOTAL": 1, "SCHOOL_NAME": "Francis Scott Key Elementary/Middle"}}, {"type": "Feature", "geometry": {"type": "Polygon", "coordinates": [[[-76.6299, 39.2688], [-76.6275, 39.2684], [-76.6263, 39.2681], [-76.6256, 39.2673], [-76.6258, 39.2672], [-76.6261, 39.2671], [-76.6266, 39.2666], [-76.6269, 39.266], [-76.6269, 39.2657], [-76.6271, 39.2652], [-76.6275, 39.2651], [-76.6277, 39.2649], [-76.6282, 39.2643], [-76.6284, 39.2641], [-76.6286, 39.2636], [-76.6289, 39.2634], [-76.6291, 39.2628], [-76.6292, 39.2627], [-76.6294, 39.2625], [-76.6296, 39.2622], [-76.6292, 39.2618], [-76.6296, 39.2611], [-76.63, 39.2604], [-76.6304, 39.2596], [-76.6309, 39.2596], [-76.631, 39.2593], [-76.631, 39.2591], [-76.6302, 39.2589], [-76.6323, 39.2576], [-76.6332, 39.258], [-76.6338, 39.2584], [-76.6344, 39.2568], [-76.6349, 39.2543], [-76.635, 39.2532], [-76.6351, 39.2528], [-76.635, 39.2516], [-76.6349, 39.2511], [-76.6342, 39.25], [-76.6385, 39.255], [-76.6402, 39.2571], [-76.641, 39.2579], [-76.6421, 39.2587], [-76.6434, 39.2594], [-76.6446, 39.2598], [-76.6462, 39.2602], [-76.6473, 39.2603], [-76.6498, 39.2603], [-76.6441, 39.2648], [-76.6389, 39.2689], [-76.6373, 39.2701], [-76.6344, 39.2697], [-76.6321, 39.2693], [-76.63, 39.2688], [-76.6299, 39.2688]]]}, "properties": {"GEOID20": "24510250301", "JURSCODE": "BACI", "Eligibility_Status": "Eligible", "Qualifying_Criteria1_CPR_30": "Yes", "Qualifying_Criteria2_CPR_30MOE": "Yes", "F2024_Child_Poverty_Rate__2026_": 52.3, "F2024_Child_Poverty_Rate_Margin_Of_Error": 26.9, "SCHOOL_BND_INT_CPG_TOTAL": 6, "SCHOOL_NAME": "Lakeland Elementary/Middle, George Washington Elementary, Thomas Johnson Elementary/Middle, Arundel Elementary/Middle, Morrell Park Elementary/Middle, Westport Academy"}}, {"type": "Feature", "geometry": {"type": "Polygon", "coordinates": [[[-76.6838, 39.2766], [-76.6854, 39.2755], [-76.69, 39.272], [-76.6927, 39.2718], [-76.6936, 39.2744], [-76.6941, 39.2752], [-76.6957, 39.2774], [-76.6958, 39.2778], [-76.6953, 39.2785], [-76.6946, 39.2799], [-76.6944, 39.2803], [-76.6933, 39.2815], [-76.6907, 39.2815], [-76.6867, 39.2817], [-76.6855, 39.2788], [-76.6856, 39.2786], [-76.6846, 39.2772], [-76.6838, 39.2766]]]}, "properties": {"GEOID20": "24510250102", "JURSCODE": "BACI", "Eligibility_Status": "Ineligible", "Qualifying_Criteria1_CPR_30": "No", "Qualifying_Criteria2_CPR_30MOE": "No", "F2024_Child_Poverty_Rate__2026_": 11.6, "F2024_Child_Poverty_Rate_Margin_Of_Error": 12.7, "SCHOOL_BND_INT_CPG_TOTAL": 3, "SCHOOL_NAME": "North Bend Elementary/Middle, Mary E Rodman Elementary, Beechfield Elementary/Middle"}}, {"type": "Feature", "geometry": {"type": "Polygon", "coordinates": [[[-76.6075, 39.3345], [-76.6068, 39.3341], [-76.6045, 39.334], [-76.6011, 39.334], [-76.5998, 39.334], [-76.5979, 39.334], [-76.5953, 39.3336], [-76.5951, 39.3301], [-76.5951, 39.3284], [-76.5979, 39.3283], [-76.6036, 39.3283], [-76.607, 39.3283], [-76.6094, 39.3283], [-76.6095, 39.3298], [-76.6095, 39.3325], [-76.6075, 39.3345]]]}, "properties": {"GEOID20": "24510090300", "JURSCODE": "BACI", "Eligibility_Status": "Eligible", "Qualifying_Criteria1_CPR_30": "Yes", "Qualifying_Criteria2_CPR_30MOE": "Yes", "F2024_Child_Poverty_Rate__2026_": 40.7, "F2024_Child_Poverty_Rate_Margin_Of_Error": 25.1, "SCHOOL_BND_INT_CPG_TOTAL": 4, "SCHOOL_NAME": "Montebello Elementary/Middle, Abbottston Elementary, Waverly Elementary/Middle, Barclay Elementary/Middle"}}, {"type": "Feature", "geometry": {"type": "Polygon", "coordinates": [[[-76.648, 39.3302], [-76.6449, 39.3309], [-76.6439, 39.3296], [-76.6425, 39.3292], [-76.6418, 39.328], [-76.6409, 39.3274], [-76.6403, 39.327], [-76.6393, 39.3264], [-76.6384, 39.3262], [-76.6363, 39.3258], [-76.6343, 39.3247], [-76.6331, 39.3239], [-76.6324, 39.323], [-76.6309, 39.3207], [-76.6304, 39.3199], [-76.6299, 39.3182], [-76.6294, 39.3171], [-76.6301, 39.3169], [-76.6306, 39.3168], [-76.6324, 39.3169], [-76.6346, 39.317], [-76.6367, 39.317], [-76.6371, 39.3169], [-76.6394, 39.3158], [-76.6395, 39.3156], [-76.6411, 39.3145], [-76.6433, 39.3155], [-76.6443, 39.3151], [-76.6456, 39.3139], [-76.6476, 39.3143], [-76.6493, 39.3157], [-76.6506, 39.3168], [-76.6512, 39.3174], [-76.6522, 39.3182], [-76.6543, 39.321], [-76.6571, 39.3248], [-76.6573, 39.3256], [-76.6563, 39.3269], [-76.6553, 39.3293], [-76.6543, 39.3301], [-76.6519, 39.3311], [-76.648, 39.3302]]]}, "properties": {"GEOID20": "24510130400", "JURSCODE": "BACI", "Eligibility_Status": "Eligible", "Qualifying_Criteria1_CPR_30": "Yes", "Qualifying_Criteria2_CPR_30MOE": "No", "F2024_Child_Poverty_Rate__2026_": 31.3, "F2024_Child_Poverty_Rate_Margin_Of_Error": 25.8, "SCHOOL_BND_INT_CPG_TOTAL": 7, "SCHOOL_NAME": "Hampden Elementary/Middle, Gwynns Falls Elementary, Dorothy I. Height Elementary School , Park Heights Academy, Mount Royal Elementary/Middle, Robert W Coleman Elementary, Medfield Heights Elementary"}}, {"type": "Feature", "geometry": {"type": "Polygon", "coordinates": [[[-76.5737, 39.3456], [-76.5713, 39.3445], [-76.5685, 39.3425], [-76.5678, 39.3419], [-76.5675, 39.3414], [-76.5675, 39.3398], [-76.5683, 39.339], [-76.5696, 39.3381], [-76.5715, 39.3365], [-76.5721, 39.3361], [-76.5727, 39.3359], [-76.5752, 39.3353], [-76.5762, 39.3343], [-76.5772, 39.334], [-76.5779, 39.3344], [-76.5784, 39.3352], [-76.5781, 39.3371], [-76.5777, 39.3382], [-76.5774, 39.3385], [-76.5764, 39.3388], [-76.5764, 39.3389], [-76.5766, 39.3392], [-76.5775, 39.3397], [-76.5781, 39.34], [-76.5784, 39.3405], [-76.5788, 39.3413], [-76.579, 39.3415], [-76.5792, 39.3416], [-76.5802, 39.3417], [-76.5813, 39.3418], [-76.5815, 39.3419], [-76.5816, 39.3424], [-76.5814, 39.3429], [-76.5811, 39.3438], [-76.5808, 39.3443], [-76.5807, 39.3447], [-76.5808, 39.3453], [-76.579, 39.3452], [-76.5753, 39.3456], [-76.5743, 39.3457], [-76.5739, 39.3456], [-76.5737, 39.3456]]]}, "properties": {"GEOID20": "24510270200", "JURSCODE": "BACI", "Eligibility_Status": "Ineligible", "Qualifying_Criteria1_CPR_30": "No", "Qualifying_Criteria2_CPR_30MOE": "No", "F2024_Child_Poverty_Rate__2026_": 0.0, "F2024_Child_Poverty_Rate_Margin_Of_Error": 13.9, "SCHOOL_BND_INT_CPG_TOTAL": 2, "SCHOOL_NAME": "Garrett Heights Elementary/Middle, Northwood Elementary"}}, {"type": "Feature", "geometry": {"type": "Polygon", "coordinates": [[[-76.5618, 39.3722], [-76.557, 39.3721], [-76.5538, 39.3721], [-76.5494, 39.3721], [-76.5451, 39.3721], [-76.5452, 39.3712], [-76.5478, 39.3681], [-76.5504, 39.3652], [-76.554, 39.3641], [-76.5585, 39.3655], [-76.5602, 39.366], [-76.5619, 39.3679], [-76.5619, 39.3685], [-76.5617, 39.37], [-76.5617, 39.3719], [-76.5618, 39.3722]]]}, "properties": {"GEOID20": "24510270703", "JURSCODE": "BACI", "Eligibility_Status": "Ineligible", "Qualifying_Criteria1_CPR_30": "No", "Qualifying_Criteria2_CPR_30MOE": "No", "F2024_Child_Poverty_Rate__2026_": 3.4, "F2024_Child_Poverty_Rate_Margin_Of_Error": 5.6, "SCHOOL_BND_INT_CPG_TOTAL": 3, "SCHOOL_NAME": "Woodhome Elementary/Middle, Yorkwood Elementary, Hamilton Elementary/Middle"}}, {"type": "Feature", "geometry": {"type": "Polygon", "coordinates": [[[-76.5297, 39.3013], [-76.5298, 39.2987], [-76.5295, 39.2972], [-76.5301, 39.2967], [-76.531, 39.2963], [-76.5324, 39.2956], [-76.533, 39.2955], [-76.536, 39.2961], [-76.5373, 39.2962], [-76.5449, 39.2959], [-76.5478, 39.2958], [-76.5486, 39.2954], [-76.5496, 39.2943], [-76.5509, 39.2927], [-76.5515, 39.2922], [-76.5525, 39.292], [-76.5555, 39.2919], [-76.5574, 39.2918], [-76.5627, 39.2916], [-76.5657, 39.2926], [-76.5694, 39.2925], [-76.5697, 39.2961], [-76.5699, 39.2992], [-76.5715, 39.2993], [-76.5728, 39.2992], [-76.5728, 39.3019], [-76.5728, 39.3035], [-76.573, 39.3062], [-76.573, 39.3093], [-76.5688, 39.3094], [-76.568, 39.3093], [-76.5667, 39.309], [-76.5645, 39.3083], [-76.5609, 39.3056], [-76.557, 39.3026], [-76.555, 39.3011], [-76.5535, 39.3002], [-76.5507, 39.3011], [-76.5478, 39.302], [-76.5461, 39.3026], [-76.5407, 39.3041], [-76.5379, 39.3053], [-76.5359, 39.3063], [-76.5344, 39.3073], [-76.5323, 39.3087], [-76.5306, 39.3099], [-76.5298, 39.3101], [-76.5297, 39.3065], [-76.5297, 39.3047], [-76.5297, 39.3013]]]}, "properties": {"GEOID20": "24510260404", "JURSCODE": "BACI", "Eligibility_Status": "Eligible", "Qualifying_Criteria1_CPR_30": "Yes", "Qualifying_Criteria2_CPR_30MOE": "Yes", "F2024_Child_Poverty_Rate__2026_": 44.5, "F2024_Child_Poverty_Rate_Margin_Of_Error": 42.1, "SCHOOL_BND_INT_CPG_TOTAL": 7, "SCHOOL_NAME": "Lakewood Elementary, Moravia Park Primary, Highlandtown Elementary/Middle #215, John Ruhrah Elementary/Middle, Highlandtown Elementary/Middle #237, Armistead Gardens Elementary/Middle, Sinclair Lane Elementary"}}, {"type": "Feature", "geometry": {"type": "Polygon", "coordinates": [[[-76.6835, 39.3431], [-76.6861, 39.3447], [-76.688, 39.3461], [-76.689, 39.3468], [-76.688, 39.3492], [-76.6867, 39.3499], [-76.6839, 39.3515], [-76.6817, 39.3508], [-76.6812, 39.3506], [-76.6768, 39.3494], [-76.676, 39.349], [-76.6785, 39.3475], [-76.6803, 39.3463], [-76.6809, 39.3458], [-76.6824, 39.3443], [-76.6833, 39.3434], [-76.6835, 39.3431]]]}, "properties": {"GEOID20": "24510271801", "JURSCODE": "BACI", "Eligibility_Status": "Ineligible", "Qualifying_Criteria1_CPR_30": "No", "Qualifying_Criteria2_CPR_30MOE": "No", "F2024_Child_Poverty_Rate__2026_": 20.5, "F2024_Child_Poverty_Rate_Margin_Of_Error": 27.2, "SCHOOL_BND_INT_CPG_TOTAL": 1, "SCHOOL_NAME": "Arlington Elementary/Middle"}}, {"type": "Feature", "geometry": {"type": "Polygon", "coordinates": [[[-76.5668, 39.3399], [-76.5675, 39.3398], [-76.5675, 39.3414], [-76.5678, 39.3419], [-76.5685, 39.3425], [-76.5687, 39.3432], [-76.5683, 39.3438], [-76.5672, 39.3454], [-76.5663, 39.3466], [-76.5644, 39.3489], [-76.5634, 39.3501], [-76.5618, 39.349], [-76.561, 39.3485], [-76.5603, 39.3477], [-76.5581, 39.3452], [-76.5612, 39.3434], [-76.563, 39.342], [-76.5638, 39.3416], [-76.5668, 39.3399]]]}, "properties": {"GEOID20": "24510270302", "JURSCODE": "BACI", "Eligibility_Status": "Ineligible", "Qualifying_Criteria1_CPR_30": "No", "Qualifying_Criteria2_CPR_30MOE": "No", "F2024_Child_Poverty_Rate__2026_": 5.8, "F2024_Child_Poverty_Rate_Margin_Of_Error": 9.1, "SCHOOL_BND_INT_CPG_TOTAL": 3, "SCHOOL_NAME": "Gardenville Elementary, Garrett Heights Elementary/Middle, Hamilton Elementary/Middle"}}, {"type": "Feature", "geometry": {"type": "Polygon", "coordinates": [[[-76.5965, 39.2329], [-76.598, 39.2301], [-76.5994, 39.2275], [-76.5999, 39.2264], [-76.6001, 39.2244], [-76.6018, 39.2249], [-76.6047, 39.2279], [-76.6069, 39.2298], [-76.6078, 39.2313], [-76.6051, 39.2324], [-76.6039, 39.2332], [-76.6034, 39.2342], [-76.601, 39.2359], [-76.5977, 39.2349], [-76.5959, 39.2344], [-76.5965, 39.2329]]]}, "properties": {"GEOID20": "24510250402", "JURSCODE": "BACI", "Eligibility_Status": "Eligible", "Qualifying_Criteria1_CPR_30": "Yes", "Qualifying_Criteria2_CPR_30MOE": "Yes", "F2024_Child_Poverty_Rate__2026_": 59.9, "F2024_Child_Poverty_Rate_Margin_Of_Error": 20.7, "SCHOOL_BND_INT_CPG_TOTAL": 3, "SCHOOL_NAME": "Bay-Brook Elementary/Middle, Maree G. Farring Elementary/Middle, Curtis Bay Elementary/Middle"}}, {"type": "Feature", "geometry": {"type": "Polygon", "coordinates": [[[-76.6336, 39.2998], [-76.6351, 39.3003], [-76.6359, 39.3017], [-76.6367, 39.3031], [-76.6356, 39.3043], [-76.634, 39.3056], [-76.6331, 39.3062], [-76.6319, 39.3071], [-76.6298, 39.3072], [-76.6279, 39.3056], [-76.6269, 39.3048], [-76.6288, 39.3034], [-76.6306, 39.302], [-76.6317, 39.3012], [-76.6326, 39.3005], [-76.6336, 39.2998]]]}, "properties": {"GEOID20": "24510140200", "JURSCODE": "BACI", "Eligibility_Status": "Eligible", "Qualifying_Criteria1_CPR_30": "Yes", "Qualifying_Criteria2_CPR_30MOE": "Yes", "F2024_Child_Poverty_Rate__2026_": 37.2, "F2024_Child_Poverty_Rate_Margin_Of_Error": 37.9, "SCHOOL_BND_INT_CPG_TOTAL": 5, "SCHOOL_NAME": "Sandtown-Winchester Achievement Academy, Dorothy I. Height Elementary School , Mount Royal Elementary/Middle, The Historic Samuel Coleridge-Taylor Elementary, Furman L Templeton Elementary"}}, {"type": "Feature", "geometry": {"type": "Polygon", "coordinates": [[[-76.5694, 39.2925], [-76.5693, 39.2913], [-76.5693, 39.2902], [-76.57, 39.2875], [-76.5717, 39.2885], [-76.572, 39.2924], [-76.5725, 39.2935], [-76.5726, 39.2957], [-76.5726, 39.2981], [-76.5715, 39.2993], [-76.5699, 39.2992], [-76.5697, 39.2961], [-76.5694, 39.2925]]]}, "properties": {"GEOID20": "24510261000", "JURSCODE": "BACI", "Eligibility_Status": "Eligible", "Qualifying_Criteria1_CPR_30": "Yes", "Qualifying_Criteria2_CPR_30MOE": "Yes", "F2024_Child_Poverty_Rate__2026_": 52.1, "F2024_Child_Poverty_Rate_Margin_Of_Error": 36.2, "SCHOOL_BND_INT_CPG_TOTAL": 5, "SCHOOL_NAME": "William Paca Elementary, Lakewood Elementary, Highlandtown Elementary/Middle #215, Highlandtown Elementary/Middle #237, Armistead Gardens Elementary/Middle"}}, {"type": "Feature", "geometry": {"type": "Polygon", "coordinates": [[[-76.5442, 39.3535], [-76.5427, 39.3535], [-76.5429, 39.3521], [-76.543, 39.3518], [-76.5434, 39.3514], [-76.5456, 39.3504], [-76.548, 39.3493], [-76.5511, 39.3478], [-76.5519, 39.3475], [-76.5536, 39.3473], [-76.5544, 39.3471], [-76.5572, 39.3457], [-76.5587, 39.3459], [-76.5609, 39.3484], [-76.5616, 39.3489], [-76.5629, 39.3497], [-76.5629, 39.3507], [-76.5627, 39.351], [-76.5613, 39.3526], [-76.5595, 39.3546], [-76.5588, 39.3555], [-76.5577, 39.3567], [-76.5547, 39.3558], [-76.5509, 39.3548], [-76.5481, 39.354], [-76.5459, 39.3536], [-76.5442, 39.3535]]]}, "properties": {"GEOID20": "24510270402", "JURSCODE": "BACI", "Eligibility_Status": "Ineligible", "Qualifying_Criteria1_CPR_30": "No", "Qualifying_Criteria2_CPR_30MOE": "No", "F2024_Child_Poverty_Rate__2026_": 6.5, "F2024_Child_Poverty_Rate_Margin_Of_Error": 10.7, "SCHOOL_BND_INT_CPG_TOTAL": 4, "SCHOOL_NAME": "Gardenville Elementary, Garrett Heights Elementary/Middle, Glenmount Elementary/Middle, Hamilton Elementary/Middle"}}, {"type": "Feature", "geometry": {"type": "Polygon", "coordinates": [[[-76.5717, 39.3203], [-76.5724, 39.3186], [-76.5729, 39.3175], [-76.5731, 39.3159], [-76.5731, 39.3143], [-76.5749, 39.3143], [-76.582, 39.3142], [-76.5809, 39.3153], [-76.5789, 39.3171], [-76.5746, 39.3209], [-76.5737, 39.3216], [-76.5732, 39.3213], [-76.5717, 39.3203]]]}, "properties": {"GEOID20": "24510080102", "JURSCODE": "BACI", "Eligibility_Status": "Eligible", "Qualifying_Criteria1_CPR_30": "Yes", "Qualifying_Criteria2_CPR_30MOE": "Yes", "F2024_Child_Poverty_Rate__2026_": 38.0, "F2024_Child_Poverty_Rate_Margin_Of_Error": 24.7, "SCHOOL_BND_INT_CPG_TOTAL": 3, "SCHOOL_NAME": "Montebello Elementary/Middle, The Belair-Edison School, Sinclair Lane Elementary"}}, {"type": "Feature", "geometry": {"type": "Polygon", "coordinates": [[[-76.5608, 39.3318], [-76.5635, 39.3345], [-76.5647, 39.3365], [-76.5653, 39.3376], [-76.567, 39.3388], [-76.5673, 39.3392], [-76.5674, 39.3396], [-76.5638, 39.3416], [-76.563, 39.342], [-76.5612, 39.3434], [-76.5581, 39.3452], [-76.5564, 39.3431], [-76.5548, 39.3412], [-76.5539, 39.3401], [-76.5533, 39.3392], [-76.5526, 39.338], [-76.5533, 39.337], [-76.5561, 39.335], [-76.5603, 39.3321], [-76.5608, 39.3318]]]}, "properties": {"GEOID20": "24510270102", "JURSCODE": "BACI", "Eligibility_Status": "Eligible", "Qualifying_Criteria1_CPR_30": "Yes", "Qualifying_Criteria2_CPR_30MOE": "Yes", "F2024_Child_Poverty_Rate__2026_": 44.0, "F2024_Child_Poverty_Rate_Margin_Of_Error": 24.8, "SCHOOL_BND_INT_CPG_TOTAL": 3, "SCHOOL_NAME": "Furley Elementary, Gardenville Elementary, Garrett Heights Elementary/Middle"}}, {"type": "Feature", "geometry": {"type": "Polygon", "coordinates": [[[-76.5298, 39.2815], [-76.5296, 39.2723], [-76.5298, 39.2697], [-76.5298, 39.2666], [-76.5298, 39.2607], [-76.5298, 39.2587], [-76.5298, 39.257], [-76.5298, 39.2524], [-76.5296, 39.2482], [-76.5295, 39.2442], [-76.5295, 39.2415], [-76.533, 39.2392], [-76.5355, 39.2419], [-76.5358, 39.2422], [-76.5362, 39.2535], [-76.5346, 39.2562], [-76.5346, 39.2566], [-76.5346, 39.2571], [-76.5346, 39.2575], [-76.5347, 39.2579], [-76.5347, 39.2581], [-76.5348, 39.2583], [-76.5349, 39.2589], [-76.5349, 39.2591], [-76.535, 39.2595], [-76.5354, 39.2599], [-76.5358, 39.2602], [-76.536, 39.2604], [-76.5362, 39.2607], [-76.5365, 39.261], [-76.5373, 39.2614], [-76.5376, 39.2616], [-76.5387, 39.2625], [-76.5395, 39.2633], [-76.5398, 39.2635], [-76.54, 39.2638], [-76.54, 39.2642], [-76.5397, 39.265], [-76.5399, 39.2651], [-76.5401, 39.2653], [-76.5397, 39.2656], [-76.5399, 39.2656], [-76.5401, 39.2655], [-76.54, 39.2661], [-76.5396, 39.2665], [-76.539, 39.2666], [-76.5371, 39.2665], [-76.5369, 39.2665], [-76.5368, 39.2665], [-76.5366, 39.2665], [-76.5356, 39.2663], [-76.5339, 39.266], [-76.5336, 39.266], [-76.5338, 39.2662], [-76.5348, 39.2665], [-76.5357, 39.2666], [-76.5378, 39.2669], [-76.5383, 39.2669], [-76.5386, 39.2669], [-76.5391, 39.2669], [-76.5394, 39.2669], [-76.5398, 39.2668], [-76.54, 39.2665], [-76.5401, 39.2663], [-76.5405, 39.2652], [-76.5408, 39.2646], [-76.5409, 39.2638], [-76.5407, 39.263], [-76.5404, 39.2623], [-76.54, 39.2618], [-76.5393, 39.2612], [-76.5386, 39.2607], [-76.5368, 39.2594], [-76.5364, 39.259], [-76.5363, 39.2585], [-76.5366, 39.257], [-76.5367, 39.2566], [-76.5386, 39.2535], [-76.5388, 39.2532], [-76.539, 39.2529], [-76.5392, 39.2526], [-76.5393, 39.2524], [-76.5395, 39.2521], [-76.5396, 39.252], [-76.5397, 39.2517], [-76.5399, 39.2514], [-76.5401, 39.2511], [-76.5405, 39.2505], [-76.5408, 39.2507], [-76.5412, 39.251], [-76.5414, 39.2511], [-76.5417, 39.2513], [-76.5419, 39.2514], [-76.5423, 39.2516], [-76.5426, 39.2518], [-76.543, 39.252], [-76.5433, 39.2522], [-76.5435, 39.2523], [-76.5438, 39.2525], [-76.547, 39.2542], [-76.5504, 39.2563], [-76.5527, 39.2579], [-76.5528, 39.2581], [-76.5527, 39.2583], [-76.5528, 39.2585], [-76.5527, 39.2587], [-76.5529, 39.26], [-76.5529, 39.2606], [-76.5541, 39.2609], [-76.5545, 39.2608], [-76.5546, 39.2596], [-76.5557, 39.2594], [-76.5555, 39.2593], [-76.5556, 39.2585], [-76.5554, 39.2576], [-76.5559, 39.2575], [-76.5561, 39.2577], [-76.5561, 39.2588], [-76.5562, 39.2592], [-76.5561, 39.2604], [-76.5562, 39.2614], [-76.5565, 39.2614], [-76.5566, 39.2612], [-76.5567, 39.2608], [-76.5565, 39.2606], [-76.5566, 39.259], [-76.5567, 39.2591], [-76.5568, 39.2603], [-76.5578, 39.261], [-76.5579, 39.2613], [-76.5583, 39.2613], [-76.5587, 39.2612], [-76.5591, 39.2609], [-76.559, 39.2599], [-76.559, 39.2593], [-76.559, 39.2582], [-76.559, 39.258], [-76.559, 39.2577], [-76.5589, 39.2569], [-76.5595, 39.2571], [-76.5599, 39.2571], [-76.5602, 39.2573], [-76.5603, 39.2587], [-76.5605, 39.2613], [-76.5615, 39.2584], [-76.5622, 39.2585], [-76.5623, 39.2586], [-76.5623, 39.2597], [-76.5625, 39.2602], [-76.5624, 39.261], [-76.5628, 39.2596], [-76.5627, 39.2588], [-76.5631, 39.2586], [-76.5629, 39.2572], [-76.5635, 39.2564], [-76.5637, 39.2565], [-76.5646, 39.2588], [-76.565, 39.2601], [-76.5673, 39.2594], [-76.5682, 39.2599], [-76.5687, 39.2595], [-76.5689, 39.2594], [-76.5694, 39.2597], [-76.5714, 39.2608], [-76.5718, 39.2623], [-76.5714, 39.2625], [-76.5717, 39.2626], [-76.5717, 39.2628], [-76.5719, 39.2635], [-76.5716, 39.2635], [-76.5713, 39.2637], [-76.5713, 39.2639], [-76.5712, 39.2642], [-76.5714, 39.2643], [-76.5697, 39.2645], [-76.5687, 39.2647], [-76.572, 39.2647], [-76.5711, 39.2649], [-76.5689, 39.2655], [-76.569, 39.266], [-76.5695, 39.266], [-76.5705, 39.2659], [-76.5712, 39.2659], [-76.5717, 39.2659], [-76.5718, 39.2661], [-76.5718, 39.2666], [-76.5709, 39.2667], [-76.5724, 39.2667], [-76.5726, 39.2669], [-76.5696, 39.2671], [-76.5689, 39.2673], [-76.5709, 39.2679], [-76.5712, 39.268], [-76.5725, 39.2679], [-76.5728, 39.2685], [-76.569, 39.2686], [-76.5696, 39.2694], [-76.5699, 39.2695], [-76.5695, 39.2697], [-76.569, 39.2699], [-76.5705, 39.2702], [-76.5706, 39.2706], [-76.5696, 39.271], [-76.5705, 39.271], [-76.5705, 39.2715], [-76.5705, 39.2717], [-76.5704, 39.2721], [-76.5704, 39.2722], [-76.5713, 39.2728], [-76.5716, 39.2729], [-76.5716, 39.2735], [-76.5712, 39.2741], [-76.5709, 39.275], [-76.5709, 39.2755], [-76.5709, 39.2764], [-76.5709, 39.2773], [-76.5695, 39.2784], [-76.5645, 39.2786], [-76.5636, 39.2793], [-76.5628, 39.2802], [-76.5593, 39.2808], [-76.5564, 39.2809], [-76.5544, 39.281], [-76.5534, 39.2811], [-76.5524, 39.2811], [-76.5498, 39.2812], [-76.5476, 39.2813], [-76.5438, 39.2815], [-76.5437, 39.2789], [-76.5437, 39.2779], [-76.543, 39.2763], [-76.5389, 39.2764], [-76.5379, 39.2748], [-76.5371, 39.2749], [-76.5364, 39.2751], [-76.5357, 39.2751], [-76.535, 39.2753], [-76.5335, 39.2775], [-76.5343, 39.2791], [-76.5357, 39.2818], [-76.5296, 39.2849], [-76.5298, 39.2819], [-76.5298, 39.2815]]]}, "properties": {"GEOID20": "24510260605", "JURSCODE": "BACI", "Eligibility_Status": "Ineligible", "Qualifying_Criteria1_CPR_30": "No", "Qualifying_Criteria2_CPR_30MOE": "No", "F2024_Child_Poverty_Rate__2026_": 18.3, "F2024_Child_Poverty_Rate_Margin_Of_Error": 17.7, "SCHOOL_BND_INT_CPG_TOTAL": 4, "SCHOOL_NAME": "Hampstead Hill Academy, John Ruhrah Elementary/Middle, Holabird Elementary/Middle, Graceland Park/Odonnell Heights Elementary/Middle"}}, {"type": "Feature", "geometry": {"type": "Polygon", "coordinates": [[[-76.5833, 39.292], [-76.5858, 39.2919], [-76.5875, 39.2929], [-76.5876, 39.2954], [-76.5871, 39.2966], [-76.5836, 39.2967], [-76.5835, 39.2944], [-76.5833, 39.292]]]}, "properties": {"GEOID20": "24510060300", "JURSCODE": "BACI", "Eligibility_Status": "Eligible", "Qualifying_Criteria1_CPR_30": "No", "Qualifying_Criteria2_CPR_30MOE": "Yes", "F2024_Child_Poverty_Rate__2026_": 23.3, "F2024_Child_Poverty_Rate_Margin_Of_Error": 33.1, "SCHOOL_BND_INT_CPG_TOTAL": 2, "SCHOOL_NAME": "Tench Tilghman Elementary/Middle, Commodore John Rogers Elementary/Middle"}}, {"type": "Feature", "geometry": {"type": "Polygon", "coordinates": [[[-76.5993, 39.2873], [-76.5992, 39.2853], [-76.599, 39.2833], [-76.6019, 39.2822], [-76.6029, 39.2821], [-76.603, 39.2823], [-76.6029, 39.2825], [-76.6033, 39.283], [-76.6041, 39.2854], [-76.6044, 39.2851], [-76.6039, 39.2838], [-76.604, 39.2829], [-76.6046, 39.2851], [-76.6051, 39.2868], [-76.6054, 39.2878], [-76.6056, 39.2885], [-76.6061, 39.2899], [-76.6064, 39.2907], [-76.6027, 39.2917], [-76.5996, 39.2919], [-76.5995, 39.2892], [-76.5994, 39.2878], [-76.5993, 39.2873]]]}, "properties": {"GEOID20": "24510030200", "JURSCODE": "BACI", "Eligibility_Status": "Ineligible", "Qualifying_Criteria1_CPR_30": "No", "Qualifying_Criteria2_CPR_30MOE": "No", "F2024_Child_Poverty_Rate__2026_": 4.6, "F2024_Child_Poverty_Rate_Margin_Of_Error": 21.4, "SCHOOL_BND_INT_CPG_TOTAL": 1, "SCHOOL_NAME": "City Springs Elementary/Middle"}}, {"type": "Feature", "geometry": {"type": "Polygon", "coordinates": [[[-76.5885, 39.3088], [-76.5909, 39.3087], [-76.594, 39.3086], [-76.5969, 39.3085], [-76.5984, 39.3105], [-76.5971, 39.3121], [-76.595, 39.3122], [-76.5924, 39.3123], [-76.5904, 39.3123], [-76.5886, 39.3109], [-76.5885, 39.3088]]]}, "properties": {"GEOID20": "24510080600", "JURSCODE": "BACI", "Eligibility_Status": "Ineligible", "Qualifying_Criteria1_CPR_30": "No", "Qualifying_Criteria2_CPR_30MOE": "No", "F2024_Child_Poverty_Rate__2026_": 26.0, "F2024_Child_Poverty_Rate_Margin_Of_Error": 26.9, "SCHOOL_BND_INT_CPG_TOTAL": 2, "SCHOOL_NAME": "Harford Heights Elementary, Dr Bernard Harris Elementary"}}, {"type": "Feature", "geometry": {"type": "Polygon", "coordinates": [[[-76.5944, 39.3176], [-76.5977, 39.3179], [-76.6006, 39.3197], [-76.5979, 39.3224], [-76.5968, 39.3235], [-76.5939, 39.3262], [-76.5932, 39.3239], [-76.5925, 39.3228], [-76.5909, 39.3215], [-76.5907, 39.3212], [-76.5918, 39.3201], [-76.593, 39.319], [-76.5944, 39.3176]]]}, "properties": {"GEOID20": "24510090700", "JURSCODE": "BACI", "Eligibility_Status": "Eligible", "Qualifying_Criteria1_CPR_30": "Yes", "Qualifying_Criteria2_CPR_30MOE": "Yes", "F2024_Child_Poverty_Rate__2026_": 50.8, "F2024_Child_Poverty_Rate_Margin_Of_Error": 39.7, "SCHOOL_BND_INT_CPG_TOTAL": 2, "SCHOOL_NAME": "Montebello Elementary/Middle, Abbottston Elementary"}}, {"type": "Feature", "geometry": {"type": "Polygon", "coordinates": [[[-76.6058, 39.2791], [-76.6039, 39.2787], [-76.6042, 39.2786], [-76.6054, 39.2784], [-76.6057, 39.2782], [-76.6054, 39.2778], [-76.6033, 39.278], [-76.6034, 39.2778], [-76.6039, 39.2777], [-76.6038, 39.2774], [-76.6045, 39.2773], [-76.6045, 39.2769], [-76.6043, 39.2767], [-76.6043, 39.2759], [-76.6044, 39.2757], [-76.6043, 39.2755], [-76.6035, 39.2755], [-76.6034, 39.2751], [-76.6027, 39.275], [-76.6017, 39.275], [-76.602, 39.2747], [-76.6014, 39.2745], [-76.6011, 39.2744], [-76.6007, 39.2743], [-76.6005, 39.2744], [-76.5995, 39.2741], [-76.599, 39.2744], [-76.599, 39.2732], [-76.5981, 39.2738], [-76.598, 39.2741], [-76.5976, 39.2747], [-76.598, 39.2738], [-76.598, 39.2736], [-76.5981, 39.2722], [-76.6002, 39.2713], [-76.6041, 39.2726], [-76.6059, 39.273], [-76.6084, 39.2729], [-76.6086, 39.2743], [-76.6088, 39.2758], [-76.609, 39.2774], [-76.6092, 39.279], [-76.6064, 39.2792], [-76.6043, 39.2793], [-76.6058, 39.2791]]]}, "properties": {"GEOID20": "24510240200", "JURSCODE": "BACI", "Eligibility_Status": "Ineligible", "Qualifying_Criteria1_CPR_30": "No", "Qualifying_Criteria2_CPR_30MOE": "No", "F2024_Child_Poverty_Rate__2026_": 0.0, "F2024_Child_Poverty_Rate_Margin_Of_Error": 16.0, "SCHOOL_BND_INT_CPG_TOTAL": 3, "SCHOOL_NAME": "Federal Hill Preparatory Academy, Francis Scott Key Elementary/Middle, Thomas Johnson Elementary/Middle"}}, {"type": "Feature", "geometry": {"type": "Polygon", "coordinates": [[[-76.5826, 39.292], [-76.5835, 39.2944], [-76.5836, 39.2967], [-76.5814, 39.2968], [-76.5793, 39.2969], [-76.5778, 39.2958], [-76.5777, 39.2933], [-76.5791, 39.2921], [-76.5811, 39.2921], [-76.5826, 39.292]]]}, "properties": {"GEOID20": "24510060200", "JURSCODE": "BACI", "Eligibility_Status": "Ineligible", "Qualifying_Criteria1_CPR_30": "No", "Qualifying_Criteria2_CPR_30MOE": "No", "F2024_Child_Poverty_Rate__2026_": 0.0, "F2024_Child_Poverty_Rate_Margin_Of_Error": 10.5, "SCHOOL_BND_INT_CPG_TOTAL": 3, "SCHOOL_NAME": "Tench Tilghman Elementary/Middle, Commodore John Rogers Elementary/Middle, William Paca Elementary"}}, {"type": "Feature", "geometry": {"type": "Polygon", "coordinates": [[[-76.6823, 39.3722], [-76.6823, 39.371], [-76.6822, 39.3705], [-76.6808, 39.3691], [-76.6852, 39.3677], [-76.6853, 39.3654], [-76.6859, 39.3652], [-76.6886, 39.3649], [-76.6903, 39.3653], [-76.6908, 39.3657], [-76.6912, 39.3659], [-76.6918, 39.366], [-76.6923, 39.3659], [-76.6938, 39.3654], [-76.6949, 39.3651], [-76.6972, 39.365], [-76.6948, 39.3679], [-76.6946, 39.3685], [-76.6941, 39.3699], [-76.6937, 39.3703], [-76.6929, 39.3709], [-76.6925, 39.3714], [-76.6924, 39.372], [-76.6887, 39.372], [-76.6847, 39.372], [-76.6834, 39.3721], [-76.6828, 39.3722], [-76.6823, 39.3722]]]}, "properties": {"GEOID20": "24510272004", "JURSCODE": "BACI", "Eligibility_Status": "Ineligible", "Qualifying_Criteria1_CPR_30": "No", "Qualifying_Criteria2_CPR_30MOE": "No", "F2024_Child_Poverty_Rate__2026_": 1.6, "F2024_Child_Poverty_Rate_Margin_Of_Error": 2.1, "SCHOOL_BND_INT_CPG_TOTAL": 2, "SCHOOL_NAME": "The Mount Washington School, Cross Country Elementary"}}, {"type": "Feature", "geometry": {"type": "Polygon", "coordinates": [[[-76.5818, 39.3146], [-76.5817, 39.3142], [-76.574, 39.3143], [-76.5731, 39.3132], [-76.573, 39.3093], [-76.5759, 39.3092], [-76.5787, 39.3091], [-76.5829, 39.309], [-76.5854, 39.3089], [-76.5874, 39.3089], [-76.5886, 39.3099], [-76.5887, 39.3124], [-76.5888, 39.3144], [-76.5906, 39.3151], [-76.5905, 39.3154], [-76.5899, 39.3161], [-76.5883, 39.3158], [-76.5859, 39.3151], [-76.5848, 39.3149], [-76.5828, 39.3146], [-76.5818, 39.3146]]]}, "properties": {"GEOID20": "24510080200", "JURSCODE": "BACI", "Eligibility_Status": "Eligible", "Qualifying_Criteria1_CPR_30": "Yes", "Qualifying_Criteria2_CPR_30MOE": "Yes", "F2024_Child_Poverty_Rate__2026_": 56.1, "F2024_Child_Poverty_Rate_Margin_Of_Error": 36.4, "SCHOOL_BND_INT_CPG_TOTAL": 5, "SCHOOL_NAME": "Harford Heights Elementary, Montebello Elementary/Middle, Lakewood Elementary, Collington Square Elementary/Middle, Sinclair Lane Elementary"}}, {"type": "Feature", "geometry": {"type": "Polygon", "coordinates": [[[-76.639, 39.3034], [-76.6388, 39.3001], [-76.6388, 39.2991], [-76.6386, 39.2955], [-76.6413, 39.2941], [-76.6427, 39.2948], [-76.6429, 39.2967], [-76.643, 39.3], [-76.6431, 39.3017], [-76.6432, 39.3033], [-76.6404, 39.3033], [-76.639, 39.3034]]]}, "properties": {"GEOID20": "24510160200", "JURSCODE": "BACI", "Eligibility_Status": "Eligible", "Qualifying_Criteria1_CPR_30": "No", "Qualifying_Criteria2_CPR_30MOE": "Yes", "F2024_Child_Poverty_Rate__2026_": 18.9, "F2024_Child_Poverty_Rate_Margin_Of_Error": 24.9, "SCHOOL_BND_INT_CPG_TOTAL": 2, "SCHOOL_NAME": "Sandtown-Winchester Achievement Academy, Harlem Park Elementary/Middle"}}, {"type": "Feature", "geometry": {"type": "Polygon", "coordinates": [[[-76.6166, 39.279], [-76.6145, 39.2785], [-76.6144, 39.2766], [-76.6142, 39.2748], [-76.6142, 39.2737], [-76.6153, 39.2726], [-76.6169, 39.2725], [-76.6198, 39.2742], [-76.6205, 39.2755], [-76.6196, 39.2776], [-76.619, 39.2791], [-76.6188, 39.2794], [-76.6169, 39.2791], [-76.6166, 39.279]]]}, "properties": {"GEOID20": "24510230100", "JURSCODE": "BACI", "Eligibility_Status": "Ineligible", "Qualifying_Criteria1_CPR_30": "No", "Qualifying_Criteria2_CPR_30MOE": "No", "F2024_Child_Poverty_Rate__2026_": 8.1, "F2024_Child_Poverty_Rate_Margin_Of_Error": 11.5, "SCHOOL_BND_INT_CPG_TOTAL": 2, "SCHOOL_NAME": "Federal Hill Preparatory Academy, Thomas Johnson Elementary/Middle"}}, {"type": "Feature", "geometry": {"type": "Polygon", "coordinates": [[[-76.5983, 39.3084], [-76.5981, 39.3056], [-76.5996, 39.3052], [-76.6022, 39.3051], [-76.6059, 39.3049], [-76.6082, 39.3048], [-76.6092, 39.3091], [-76.6095, 39.3112], [-76.6076, 39.3115], [-76.6041, 39.3117], [-76.5994, 39.3119], [-76.5984, 39.3105], [-76.5983, 39.3084]]]}, "properties": {"GEOID20": "24510090900", "JURSCODE": "BACI", "Eligibility_Status": "Ineligible", "Qualifying_Criteria1_CPR_30": "No", "Qualifying_Criteria2_CPR_30MOE": "No", "F2024_Child_Poverty_Rate__2026_": 21.9, "F2024_Child_Poverty_Rate_Margin_Of_Error": 23.8, "SCHOOL_BND_INT_CPG_TOTAL": 5, "SCHOOL_NAME": "Cecil Elementary, Johnston Square Elementary, Harford Heights Elementary, Dallas F Nicholas Sr Elem, Dr Bernard Harris Elementary"}}, {"type": "Feature", "geometry": {"type": "Polygon", "coordinates": [[[-76.7061, 39.3028], [-76.7055, 39.3025], [-76.7054, 39.3022], [-76.7055, 39.302], [-76.7057, 39.3018], [-76.7066, 39.3009], [-76.7066, 39.3005], [-76.7063, 39.2998], [-76.706, 39.2995], [-76.7056, 39.2995], [-76.705, 39.2997], [-76.7046, 39.2997], [-76.7036, 39.2996], [-76.7029, 39.2999], [-76.7029, 39.3003], [-76.7028, 39.3006], [-76.7019, 39.3011], [-76.7014, 39.3012], [-76.7012, 39.3013], [-76.7007, 39.3019], [-76.6995, 39.302], [-76.6988, 39.3019], [-76.6985, 39.3015], [-76.698, 39.3014], [-76.6973, 39.3015], [-76.6967, 39.302], [-76.6959, 39.3021], [-76.6947, 39.3018], [-76.6946, 39.3008], [-76.6926, 39.2973], [-76.6914, 39.2955], [-76.6895, 39.2942], [-76.6909, 39.2935], [-76.6939, 39.2934], [-76.6967, 39.2933], [-76.6988, 39.2929], [-76.7018, 39.2925], [-76.7028, 39.2924], [-76.7039, 39.2924], [-76.707, 39.292], [-76.7081, 39.2919], [-76.7112, 39.2918], [-76.7113, 39.2974], [-76.7113, 39.2992], [-76.7112, 39.3], [-76.7112, 39.3021], [-76.7102, 39.3027], [-76.7097, 39.3028], [-76.7091, 39.3033], [-76.7087, 39.3034], [-76.7078, 39.3033], [-76.7067, 39.3031], [-76.7061, 39.3028]]]}, "properties": {"GEOID20": "24510280401", "JURSCODE": "BACI", "Eligibility_Status": "Eligible", "Qualifying_Criteria1_CPR_30": "Yes", "Qualifying_Criteria2_CPR_30MOE": "No", "F2024_Child_Poverty_Rate__2026_": 37.6, "F2024_Child_Poverty_Rate_Margin_Of_Error": 32.8, "SCHOOL_BND_INT_CPG_TOTAL": 3, "SCHOOL_NAME": "Wildwood Elementary Middle School, Dickey Hill Elementary/Middle, Thomas Jefferson Elementary/Middle"}}, {"type": "Feature", "geometry": {"type": "Polygon", "coordinates": [[[-76.6594, 39.3465], [-76.6596, 39.3457], [-76.6593, 39.345], [-76.6587, 39.3442], [-76.6576, 39.3433], [-76.6572, 39.3429], [-76.6572, 39.3424], [-76.6573, 39.3421], [-76.6578, 39.3414], [-76.6581, 39.341], [-76.6587, 39.3408], [-76.6622, 39.3407], [-76.6626, 39.3408], [-76.6632, 39.3409], [-76.6638, 39.341], [-76.6646, 39.3407], [-76.6651, 39.3403], [-76.6655, 39.3401], [-76.6671, 39.3393], [-76.6683, 39.3394], [-76.6689, 39.3396], [-76.6739, 39.341], [-76.6726, 39.3443], [-76.6693, 39.3464], [-76.6688, 39.3466], [-76.6644, 39.3467], [-76.6614, 39.3467], [-76.6594, 39.3465]]]}, "properties": {"GEOID20": "24510271600", "JURSCODE": "BACI", "Eligibility_Status": "Eligible", "Qualifying_Criteria1_CPR_30": "Yes", "Qualifying_Criteria2_CPR_30MOE": "No", "F2024_Child_Poverty_Rate__2026_": 31.1, "F2024_Child_Poverty_Rate_Margin_Of_Error": 23.0, "SCHOOL_BND_INT_CPG_TOTAL": 3, "SCHOOL_NAME": "Park Heights Academy, The Mount Washington School, Pimlico Elementary/Middle"}}, {"type": "Feature", "geometry": {"type": "Polygon", "coordinates": [[[-76.6337, 39.3103], [-76.6308, 39.308], [-76.6323, 39.3068], [-76.6334, 39.306], [-76.6345, 39.3052], [-76.6363, 39.3038], [-76.6375, 39.3046], [-76.6381, 39.3058], [-76.6388, 39.307], [-76.6404, 39.3083], [-76.6425, 39.3101], [-76.6384, 39.3102], [-76.638, 39.3103], [-76.6368, 39.3103], [-76.635, 39.3103], [-76.6337, 39.3103]]]}, "properties": {"GEOID20": "24510140300", "JURSCODE": "BACI", "Eligibility_Status": "Eligible", "Qualifying_Criteria1_CPR_30": "Yes", "Qualifying_Criteria2_CPR_30MOE": "Yes", "F2024_Child_Poverty_Rate__2026_": 89.3, "F2024_Child_Poverty_Rate_Margin_Of_Error": 14.9, "SCHOOL_BND_INT_CPG_TOTAL": 3, "SCHOOL_NAME": "Sandtown-Winchester Achievement Academy, Dorothy I. Height Elementary School , Mount Royal Elementary/Middle"}}, {"type": "Feature", "geometry": {"type": "Polygon", "coordinates": [[[-76.5826, 39.3024], [-76.5841, 39.3053], [-76.5843, 39.3079], [-76.5823, 39.309], [-76.58, 39.3065], [-76.5799, 39.3054], [-76.5798, 39.3031], [-76.5826, 39.3024]]]}, "properties": {"GEOID20": "24510080301", "JURSCODE": "BACI", "Eligibility_Status": "Eligible", "Qualifying_Criteria1_CPR_30": "Yes", "Qualifying_Criteria2_CPR_30MOE": "No", "F2024_Child_Poverty_Rate__2026_": 31.1, "F2024_Child_Poverty_Rate_Margin_Of_Error": 18.7, "SCHOOL_BND_INT_CPG_TOTAL": 3, "SCHOOL_NAME": "Harford Heights Elementary, Lakewood Elementary, Collington Square Elementary/Middle"}}, {"type": "Feature", "geometry": {"type": "Polygon", "coordinates": [[[-76.5317, 39.3538], [-76.5348, 39.3512], [-76.5368, 39.3526], [-76.5384, 39.3531], [-76.5404, 39.3536], [-76.5414, 39.3536], [-76.5439, 39.3535], [-76.5455, 39.3536], [-76.547, 39.3537], [-76.5493, 39.3544], [-76.5537, 39.3555], [-76.5569, 39.3564], [-76.5555, 39.3593], [-76.5536, 39.3615], [-76.5512, 39.3632], [-76.5464, 39.3614], [-76.543, 39.3602], [-76.5381, 39.3584], [-76.5376, 39.3583], [-76.5363, 39.3582], [-76.5353, 39.358], [-76.5302, 39.3567], [-76.5298, 39.3559], [-76.5317, 39.3538]]]}, "properties": {"GEOID20": "24510270502", "JURSCODE": "BACI", "Eligibility_Status": "Ineligible", "Qualifying_Criteria1_CPR_30": "No", "Qualifying_Criteria2_CPR_30MOE": "No", "F2024_Child_Poverty_Rate__2026_": 5.9, "F2024_Child_Poverty_Rate_Margin_Of_Error": 7.0, "SCHOOL_BND_INT_CPG_TOTAL": 3, "SCHOOL_NAME": "Woodhome Elementary/Middle, Glenmount Elementary/Middle, Hamilton Elementary/Middle"}}, {"type": "Feature", "geometry": {"type": "Polygon", "coordinates": [[[-76.6478, 39.3031], [-76.6484, 39.3028], [-76.6493, 39.303], [-76.6508, 39.3033], [-76.6517, 39.3035], [-76.6517, 39.3046], [-76.6511, 39.3058], [-76.6512, 39.3078], [-76.649, 39.3098], [-76.6449, 39.3089], [-76.6448, 39.3069], [-76.6448, 39.3058], [-76.6447, 39.3043], [-76.6454, 39.3031], [-76.6467, 39.3031], [-76.6478, 39.3031]]]}, "properties": {"GEOID20": "24510150200", "JURSCODE": "BACI", "Eligibility_Status": "Eligible", "Qualifying_Criteria1_CPR_30": "Yes", "Qualifying_Criteria2_CPR_30MOE": "Yes", "F2024_Child_Poverty_Rate__2026_": 31.0, "F2024_Child_Poverty_Rate_Margin_Of_Error": 30.3, "SCHOOL_BND_INT_CPG_TOTAL": 5, "SCHOOL_NAME": "Sandtown-Winchester Achievement Academy, Matthew A Henson Elementary, Dorothy I. Height Elementary School , Robert W Coleman Elementary, Billie Holiday Elementary School (Formerly James Mosher Es)"}}, {"type": "Feature", "geometry": {"type": "Polygon", "coordinates": [[[-76.6187, 39.2739], [-76.6168, 39.2725], [-76.616, 39.2705], [-76.613, 39.2706], [-76.6117, 39.27], [-76.6119, 39.2685], [-76.612, 39.2676], [-76.6073, 39.2672], [-76.6056, 39.267], [-76.6061, 39.2667], [-76.6064, 39.2665], [-76.6065, 39.2661], [-76.6064, 39.2645], [-76.6067, 39.2641], [-76.6078, 39.2631], [-76.6106, 39.2623], [-76.6103, 39.2578], [-76.6101, 39.2571], [-76.6103, 39.256], [-76.6105, 39.2562], [-76.6104, 39.2569], [-76.6105, 39.2574], [-76.6108, 39.2576], [-76.6109, 39.2579], [-76.6113, 39.2581], [-76.6128, 39.2582], [-76.6131, 39.2587], [-76.6133, 39.2598], [-76.6138, 39.2607], [-76.6147, 39.2608], [-76.6154, 39.2598], [-76.6157, 39.2598], [-76.6152, 39.2612], [-76.6154, 39.2616], [-76.6157, 39.2616], [-76.6164, 39.2605], [-76.6166, 39.2605], [-76.6178, 39.261], [-76.6186, 39.2614], [-76.6182, 39.2619], [-76.6183, 39.2622], [-76.6184, 39.2626], [-76.6187, 39.2627], [-76.6193, 39.2625], [-76.62, 39.2625], [-76.6203, 39.2626], [-76.621, 39.263], [-76.6213, 39.2635], [-76.6214, 39.2645], [-76.6218, 39.2648], [-76.6219, 39.2651], [-76.6215, 39.2652], [-76.6209, 39.2652], [-76.6207, 39.2656], [-76.6206, 39.2662], [-76.6207, 39.2665], [-76.6212, 39.2668], [-76.6212, 39.267], [-76.6214, 39.2677], [-76.6217, 39.2679], [-76.6218, 39.269], [-76.6218, 39.2696], [-76.6211, 39.2696], [-76.6204, 39.2696], [-76.6219, 39.2701], [-76.6218, 39.2702], [-76.6218, 39.2707], [-76.6217, 39.2708], [-76.6215, 39.2715], [-76.6215, 39.2724], [-76.6215, 39.2736], [-76.6198, 39.2742], [-76.6187, 39.2739]]]}, "properties": {"GEOID20": "24510230300", "JURSCODE": "BACI", "Eligibility_Status": "Eligible", "Qualifying_Criteria1_CPR_30": "No", "Qualifying_Criteria2_CPR_30MOE": "Yes", "F2024_Child_Poverty_Rate__2026_": 30.0, "F2024_Child_Poverty_Rate_Margin_Of_Error": 34.6, "SCHOOL_BND_INT_CPG_TOTAL": 3, "SCHOOL_NAME": "Federal Hill Preparatory Academy, Francis Scott Key Elementary/Middle, Thomas Johnson Elementary/Middle"}}, {"type": "Feature", "geometry": {"type": "Polygon", "coordinates": [[[-76.5987, 39.2854], [-76.5993, 39.2864], [-76.5994, 39.2884], [-76.5996, 39.2902], [-76.5997, 39.2925], [-76.5959, 39.2936], [-76.5948, 39.294], [-76.594, 39.2926], [-76.5939, 39.2911], [-76.5937, 39.2877], [-76.5936, 39.2856], [-76.5983, 39.2854], [-76.5987, 39.2854]]]}, "properties": {"GEOID20": "24510030100", "JURSCODE": "BACI", "Eligibility_Status": "Eligible", "Qualifying_Criteria1_CPR_30": "Yes", "Qualifying_Criteria2_CPR_30MOE": "Yes", "F2024_Child_Poverty_Rate__2026_": 94.0, "F2024_Child_Poverty_Rate_Margin_Of_Error": 8.6, "SCHOOL_BND_INT_CPG_TOTAL": 1, "SCHOOL_NAME": "City Springs Elementary/Middle"}}, {"type": "Feature", "geometry": {"type": "Polygon", "coordinates": [[[-76.6598, 39.3073], [-76.6593, 39.3065], [-76.6602, 39.3062], [-76.6638, 39.3061], [-76.6665, 39.3059], [-76.6675, 39.3062], [-76.6684, 39.3071], [-76.6733, 39.3067], [-76.6754, 39.306], [-76.6757, 39.306], [-76.6761, 39.3063], [-76.6765, 39.3067], [-76.6771, 39.3068], [-76.6783, 39.3067], [-76.6789, 39.3067], [-76.6793, 39.3069], [-76.6797, 39.3085], [-76.6799, 39.3093], [-76.6804, 39.3104], [-76.6806, 39.3108], [-76.6778, 39.3109], [-76.676, 39.3109], [-76.6742, 39.311], [-76.6668, 39.3113], [-76.6633, 39.3114], [-76.6614, 39.313], [-76.6617, 39.3144], [-76.6612, 39.3148], [-76.6598, 39.3152], [-76.6596, 39.3145], [-76.6599, 39.3104], [-76.66, 39.3091], [-76.66, 39.308], [-76.6598, 39.3074], [-76.6598, 39.3073]]]}, "properties": {"GEOID20": "24510150600", "JURSCODE": "BACI", "Eligibility_Status": "Eligible", "Qualifying_Criteria1_CPR_30": "Yes", "Qualifying_Criteria2_CPR_30MOE": "Yes", "F2024_Child_Poverty_Rate__2026_": 54.0, "F2024_Child_Poverty_Rate_Margin_Of_Error": 31.8, "SCHOOL_BND_INT_CPG_TOTAL": 4, "SCHOOL_NAME": "Gwynns Falls Elementary, Rosemont Elementary/Middle, Windsor Hills Elementary/Middle, Belmont Elementary"}}, {"type": "Feature", "geometry": {"type": "Polygon", "coordinates": [[[-76.6, 39.3417], [-76.6007, 39.3402], [-76.6012, 39.3405], [-76.6018, 39.3406], [-76.6037, 39.3405], [-76.6054, 39.3405], [-76.6058, 39.3404], [-76.6064, 39.3401], [-76.6077, 39.3397], [-76.6097, 39.3404], [-76.6097, 39.343], [-76.6097, 39.3462], [-76.6072, 39.3461], [-76.6054, 39.3459], [-76.6044, 39.3456], [-76.6033, 39.3455], [-76.6007, 39.3452], [-76.5998, 39.344], [-76.6, 39.3417]]]}, "properties": {"GEOID20": "24510271001", "JURSCODE": "BACI", "Eligibility_Status": "Eligible", "Qualifying_Criteria1_CPR_30": "Yes", "Qualifying_Criteria2_CPR_30MOE": "Yes", "F2024_Child_Poverty_Rate__2026_": 40.1, "F2024_Child_Poverty_Rate_Margin_Of_Error": 29.0, "SCHOOL_BND_INT_CPG_TOTAL": 3, "SCHOOL_NAME": "Walter P Carter Elementary/Middle, Roland Park Elementary/Middle, Northwood Elementary"}}, {"type": "Feature", "geometry": {"type": "Polygon", "coordinates": [[[-76.6279, 39.3148], [-76.6239, 39.3112], [-76.6241, 39.3109], [-76.6274, 39.3106], [-76.6322, 39.3104], [-76.6337, 39.3103], [-76.6353, 39.3118], [-76.6356, 39.3139], [-76.6347, 39.3144], [-76.6343, 39.3144], [-76.6314, 39.3144], [-76.6302, 39.3137], [-76.6297, 39.3137], [-76.628, 39.3147], [-76.6279, 39.3148]]]}, "properties": {"GEOID20": "24510130200", "JURSCODE": "BACI", "Eligibility_Status": "Ineligible", "Qualifying_Criteria1_CPR_30": "No", "Qualifying_Criteria2_CPR_30MOE": "No", "F2024_Child_Poverty_Rate__2026_": 22.5, "F2024_Child_Poverty_Rate_Margin_Of_Error": 31.7, "SCHOOL_BND_INT_CPG_TOTAL": 2, "SCHOOL_NAME": "Dorothy I. Height Elementary School , Mount Royal Elementary/Middle"}}, {"type": "Feature", "geometry": {"type": "Polygon", "coordinates": [[[-76.5799, 39.2831], [-76.5827, 39.2831], [-76.5839, 39.2839], [-76.5843, 39.2854], [-76.5845, 39.288], [-76.5847, 39.2914], [-76.5833, 39.292], [-76.5811, 39.2921], [-76.5791, 39.2921], [-76.5769, 39.2922], [-76.5761, 39.2899], [-76.5758, 39.2866], [-76.5772, 39.2862], [-76.577, 39.2832], [-76.5799, 39.2831]]]}, "properties": {"GEOID20": "24510010300", "JURSCODE": "BACI", "Eligibility_Status": "Ineligible", "Qualifying_Criteria1_CPR_30": "No", "Qualifying_Criteria2_CPR_30MOE": "No", "F2024_Child_Poverty_Rate__2026_": 0.0, "F2024_Child_Poverty_Rate_Margin_Of_Error": 20.3, "SCHOOL_BND_INT_CPG_TOTAL": 5, "SCHOOL_NAME": "Wolfe Street Academy, Commodore John Rogers Elementary/Middle, Hampstead Hill Academy, William Paca Elementary, Highlandtown Elementary/Middle #215"}}, {"type": "Feature", "geometry": {"type": "Polygon", "coordinates": [[[-76.6143, 39.2955], [-76.615, 39.2951], [-76.6183, 39.295], [-76.6199, 39.2962], [-76.62, 39.2982], [-76.6202, 39.3011], [-76.6203, 39.3018], [-76.6207, 39.3044], [-76.621, 39.3068], [-76.621, 39.3074], [-76.6204, 39.309], [-76.6194, 39.3086], [-76.6175, 39.3075], [-76.6155, 39.3063], [-76.6147, 39.306], [-76.6145, 39.3035], [-76.6142, 39.2997], [-76.6141, 39.2974], [-76.6143, 39.2957], [-76.6143, 39.2955]]]}, "properties": {"GEOID20": "24510110200", "JURSCODE": "BACI", "Eligibility_Status": "Ineligible", "Qualifying_Criteria1_CPR_30": "No", "Qualifying_Criteria2_CPR_30MOE": "No", "F2024_Child_Poverty_Rate__2026_": 0.0, "F2024_Child_Poverty_Rate_Margin_Of_Error": 12.0, "SCHOOL_BND_INT_CPG_TOTAL": 2, "SCHOOL_NAME": "Mount Royal Elementary/Middle, The Historic Samuel Coleridge-Taylor Elementary"}}, {"type": "Feature", "geometry": {"type": "Polygon", "coordinates": [[[-76.6824, 39.3223], [-76.6819, 39.3213], [-76.6816, 39.3181], [-76.6815, 39.3172], [-76.6815, 39.3161], [-76.6811, 39.3141], [-76.6806, 39.3108], [-76.6804, 39.3104], [-76.6799, 39.3093], [-76.6797, 39.3085], [-76.6793, 39.3069], [-76.6789, 39.3067], [-76.6783, 39.3067], [-76.6771, 39.3068], [-76.6765, 39.3067], [-76.6761, 39.3063], [-76.6757, 39.306], [-76.6754, 39.306], [-76.6742, 39.306], [-76.6741, 39.3055], [-76.6735, 39.3037], [-76.6736, 39.3033], [-76.6738, 39.3029], [-76.6745, 39.3026], [-76.6749, 39.303], [-76.6754, 39.3035], [-76.6759, 39.3038], [-76.6763, 39.304], [-76.6771, 39.3043], [-76.6775, 39.3044], [-76.6778, 39.3045], [-76.6783, 39.3047], [-76.6787, 39.3048], [-76.6789, 39.305], [-76.6794, 39.3055], [-76.6796, 39.3057], [-76.6807, 39.3063], [-76.6816, 39.3066], [-76.6822, 39.3065], [-76.6829, 39.3063], [-76.6844, 39.3061], [-76.685, 39.306], [-76.6856, 39.3059], [-76.6863, 39.3055], [-76.6869, 39.3054], [-76.6875, 39.3057], [-76.689, 39.3078], [-76.6903, 39.3094], [-76.6904, 39.3099], [-76.6902, 39.3112], [-76.69, 39.3119], [-76.6899, 39.3124], [-76.6894, 39.3123], [-76.6867, 39.3124], [-76.6859, 39.3126], [-76.686, 39.3131], [-76.6863, 39.3132], [-76.6864, 39.3134], [-76.6865, 39.3139], [-76.6858, 39.3144], [-76.6862, 39.315], [-76.6867, 39.3154], [-76.6873, 39.3155], [-76.6873, 39.3158], [-76.6867, 39.3165], [-76.6881, 39.318], [-76.6884, 39.3193], [-76.6878, 39.3199], [-76.6876, 39.3203], [-76.6875, 39.3204], [-76.6875, 39.3212], [-76.6878, 39.3214], [-76.6892, 39.322], [-76.6901, 39.3236], [-76.6866, 39.3246], [-76.6821, 39.325], [-76.6813, 39.3237], [-76.6824, 39.3223]]]}, "properties": {"GEOID20": "24510150900", "JURSCODE": "BACI", "Eligibility_Status": "Eligible", "Qualifying_Criteria1_CPR_30": "Yes", "Qualifying_Criteria2_CPR_30MOE": "No", "F2024_Child_Poverty_Rate__2026_": 58.9, "F2024_Child_Poverty_Rate_Margin_Of_Error": 41.0, "SCHOOL_BND_INT_CPG_TOTAL": 4, "SCHOOL_NAME": "Liberty Elementary, Windsor Hills Elementary/Middle, Dickey Hill Elementary/Middle, Mary E Rodman Elementary"}}, {"type": "Feature", "geometry": {"type": "Polygon", "coordinates": [[[-76.5342, 39.2769], [-76.5351, 39.2753], [-76.5359, 39.2751], [-76.5368, 39.275], [-76.5372, 39.2749], [-76.538, 39.2758], [-76.5396, 39.2764], [-76.5436, 39.2763], [-76.5437, 39.2783], [-76.5437, 39.2792], [-76.5432, 39.2815], [-76.5396, 39.2816], [-76.5382, 39.2817], [-76.5357, 39.2818], [-76.5343, 39.2791], [-76.5335, 39.2775], [-76.5342, 39.2769]]]}, "properties": {"GEOID20": "24510260604", "JURSCODE": "BACI", "Eligibility_Status": "Eligible", "Qualifying_Criteria1_CPR_30": "Yes", "Qualifying_Criteria2_CPR_30MOE": "Yes", "F2024_Child_Poverty_Rate__2026_": 47.8, "F2024_Child_Poverty_Rate_Margin_Of_Error": 32.1, "SCHOOL_BND_INT_CPG_TOTAL": 2, "SCHOOL_NAME": "Holabird Elementary/Middle, Graceland Park/Odonnell Heights Elementary/Middle"}}, {"type": "Feature", "geometry": {"type": "Polygon", "coordinates": [[[-76.5978, 39.3018], [-76.6027, 39.3016], [-76.6049, 39.3015], [-76.6073, 39.3014], [-76.6098, 39.3013], [-76.6116, 39.3025], [-76.6115, 39.3038], [-76.6114, 39.3047], [-76.6088, 39.3048], [-76.6066, 39.3049], [-76.603, 39.3051], [-76.6005, 39.3051], [-76.5981, 39.3052], [-76.5978, 39.3018]]]}, "properties": {"GEOID20": "24510100100", "JURSCODE": "BACI", "Eligibility_Status": "Ineligible", "Qualifying_Criteria1_CPR_30": "No", "Qualifying_Criteria2_CPR_30MOE": "No", "F2024_Child_Poverty_Rate__2026_": 21.1, "F2024_Child_Poverty_Rate_Margin_Of_Error": 27.7, "SCHOOL_BND_INT_CPG_TOTAL": 5, "SCHOOL_NAME": "Johnston Square Elementary, Dallas F Nicholas Sr Elem, Mount Royal Elementary/Middle, The Historic Samuel Coleridge-Taylor Elementary, Dr Bernard Harris Elementary"}}, {"type": "Feature", "geometry": {"type": "Polygon", "coordinates": [[[-76.5411, 39.3262], [-76.5428, 39.323], [-76.5451, 39.3223], [-76.5482, 39.3219], [-76.5486, 39.3224], [-76.5488, 39.3229], [-76.5504, 39.3246], [-76.5518, 39.3258], [-76.5537, 39.327], [-76.555, 39.3277], [-76.5556, 39.3279], [-76.5567, 39.3281], [-76.5576, 39.3283], [-76.5583, 39.3286], [-76.5609, 39.3304], [-76.5615, 39.3309], [-76.5603, 39.3321], [-76.5561, 39.335], [-76.5533, 39.337], [-76.5521, 39.3379], [-76.5515, 39.3378], [-76.5507, 39.3371], [-76.5485, 39.3353], [-76.548, 39.334], [-76.5475, 39.3335], [-76.5453, 39.3324], [-76.544, 39.3316], [-76.5435, 39.3311], [-76.5418, 39.3293], [-76.5416, 39.3288], [-76.5411, 39.3262]]]}, "properties": {"GEOID20": "24510260201", "JURSCODE": "BACI", "Eligibility_Status": "Ineligible", "Qualifying_Criteria1_CPR_30": "No", "Qualifying_Criteria2_CPR_30MOE": "No", "F2024_Child_Poverty_Rate__2026_": 25.6, "F2024_Child_Poverty_Rate_Margin_Of_Error": 22.2, "SCHOOL_BND_INT_CPG_TOTAL": 3, "SCHOOL_NAME": "Furley Elementary, Hazelwood Elementary/Middle, Gardenville Elementary"}}, {"type": "Feature", "geometry": {"type": "Polygon", "coordinates": [[[-76.6118, 39.2492], [-76.6119, 39.2488], [-76.612, 39.2486], [-76.6118, 39.2483], [-76.6116, 39.2481], [-76.6117, 39.2479], [-76.612, 39.2478], [-76.6128, 39.2473], [-76.6131, 39.2471], [-76.6133, 39.2468], [-76.6134, 39.2466], [-76.6135, 39.2463], [-76.6137, 39.2461], [-76.6137, 39.2459], [-76.6138, 39.2457], [-76.6139, 39.2453], [-76.614, 39.2452], [-76.614, 39.245], [-76.6141, 39.2447], [-76.6143, 39.2445], [-76.6143, 39.2442], [-76.6144, 39.2439], [-76.6147, 39.2434], [-76.6148, 39.2432], [-76.615, 39.2423], [-76.6151, 39.242], [-76.6152, 39.2417], [-76.6153, 39.2412], [-76.6193, 39.2415], [-76.6215, 39.2419], [-76.6195, 39.2446], [-76.6201, 39.2463], [-76.6225, 39.2478], [-76.6232, 39.2482], [-76.624, 39.2486], [-76.6249, 39.2489], [-76.6252, 39.2491], [-76.6245, 39.2493], [-76.6201, 39.2512], [-76.6174, 39.2524], [-76.6177, 39.2529], [-76.6179, 39.2537], [-76.6178, 39.2545], [-76.6172, 39.2555], [-76.6169, 39.2561], [-76.6167, 39.256], [-76.6163, 39.2558], [-76.6154, 39.2554], [-76.6153, 39.2549], [-76.615, 39.2544], [-76.6146, 39.2539], [-76.614, 39.2537], [-76.6136, 39.2532], [-76.6129, 39.2521], [-76.6123, 39.2511], [-76.6117, 39.2499], [-76.6118, 39.2492]]]}, "properties": {"GEOID20": "24510250203", "JURSCODE": "BACI", "Eligibility_Status": "Eligible", "Qualifying_Criteria1_CPR_30": "No", "Qualifying_Criteria2_CPR_30MOE": "Yes", "F2024_Child_Poverty_Rate__2026_": 20.5, "F2024_Child_Poverty_Rate_Margin_Of_Error": 20.6, "SCHOOL_BND_INT_CPG_TOTAL": 1, "SCHOOL_NAME": "Arundel Elementary/Middle"}}, {"type": "Feature", "geometry": {"type": "Polygon", "coordinates": [[[-76.6354, 39.3326], [-76.6349, 39.3308], [-76.6344, 39.3291], [-76.6341, 39.3284], [-76.6337, 39.328], [-76.6331, 39.3268], [-76.6331, 39.3265], [-76.6334, 39.3259], [-76.6341, 39.325], [-76.6343, 39.3247], [-76.6363, 39.3258], [-76.6384, 39.3262], [-76.6393, 39.3264], [-76.6403, 39.327], [-76.6408, 39.3277], [-76.6416, 39.3308], [-76.6419, 39.3315], [-76.6432, 39.3329], [-76.6445, 39.3348], [-76.6404, 39.3365], [-76.6374, 39.3376], [-76.6361, 39.3348], [-76.6356, 39.3332], [-76.6354, 39.3326]]]}, "properties": {"GEOID20": "24510130804", "JURSCODE": "BACI", "Eligibility_Status": "Ineligible", "Qualifying_Criteria1_CPR_30": "No", "Qualifying_Criteria2_CPR_30MOE": "No", "F2024_Child_Poverty_Rate__2026_": 15.1, "F2024_Child_Poverty_Rate_Margin_Of_Error": 19.9, "SCHOOL_BND_INT_CPG_TOTAL": 3, "SCHOOL_NAME": "Hampden Elementary/Middle, Dorothy I. Height Elementary School , Medfield Heights Elementary"}}, {"type": "Feature", "geometry": {"type": "Polygon", "coordinates": [[[-76.582, 39.3721], [-76.5838, 39.369], [-76.5844, 39.3679], [-76.5855, 39.366], [-76.5866, 39.366], [-76.5875, 39.3661], [-76.5906, 39.3666], [-76.5928, 39.367], [-76.5937, 39.367], [-76.5945, 39.367], [-76.5968, 39.3665], [-76.5993, 39.3659], [-76.5995, 39.3664], [-76.5998, 39.3668], [-76.6002, 39.3683], [-76.6001, 39.3687], [-76.6001, 39.3692], [-76.5997, 39.3694], [-76.5991, 39.3697], [-76.5984, 39.3701], [-76.5982, 39.3703], [-76.5979, 39.3706], [-76.5976, 39.3707], [-76.5973, 39.3709], [-76.5971, 39.3715], [-76.5949, 39.3719], [-76.588, 39.3719], [-76.5856, 39.372], [-76.5836, 39.3721], [-76.5824, 39.3721], [-76.582, 39.3721]]]}, "properties": {"GEOID20": "24510270801", "JURSCODE": "BACI", "Eligibility_Status": "Ineligible", "Qualifying_Criteria1_CPR_30": "No", "Qualifying_Criteria2_CPR_30MOE": "No", "F2024_Child_Poverty_Rate__2026_": 22.5, "F2024_Child_Poverty_Rate_Margin_Of_Error": 23.9, "SCHOOL_BND_INT_CPG_TOTAL": 2, "SCHOOL_NAME": "Yorkwood Elementary, Leith Walk Elementary/Middle"}}, {"type": "Feature", "geometry": {"type": "Polygon", "coordinates": [[[-76.6278, 39.289], [-76.6281, 39.2878], [-76.628, 39.2872], [-76.6278, 39.2866], [-76.6279, 39.2861], [-76.629, 39.286], [-76.632, 39.2859], [-76.6359, 39.2857], [-76.638, 39.286], [-76.6381, 39.2881], [-76.6367, 39.2886], [-76.633, 39.2888], [-76.6289, 39.289], [-76.6278, 39.289]]]}, "properties": {"GEOID20": "24510180300", "JURSCODE": "BACI", "Eligibility_Status": "Eligible", "Qualifying_Criteria1_CPR_30": "Yes", "Qualifying_Criteria2_CPR_30MOE": "Yes", "F2024_Child_Poverty_Rate__2026_": 52.9, "F2024_Child_Poverty_Rate_Margin_Of_Error": 34.3, "SCHOOL_BND_INT_CPG_TOTAL": 3, "SCHOOL_NAME": "James Mchenry Elementary/Middle, Franklin Square Elementary/Middle, The Historic Samuel Coleridge-Taylor Elementary"}}, {"type": "Feature", "geometry": {"type": "Polygon", "coordinates": [[[-76.6223, 39.3463], [-76.6213, 39.3455], [-76.6197, 39.3455], [-76.6178, 39.3453], [-76.617, 39.3453], [-76.6141, 39.346], [-76.6131, 39.3461], [-76.6122, 39.3461], [-76.6096, 39.3443], [-76.6097, 39.341], [-76.6096, 39.3402], [-76.6104, 39.3399], [-76.6113, 39.3403], [-76.6118, 39.3406], [-76.6123, 39.341], [-76.6135, 39.3402], [-76.6147, 39.3395], [-76.6167, 39.3388], [-76.6176, 39.3386], [-76.6184, 39.3386], [-76.6204, 39.3405], [-76.6214, 39.3411], [-76.6217, 39.3411], [-76.6222, 39.3409], [-76.6229, 39.3407], [-76.6231, 39.3406], [-76.6234, 39.3408], [-76.6238, 39.3412], [-76.6243, 39.3418], [-76.6248, 39.3419], [-76.6253, 39.3416], [-76.6258, 39.3418], [-76.6257, 39.3426], [-76.6256, 39.3436], [-76.6258, 39.3444], [-76.6267, 39.3458], [-76.6276, 39.3478], [-76.6279, 39.3481], [-76.6279, 39.3483], [-76.6282, 39.3487], [-76.6281, 39.3493], [-76.6284, 39.3506], [-76.6286, 39.3516], [-76.6289, 39.3521], [-76.6291, 39.3531], [-76.6277, 39.3535], [-76.6242, 39.3538], [-76.6232, 39.3517], [-76.6229, 39.3496], [-76.6225, 39.3473], [-76.6223, 39.3463]]]}, "properties": {"GEOID20": "24510271102", "JURSCODE": "BACI", "Eligibility_Status": "Ineligible", "Qualifying_Criteria1_CPR_30": "No", "Qualifying_Criteria2_CPR_30MOE": "No", "F2024_Child_Poverty_Rate__2026_": 0.0, "F2024_Child_Poverty_Rate_Margin_Of_Error": 14.4, "SCHOOL_BND_INT_CPG_TOTAL": 2, "SCHOOL_NAME": "Walter P Carter Elementary/Middle, Roland Park Elementary/Middle"}}, {"type": "Feature", "geometry": {"type": "Polygon", "coordinates": [[[-76.5298, 39.3406], [-76.5302, 39.336], [-76.5305, 39.336], [-76.531, 39.3359], [-76.5311, 39.336], [-76.5315, 39.3364], [-76.5319, 39.337], [-76.5325, 39.3371], [-76.5337, 39.3372], [-76.5344, 39.3372], [-76.5378, 39.3367], [-76.5385, 39.3368], [-76.5394, 39.3369], [-76.5406, 39.3378], [-76.5409, 39.3381], [-76.5413, 39.3391], [-76.5425, 39.3399], [-76.543, 39.3402], [-76.5435, 39.3406], [-76.5443, 39.341], [-76.5449, 39.3416], [-76.5452, 39.3421], [-76.5456, 39.3424], [-76.5448, 39.343], [-76.5437, 39.3437], [-76.5415, 39.3452], [-76.539, 39.3474], [-76.5374, 39.3488], [-76.5355, 39.3506], [-76.5322, 39.3534], [-76.5298, 39.3556], [-76.5298, 39.3517], [-76.5297, 39.3488], [-76.5298, 39.3463], [-76.5298, 39.3406]]]}, "properties": {"GEOID20": "24510260101", "JURSCODE": "BACI", "Eligibility_Status": "Ineligible", "Qualifying_Criteria1_CPR_30": "No", "Qualifying_Criteria2_CPR_30MOE": "No", "F2024_Child_Poverty_Rate__2026_": 10.0, "F2024_Child_Poverty_Rate_Margin_Of_Error": 10.1, "SCHOOL_BND_INT_CPG_TOTAL": 2, "SCHOOL_NAME": "Hazelwood Elementary/Middle, Glenmount Elementary/Middle"}}, {"type": "Feature", "geometry": {"type": "Polygon", "coordinates": [[[-76.6709, 39.3568], [-76.6718, 39.3566], [-76.6752, 39.3557], [-76.6774, 39.3548], [-76.6805, 39.3533], [-76.6832, 39.3519], [-76.6847, 39.351], [-76.687, 39.3498], [-76.6894, 39.3482], [-76.6917, 39.3487], [-76.6924, 39.3492], [-76.6954, 39.3513], [-76.6922, 39.3536], [-76.6911, 39.3543], [-76.6868, 39.3565], [-76.6821, 39.359], [-76.678, 39.3612], [-76.6757, 39.3624], [-76.6751, 39.3628], [-76.6742, 39.3636], [-76.6731, 39.3643], [-76.6716, 39.3625], [-76.6714, 39.3622], [-76.6714, 39.3619], [-76.6718, 39.3608], [-76.6717, 39.3603], [-76.6713, 39.3588], [-76.6709, 39.3569], [-76.6709, 39.3568]]]}, "properties": {"GEOID20": "24510271900", "JURSCODE": "BACI", "Eligibility_Status": "Ineligible", "Qualifying_Criteria1_CPR_30": "No", "Qualifying_Criteria2_CPR_30MOE": "No", "F2024_Child_Poverty_Rate__2026_": 0.0, "F2024_Child_Poverty_Rate_Margin_Of_Error": 5.8, "SCHOOL_BND_INT_CPG_TOTAL": 3, "SCHOOL_NAME": "The Mount Washington School, Arlington Elementary/Middle, Cross Country Elementary"}}, {"type": "Feature", "geometry": {"type": "Polygon", "coordinates": [[[-76.5839, 39.3023], [-76.5854, 39.3023], [-76.5862, 39.3024], [-76.5873, 39.3028], [-76.5881, 39.3032], [-76.5883, 39.3051], [-76.5883, 39.3067], [-76.5885, 39.3087], [-76.5858, 39.3089], [-76.5844, 39.3089], [-76.5842, 39.3058], [-76.5839, 39.3023]]]}, "properties": {"GEOID20": "24510080400", "JURSCODE": "BACI", "Eligibility_Status": "Ineligible", "Qualifying_Criteria1_CPR_30": "No", "Qualifying_Criteria2_CPR_30MOE": "No", "F2024_Child_Poverty_Rate__2026_": 14.5, "F2024_Child_Poverty_Rate_Margin_Of_Error": 18.0, "SCHOOL_BND_INT_CPG_TOTAL": 3, "SCHOOL_NAME": "Harford Heights Elementary, Lakewood Elementary, Collington Square Elementary/Middle"}}, {"type": "Feature", "geometry": {"type": "Polygon", "coordinates": [[[-76.5832, 39.2834], [-76.5826, 39.283], [-76.5791, 39.2831], [-76.577, 39.2822], [-76.5768, 39.28], [-76.5753, 39.2782], [-76.5757, 39.277], [-76.5761, 39.2767], [-76.5779, 39.2773], [-76.5793, 39.2772], [-76.5792, 39.2776], [-76.5798, 39.2776], [-76.5801, 39.2778], [-76.5803, 39.2778], [-76.5801, 39.2784], [-76.5804, 39.2786], [-76.5803, 39.2791], [-76.5798, 39.2791], [-76.5796, 39.2797], [-76.5801, 39.2798], [-76.5799, 39.2802], [-76.5812, 39.2802], [-76.5816, 39.2805], [-76.5825, 39.2809], [-76.5834, 39.2816], [-76.5842, 39.2812], [-76.5839, 39.2817], [-76.585, 39.2826], [-76.5857, 39.2824], [-76.5856, 39.283], [-76.5859, 39.2828], [-76.5858, 39.2831], [-76.5859, 39.2833], [-76.5862, 39.2832], [-76.5865, 39.2832], [-76.5869, 39.2838], [-76.587, 39.2849], [-76.585, 39.2859], [-76.5843, 39.285], [-76.5832, 39.2834]]]}, "properties": {"GEOID20": "24510010400", "JURSCODE": "BACI", "Eligibility_Status": "Ineligible", "Qualifying_Criteria1_CPR_30": "No", "Qualifying_Criteria2_CPR_30MOE": "No", "F2024_Child_Poverty_Rate__2026_": 0.0, "F2024_Child_Poverty_Rate_Margin_Of_Error": 15.4, "SCHOOL_BND_INT_CPG_TOTAL": 2, "SCHOOL_NAME": "Wolfe Street Academy, Hampstead Hill Academy"}}, {"type": "Feature", "geometry": {"type": "Polygon", "coordinates": [[[-76.6811, 39.327], [-76.6788, 39.3263], [-76.6747, 39.3251], [-76.6715, 39.3242], [-76.6729, 39.3214], [-76.6749, 39.3212], [-76.6748, 39.3203], [-76.6746, 39.3163], [-76.6745, 39.3147], [-76.6744, 39.3137], [-76.6742, 39.311], [-76.676, 39.3109], [-76.6778, 39.3109], [-76.6806, 39.3108], [-76.6811, 39.3141], [-76.6815, 39.3161], [-76.6815, 39.3172], [-76.6816, 39.3181], [-76.6819, 39.3213], [-76.6824, 39.3223], [-76.6813, 39.3237], [-76.6821, 39.325], [-76.6811, 39.327]]]}, "properties": {"GEOID20": "24510150800", "JURSCODE": "BACI", "Eligibility_Status": "Eligible", "Qualifying_Criteria1_CPR_30": "Yes", "Qualifying_Criteria2_CPR_30MOE": "Yes", "F2024_Child_Poverty_Rate__2026_": 34.6, "F2024_Child_Poverty_Rate_Margin_Of_Error": 37.3, "SCHOOL_BND_INT_CPG_TOTAL": 5, "SCHOOL_NAME": "Hilton Elementary, Dr Nathan A Pitts-Ashburton Elementary/Middle, Gwynns Falls Elementary, Liberty Elementary, Windsor Hills Elementary/Middle"}}, {"type": "Feature", "geometry": {"type": "Polygon", "coordinates": [[[-76.5906, 39.3151], [-76.5888, 39.3144], [-76.5887, 39.3124], [-76.5911, 39.3123], [-76.5931, 39.3122], [-76.5952, 39.3122], [-76.5985, 39.312], [-76.5989, 39.3133], [-76.5979, 39.3143], [-76.5964, 39.3157], [-76.5949, 39.3172], [-76.5899, 39.3161], [-76.5905, 39.3154], [-76.5906, 39.3151]]]}, "properties": {"GEOID20": "24510080500", "JURSCODE": "BACI", "Eligibility_Status": "Eligible", "Qualifying_Criteria1_CPR_30": "Yes", "Qualifying_Criteria2_CPR_30MOE": "Yes", "F2024_Child_Poverty_Rate__2026_": 66.1, "F2024_Child_Poverty_Rate_Margin_Of_Error": 29.5, "SCHOOL_BND_INT_CPG_TOTAL": 4, "SCHOOL_NAME": "Cecil Elementary, Harford Heights Elementary, Montebello Elementary/Middle, Abbottston Elementary"}}, {"type": "Feature", "geometry": {"type": "Polygon", "coordinates": [[[-76.5944, 39.2984], [-76.5942, 39.2953], [-76.5951, 39.2939], [-76.5973, 39.2932], [-76.6016, 39.292], [-76.6047, 39.2912], [-76.6067, 39.2907], [-76.6079, 39.2918], [-76.6089, 39.2924], [-76.6098, 39.2929], [-76.6104, 39.2933], [-76.6108, 39.294], [-76.611, 39.2946], [-76.6112, 39.2956], [-76.6113, 39.2977], [-76.6089, 39.2978], [-76.6063, 39.2979], [-76.6042, 39.298], [-76.6019, 39.2981], [-76.5991, 39.2982], [-76.5945, 39.2984], [-76.5944, 39.2984]]]}, "properties": {"GEOID20": "24510280500", "JURSCODE": "BACI", "Eligibility_Status": "Eligible", "Qualifying_Criteria1_CPR_30": "Yes", "Qualifying_Criteria2_CPR_30MOE": "Yes", "F2024_Child_Poverty_Rate__2026_": 91.7, "F2024_Child_Poverty_Rate_Margin_Of_Error": 8.5, "SCHOOL_BND_INT_CPG_TOTAL": 3, "SCHOOL_NAME": "City Springs Elementary/Middle, Johnston Square Elementary, The Historic Samuel Coleridge-Taylor Elementary"}}, {"type": "Feature", "geometry": {"type": "Polygon", "coordinates": [[[-76.6945, 39.3222], [-76.7009, 39.32], [-76.7084, 39.3218], [-76.7114, 39.322], [-76.7114, 39.326], [-76.7114, 39.3272], [-76.7115, 39.3318], [-76.711, 39.3363], [-76.7087, 39.3356], [-76.7054, 39.3345], [-76.7017, 39.3333], [-76.6964, 39.3317], [-76.6913, 39.33], [-76.6886, 39.3292], [-76.6886, 39.3265], [-76.69, 39.3237], [-76.693, 39.3227], [-76.6945, 39.3222]]]}, "properties": {"GEOID20": "24510280200", "JURSCODE": "BACI", "Eligibility_Status": "Ineligible", "Qualifying_Criteria1_CPR_30": "No", "Qualifying_Criteria2_CPR_30MOE": "No", "F2024_Child_Poverty_Rate__2026_": 16.5, "F2024_Child_Poverty_Rate_Margin_Of_Error": 15.3, "SCHOOL_BND_INT_CPG_TOTAL": 2, "SCHOOL_NAME": "Liberty Elementary, Calvin M Rodwell Elementary"}}, {"type": "Feature", "geometry": {"type": "Polygon", "coordinates": [[[-76.6896, 39.3219], [-76.6876, 39.3213], [-76.6875, 39.3211], [-76.6875, 39.3203], [-76.6876, 39.3202], [-76.6879, 39.3197], [-76.6885, 39.3192], [-76.6878, 39.3176], [-76.6875, 39.316], [-76.6873, 39.3157], [-76.6871, 39.3155], [-76.6865, 39.3152], [-76.6861, 39.3149], [-76.6865, 39.3142], [-76.6865, 39.3137], [-76.6864, 39.3134], [-76.6862, 39.3132], [-76.6855, 39.3128], [-76.6861, 39.3125], [-76.6874, 39.3124], [-76.6897, 39.3123], [-76.69, 39.3124], [-76.6903, 39.3129], [-76.6907, 39.3132], [-76.6915, 39.3138], [-76.6926, 39.3144], [-76.6928, 39.3145], [-76.6964, 39.3148], [-76.6967, 39.315], [-76.6968, 39.3155], [-76.6967, 39.3169], [-76.6969, 39.3173], [-76.698, 39.3175], [-76.6993, 39.3173], [-76.6999, 39.317], [-76.7004, 39.3162], [-76.7007, 39.3158], [-76.7017, 39.3157], [-76.7023, 39.3158], [-76.7029, 39.3163], [-76.7032, 39.3179], [-76.7036, 39.3183], [-76.7026, 39.3192], [-76.7005, 39.3201], [-76.6945, 39.3223], [-76.6902, 39.3236], [-76.6896, 39.3228], [-76.6896, 39.3219]]]}, "properties": {"GEOID20": "24510280302", "JURSCODE": "BACI", "Eligibility_Status": "Ineligible", "Qualifying_Criteria1_CPR_30": "No", "Qualifying_Criteria2_CPR_30MOE": "No", "F2024_Child_Poverty_Rate__2026_": 2.9, "F2024_Child_Poverty_Rate_Margin_Of_Error": 7.1, "SCHOOL_BND_INT_CPG_TOTAL": 4, "SCHOOL_NAME": "Liberty Elementary, Windsor Hills Elementary/Middle, Dickey Hill Elementary/Middle, Calvin M Rodwell Elementary"}}, {"type": "Feature", "geometry": {"type": "Polygon", "coordinates": [[[-76.7023, 39.3563], [-76.7042, 39.3576], [-76.7073, 39.36], [-76.7084, 39.3609], [-76.7087, 39.361], [-76.7112, 39.3628], [-76.7114, 39.3644], [-76.7115, 39.3669], [-76.7113, 39.3697], [-76.7112, 39.3718], [-76.7096, 39.3704], [-76.7081, 39.3691], [-76.7058, 39.3673], [-76.7038, 39.3656], [-76.7015, 39.3637], [-76.6998, 39.3624], [-76.7032, 39.3597], [-76.7008, 39.3579], [-76.7023, 39.3563]]]}, "properties": {"GEOID20": "24510272007", "JURSCODE": "BACI", "Eligibility_Status": "Ineligible", "Qualifying_Criteria1_CPR_30": "No", "Qualifying_Criteria2_CPR_30MOE": "No", "F2024_Child_Poverty_Rate__2026_": 26.3, "F2024_Child_Poverty_Rate_Margin_Of_Error": 21.0, "SCHOOL_BND_INT_CPG_TOTAL": 3, "SCHOOL_NAME": "Fallstaff Elementary/Middle, Cross Country Elementary, Calvin M Rodwell Elementary"}}, {"type": "Feature", "geometry": {"type": "Polygon", "coordinates": [[[-76.6863, 39.2992], [-76.6861, 39.297], [-76.686, 39.2937], [-76.6884, 39.2936], [-76.6895, 39.2942], [-76.6914, 39.2955], [-76.6926, 39.2973], [-76.6946, 39.3008], [-76.6947, 39.3018], [-76.6943, 39.3024], [-76.6944, 39.3029], [-76.695, 39.3039], [-76.6949, 39.3042], [-76.6947, 39.3044], [-76.6944, 39.3049], [-76.6935, 39.3049], [-76.6918, 39.3046], [-76.6911, 39.3046], [-76.6906, 39.3049], [-76.6902, 39.3051], [-76.6901, 39.3023], [-76.6863, 39.2992]]]}, "properties": {"GEOID20": "24510280402", "JURSCODE": "BACI", "Eligibility_Status": "Ineligible", "Qualifying_Criteria1_CPR_30": "No", "Qualifying_Criteria2_CPR_30MOE": "No", "F2024_Child_Poverty_Rate__2026_": 0.0, "F2024_Child_Poverty_Rate_Margin_Of_Error": 19.7, "SCHOOL_BND_INT_CPG_TOTAL": 2, "SCHOOL_NAME": "Wildwood Elementary Middle School, Dickey Hill Elementary/Middle"}}, {"type": "Feature", "geometry": {"type": "Polygon", "coordinates": [[[-76.6641, 39.3265], [-76.6645, 39.3238], [-76.6648, 39.3224], [-76.6685, 39.3234], [-76.6713, 39.3242], [-76.6741, 39.325], [-76.6787, 39.3263], [-76.6789, 39.3263], [-76.6797, 39.3298], [-76.6786, 39.332], [-76.6787, 39.3334], [-76.679, 39.3362], [-76.6792, 39.3382], [-76.6791, 39.3384], [-76.6782, 39.3396], [-76.6772, 39.3397], [-76.6762, 39.3391], [-76.6719, 39.3362], [-76.6708, 39.3357], [-76.6682, 39.3348], [-76.6675, 39.3345], [-76.6669, 39.3341], [-76.6663, 39.3336], [-76.6659, 39.333], [-76.6643, 39.3275], [-76.6641, 39.3265]]]}, "properties": {"GEOID20": "24510151100", "JURSCODE": "BACI", "Eligibility_Status": "Ineligible", "Qualifying_Criteria1_CPR_30": "No", "Qualifying_Criteria2_CPR_30MOE": "No", "F2024_Child_Poverty_Rate__2026_": 0.0, "F2024_Child_Poverty_Rate_Margin_Of_Error": 5.2, "SCHOOL_BND_INT_CPG_TOTAL": 6, "SCHOOL_NAME": "Hilton Elementary, Dr Nathan A Pitts-Ashburton Elementary/Middle, Gwynns Falls Elementary, Park Heights Academy, Liberty Elementary, Callaway Elementary"}}, {"type": "Feature", "geometry": {"type": "Polygon", "coordinates": [[[-76.6725, 39.2887], [-76.6727, 39.2858], [-76.6731, 39.2858], [-76.6735, 39.2861], [-76.6749, 39.2873], [-76.6764, 39.2882], [-76.6808, 39.2842], [-76.6816, 39.2843], [-76.6828, 39.2849], [-76.686, 39.2869], [-76.6875, 39.2875], [-76.689, 39.2899], [-76.6892, 39.291], [-76.6894, 39.2932], [-76.687, 39.2937], [-76.6826, 39.2938], [-76.6808, 39.2939], [-76.6784, 39.294], [-76.6742, 39.2941], [-76.6727, 39.2926], [-76.6726, 39.2909], [-76.6726, 39.2906], [-76.6725, 39.2887]]]}, "properties": {"GEOID20": "24510200701", "JURSCODE": "BACI", "Eligibility_Status": "Ineligible", "Qualifying_Criteria1_CPR_30": "No", "Qualifying_Criteria2_CPR_30MOE": "No", "F2024_Child_Poverty_Rate__2026_": 5.9, "F2024_Child_Poverty_Rate_Margin_Of_Error": 6.9, "SCHOOL_BND_INT_CPG_TOTAL": 4, "SCHOOL_NAME": "Wildwood Elementary Middle School, Mary E Rodman Elementary, Thomas Jefferson Elementary/Middle, Beechfield Elementary/Middle"}}, {"type": "Feature", "geometry": {"type": "Polygon", "coordinates": [[[-76.5341, 39.3283], [-76.5383, 39.3238], [-76.5458, 39.3176], [-76.5489, 39.3159], [-76.549, 39.3162], [-76.5493, 39.3164], [-76.5499, 39.3165], [-76.5503, 39.3165], [-76.5508, 39.3165], [-76.5523, 39.3168], [-76.553, 39.3171], [-76.5548, 39.3178], [-76.5547, 39.3182], [-76.5539, 39.3187], [-76.5503, 39.3211], [-76.5489, 39.3217], [-76.5482, 39.3219], [-76.5451, 39.3223], [-76.5428, 39.323], [-76.5411, 39.3262], [-76.5416, 39.3289], [-76.5366, 39.33], [-76.5341, 39.3304], [-76.5331, 39.3301], [-76.5341, 39.3286], [-76.5341, 39.3284], [-76.5341, 39.3283]]]}, "properties": {"GEOID20": "24510260203", "JURSCODE": "BACI", "Eligibility_Status": "Eligible", "Qualifying_Criteria1_CPR_30": "Yes", "Qualifying_Criteria2_CPR_30MOE": "Yes", "F2024_Child_Poverty_Rate__2026_": 39.1, "F2024_Child_Poverty_Rate_Margin_Of_Error": 27.7, "SCHOOL_BND_INT_CPG_TOTAL": 4, "SCHOOL_NAME": "Moravia Park Primary, Furley Elementary, Hazelwood Elementary/Middle, Sinclair Lane Elementary"}}, {"type": "Feature", "geometry": {"type": "Polygon", "coordinates": [[[-76.7004, 39.372], [-76.6969, 39.372], [-76.6925, 39.3715], [-76.6927, 39.3711], [-76.6935, 39.3705], [-76.694, 39.3701], [-76.6942, 39.3696], [-76.6947, 39.368], [-76.6966, 39.3657], [-76.6974, 39.3646], [-76.6982, 39.3636], [-76.6998, 39.3624], [-76.7015, 39.3637], [-76.7038, 39.3656], [-76.7058, 39.3673], [-76.7081, 39.3691], [-76.7096, 39.3704], [-76.7112, 39.3718], [-76.7052, 39.372], [-76.7004, 39.372]]]}, "properties": {"GEOID20": "24510272005", "JURSCODE": "BACI", "Eligibility_Status": "Ineligible", "Qualifying_Criteria1_CPR_30": "No", "Qualifying_Criteria2_CPR_30MOE": "No", "F2024_Child_Poverty_Rate__2026_": 11.2, "F2024_Child_Poverty_Rate_Margin_Of_Error": 12.5, "SCHOOL_BND_INT_CPG_TOTAL": 2, "SCHOOL_NAME": "Fallstaff Elementary/Middle, Cross Country Elementary"}}, {"type": "Feature", "geometry": {"type": "Polygon", "coordinates": [[[-76.6608, 39.3267], [-76.6587, 39.3268], [-76.6583, 39.3262], [-76.6581, 39.326], [-76.6576, 39.3254], [-76.6571, 39.3248], [-76.6543, 39.321], [-76.6522, 39.3182], [-76.6512, 39.3174], [-76.6506, 39.3168], [-76.652, 39.3158], [-76.6527, 39.3155], [-76.6534, 39.3154], [-76.6542, 39.3154], [-76.6549, 39.3155], [-76.656, 39.3158], [-76.6571, 39.3159], [-76.6577, 39.3158], [-76.6589, 39.3155], [-76.6604, 39.3163], [-76.6615, 39.3175], [-76.6642, 39.3203], [-76.6646, 39.3211], [-76.6648, 39.3222], [-76.6647, 39.3227], [-76.6641, 39.326], [-76.6642, 39.327], [-76.6633, 39.3273], [-76.6608, 39.3267]]]}, "properties": {"GEOID20": "24510150500", "JURSCODE": "BACI", "Eligibility_Status": "Eligible", "Qualifying_Criteria1_CPR_30": "Yes", "Qualifying_Criteria2_CPR_30MOE": "Yes", "F2024_Child_Poverty_Rate__2026_": 73.3, "F2024_Child_Poverty_Rate_Margin_Of_Error": 23.5, "SCHOOL_BND_INT_CPG_TOTAL": 4, "SCHOOL_NAME": "Dr Nathan A Pitts-Ashburton Elementary/Middle, Gwynns Falls Elementary, Dorothy I. Height Elementary School , Park Heights Academy"}}, {"type": "Feature", "geometry": {"type": "Polygon", "coordinates": [[[-76.6513, 39.299], [-76.6506, 39.2981], [-76.6506, 39.2969], [-76.6504, 39.2937], [-76.6512, 39.2937], [-76.653, 39.2936], [-76.656, 39.2935], [-76.6581, 39.2934], [-76.6594, 39.2939], [-76.6595, 39.2961], [-76.6597, 39.2987], [-76.6599, 39.299], [-76.6606, 39.2998], [-76.6608, 39.3002], [-76.6609, 39.3015], [-76.6609, 39.3021], [-76.6607, 39.3028], [-76.6608, 39.3033], [-76.6608, 39.3038], [-76.6602, 39.3062], [-76.6589, 39.3061], [-76.6579, 39.3054], [-76.657, 39.305], [-76.6533, 39.3038], [-76.6508, 39.3033], [-76.6493, 39.303], [-76.6484, 39.3028], [-76.6479, 39.3023], [-76.649, 39.3019], [-76.6502, 39.3011], [-76.6508, 39.3004], [-76.6513, 39.299]]]}, "properties": {"GEOID20": "24510160500", "JURSCODE": "BACI", "Eligibility_Status": "Eligible", "Qualifying_Criteria1_CPR_30": "No", "Qualifying_Criteria2_CPR_30MOE": "Yes", "F2024_Child_Poverty_Rate__2026_": 28.7, "F2024_Child_Poverty_Rate_Margin_Of_Error": 26.8, "SCHOOL_BND_INT_CPG_TOTAL": 5, "SCHOOL_NAME": "Sandtown-Winchester Achievement Academy, Harlem Park Elementary/Middle, Rosemont Elementary/Middle, Billie Holiday Elementary School (Formerly James Mosher Es), Mary Ann Winterling Elementary @ Bentalou"}}, {"type": "Feature", "geometry": {"type": "Polygon", "coordinates": [[[-76.5893, 39.3284], [-76.5893, 39.3274], [-76.5878, 39.3273], [-76.5856, 39.3273], [-76.5849, 39.3272], [-76.5855, 39.326], [-76.5873, 39.3237], [-76.5879, 39.3233], [-76.5894, 39.3223], [-76.5907, 39.3212], [-76.5909, 39.3215], [-76.5925, 39.3228], [-76.5932, 39.3239], [-76.5939, 39.3262], [-76.5946, 39.3274], [-76.5951, 39.3279], [-76.5951, 39.3284], [-76.5893, 39.3284]]]}, "properties": {"GEOID20": "24510090600", "JURSCODE": "BACI", "Eligibility_Status": "Eligible", "Qualifying_Criteria1_CPR_30": "Yes", "Qualifying_Criteria2_CPR_30MOE": "Yes", "F2024_Child_Poverty_Rate__2026_": 42.9, "F2024_Child_Poverty_Rate_Margin_Of_Error": 32.8, "SCHOOL_BND_INT_CPG_TOTAL": 4, "SCHOOL_NAME": "Montebello Elementary/Middle, Abbottston Elementary, Waverly Elementary/Middle, Northwood Elementary"}}, {"type": "Feature", "geometry": {"type": "Polygon", "coordinates": [[[-76.5709, 39.2769], [-76.571, 39.2764], [-76.5711, 39.2765], [-76.5726, 39.2767], [-76.5728, 39.2767], [-76.5753, 39.2781], [-76.5768, 39.2792], [-76.5769, 39.2812], [-76.5771, 39.2837], [-76.575, 39.2843], [-76.5721, 39.2844], [-76.5713, 39.2824], [-76.5711, 39.2794], [-76.5709, 39.2773], [-76.5709, 39.2769]]]}, "properties": {"GEOID20": "24510010100", "JURSCODE": "BACI", "Eligibility_Status": "Ineligible", "Qualifying_Criteria1_CPR_30": "No", "Qualifying_Criteria2_CPR_30MOE": "No", "F2024_Child_Poverty_Rate__2026_": 0.0, "F2024_Child_Poverty_Rate_Margin_Of_Error": 17.0, "SCHOOL_BND_INT_CPG_TOTAL": 1, "SCHOOL_NAME": "Hampstead Hill Academy"}}, {"type": "Feature", "geometry": {"type": "Polygon", "coordinates": [[[-76.6341, 39.2499], [-76.629, 39.2437], [-76.628, 39.243], [-76.6269, 39.2424], [-76.6262, 39.2422], [-76.6249, 39.242], [-76.6217, 39.2417], [-76.6183, 39.2414], [-76.6153, 39.2411], [-76.6155, 39.2408], [-76.6156, 39.2406], [-76.6159, 39.2404], [-76.6155, 39.2401], [-76.6187, 39.2374], [-76.6299, 39.2423], [-76.6373, 39.2457], [-76.6403, 39.247], [-76.644, 39.2488], [-76.6515, 39.252], [-76.6542, 39.2531], [-76.6567, 39.2542], [-76.6595, 39.2557], [-76.6586, 39.2563], [-76.6576, 39.2568], [-76.6528, 39.2583], [-76.6518, 39.2588], [-76.6499, 39.2602], [-76.6479, 39.2603], [-76.6465, 39.2602], [-76.6449, 39.2599], [-76.6437, 39.2595], [-76.6424, 39.2589], [-76.6414, 39.2582], [-76.6406, 39.2575], [-76.6393, 39.256], [-76.6341, 39.2499]]]}, "properties": {"GEOID20": "24510250205", "JURSCODE": "BACI", "Eligibility_Status": "Eligible", "Qualifying_Criteria1_CPR_30": "Yes", "Qualifying_Criteria2_CPR_30MOE": "Yes", "F2024_Child_Poverty_Rate__2026_": 46.1, "F2024_Child_Poverty_Rate_Margin_Of_Error": 19.9, "SCHOOL_BND_INT_CPG_TOTAL": 3, "SCHOOL_NAME": "Lakeland Elementary/Middle, Arundel Elementary/Middle, Morrell Park Elementary/Middle"}}, {"type": "Feature", "geometry": {"type": "Polygon", "coordinates": [[[-76.5879, 39.2987], [-76.5909, 39.2985], [-76.5939, 39.2984], [-76.5946, 39.2984], [-76.5977, 39.3004], [-76.5964, 39.3018], [-76.5918, 39.302], [-76.588, 39.3008], [-76.5879, 39.2987]]]}, "properties": {"GEOID20": "24510070400", "JURSCODE": "BACI", "Eligibility_Status": "Eligible", "Qualifying_Criteria1_CPR_30": "Yes", "Qualifying_Criteria2_CPR_30MOE": "No", "F2024_Child_Poverty_Rate__2026_": 37.0, "F2024_Child_Poverty_Rate_Margin_Of_Error": 28.5, "SCHOOL_BND_INT_CPG_TOTAL": 4, "SCHOOL_NAME": "Tench Tilghman Elementary/Middle, Johnston Square Elementary, Lakewood Elementary, Dr Bernard Harris Elementary"}}, {"type": "Feature", "geometry": {"type": "Polygon", "coordinates": [[[-76.6449, 39.2939], [-76.6456, 39.2952], [-76.6457, 39.2965], [-76.6459, 39.2985], [-76.6459, 39.2997], [-76.6461, 39.3024], [-76.6454, 39.3031], [-76.6432, 39.3032], [-76.6431, 39.3011], [-76.643, 39.2996], [-76.6428, 39.2966], [-76.6427, 39.294], [-76.6449, 39.2939]]]}, "properties": {"GEOID20": "24510160300", "JURSCODE": "BACI", "Eligibility_Status": "Eligible", "Qualifying_Criteria1_CPR_30": "Yes", "Qualifying_Criteria2_CPR_30MOE": "No", "F2024_Child_Poverty_Rate__2026_": 48.7, "F2024_Child_Poverty_Rate_Margin_Of_Error": 34.7, "SCHOOL_BND_INT_CPG_TOTAL": 3, "SCHOOL_NAME": "Sandtown-Winchester Achievement Academy, Harlem Park Elementary/Middle, Franklin Square Elementary/Middle"}}, {"type": "Feature", "geometry": {"type": "Polygon", "coordinates": [[[-76.5881, 39.3032], [-76.5905, 39.3021], [-76.5947, 39.3019], [-76.5978, 39.3018], [-76.5981, 39.3052], [-76.5925, 39.3055], [-76.59, 39.3056], [-76.5883, 39.3051], [-76.5881, 39.3032]]]}, "properties": {"GEOID20": "24510080800", "JURSCODE": "BACI", "Eligibility_Status": "Eligible", "Qualifying_Criteria1_CPR_30": "Yes", "Qualifying_Criteria2_CPR_30MOE": "Yes", "F2024_Child_Poverty_Rate__2026_": 50.6, "F2024_Child_Poverty_Rate_Margin_Of_Error": 35.0, "SCHOOL_BND_INT_CPG_TOTAL": 3, "SCHOOL_NAME": "Harford Heights Elementary, Lakewood Elementary, Dr Bernard Harris Elementary"}}, {"type": "Feature", "geometry": {"type": "Polygon", "coordinates": [[[-76.5635, 39.3345], [-76.5618, 39.331], [-76.5648, 39.3287], [-76.5667, 39.3271], [-76.5676, 39.3266], [-76.5679, 39.3273], [-76.5682, 39.3274], [-76.5691, 39.3271], [-76.5697, 39.3267], [-76.5701, 39.3266], [-76.5706, 39.3268], [-76.5707, 39.327], [-76.5707, 39.3274], [-76.5703, 39.3278], [-76.5696, 39.3285], [-76.5696, 39.329], [-76.5699, 39.3295], [-76.5703, 39.3298], [-76.5739, 39.3313], [-76.5748, 39.3318], [-76.5752, 39.3321], [-76.5753, 39.3323], [-76.5751, 39.333], [-76.575, 39.3333], [-76.5752, 39.3336], [-76.5754, 39.3336], [-76.5757, 39.3336], [-76.5762, 39.3343], [-76.5752, 39.3353], [-76.5727, 39.3359], [-76.5721, 39.3361], [-76.5715, 39.3365], [-76.5696, 39.3381], [-76.5683, 39.339], [-76.5673, 39.3393], [-76.5671, 39.339], [-76.5655, 39.3377], [-76.5651, 39.3373], [-76.5638, 39.3351], [-76.5635, 39.3345]]]}, "properties": {"GEOID20": "24510270101", "JURSCODE": "BACI", "Eligibility_Status": "Ineligible", "Qualifying_Criteria1_CPR_30": "No", "Qualifying_Criteria2_CPR_30MOE": "No", "F2024_Child_Poverty_Rate__2026_": 4.2, "F2024_Child_Poverty_Rate_Margin_Of_Error": 4.4, "SCHOOL_BND_INT_CPG_TOTAL": 2, "SCHOOL_NAME": "Gardenville Elementary, Garrett Heights Elementary/Middle"}}, {"type": "Feature", "geometry": {"type": "Polygon", "coordinates": [[[-76.6723, 39.3072], [-76.6678, 39.3065], [-76.6674, 39.3061], [-76.6656, 39.306], [-76.6631, 39.3061], [-76.6608, 39.3038], [-76.6608, 39.3033], [-76.6607, 39.3028], [-76.6609, 39.3021], [-76.6609, 39.3015], [-76.6635, 39.3004], [-76.667, 39.2992], [-76.6674, 39.2994], [-76.6679, 39.2994], [-76.6684, 39.2993], [-76.6689, 39.2993], [-76.6689, 39.2991], [-76.669, 39.2972], [-76.6693, 39.2969], [-76.6692, 39.2965], [-76.6691, 39.2962], [-76.6695, 39.295], [-76.6697, 39.2943], [-76.6705, 39.2943], [-76.6706, 39.2948], [-76.6705, 39.296], [-76.671, 39.2964], [-76.6715, 39.2966], [-76.672, 39.2971], [-76.6726, 39.2975], [-76.6729, 39.2978], [-76.6732, 39.2991], [-76.6734, 39.2995], [-76.6735, 39.3], [-76.6736, 39.3007], [-76.6735, 39.301], [-76.6735, 39.3013], [-76.6736, 39.3016], [-76.674, 39.3021], [-76.6737, 39.303], [-76.6735, 39.3035], [-76.6736, 39.304], [-76.6741, 39.3057], [-76.6742, 39.3062], [-76.6733, 39.3067], [-76.6723, 39.3072]]]}, "properties": {"GEOID20": "24510160700", "JURSCODE": "BACI", "Eligibility_Status": "Eligible", "Qualifying_Criteria1_CPR_30": "No", "Qualifying_Criteria2_CPR_30MOE": "Yes", "F2024_Child_Poverty_Rate__2026_": 27.5, "F2024_Child_Poverty_Rate_Margin_Of_Error": 31.5, "SCHOOL_BND_INT_CPG_TOTAL": 6, "SCHOOL_NAME": "Gwynns Falls Elementary, Rosemont Elementary/Middle, Windsor Hills Elementary/Middle, Billie Holiday Elementary School (Formerly James Mosher Es), Mary E Rodman Elementary, Belmont Elementary"}}, {"type": "Feature", "geometry": {"type": "Polygon", "coordinates": [[[-76.6284, 39.2576], [-76.6281, 39.2577], [-76.6277, 39.2578], [-76.6274, 39.2577], [-76.6272, 39.2573], [-76.6271, 39.2569], [-76.6267, 39.2568], [-76.6255, 39.256], [-76.6256, 39.2558], [-76.6252, 39.2557], [-76.6247, 39.2555], [-76.624, 39.2552], [-76.6233, 39.2552], [-76.6225, 39.2554], [-76.6212, 39.2555], [-76.6196, 39.2556], [-76.6191, 39.2558], [-76.6179, 39.256], [-76.6171, 39.2561], [-76.6171, 39.2556], [-76.6176, 39.2549], [-76.6179, 39.2539], [-76.6178, 39.2532], [-76.6174, 39.2525], [-76.6198, 39.2514], [-76.6209, 39.2509], [-76.6251, 39.2491], [-76.6254, 39.2491], [-76.6264, 39.2494], [-76.6275, 39.2499], [-76.6272, 39.2503], [-76.6269, 39.2505], [-76.6266, 39.2505], [-76.6254, 39.2501], [-76.6258, 39.2513], [-76.6262, 39.2518], [-76.6265, 39.2518], [-76.6274, 39.2516], [-76.628, 39.2501], [-76.6294, 39.2504], [-76.6314, 39.2509], [-76.6321, 39.2512], [-76.6329, 39.2518], [-76.6334, 39.2524], [-76.6337, 39.253], [-76.6341, 39.2541], [-76.6343, 39.2551], [-76.6343, 39.2556], [-76.6339, 39.2563], [-76.6331, 39.2572], [-76.6323, 39.2576], [-76.6298, 39.2587], [-76.629, 39.2585], [-76.6289, 39.2582], [-76.6284, 39.2576]]]}, "properties": {"GEOID20": "24510250207", "JURSCODE": "BACI", "Eligibility_Status": "Ineligible", "Qualifying_Criteria1_CPR_30": "No", "Qualifying_Criteria2_CPR_30MOE": "No", "F2024_Child_Poverty_Rate__2026_": 25.0, "F2024_Child_Poverty_Rate_Margin_Of_Error": 24.0, "SCHOOL_BND_INT_CPG_TOTAL": 2, "SCHOOL_NAME": "Arundel Elementary/Middle, Westport Academy"}}, {"type": "Feature", "geometry": {"type": "Polygon", "coordinates": [[[-76.567, 39.2148], [-76.5655, 39.2148], [-76.5648, 39.2149], [-76.5642, 39.2151], [-76.564, 39.2149], [-76.5635, 39.2146], [-76.5632, 39.2144], [-76.5629, 39.2145], [-76.5625, 39.2146], [-76.5619, 39.2147], [-76.5615, 39.2149], [-76.5611, 39.2151], [-76.5607, 39.2152], [-76.5605, 39.2152], [-76.5602, 39.2153], [-76.5602, 39.2156], [-76.5602, 39.2159], [-76.56, 39.2157], [-76.5598, 39.2153], [-76.5595, 39.2152], [-76.559, 39.2153], [-76.5587, 39.216], [-76.5585, 39.2156], [-76.5584, 39.2153], [-76.5581, 39.215], [-76.557, 39.2151], [-76.5563, 39.2154], [-76.5557, 39.2162], [-76.5555, 39.2167], [-76.5529, 39.2169], [-76.5509, 39.2175], [-76.55, 39.2172], [-76.5495, 39.2167], [-76.5491, 39.214], [-76.5488, 39.2136], [-76.5485, 39.2134], [-76.5494, 39.2135], [-76.5497, 39.2134], [-76.55, 39.213], [-76.5505, 39.2122], [-76.5504, 39.2118], [-76.55, 39.2111], [-76.5488, 39.2104], [-76.5475, 39.21], [-76.5459, 39.2099], [-76.5447, 39.2106], [-76.5433, 39.2115], [-76.5425, 39.2121], [-76.5419, 39.2125], [-76.5397, 39.2138], [-76.5411, 39.2121], [-76.5411, 39.2118], [-76.5412, 39.2117], [-76.5416, 39.2118], [-76.5417, 39.2117], [-76.5417, 39.2111], [-76.5418, 39.2108], [-76.5413, 39.2105], [-76.541, 39.21], [-76.5408, 39.2099], [-76.5403, 39.2101], [-76.5399, 39.2102], [-76.5394, 39.2104], [-76.5387, 39.2104], [-76.5367, 39.2111], [-76.5344, 39.2129], [-76.5338, 39.213], [-76.5335, 39.2127], [-76.5338, 39.2123], [-76.5339, 39.2121], [-76.5328, 39.211], [-76.5329, 39.2107], [-76.535, 39.2107], [-76.5352, 39.2105], [-76.5351, 39.2104], [-76.5324, 39.21], [-76.533, 39.2086], [-76.5331, 39.2081], [-76.5329, 39.2078], [-76.5459, 39.1997], [-76.5552, 39.1989], [-76.5674, 39.2021], [-76.5706, 39.2037], [-76.5771, 39.2055], [-76.5775, 39.2059], [-76.578, 39.2062], [-76.5785, 39.2064], [-76.5789, 39.2066], [-76.5792, 39.2072], [-76.5789, 39.2078], [-76.5784, 39.2083], [-76.577, 39.2081], [-76.5761, 39.2081], [-76.5757, 39.208], [-76.5754, 39.2079], [-76.5749, 39.2079], [-76.5741, 39.2082], [-76.5735, 39.2086], [-76.5723, 39.2097], [-76.5719, 39.2102], [-76.5714, 39.211], [-76.5717, 39.2114], [-76.5722, 39.212], [-76.5728, 39.2127], [-76.5728, 39.2131], [-76.5742, 39.2137], [-76.5727, 39.2139], [-76.5728, 39.214], [-76.5731, 39.2143], [-76.5727, 39.2146], [-76.5724, 39.2151], [-76.5722, 39.2159], [-76.5721, 39.2168], [-76.5724, 39.2173], [-76.573, 39.2176], [-76.5735, 39.2179], [-76.5736, 39.2181], [-76.5735, 39.2185], [-76.5732, 39.2185], [-76.5723, 39.2182], [-76.5713, 39.2175], [-76.5706, 39.2171], [-76.5695, 39.2166], [-76.569, 39.2162], [-76.5685, 39.2157], [-76.5673, 39.2148], [-76.567, 39.2148]], [[-76.5821, 39.232], [-76.5821, 39.2319], [-76.582, 39.2318], [-76.5817, 39.2317], [-76.5819, 39.2317], [-76.5821, 39.2316], [-76.5822, 39.231], [-76.5816, 39.2308], [-76.5811, 39.2307], [-76.5807, 39.2301], [-76.5803, 39.2299], [-76.5804, 39.2297], [-76.5807, 39.2296], [-76.5811, 39.2297], [-76.5809, 39.2295], [-76.5808, 39.2293], [-76.5811, 39.2295], [-76.5813, 39.2294], [-76.5813, 39.2291], [-76.5811, 39.229], [-76.5807, 39.2291], [-76.5807, 39.2289], [-76.5808, 39.2288], [-76.5806, 39.2286], [-76.5804, 39.2287], [-76.5804, 39.2284], [-76.5805, 39.2284], [-76.5806, 39.2283], [-76.5805, 39.228], [-76.5805, 39.2277], [-76.5806, 39.2275], [-76.5808, 39.2274], [-76.5813, 39.2273], [-76.5816, 39.2269], [-76.5804, 39.2257], [-76.58, 39.2254], [-76.5801, 39.225], [-76.5801, 39.2243], [-76.58, 39.224], [-76.58, 39.2237], [-76.5799, 39.2234], [-76.5768, 39.223], [-76.58, 39.223], [-76.58, 39.2224], [-76.5794, 39.2222], [-76.5794, 39.2218], [-76.5788, 39.2218], [-76.5794, 39.2217], [-76.579, 39.2213], [-76.5786, 39.2213], [-76.5777, 39.2213], [-76.578, 39.2212], [-76.5783, 39.2211], [-76.5786, 39.2211], [-76.5791, 39.2207], [-76.5787, 39.2202], [-76.5787, 39.2199], [-76.5797, 39.2187], [-76.5795, 39.2179], [-76.5792, 39.2173], [-76.5786, 39.2161], [-76.5786, 39.2158], [-76.5788, 39.2157], [-76.5793, 39.2159], [-76.5797, 39.2162], [-76.58, 39.2161], [-76.5803, 39.2161], [-76.5806, 39.2162], [-76.5809, 39.2166], [-76.5813, 39.2166], [-76.582, 39.2163], [-76.5824, 39.2161], [-76.5828, 39.2159], [-76.5816, 39.2158], [-76.583, 39.2158], [-76.5836, 39.2154], [-76.5844, 39.2158], [-76.5848, 39.2153], [-76.5855, 39.2152], [-76.5858, 39.2151], [-76.5869, 39.215], [-76.5869, 39.2148], [-76.5872, 39.2146], [-76.5873, 39.2144], [-76.5874, 39.2143], [-76.5875, 39.2135], [-76.5864, 39.2136], [-76.5855, 39.2136], [-76.5846, 39.2138], [-76.5834, 39.2143], [-76.5827, 39.2143], [-76.5813, 39.2142], [-76.5809, 39.2136], [-76.5809, 39.213], [-76.5808, 39.212], [-76.5809, 39.2116], [-76.5819, 39.2111], [-76.5816, 39.2109], [-76.5823, 39.2099], [-76.5827, 39.2099], [-76.5813, 39.209], [-76.5831, 39.2097], [-76.5835, 39.2089], [-76.5831, 39.2079], [-76.5822, 39.2072], [-76.5854, 39.2093], [-76.5877, 39.2118], [-76.5898, 39.2138], [-76.5912, 39.2149], [-76.5974, 39.2208], [-76.5985, 39.2218], [-76.6004, 39.224], [-76.5996, 39.2258], [-76.5998, 39.2266], [-76.5982, 39.2296], [-76.5973, 39.2314], [-76.5958, 39.2343], [-76.5973, 39.2348], [-76.5969, 39.2365], [-76.5952, 39.2396], [-76.5957, 39.2402], [-76.597, 39.241], [-76.5927, 39.2406], [-76.5901, 39.2377], [-76.5855, 39.2329], [-76.5821, 39.232]]]}, "properties": {"GEOID20": "24510250500", "JURSCODE": "BACI", "Eligibility_Status": "Eligible", "Qualifying_Criteria1_CPR_30": "Yes", "Qualifying_Criteria2_CPR_30MOE": "Yes", "F2024_Child_Poverty_Rate__2026_": 50.7, "F2024_Child_Poverty_Rate_Margin_Of_Error": 23.0, "SCHOOL_BND_INT_CPG_TOTAL": 3, "SCHOOL_NAME": "Bay-Brook Elementary/Middle, Maree G. Farring Elementary/Middle, Curtis Bay Elementary/Middle"}}, {"type": "Feature", "geometry": {"type": "Polygon", "coordinates": [[[-76.578, 39.2969], [-76.58, 39.2968], [-76.5822, 39.2968], [-76.5837, 39.2977], [-76.5839, 39.3009], [-76.5846, 39.3019], [-76.5854, 39.3019], [-76.5848, 39.3023], [-76.5811, 39.3024], [-76.5783, 39.302], [-76.5781, 39.299], [-76.578, 39.2969]]]}, "properties": {"GEOID20": "24510070200", "JURSCODE": "BACI", "Eligibility_Status": "Eligible", "Qualifying_Criteria1_CPR_30": "Yes", "Qualifying_Criteria2_CPR_30MOE": "Yes", "F2024_Child_Poverty_Rate__2026_": 43.7, "F2024_Child_Poverty_Rate_Margin_Of_Error": 27.0, "SCHOOL_BND_INT_CPG_TOTAL": 3, "SCHOOL_NAME": "Tench Tilghman Elementary/Middle, William Paca Elementary, Lakewood Elementary"}}, {"type": "Feature", "geometry": {"type": "Polygon", "coordinates": [[[-76.6294, 39.3171], [-76.6285, 39.3154], [-76.628, 39.3147], [-76.6297, 39.3137], [-76.6302, 39.3137], [-76.6314, 39.3144], [-76.6343, 39.3144], [-76.6347, 39.3144], [-76.6356, 39.3139], [-76.6378, 39.3126], [-76.6403, 39.3151], [-76.6394, 39.3157], [-76.6387, 39.3162], [-76.637, 39.3169], [-76.6364, 39.317], [-76.634, 39.317], [-76.6315, 39.3168], [-76.6304, 39.3168], [-76.63, 39.3169], [-76.6294, 39.3171]]]}, "properties": {"GEOID20": "24510130100", "JURSCODE": "BACI", "Eligibility_Status": "Eligible", "Qualifying_Criteria1_CPR_30": "Yes", "Qualifying_Criteria2_CPR_30MOE": "Yes", "F2024_Child_Poverty_Rate__2026_": 42.4, "F2024_Child_Poverty_Rate_Margin_Of_Error": 32.0, "SCHOOL_BND_INT_CPG_TOTAL": 2, "SCHOOL_NAME": "Dorothy I. Height Elementary School , Mount Royal Elementary/Middle"}}, {"type": "Feature", "geometry": {"type": "Polygon", "coordinates": [[[-76.6036, 39.3216], [-76.6073, 39.3196], [-76.6091, 39.3195], [-76.6095, 39.3203], [-76.6095, 39.3215], [-76.6095, 39.3235], [-76.6094, 39.3254], [-76.6086, 39.3264], [-76.6074, 39.326], [-76.6015, 39.3237], [-76.6036, 39.3216]]]}, "properties": {"GEOID20": "24510090400", "JURSCODE": "BACI", "Eligibility_Status": "Eligible", "Qualifying_Criteria1_CPR_30": "Yes", "Qualifying_Criteria2_CPR_30MOE": "Yes", "F2024_Child_Poverty_Rate__2026_": 40.9, "F2024_Child_Poverty_Rate_Margin_Of_Error": 31.8, "SCHOOL_BND_INT_CPG_TOTAL": 2, "SCHOOL_NAME": "Abbottston Elementary, Barclay Elementary/Middle"}}, {"type": "Feature", "geometry": {"type": "Polygon", "coordinates": [[[-76.6459, 39.2988], [-76.6458, 39.2976], [-76.6457, 39.2954], [-76.6455, 39.2939], [-76.6504, 39.2937], [-76.6505, 39.2964], [-76.6506, 39.2975], [-76.6514, 39.2986], [-76.6508, 39.3004], [-76.6502, 39.3011], [-76.649, 39.3019], [-76.6479, 39.3023], [-76.6473, 39.3031], [-76.6461, 39.3024], [-76.6459, 39.2997], [-76.6459, 39.2988]]]}, "properties": {"GEOID20": "24510160400", "JURSCODE": "BACI", "Eligibility_Status": "Ineligible", "Qualifying_Criteria1_CPR_30": "No", "Qualifying_Criteria2_CPR_30MOE": "No", "F2024_Child_Poverty_Rate__2026_": 6.9, "F2024_Child_Poverty_Rate_Margin_Of_Error": 12.2, "SCHOOL_BND_INT_CPG_TOTAL": 2, "SCHOOL_NAME": "Sandtown-Winchester Achievement Academy, Harlem Park Elementary/Middle"}}, {"type": "Feature", "geometry": {"type": "Polygon", "coordinates": [[[-76.6063, 39.2979], [-76.6089, 39.2978], [-76.6113, 39.2977], [-76.6116, 39.3012], [-76.6091, 39.3013], [-76.607, 39.3006], [-76.6065, 39.2985], [-76.6063, 39.2979]]]}, "properties": {"GEOID20": "24510100300", "JURSCODE": "BACI", "Eligibility_Status": "Ineligible", "Qualifying_Criteria1_CPR_30": "No", "Qualifying_Criteria2_CPR_30MOE": "No", "F2024_Child_Poverty_Rate__2026_": null, "F2024_Child_Poverty_Rate_Margin_Of_Error": null, "SCHOOL_BND_INT_CPG_TOTAL": 2, "SCHOOL_NAME": "Johnston Square Elementary, The Historic Samuel Coleridge-Taylor Elementary"}}, {"type": "Feature", "geometry": {"type": "Polygon", "coordinates": [[[-76.5722, 39.3654], [-76.5703, 39.3646], [-76.5683, 39.3646], [-76.5672, 39.3643], [-76.5662, 39.3641], [-76.5645, 39.3637], [-76.5616, 39.3627], [-76.5585, 39.3608], [-76.5583, 39.359], [-76.5579, 39.3565], [-76.5592, 39.355], [-76.5599, 39.3542], [-76.5625, 39.3512], [-76.5627, 39.3509], [-76.5632, 39.3504], [-76.5643, 39.3512], [-76.5654, 39.3522], [-76.5666, 39.3528], [-76.5681, 39.3531], [-76.5703, 39.3534], [-76.573, 39.3539], [-76.5728, 39.3546], [-76.5728, 39.3551], [-76.5731, 39.3554], [-76.5731, 39.3558], [-76.5729, 39.3569], [-76.5731, 39.3575], [-76.5734, 39.358], [-76.5731, 39.3597], [-76.5731, 39.361], [-76.5733, 39.3632], [-76.5735, 39.3651], [-76.5729, 39.3654], [-76.5722, 39.3654]]]}, "properties": {"GEOID20": "24510270600", "JURSCODE": "BACI", "Eligibility_Status": "Ineligible", "Qualifying_Criteria1_CPR_30": "No", "Qualifying_Criteria2_CPR_30MOE": "No", "F2024_Child_Poverty_Rate__2026_": 16.1, "F2024_Child_Poverty_Rate_Margin_Of_Error": 17.0, "SCHOOL_BND_INT_CPG_TOTAL": 4, "SCHOOL_NAME": "Garrett Heights Elementary/Middle, Yorkwood Elementary, Hamilton Elementary/Middle, Northwood Elementary"}}]}